#
# There is insufficient memory for the Java Runtime Environment to continue.
# Native memory allocation (malloc) failed to allocate 2054464 bytes. Error detail: Chunk::new
# Possible reasons:
#   The system is out of physical RAM or swap space
#   This process is running with CompressedOops enabled, and the Java Heap may be blocking the growth of the native heap
# Possible solutions:
#   Reduce memory load on the system
#   Increase physical memory or swap space
#   Check if swap backing store is full
#   Decrease Java heap size (-Xmx/-Xms)
#   Decrease number of Java threads
#   Decrease Java thread stack sizes (-Xss)
#   Set larger code cache with -XX:ReservedCodeCacheSize=
#   JVM is running with Unscaled Compressed Oops mode in which the Java heap is
#     placed in the first 4GB address space. The Java Heap base address is the
#     maximum limit for the native heap growth. Please use -XX:HeapBaseMinAddress
#     to set the Java Heap base and to place the Java Heap above 4GB virtual address.
# This output file may be truncated or incomplete.
#
#  Out of Memory Error (arena.cpp:191), pid=21364, tid=5520
#
# JRE version: OpenJDK Runtime Environment Temurin-17.0.18+8 (17.0.18+8) (build 17.0.18+8)
# Java VM: OpenJDK 64-Bit Server VM Temurin-17.0.18+8 (17.0.18+8, mixed mode, sharing, tiered, compressed oops, compressed class ptrs, g1 gc, windows-amd64)
# No core dump will be written. Minidumps are not enabled by default on client versions of Windows
#

---------------  S U M M A R Y ------------

Command Line: --add-opens=java.base/java.lang=ALL-UNNAMED --add-opens=java.base/java.lang.invoke=ALL-UNNAMED --add-opens=java.base/java.util=ALL-UNNAMED --add-opens=java.prefs/java.util.prefs=ALL-UNNAMED --add-exports=jdk.compiler/com.sun.tools.javac.api=ALL-UNNAMED --add-exports=jdk.compiler/com.sun.tools.javac.util=ALL-UNNAMED --add-opens=java.base/java.util=ALL-UNNAMED --add-opens=java.prefs/java.util.prefs=ALL-UNNAMED --add-opens=java.base/java.nio.charset=ALL-UNNAMED --add-opens=java.base/java.net=ALL-UNNAMED --add-opens=java.base/java.util.concurrent=ALL-UNNAMED --add-opens=java.base/java.util.concurrent.atomic=ALL-UNNAMED --add-opens=java.xml/javax.xml.namespace=ALL-UNNAMED -XX:MaxMetaspaceSize=256m -XX:+HeapDumpOnOutOfMemoryError -XX:-UseParallelGC -Xmx768m -Dfile.encoding=UTF-8 -Duser.country=IN -Duser.language=en -Duser.variant -javaagent:C:\Users\Nandhitha_R\.gradle\wrapper\dists\gradle-9.0.0-bin\d6wjpkvcgsg3oed0qlfss3wgl\gradle-9.0.0\lib\agents\gradle-instrumentation-agent-9.0.0.jar org.gradle.launcher.daemon.bootstrap.GradleDaemon 9.0.0

Host: 12th Gen Intel(R) Core(TM) i5-1235U, 12 cores, 15G,  Windows 11 , 64 bit Build 26100 (10.0.26100.8328)
Time: Tue May  5 15:07:05 2026 India Standard Time elapsed time: 42.097912 seconds (0d 0h 0m 42s)

---------------  T H R E A D  ---------------

Current thread (0x000002c26611aae0):  JavaThread "C2 CompilerThread1" daemon [_thread_in_native, id=5520, stack(0x000000ec85700000,0x000000ec85800000)]


Current CompileTask:
C2:42098 19137       4       com.android.build.gradle.options.ProjectOptions::get (81 bytes)

Stack: [0x000000ec85700000,0x000000ec85800000]
Native frames: (J=compiled Java code, j=interpreted, Vv=VM code, C=native code)
V  [jvm.dll+0x6846f9]
V  [jvm.dll+0x839ea5]
V  [jvm.dll+0x83b91e]
V  [jvm.dll+0x83bfa3]
V  [jvm.dll+0x248eff]
V  [jvm.dll+0xad496]
V  [jvm.dll+0xadb3c]
V  [jvm.dll+0x368c1e]
V  [jvm.dll+0x1bc3f9]
V  [jvm.dll+0x219f10]
V  [jvm.dll+0x219200]
V  [jvm.dll+0x1a4920]
V  [jvm.dll+0x22989a]
V  [jvm.dll+0x227a4b]
V  [jvm.dll+0x7f0658]
V  [jvm.dll+0x7eaaec]
V  [jvm.dll+0x6835c7]
C  [ucrtbase.dll+0x37b0]
C  [KERNEL32.DLL+0x2e957]
C  [ntdll.dll+0x427c]


---------------  P R O C E S S  ---------------

Threads class SMR info:
_java_thread_list=0x000002c25f1533f0, length=201, elements={
0x000002c22b4ee770, 0x000002c246ea3510, 0x000002c246ea3fe0, 0x000002c246eb4d70,
0x000002c246eb5640, 0x000002c246eb5f10, 0x000002c246eb67e0, 0x000002c246ebc410,
0x000002c246ebcd20, 0x000002c246ebd630, 0x000002c2590c5430, 0x000002c25927a780,
0x000002c259ee2780, 0x000002c25927ac60, 0x000002c25944e070, 0x000002c25b139780,
0x000002c25b442930, 0x000002c25b4400b0, 0x000002c25b4405c0, 0x000002c25b4414f0,
0x000002c25b441a00, 0x000002c25b442420, 0x000002c25c7fe580, 0x000002c25c7fbd00,
0x000002c25c7fb7f0, 0x000002c25c7ff4b0, 0x000002c2596dff10, 0x000002c2596e0420,
0x000002c2596dfa00, 0x000002c2596e0e40, 0x000002c2596dd690, 0x000002c2596defe0,
0x000002c2596ddba0, 0x000002c2596e1350, 0x000002c2596e1860, 0x000002c2596de0b0,
0x000002c2596e3bd0, 0x000002c2596e5010, 0x000002c2596e1d70, 0x000002c2596e2280,
0x000002c2596e2ca0, 0x000002c2596e36c0, 0x000002c25daf7e20, 0x000002c25daf8d50,
0x000002c25fb671f0, 0x000002c25fb67700, 0x000002c25fb67c10, 0x000002c260911630,
0x000002c26090f7d0, 0x000002c26090fce0, 0x000002c260912560, 0x000002c26611aae0,
0x000002c266118060, 0x000002c25decbdc0, 0x000002c25decc2d0, 0x000002c25decdc20,
0x000002c25decb8b0, 0x000002c25dece640, 0x000002c25dece130, 0x000002c25deceb50,
0x000002c25decfa80, 0x000002c25decd200, 0x000002c25decff90, 0x000002c25decf060,
0x000002c25decf570, 0x000002c25decc7e0, 0x000002c25ded04a0, 0x000002c25decd710,
0x000002c25decccf0, 0x000002c25ded09b0, 0x000002c25ded2810, 0x000002c25ded2300,
0x000002c25ded0ec0, 0x000002c25ded3230, 0x000002c25ded13d0, 0x000002c25ded18e0,
0x000002c25ded1df0, 0x000002c25e7288a0, 0x000002c25e728390, 0x000002c25e728db0,
0x000002c25e72a1f0, 0x000002c25e7292c0, 0x000002c25e727460, 0x000002c25e727970,
0x000002c25e726f50, 0x000002c25e72ac10, 0x000002c25e72b630, 0x000002c25e727e80,
0x000002c25e72bb40, 0x000002c25e72a700, 0x000002c25e72ca70, 0x000002c25e72b120,
0x000002c25e72c050, 0x000002c25e72c560, 0x000002c25e72cf80, 0x000002c25e7297d0,
0x000002c25e72d490, 0x000002c25e729ce0, 0x000002c25e72d9a0, 0x000002c25e72deb0,
0x000002c25e72e8d0, 0x000002c25daf4b80, 0x000002c25daf3c50, 0x000002c25daf4160,
0x000002c25daf3230, 0x000002c25daf5090, 0x000002c25daf55a0, 0x000002c25daf2d20,
0x000002c25daf4670, 0x000002c25daf5ab0, 0x000002c25daf5fc0, 0x000002c25daf2810,
0x000002c25daf64d0, 0x000002c25daf69e0, 0x000002c25daf6ef0, 0x000002c25daf3740,
0x000002c25daf9c80, 0x000002c25daf8330, 0x000002c25daf7400, 0x000002c25daf7910,
0x000002c25daf8840, 0x000002c25daf9260, 0x000002c25c7fc720, 0x000002c25c7fd650,
0x000002c25c7fea90, 0x000002c25c7ff9c0, 0x000002c25c7fcc30, 0x000002c25c7fc210,
0x000002c25c7ffed0, 0x000002c25c7fd140, 0x000002c25c7fdb60, 0x000002c25c801310,
0x000002c25c802750, 0x000002c25c7fefa0, 0x000002c25c8008f0, 0x000002c25c801820,
0x000002c25c801d30, 0x000002c25c802c60, 0x000002c25c800e00, 0x000002c25c803170,
0x000002c25c8003e0, 0x000002c25c802240, 0x000002c25fb65db0, 0x000002c25fb63530,
0x000002c25fb662c0, 0x000002c25fb63f50, 0x000002c25fb66ce0, 0x000002c25fb65390,
0x000002c25fb658a0, 0x000002c25fb63a40, 0x000002c25fb69050, 0x000002c25fb667d0,
0x000002c25fb6a490, 0x000002c2609148d0, 0x000002c260911b40, 0x000002c260916220,
0x000002c260913eb0, 0x000002c2609152f0, 0x000002c260914de0, 0x000002c260915800,
0x000002c2596e40e0, 0x000002c2596de5c0, 0x000002c2596e45f0, 0x000002c2596e4b00,
0x000002c2596e2790, 0x000002c2596e31b0, 0x000002c25b442e40, 0x000002c25b440ad0,
0x000002c25b440fe0, 0x000002c25b443350, 0x000002c25b443860, 0x000002c25b441f10,
0x000002c260915d10, 0x000002c25fb6aeb0, 0x000002c26802c480, 0x000002c26802ab30,
0x000002c26802b040, 0x000002c26802c990, 0x000002c26802b550, 0x000002c26802ba60,
0x000002c2680291e0, 0x000002c26802cea0, 0x000002c26802a110, 0x000002c2680296f0,
0x000002c26802d3b0, 0x000002c268029c00, 0x000002c26802d8c0, 0x000002c26802ddd0,
0x000002c26802a620, 0x000002c26802e7f0, 0x000002c268030b60, 0x000002c26802fc30,
0x000002c26802ed00, 0x000002c268030650, 0x000002c26802e2e0, 0x000002c26802f210,
0x000002c26802f720, 0x000002c268030140, 0x000002c25ac59260, 0x000002c25ac59c80,
0x000002c25ac57400
}

Java Threads: ( => current thread )
  0x000002c22b4ee770 JavaThread "main" [_thread_blocked, id=19788, stack(0x000000ecf8400000,0x000000ecf8500000)]
  0x000002c246ea3510 JavaThread "Reference Handler" daemon [_thread_blocked, id=6896, stack(0x000000ecf8b00000,0x000000ecf8c00000)]
  0x000002c246ea3fe0 JavaThread "Finalizer" daemon [_thread_blocked, id=1164, stack(0x000000ecf8c00000,0x000000ecf8d00000)]
  0x000002c246eb4d70 JavaThread "Signal Dispatcher" daemon [_thread_blocked, id=11616, stack(0x000000ecf8d00000,0x000000ecf8e00000)]
  0x000002c246eb5640 JavaThread "Attach Listener" daemon [_thread_blocked, id=8328, stack(0x000000ecf8e00000,0x000000ecf8f00000)]
  0x000002c246eb5f10 JavaThread "Service Thread" daemon [_thread_blocked, id=9640, stack(0x000000ecf8f00000,0x000000ecf9000000)]
  0x000002c246eb67e0 JavaThread "Monitor Deflation Thread" daemon [_thread_blocked, id=10308, stack(0x000000ecf9000000,0x000000ecf9100000)]
  0x000002c246ebc410 JavaThread "C2 CompilerThread0" daemon [_thread_in_native, id=13052, stack(0x000000ecf9100000,0x000000ecf9200000)]
  0x000002c246ebcd20 JavaThread "C1 CompilerThread0" daemon [_thread_blocked, id=23640, stack(0x000000ecf9200000,0x000000ecf9300000)]
  0x000002c246ebd630 JavaThread "Sweeper thread" daemon [_thread_blocked, id=18324, stack(0x000000ecf9300000,0x000000ecf9400000)]
  0x000002c2590c5430 JavaThread "Common-Cleaner" daemon [_thread_blocked, id=16232, stack(0x000000ecf9400000,0x000000ecf9500000)]
  0x000002c25927a780 JavaThread "Notification Thread" daemon [_thread_blocked, id=22168, stack(0x000000ecf9600000,0x000000ecf9700000)]
  0x000002c259ee2780 JavaThread "Daemon health stats" [_thread_blocked, id=8372, stack(0x000000ecf9e00000,0x000000ecf9f00000)]
  0x000002c25927ac60 JavaThread "Incoming local TCP Connector on port 62203" [_thread_in_native, id=20164, stack(0x000000ecf9500000,0x000000ecf9600000)]
  0x000002c25944e070 JavaThread "Daemon periodic checks" [_thread_blocked, id=19744, stack(0x000000ecf9800000,0x000000ecf9900000)]
  0x000002c25b139780 JavaThread "Daemon" [_thread_blocked, id=19980, stack(0x000000ecf9f00000,0x000000ecfa000000)]
  0x000002c25b442930 JavaThread "Daemon worker" [_thread_in_Java, id=21008, stack(0x000000ecfa200000,0x000000ecfa300000)]
  0x000002c25b4400b0 JavaThread "Cache worker for journal cache (C:\Users\Nandhitha_R\.gradle\caches\journal-1)" [_thread_blocked, id=16188, stack(0x000000ecfa700000,0x000000ecfa800000)]
  0x000002c25b4405c0 JavaThread "File lock request listener" [_thread_in_native, id=18380, stack(0x000000ecfa800000,0x000000ecfa900000)]
  0x000002c25b4414f0 JavaThread "Cache worker for file hash cache (C:\Users\Nandhitha_R\.gradle\caches\9.0.0\fileHashes)" [_thread_blocked, id=20496, stack(0x000000ecfa900000,0x000000ecfaa00000)]
  0x000002c25b441a00 JavaThread "File watcher server" daemon [_thread_in_native, id=11552, stack(0x000000ecfb200000,0x000000ecfb300000)]
  0x000002c25b442420 JavaThread "File watcher consumer" daemon [_thread_blocked, id=13716, stack(0x000000ecfb300000,0x000000ecfb400000)]
  0x000002c25c7fe580 JavaThread "Cache worker for file content cache (C:\Users\Nandhitha_R\.gradle\caches\9.0.0\fileContent)" [_thread_blocked, id=11452, stack(0x000000ecfb400000,0x000000ecfb500000)]
  0x000002c25c7fbd00 JavaThread "jar transforms" [_thread_blocked, id=12648, stack(0x000000ecfb900000,0x000000ecfba00000)]
  0x000002c25c7fb7f0 JavaThread "jar transforms Thread 2" [_thread_blocked, id=22724, stack(0x000000ecfba00000,0x000000ecfbb00000)]
  0x000002c25c7ff4b0 JavaThread "jar transforms Thread 3" [_thread_blocked, id=1956, stack(0x000000ecfbb00000,0x000000ecfbc00000)]
  0x000002c2596dff10 JavaThread "Memory manager" [_thread_blocked, id=22192, stack(0x000000ecfb500000,0x000000ecfb600000)]
  0x000002c2596e0420 JavaThread "ForkJoinPool.commonPool-worker-1" daemon [_thread_blocked, id=8228, stack(0x000000ecfe600000,0x000000ecfe700000)]
  0x000002c2596dfa00 JavaThread "ForkJoinPool.commonPool-worker-2" daemon [_thread_blocked, id=8256, stack(0x000000ecfe700000,0x000000ecfe800000)]
  0x000002c2596e0e40 JavaThread "ForkJoinPool.commonPool-worker-3" daemon [_thread_blocked, id=8264, stack(0x000000ecfe800000,0x000000ecfe900000)]
  0x000002c2596dd690 JavaThread "ForkJoinPool.commonPool-worker-4" daemon [_thread_blocked, id=10344, stack(0x000000ecfe900000,0x000000ecfea00000)]
  0x000002c2596defe0 JavaThread "ForkJoinPool.commonPool-worker-5" daemon [_thread_blocked, id=13804, stack(0x000000ecfea00000,0x000000ecfeb00000)]
  0x000002c2596ddba0 JavaThread "ForkJoinPool.commonPool-worker-7" daemon [_thread_blocked, id=21308, stack(0x000000ecfeb00000,0x000000ecfec00000)]
  0x000002c2596e1350 JavaThread "ForkJoinPool.commonPool-worker-6" daemon [_thread_blocked, id=9004, stack(0x000000ecfec00000,0x000000ecfed00000)]
  0x000002c2596e1860 JavaThread "ForkJoinPool.commonPool-worker-8" daemon [_thread_blocked, id=24836, stack(0x000000ecfed00000,0x000000ecfee00000)]
  0x000002c2596de0b0 JavaThread "ForkJoinPool.commonPool-worker-9" daemon [_thread_blocked, id=21712, stack(0x000000ecfee00000,0x000000ecfef00000)]
  0x000002c2596e3bd0 JavaThread "ForkJoinPool.commonPool-worker-10" daemon [_thread_blocked, id=10892, stack(0x000000ecfef00000,0x000000ecff000000)]
  0x000002c2596e5010 JavaThread "ForkJoinPool.commonPool-worker-11" daemon [_thread_blocked, id=10044, stack(0x000000ecff000000,0x000000ecff100000)]
  0x000002c2596e1d70 JavaThread "Exec process" [_thread_blocked, id=2840, stack(0x000000ecff100000,0x000000ecff200000)]
  0x000002c2596e2280 JavaThread "Exec process Thread 2" [_thread_blocked, id=13348, stack(0x000000ecff200000,0x000000ecff300000)]
  0x000002c2596e2ca0 JavaThread "Exec process Thread 3" [_thread_blocked, id=14512, stack(0x000000ecff300000,0x000000ecff400000)]
  0x000002c2596e36c0 JavaThread "included builds" [_thread_blocked, id=15440, stack(0x000000ecff400000,0x000000ecff500000)]
  0x000002c25daf7e20 JavaThread "jar transforms Thread 4" [_thread_blocked, id=11460, stack(0x000000ec84a00000,0x000000ec84b00000)]
  0x000002c25daf8d50 JavaThread "jar transforms Thread 5" [_thread_blocked, id=25164, stack(0x000000ec84b00000,0x000000ec84c00000)]
  0x000002c25fb671f0 JavaThread "jar transforms Thread 6" [_thread_blocked, id=2172, stack(0x000000ec85400000,0x000000ec85500000)]
  0x000002c25fb67700 JavaThread "jar transforms Thread 7" [_thread_blocked, id=11948, stack(0x000000ec85500000,0x000000ec85600000)]
  0x000002c25fb67c10 JavaThread "jar transforms Thread 8" [_thread_blocked, id=14944, stack(0x000000ec85600000,0x000000ec85700000)]
  0x000002c260911630 JavaThread "jar transforms Thread 9" [_thread_blocked, id=24916, stack(0x000000ec85b00000,0x000000ec85c00000)]
  0x000002c26090f7d0 JavaThread "jar transforms Thread 10" [_thread_blocked, id=22028, stack(0x000000ec85c00000,0x000000ec85d00000)]
  0x000002c26090fce0 JavaThread "jar transforms Thread 11" [_thread_blocked, id=2980, stack(0x000000ec85d00000,0x000000ec85e00000)]
  0x000002c260912560 JavaThread "jar transforms Thread 12" [_thread_blocked, id=584, stack(0x000000ec85e00000,0x000000ec85f00000)]
=>0x000002c26611aae0 JavaThread "C2 CompilerThread1" daemon [_thread_in_native, id=5520, stack(0x000000ec85700000,0x000000ec85800000)]
  0x000002c266118060 JavaThread "C2 CompilerThread2" daemon [_thread_in_native, id=11932, stack(0x000000ec85800000,0x000000ec85900000)]
  0x000002c25decbdc0 JavaThread "VFS cleanup" [_thread_blocked, id=3176, stack(0x000000ec80000000,0x000000ec80100000)]
  0x000002c25decc2d0 JavaThread "Handler for socket connection from /127.0.0.1:62203 to /127.0.0.1:62213" [_thread_in_native, id=18604, stack(0x000000ec80100000,0x000000ec80200000)]
  0x000002c25decdc20 JavaThread "Cancel handler" [_thread_blocked, id=26332, stack(0x000000ec80200000,0x000000ec80300000)]
  0x000002c25decb8b0 JavaThread "Asynchronous log dispatcher for DefaultDaemonConnection: socket connection from /127.0.0.1:62203 to /127.0.0.1:62213" [_thread_blocked, id=13344, stack(0x000000ec80300000,0x000000ec80400000)]
  0x000002c25dece640 JavaThread "Stdin handler" [_thread_blocked, id=2624, stack(0x000000ec80400000,0x000000ec80500000)]
  0x000002c25dece130 JavaThread "Daemon client event forwarder" [_thread_in_native, id=6216, stack(0x000000ec80500000,0x000000ec80600000)]
  0x000002c25deceb50 JavaThread "Cache worker for file hash cache (D:\apps\caltims mobile app\frontend\android\.gradle\9.0.0\fileHashes)" [_thread_blocked, id=8268, stack(0x000000ec80600000,0x000000ec80700000)]
  0x000002c25decfa80 JavaThread "Cache worker for Build Output Cleanup Cache (D:\apps\caltims mobile app\frontend\android\.gradle\buildOutputCleanup)" [_thread_blocked, id=21936, stack(0x000000ec80700000,0x000000ec80800000)]
  0x000002c25decd200 JavaThread "Cache worker for checksums cache (D:\apps\caltims mobile app\frontend\android\.gradle\9.0.0\checksums)" [_thread_blocked, id=13128, stack(0x000000ec80800000,0x000000ec80900000)]
  0x000002c25decff90 JavaThread "Cache worker for cache directory md-supplier (C:\Users\Nandhitha_R\.gradle\caches\9.0.0\md-supplier)" [_thread_blocked, id=20472, stack(0x000000ec80900000,0x000000ec80a00000)]
  0x000002c25decf060 JavaThread "Cache worker for cache directory md-rule (C:\Users\Nandhitha_R\.gradle\caches\9.0.0\md-rule)" [_thread_blocked, id=21784, stack(0x000000ec80a00000,0x000000ec80b00000)]
  0x000002c25decf570 JavaThread "Cache worker for Build Output Cleanup Cache (D:\apps\caltims mobile app\frontend\node_modules\@react-native\gradle-plugin\.gradle\buildOutputCleanup)" [_thread_blocked, id=15140, stack(0x000000ec80b00000,0x000000ec80c00000)]
  0x000002c25decc7e0 JavaThread "Unconstrained build operations" [_thread_blocked, id=5104, stack(0x000000ec80c00000,0x000000ec80d00000)]
  0x000002c25ded04a0 JavaThread "Unconstrained build operations Thread 2" [_thread_blocked, id=19588, stack(0x000000ec80d00000,0x000000ec80e00000)]
  0x000002c25decd710 JavaThread "Unconstrained build operations Thread 3" [_thread_blocked, id=17864, stack(0x000000ec80e00000,0x000000ec80f00000)]
  0x000002c25decccf0 JavaThread "Unconstrained build operations Thread 4" [_thread_blocked, id=13324, stack(0x000000ec80f00000,0x000000ec81000000)]
  0x000002c25ded09b0 JavaThread "Unconstrained build operations Thread 5" [_thread_blocked, id=4036, stack(0x000000ec81000000,0x000000ec81100000)]
  0x000002c25ded2810 JavaThread "Unconstrained build operations Thread 6" [_thread_blocked, id=2316, stack(0x000000ec81100000,0x000000ec81200000)]
  0x000002c25ded2300 JavaThread "Unconstrained build operations Thread 7" [_thread_blocked, id=22680, stack(0x000000ec81200000,0x000000ec81300000)]
  0x000002c25ded0ec0 JavaThread "Unconstrained build operations Thread 8" [_thread_blocked, id=20564, stack(0x000000ec81300000,0x000000ec81400000)]
  0x000002c25ded3230 JavaThread "Unconstrained build operations Thread 9" [_thread_blocked, id=10068, stack(0x000000ec81400000,0x000000ec81500000)]
  0x000002c25ded13d0 JavaThread "Unconstrained build operations Thread 10" [_thread_blocked, id=1156, stack(0x000000ec81500000,0x000000ec81600000)]
  0x000002c25ded18e0 JavaThread "Unconstrained build operations Thread 11" [_thread_blocked, id=26168, stack(0x000000ec81600000,0x000000ec81700000)]
  0x000002c25ded1df0 JavaThread "Unconstrained build operations Thread 12" [_thread_blocked, id=21196, stack(0x000000ec81700000,0x000000ec81800000)]
  0x000002c25e7288a0 JavaThread "Unconstrained build operations Thread 13" [_thread_blocked, id=14092, stack(0x000000ec81800000,0x000000ec81900000)]
  0x000002c25e728390 JavaThread "Unconstrained build operations Thread 14" [_thread_blocked, id=2060, stack(0x000000ec81900000,0x000000ec81a00000)]
  0x000002c25e728db0 JavaThread "Unconstrained build operations Thread 15" [_thread_blocked, id=2688, stack(0x000000ec81a00000,0x000000ec81b00000)]
  0x000002c25e72a1f0 JavaThread "Unconstrained build operations Thread 16" [_thread_blocked, id=22236, stack(0x000000ec81b00000,0x000000ec81c00000)]
  0x000002c25e7292c0 JavaThread "Unconstrained build operations Thread 17" [_thread_blocked, id=3608, stack(0x000000ec81c00000,0x000000ec81d00000)]
  0x000002c25e727460 JavaThread "Unconstrained build operations Thread 18" [_thread_blocked, id=14072, stack(0x000000ec81d00000,0x000000ec81e00000)]
  0x000002c25e727970 JavaThread "Unconstrained build operations Thread 19" [_thread_blocked, id=20196, stack(0x000000ec81e00000,0x000000ec81f00000)]
  0x000002c25e726f50 JavaThread "Unconstrained build operations Thread 20" [_thread_blocked, id=12280, stack(0x000000ec81f00000,0x000000ec82000000)]
  0x000002c25e72ac10 JavaThread "Unconstrained build operations Thread 21" [_thread_blocked, id=10420, stack(0x000000ec82000000,0x000000ec82100000)]
  0x000002c25e72b630 JavaThread "Unconstrained build operations Thread 22" [_thread_blocked, id=14152, stack(0x000000ec82100000,0x000000ec82200000)]
  0x000002c25e727e80 JavaThread "Unconstrained build operations Thread 23" [_thread_blocked, id=26616, stack(0x000000ec82200000,0x000000ec82300000)]
  0x000002c25e72bb40 JavaThread "Unconstrained build operations Thread 24" [_thread_blocked, id=20524, stack(0x000000ec82300000,0x000000ec82400000)]
  0x000002c25e72a700 JavaThread "Unconstrained build operations Thread 25" [_thread_blocked, id=23452, stack(0x000000ec82400000,0x000000ec82500000)]
  0x000002c25e72ca70 JavaThread "Unconstrained build operations Thread 26" [_thread_blocked, id=19112, stack(0x000000ec82500000,0x000000ec82600000)]
  0x000002c25e72b120 JavaThread "build event listener" [_thread_blocked, id=13900, stack(0x000000ec82600000,0x000000ec82700000)]
  0x000002c25e72c050 JavaThread "included builds" [_thread_blocked, id=25036, stack(0x000000ec82700000,0x000000ec82800000)]
  0x000002c25e72c560 JavaThread "Execution worker" [_thread_blocked, id=22564, stack(0x000000ec82800000,0x000000ec82900000)]
  0x000002c25e72cf80 JavaThread "Execution worker Thread 2" [_thread_blocked, id=10848, stack(0x000000ec82900000,0x000000ec82a00000)]
  0x000002c25e7297d0 JavaThread "Execution worker Thread 3" [_thread_blocked, id=26488, stack(0x000000ec82a00000,0x000000ec82b00000)]
  0x000002c25e72d490 JavaThread "Execution worker Thread 4" [_thread_blocked, id=11376, stack(0x000000ec82b00000,0x000000ec82c00000)]
  0x000002c25e729ce0 JavaThread "Execution worker Thread 5" [_thread_blocked, id=24372, stack(0x000000ec82c00000,0x000000ec82d00000)]
  0x000002c25e72d9a0 JavaThread "Execution worker Thread 6" [_thread_blocked, id=17900, stack(0x000000ec82d00000,0x000000ec82e00000)]
  0x000002c25e72deb0 JavaThread "Execution worker Thread 7" [_thread_blocked, id=10540, stack(0x000000ec82e00000,0x000000ec82f00000)]
  0x000002c25e72e8d0 JavaThread "Execution worker Thread 8" [_thread_blocked, id=15568, stack(0x000000ec82f00000,0x000000ec83000000)]
  0x000002c25daf4b80 JavaThread "Execution worker Thread 9" [_thread_blocked, id=13108, stack(0x000000ec83000000,0x000000ec83100000)]
  0x000002c25daf3c50 JavaThread "Execution worker Thread 10" [_thread_blocked, id=18740, stack(0x000000ec83100000,0x000000ec83200000)]
  0x000002c25daf4160 JavaThread "Cache worker for execution history cache (D:\apps\caltims mobile app\frontend\node_modules\@react-native\gradle-plugin\.gradle\9.0.0\executionHistory)" [_thread_blocked, id=14852, stack(0x000000ec83200000,0x000000ec83300000)]
  0x000002c25daf3230 JavaThread "Execution worker Thread 11" [_thread_blocked, id=22420, stack(0x000000ec83300000,0x000000ec83400000)]
  0x000002c25daf5090 JavaThread "Unconstrained build operations Thread 27" [_thread_blocked, id=3808, stack(0x000000ec83400000,0x000000ec83500000)]
  0x000002c25daf55a0 JavaThread "Unconstrained build operations Thread 28" [_thread_blocked, id=14556, stack(0x000000ec83500000,0x000000ec83600000)]
  0x000002c25daf2d20 JavaThread "Unconstrained build operations Thread 29" [_thread_blocked, id=708, stack(0x000000ec83600000,0x000000ec83700000)]
  0x000002c25daf4670 JavaThread "Unconstrained build operations Thread 30" [_thread_blocked, id=22196, stack(0x000000ec83700000,0x000000ec83800000)]
  0x000002c25daf5ab0 JavaThread "Unconstrained build operations Thread 31" [_thread_blocked, id=10844, stack(0x000000ec83800000,0x000000ec83900000)]
  0x000002c25daf5fc0 JavaThread "Unconstrained build operations Thread 32" [_thread_blocked, id=25804, stack(0x000000ec83900000,0x000000ec83a00000)]
  0x000002c25daf2810 JavaThread "Unconstrained build operations Thread 33" [_thread_blocked, id=13488, stack(0x000000ec83a00000,0x000000ec83b00000)]
  0x000002c25daf64d0 JavaThread "Unconstrained build operations Thread 34" [_thread_blocked, id=2880, stack(0x000000ec83b00000,0x000000ec83c00000)]
  0x000002c25daf69e0 JavaThread "Unconstrained build operations Thread 35" [_thread_blocked, id=8940, stack(0x000000ec83c00000,0x000000ec83d00000)]
  0x000002c25daf6ef0 JavaThread "Unconstrained build operations Thread 36" [_thread_blocked, id=8572, stack(0x000000ec83d00000,0x000000ec83e00000)]
  0x000002c25daf3740 JavaThread "Unconstrained build operations Thread 37" [_thread_blocked, id=8576, stack(0x000000ec83e00000,0x000000ec83f00000)]
  0x000002c25daf9c80 JavaThread "Unconstrained build operations Thread 38" [_thread_blocked, id=8580, stack(0x000000ec83f00000,0x000000ec84000000)]
  0x000002c25daf8330 JavaThread "Unconstrained build operations Thread 39" [_thread_blocked, id=8584, stack(0x000000ec84000000,0x000000ec84100000)]
  0x000002c25daf7400 JavaThread "Unconstrained build operations Thread 40" [_thread_blocked, id=8592, stack(0x000000ec84100000,0x000000ec84200000)]
  0x000002c25daf7910 JavaThread "Unconstrained build operations Thread 41" [_thread_blocked, id=8596, stack(0x000000ec84200000,0x000000ec84300000)]
  0x000002c25daf8840 JavaThread "Unconstrained build operations Thread 42" [_thread_blocked, id=9148, stack(0x000000ec84300000,0x000000ec84400000)]
  0x000002c25daf9260 JavaThread "Unconstrained build operations Thread 43" [_thread_blocked, id=14936, stack(0x000000ec84400000,0x000000ec84500000)]
  0x000002c25c7fc720 JavaThread "Unconstrained build operations Thread 44" [_thread_blocked, id=14864, stack(0x000000ec84500000,0x000000ec84600000)]
  0x000002c25c7fd650 JavaThread "Unconstrained build operations Thread 45" [_thread_blocked, id=10676, stack(0x000000ec84600000,0x000000ec84700000)]
  0x000002c25c7fea90 JavaThread "Unconstrained build operations Thread 46" [_thread_blocked, id=24784, stack(0x000000ec84700000,0x000000ec84800000)]
  0x000002c25c7ff9c0 JavaThread "Unconstrained build operations Thread 47" [_thread_blocked, id=3296, stack(0x000000ec84800000,0x000000ec84900000)]
  0x000002c25c7fcc30 JavaThread "Unconstrained build operations Thread 48" [_thread_blocked, id=14912, stack(0x000000ec84900000,0x000000ec84a00000)]
  0x000002c25c7fc210 JavaThread "Unconstrained build operations Thread 49" [_thread_blocked, id=23832, stack(0x000000ec84c00000,0x000000ec84d00000)]
  0x000002c25c7ffed0 JavaThread "Unconstrained build operations Thread 50" [_thread_blocked, id=15816, stack(0x000000ec84d00000,0x000000ec84e00000)]
  0x000002c25c7fd140 JavaThread "Unconstrained build operations Thread 51" [_thread_blocked, id=20900, stack(0x000000ec84e00000,0x000000ec84f00000)]
  0x000002c25c7fdb60 JavaThread "Unconstrained build operations Thread 52" [_thread_blocked, id=13720, stack(0x000000ec84f00000,0x000000ec85000000)]
  0x000002c25c801310 JavaThread "Unconstrained build operations Thread 53" [_thread_blocked, id=3896, stack(0x000000ec85000000,0x000000ec85100000)]
  0x000002c25c802750 JavaThread "Unconstrained build operations Thread 54" [_thread_blocked, id=5700, stack(0x000000ec85100000,0x000000ec85200000)]
  0x000002c25c7fefa0 JavaThread "Unconstrained build operations Thread 55" [_thread_blocked, id=7000, stack(0x000000ec85200000,0x000000ec85300000)]
  0x000002c25c8008f0 JavaThread "Unconstrained build operations Thread 56" [_thread_blocked, id=23076, stack(0x000000ec85300000,0x000000ec85400000)]
  0x000002c25c801820 JavaThread "Unconstrained build operations Thread 57" [_thread_blocked, id=4344, stack(0x000000ec85900000,0x000000ec85a00000)]
  0x000002c25c801d30 JavaThread "Unconstrained build operations Thread 58" [_thread_blocked, id=18368, stack(0x000000ec85a00000,0x000000ec85b00000)]
  0x000002c25c802c60 JavaThread "Unconstrained build operations Thread 59" [_thread_blocked, id=18992, stack(0x000000ec86100000,0x000000ec86200000)]
  0x000002c25c800e00 JavaThread "Unconstrained build operations Thread 60" [_thread_blocked, id=22844, stack(0x000000ec86200000,0x000000ec86300000)]
  0x000002c25c803170 JavaThread "Unconstrained build operations Thread 61" [_thread_blocked, id=3212, stack(0x000000ec86300000,0x000000ec86400000)]
  0x000002c25c8003e0 JavaThread "Unconstrained build operations Thread 62" [_thread_blocked, id=21148, stack(0x000000ec86400000,0x000000ec86500000)]
  0x000002c25c802240 JavaThread "Unconstrained build operations Thread 63" [_thread_blocked, id=25144, stack(0x000000ec86500000,0x000000ec86600000)]
  0x000002c25fb65db0 JavaThread "Unconstrained build operations Thread 64" [_thread_blocked, id=18960, stack(0x000000ec86600000,0x000000ec86700000)]
  0x000002c25fb63530 JavaThread "Unconstrained build operations Thread 65" [_thread_blocked, id=4720, stack(0x000000ec86700000,0x000000ec86800000)]
  0x000002c25fb662c0 JavaThread "Unconstrained build operations Thread 66" [_thread_blocked, id=24652, stack(0x000000ec86800000,0x000000ec86900000)]
  0x000002c25fb63f50 JavaThread "Unconstrained build operations Thread 67" [_thread_blocked, id=5652, stack(0x000000ec86900000,0x000000ec86a00000)]
  0x000002c25fb66ce0 JavaThread "Unconstrained build operations Thread 68" [_thread_blocked, id=24948, stack(0x000000ec86a00000,0x000000ec86b00000)]
  0x000002c25fb65390 JavaThread "Unconstrained build operations Thread 69" [_thread_blocked, id=11040, stack(0x000000ec86b00000,0x000000ec86c00000)]
  0x000002c25fb658a0 JavaThread "Unconstrained build operations Thread 70" [_thread_blocked, id=24120, stack(0x000000ec86c00000,0x000000ec86d00000)]
  0x000002c25fb63a40 JavaThread "Unconstrained build operations Thread 71" [_thread_blocked, id=21632, stack(0x000000ec86d00000,0x000000ec86e00000)]
  0x000002c25fb69050 JavaThread "Unconstrained build operations Thread 72" [_thread_blocked, id=20916, stack(0x000000ec86e00000,0x000000ec86f00000)]
  0x000002c25fb667d0 JavaThread "Unconstrained build operations Thread 73" [_thread_blocked, id=25712, stack(0x000000ec86f00000,0x000000ec87000000)]
  0x000002c25fb6a490 JavaThread "Unconstrained build operations Thread 74" [_thread_blocked, id=11636, stack(0x000000ec87000000,0x000000ec87100000)]
  0x000002c2609148d0 JavaThread "Unconstrained build operations Thread 75" [_thread_blocked, id=7108, stack(0x000000ec87100000,0x000000ec87200000)]
  0x000002c260911b40 JavaThread "Unconstrained build operations Thread 76" [_thread_blocked, id=25516, stack(0x000000ec87200000,0x000000ec87300000)]
  0x000002c260916220 JavaThread "Unconstrained build operations Thread 77" [_thread_blocked, id=20660, stack(0x000000ec87300000,0x000000ec87400000)]
  0x000002c260913eb0 JavaThread "Unconstrained build operations Thread 78" [_thread_blocked, id=20416, stack(0x000000ec87400000,0x000000ec87500000)]
  0x000002c2609152f0 JavaThread "Unconstrained build operations Thread 79" [_thread_blocked, id=6828, stack(0x000000ec87500000,0x000000ec87600000)]
  0x000002c260914de0 JavaThread "Unconstrained build operations Thread 80" [_thread_blocked, id=15688, stack(0x000000ec87600000,0x000000ec87700000)]
  0x000002c260915800 JavaThread "Unconstrained build operations Thread 81" [_thread_blocked, id=23044, stack(0x000000ec87700000,0x000000ec87800000)]
  0x000002c2596e40e0 JavaThread "Unconstrained build operations Thread 82" [_thread_blocked, id=22832, stack(0x000000ec87800000,0x000000ec87900000)]
  0x000002c2596de5c0 JavaThread "Unconstrained build operations Thread 83" [_thread_blocked, id=12588, stack(0x000000ec87900000,0x000000ec87a00000)]
  0x000002c2596e45f0 JavaThread "Unconstrained build operations Thread 84" [_thread_blocked, id=25756, stack(0x000000ec87a00000,0x000000ec87b00000)]
  0x000002c2596e4b00 JavaThread "Unconstrained build operations Thread 85" [_thread_blocked, id=4748, stack(0x000000ec87b00000,0x000000ec87c00000)]
  0x000002c2596e2790 JavaThread "Unconstrained build operations Thread 86" [_thread_blocked, id=20788, stack(0x000000ec87c00000,0x000000ec87d00000)]
  0x000002c2596e31b0 JavaThread "Unconstrained build operations Thread 87" [_thread_blocked, id=11772, stack(0x000000ec87d00000,0x000000ec87e00000)]
  0x000002c25b442e40 JavaThread "Unconstrained build operations Thread 88" [_thread_blocked, id=17156, stack(0x000000ec87e00000,0x000000ec87f00000)]
  0x000002c25b440ad0 JavaThread "Unconstrained build operations Thread 89" [_thread_blocked, id=13784, stack(0x000000ec87f00000,0x000000ec88000000)]
  0x000002c25b440fe0 JavaThread "Unconstrained build operations Thread 90" [_thread_blocked, id=6680, stack(0x000000ec88000000,0x000000ec88100000)]
  0x000002c25b443350 JavaThread "Unconstrained build operations Thread 91" [_thread_blocked, id=3616, stack(0x000000ec88100000,0x000000ec88200000)]
  0x000002c25b443860 JavaThread "Unconstrained build operations Thread 92" [_thread_blocked, id=9132, stack(0x000000ec88200000,0x000000ec88300000)]
  0x000002c25b441f10 JavaThread "Unconstrained build operations Thread 93" [_thread_blocked, id=13220, stack(0x000000ec88300000,0x000000ec88400000)]
  0x000002c260915d10 JavaThread "Unconstrained build operations Thread 94" [_thread_blocked, id=15908, stack(0x000000ec88400000,0x000000ec88500000)]
  0x000002c25fb6aeb0 JavaThread "Unconstrained build operations Thread 95" [_thread_blocked, id=10672, stack(0x000000ec88500000,0x000000ec88600000)]
  0x000002c26802c480 JavaThread "Unconstrained build operations Thread 96" [_thread_blocked, id=18076, stack(0x000000ec88600000,0x000000ec88700000)]
  0x000002c26802ab30 JavaThread "Unconstrained build operations Thread 97" [_thread_blocked, id=21264, stack(0x000000ec88700000,0x000000ec88800000)]
  0x000002c26802b040 JavaThread "Unconstrained build operations Thread 98" [_thread_blocked, id=23108, stack(0x000000ec88800000,0x000000ec88900000)]
  0x000002c26802c990 JavaThread "Unconstrained build operations Thread 99" [_thread_blocked, id=18704, stack(0x000000ec88900000,0x000000ec88a00000)]
  0x000002c26802b550 JavaThread "Unconstrained build operations Thread 100" [_thread_blocked, id=21080, stack(0x000000ec88a00000,0x000000ec88b00000)]
  0x000002c26802ba60 JavaThread "build event listener" [_thread_blocked, id=25788, stack(0x000000ec88b00000,0x000000ec88c00000)]
  0x000002c2680291e0 JavaThread "Problems report writer" [_thread_blocked, id=4308, stack(0x000000ec88c00000,0x000000ec88d00000)]
  0x000002c26802cea0 JavaThread "Unconstrained build operations Thread 101" [_thread_blocked, id=15108, stack(0x000000ec88d00000,0x000000ec88e00000)]
  0x000002c26802a110 JavaThread "Unconstrained build operations Thread 102" [_thread_blocked, id=5068, stack(0x000000ec88e00000,0x000000ec88f00000)]
  0x000002c2680296f0 JavaThread "Unconstrained build operations Thread 103" [_thread_blocked, id=24216, stack(0x000000ec88f00000,0x000000ec89000000)]
  0x000002c26802d3b0 JavaThread "Unconstrained build operations Thread 104" [_thread_blocked, id=15608, stack(0x000000ec89000000,0x000000ec89100000)]
  0x000002c268029c00 JavaThread "Unconstrained build operations Thread 105" [_thread_blocked, id=18360, stack(0x000000ec89100000,0x000000ec89200000)]
  0x000002c26802d8c0 JavaThread "Unconstrained build operations Thread 106" [_thread_blocked, id=18652, stack(0x000000ec89200000,0x000000ec89300000)]
  0x000002c26802ddd0 JavaThread "Unconstrained build operations Thread 107" [_thread_blocked, id=15920, stack(0x000000ec89300000,0x000000ec89400000)]
  0x000002c26802a620 JavaThread "Unconstrained build operations Thread 108" [_thread_blocked, id=3684, stack(0x000000ec89400000,0x000000ec89500000)]
  0x000002c26802e7f0 JavaThread "Unconstrained build operations Thread 109" [_thread_blocked, id=13024, stack(0x000000ec89500000,0x000000ec89600000)]
  0x000002c268030b60 JavaThread "Unconstrained build operations Thread 110" [_thread_blocked, id=16108, stack(0x000000ec89600000,0x000000ec89700000)]
  0x000002c26802fc30 JavaThread "Unconstrained build operations Thread 111" [_thread_blocked, id=10120, stack(0x000000ec89700000,0x000000ec89800000)]
  0x000002c26802ed00 JavaThread "Unconstrained build operations Thread 112" [_thread_blocked, id=13192, stack(0x000000ec89800000,0x000000ec89900000)]
  0x000002c268030650 JavaThread "Unconstrained build operations Thread 113" [_thread_blocked, id=20208, stack(0x000000ec89900000,0x000000ec89a00000)]
  0x000002c26802e2e0 JavaThread "Unconstrained build operations Thread 114" [_thread_blocked, id=18436, stack(0x000000ec89a00000,0x000000ec89b00000)]
  0x000002c26802f210 JavaThread "Unconstrained build operations Thread 115" [_thread_blocked, id=19172, stack(0x000000ec89b00000,0x000000ec89c00000)]
  0x000002c26802f720 JavaThread "Unconstrained build operations Thread 116" [_thread_blocked, id=14368, stack(0x000000ec89c00000,0x000000ec89d00000)]
  0x000002c268030140 JavaThread "Unconstrained build operations Thread 117" [_thread_blocked, id=22840, stack(0x000000ec89d00000,0x000000ec89e00000)]
  0x000002c25ac59260 JavaThread "Unconstrained build operations Thread 118" [_thread_blocked, id=13880, stack(0x000000ec89e00000,0x000000ec89f00000)]
  0x000002c25ac59c80 JavaThread "Unconstrained build operations Thread 119" [_thread_blocked, id=8292, stack(0x000000ec89f00000,0x000000ec8a000000)]
  0x000002c25ac57400 JavaThread "Unconstrained build operations Thread 120" [_thread_blocked, id=18108, stack(0x000000ec8a000000,0x000000ec8a100000)]

Other Threads:
  0x000002c246e9a510 VMThread "VM Thread" [stack: 0x000000ecf8a00000,0x000000ecf8b00000] [id=9200]
  0x000002c259201f20 WatcherThread [stack: 0x000000ecf9700000,0x000000ecf9800000] [id=22760]
  0x000002c22b526d90 GCTaskThread "GC Thread#0" [stack: 0x000000ecf8500000,0x000000ecf8600000] [id=12032]
  0x000002c2592cccc0 GCTaskThread "GC Thread#1" [stack: 0x000000ecf9900000,0x000000ecf9a00000] [id=23920]
  0x000002c25992b820 GCTaskThread "GC Thread#2" [stack: 0x000000ecf9a00000,0x000000ecf9b00000] [id=2052]
  0x000002c25973c530 GCTaskThread "GC Thread#3" [stack: 0x000000ecf9b00000,0x000000ecf9c00000] [id=14256]
  0x000002c259644d60 GCTaskThread "GC Thread#4" [stack: 0x000000ecf9c00000,0x000000ecf9d00000] [id=14812]
  0x000002c259645de0 GCTaskThread "GC Thread#5" [stack: 0x000000ecf9d00000,0x000000ecf9e00000] [id=15648]
  0x000002c2596452e0 GCTaskThread "GC Thread#6" [stack: 0x000000ecfaa00000,0x000000ecfab00000] [id=17772]
  0x000002c2596460a0 GCTaskThread "GC Thread#7" [stack: 0x000000ecfab00000,0x000000ecfac00000] [id=23532]
  0x000002c2596447e0 GCTaskThread "GC Thread#8" [stack: 0x000000ecfac00000,0x000000ecfad00000] [id=15968]
  0x000002c259644520 GCTaskThread "GC Thread#9" [stack: 0x000000ecfad00000,0x000000ecfae00000] [id=6888]
  0x000002c22b52dbf0 ConcurrentGCThread "G1 Main Marker" [stack: 0x000000ecf8600000,0x000000ecf8700000] [id=5532]
  0x000002c22b52e520 ConcurrentGCThread "G1 Conc#0" [stack: 0x000000ecf8700000,0x000000ecf8800000] [id=7560]
  0x000002c259644aa0 ConcurrentGCThread "G1 Conc#1" [stack: 0x000000ecfae00000,0x000000ecfaf00000] [id=9436]
  0x000002c259645020 ConcurrentGCThread "G1 Conc#2" [stack: 0x000000ecfaf00000,0x000000ecfb000000] [id=11016]
  0x000002c22b59dfd0 ConcurrentGCThread "G1 Refine#0" [stack: 0x000000ecf8800000,0x000000ecf8900000] [id=1904]
  0x000002c22b59e7b0 ConcurrentGCThread "G1 Service" [stack: 0x000000ecf8900000,0x000000ecf8a00000] [id=18468]

Threads with active compile tasks:
C2 CompilerThread0  42210 19247       4       org.gradle.api.internal.file.AbstractFileCollection$1::visitCollection (43 bytes)
C2 CompilerThread1  42210 19137       4       com.android.build.gradle.options.ProjectOptions::get (81 bytes)
C2 CompilerThread2  42210 19267       4       org.gradle.api.internal.collections.DefaultCollectionEventRegister::isSubscribed (66 bytes)

VM state: not at safepoint (normal execution)

VM Mutex/Monitor currently owned by a thread: None

Heap address: 0x00000000d0000000, size: 768 MB, Compressed Oops mode: 32-bit

CDS archive(s) mapped at: [0x000002c247000000-0x000002c247bb0000-0x000002c247bb0000), size 12255232, SharedBaseAddress: 0x000002c247000000, ArchiveRelocationMode: 1.
Compressed class space mapped at: 0x000002c248000000-0x000002c255000000, reserved size: 218103808
Narrow klass base: 0x000002c247000000, Narrow klass shift: 0, Narrow klass range: 0x100000000

GC Precious Log:
 CPUs: 12 total, 12 available
 Memory: 16068M
 Large Page Support: Disabled
 NUMA Support: Disabled
 Compressed Oops: Enabled (32-bit)
 Heap Region Size: 1M
 Heap Min Capacity: 8M
 Heap Initial Capacity: 252M
 Heap Max Capacity: 768M
 Pre-touch: Disabled
 Parallel Workers: 10
 Concurrent Workers: 3
 Concurrent Refinement Workers: 10
 Periodic GC: Disabled

Heap:
 garbage-first heap   total 404480K, used 307155K [0x00000000d0000000, 0x0000000100000000)
  region size 1024K, 30 young (30720K), 6 survivors (6144K)
 Metaspace       used 108909K, committed 110912K, reserved 344064K
  class space    used 15283K, committed 16256K, reserved 212992K

Heap Regions: E=young(eden), S=young(survivor), O=old, HS=humongous(starts), HC=humongous(continues), CS=collection set, F=free, OA=open archive, CA=closed archive, TAMS=top-at-mark-start (previous, next)
|   0|0x00000000d0000000, 0x00000000d0100000, 0x00000000d0100000|100%|HS|  |TAMS 0x00000000d0100000, 0x00000000d0000000| Complete 
|   1|0x00000000d0100000, 0x00000000d0200000, 0x00000000d0200000|100%|HC|  |TAMS 0x00000000d0200000, 0x00000000d0100000| Complete 
|   2|0x00000000d0200000, 0x00000000d0300000, 0x00000000d0300000|100%|HC|  |TAMS 0x00000000d0300000, 0x00000000d0200000| Complete 
|   3|0x00000000d0300000, 0x00000000d0400000, 0x00000000d0400000|100%| O|  |TAMS 0x00000000d0400000, 0x00000000d0300000| Untracked 
|   4|0x00000000d0400000, 0x00000000d0500000, 0x00000000d0500000|100%| O|  |TAMS 0x00000000d0500000, 0x00000000d0400000| Untracked 
|   5|0x00000000d0500000, 0x00000000d0600000, 0x00000000d0600000|100%| O|  |TAMS 0x00000000d0600000, 0x00000000d0500000| Untracked 
|   6|0x00000000d0600000, 0x00000000d0700000, 0x00000000d0700000|100%|HS|  |TAMS 0x00000000d0700000, 0x00000000d0600000| Complete 
|   7|0x00000000d0700000, 0x00000000d0800000, 0x00000000d0800000|100%| O|  |TAMS 0x00000000d0800000, 0x00000000d0700000| Untracked 
|   8|0x00000000d0800000, 0x00000000d0900000, 0x00000000d0900000|100%| O|  |TAMS 0x00000000d0900000, 0x00000000d0800000| Untracked 
|   9|0x00000000d0900000, 0x00000000d0a00000, 0x00000000d0a00000|100%| O|  |TAMS 0x00000000d0a00000, 0x00000000d0900000| Untracked 
|  10|0x00000000d0a00000, 0x00000000d0b00000, 0x00000000d0b00000|100%| O|  |TAMS 0x00000000d0b00000, 0x00000000d0a00000| Untracked 
|  11|0x00000000d0b00000, 0x00000000d0c00000, 0x00000000d0c00000|100%| O|  |TAMS 0x00000000d0c00000, 0x00000000d0b00000| Untracked 
|  12|0x00000000d0c00000, 0x00000000d0cc0a00, 0x00000000d0d00000| 75%| O|  |TAMS 0x00000000d0cc0a00, 0x00000000d0c00000| Untracked 
|  13|0x00000000d0d00000, 0x00000000d0e00000, 0x00000000d0e00000|100%| O|  |TAMS 0x00000000d0e00000, 0x00000000d0d00000| Untracked 
|  14|0x00000000d0e00000, 0x00000000d0f00000, 0x00000000d0f00000|100%| O|  |TAMS 0x00000000d0f00000, 0x00000000d0e00000| Untracked 
|  15|0x00000000d0f00000, 0x00000000d1000000, 0x00000000d1000000|100%| O|  |TAMS 0x00000000d1000000, 0x00000000d0f00000| Untracked 
|  16|0x00000000d1000000, 0x00000000d1100000, 0x00000000d1100000|100%| O|  |TAMS 0x00000000d1100000, 0x00000000d1000000| Untracked 
|  17|0x00000000d1100000, 0x00000000d1200000, 0x00000000d1200000|100%| O|  |TAMS 0x00000000d1200000, 0x00000000d1100000| Untracked 
|  18|0x00000000d1200000, 0x00000000d1300000, 0x00000000d1300000|100%| O|  |TAMS 0x00000000d1300000, 0x00000000d1200000| Untracked 
|  19|0x00000000d1300000, 0x00000000d1400000, 0x00000000d1400000|100%| O|  |TAMS 0x00000000d1400000, 0x00000000d1300000| Untracked 
|  20|0x00000000d1400000, 0x00000000d1500000, 0x00000000d1500000|100%| O|  |TAMS 0x00000000d1500000, 0x00000000d1400000| Untracked 
|  21|0x00000000d1500000, 0x00000000d1600000, 0x00000000d1600000|100%| O|  |TAMS 0x00000000d1600000, 0x00000000d1500000| Untracked 
|  22|0x00000000d1600000, 0x00000000d1700000, 0x00000000d1700000|100%| O|  |TAMS 0x00000000d1700000, 0x00000000d1600000| Untracked 
|  23|0x00000000d1700000, 0x00000000d1800000, 0x00000000d1800000|100%| O|  |TAMS 0x00000000d1800000, 0x00000000d1700000| Untracked 
|  24|0x00000000d1800000, 0x00000000d1900000, 0x00000000d1900000|100%| O|  |TAMS 0x00000000d1900000, 0x00000000d1800000| Untracked 
|  25|0x00000000d1900000, 0x00000000d1a00000, 0x00000000d1a00000|100%| O|  |TAMS 0x00000000d1a00000, 0x00000000d1900000| Untracked 
|  26|0x00000000d1a00000, 0x00000000d1b00000, 0x00000000d1b00000|100%| O|  |TAMS 0x00000000d1b00000, 0x00000000d1a00000| Untracked 
|  27|0x00000000d1b00000, 0x00000000d1c00000, 0x00000000d1c00000|100%| O|  |TAMS 0x00000000d1c00000, 0x00000000d1b00000| Untracked 
|  28|0x00000000d1c00000, 0x00000000d1d00000, 0x00000000d1d00000|100%| O|  |TAMS 0x00000000d1d00000, 0x00000000d1c00000| Untracked 
|  29|0x00000000d1d00000, 0x00000000d1e00000, 0x00000000d1e00000|100%| O|  |TAMS 0x00000000d1e00000, 0x00000000d1d00000| Untracked 
|  30|0x00000000d1e00000, 0x00000000d1f00000, 0x00000000d1f00000|100%| O|  |TAMS 0x00000000d1f00000, 0x00000000d1e00000| Untracked 
|  31|0x00000000d1f00000, 0x00000000d2000000, 0x00000000d2000000|100%| O|  |TAMS 0x00000000d2000000, 0x00000000d1f00000| Untracked 
|  32|0x00000000d2000000, 0x00000000d2100000, 0x00000000d2100000|100%| O|  |TAMS 0x00000000d2100000, 0x00000000d2000000| Untracked 
|  33|0x00000000d2100000, 0x00000000d2200000, 0x00000000d2200000|100%| O|  |TAMS 0x00000000d2200000, 0x00000000d2100000| Untracked 
|  34|0x00000000d2200000, 0x00000000d2300000, 0x00000000d2300000|100%| O|  |TAMS 0x00000000d2300000, 0x00000000d2200000| Untracked 
|  35|0x00000000d2300000, 0x00000000d2400000, 0x00000000d2400000|100%| O|  |TAMS 0x00000000d2400000, 0x00000000d2300000| Untracked 
|  36|0x00000000d2400000, 0x00000000d2500000, 0x00000000d2500000|100%| O|  |TAMS 0x00000000d2500000, 0x00000000d2400000| Untracked 
|  37|0x00000000d2500000, 0x00000000d2600000, 0x00000000d2600000|100%| O|  |TAMS 0x00000000d2600000, 0x00000000d2500000| Untracked 
|  38|0x00000000d2600000, 0x00000000d2700000, 0x00000000d2700000|100%| O|  |TAMS 0x00000000d2700000, 0x00000000d2600000| Untracked 
|  39|0x00000000d2700000, 0x00000000d2800000, 0x00000000d2800000|100%| O|  |TAMS 0x00000000d2800000, 0x00000000d2700000| Untracked 
|  40|0x00000000d2800000, 0x00000000d2900000, 0x00000000d2900000|100%| O|  |TAMS 0x00000000d2900000, 0x00000000d2800000| Untracked 
|  41|0x00000000d2900000, 0x00000000d2a00000, 0x00000000d2a00000|100%| O|  |TAMS 0x00000000d2a00000, 0x00000000d2900000| Untracked 
|  42|0x00000000d2a00000, 0x00000000d2b00000, 0x00000000d2b00000|100%| O|  |TAMS 0x00000000d2b00000, 0x00000000d2a00000| Untracked 
|  43|0x00000000d2b00000, 0x00000000d2c00000, 0x00000000d2c00000|100%|HS|  |TAMS 0x00000000d2c00000, 0x00000000d2b00000| Complete 
|  44|0x00000000d2c00000, 0x00000000d2d00000, 0x00000000d2d00000|100%|HC|  |TAMS 0x00000000d2d00000, 0x00000000d2c00000| Complete 
|  45|0x00000000d2d00000, 0x00000000d2e00000, 0x00000000d2e00000|100%|HC|  |TAMS 0x00000000d2e00000, 0x00000000d2d00000| Complete 
|  46|0x00000000d2e00000, 0x00000000d2f00000, 0x00000000d2f00000|100%|HS|  |TAMS 0x00000000d2f00000, 0x00000000d2e00000| Complete 
|  47|0x00000000d2f00000, 0x00000000d3000000, 0x00000000d3000000|100%|HC|  |TAMS 0x00000000d3000000, 0x00000000d2f00000| Complete 
|  48|0x00000000d3000000, 0x00000000d3100000, 0x00000000d3100000|100%|HC|  |TAMS 0x00000000d3100000, 0x00000000d3000000| Complete 
|  49|0x00000000d3100000, 0x00000000d3200000, 0x00000000d3200000|100%| O|  |TAMS 0x00000000d3200000, 0x00000000d3100000| Untracked 
|  50|0x00000000d3200000, 0x00000000d3300000, 0x00000000d3300000|100%| O|  |TAMS 0x00000000d3300000, 0x00000000d3200000| Untracked 
|  51|0x00000000d3300000, 0x00000000d3400000, 0x00000000d3400000|100%| O|  |TAMS 0x00000000d3400000, 0x00000000d3300000| Untracked 
|  52|0x00000000d3400000, 0x00000000d3500000, 0x00000000d3500000|100%| O|  |TAMS 0x00000000d3500000, 0x00000000d3400000| Untracked 
|  53|0x00000000d3500000, 0x00000000d3600000, 0x00000000d3600000|100%| O|  |TAMS 0x00000000d3600000, 0x00000000d3500000| Untracked 
|  54|0x00000000d3600000, 0x00000000d3700000, 0x00000000d3700000|100%| O|  |TAMS 0x00000000d3700000, 0x00000000d3600000| Untracked 
|  55|0x00000000d3700000, 0x00000000d3800000, 0x00000000d3800000|100%| O|  |TAMS 0x00000000d3800000, 0x00000000d3700000| Untracked 
|  56|0x00000000d3800000, 0x00000000d3900000, 0x00000000d3900000|100%| O|  |TAMS 0x00000000d3900000, 0x00000000d3800000| Untracked 
|  57|0x00000000d3900000, 0x00000000d3a00000, 0x00000000d3a00000|100%| O|  |TAMS 0x00000000d3a00000, 0x00000000d3900000| Untracked 
|  58|0x00000000d3a00000, 0x00000000d3b00000, 0x00000000d3b00000|100%| O|  |TAMS 0x00000000d3b00000, 0x00000000d3a00000| Untracked 
|  59|0x00000000d3b00000, 0x00000000d3c00000, 0x00000000d3c00000|100%| O|  |TAMS 0x00000000d3c00000, 0x00000000d3b00000| Untracked 
|  60|0x00000000d3c00000, 0x00000000d3d00000, 0x00000000d3d00000|100%| O|  |TAMS 0x00000000d3d00000, 0x00000000d3c00000| Untracked 
|  61|0x00000000d3d00000, 0x00000000d3e00000, 0x00000000d3e00000|100%| O|  |TAMS 0x00000000d3e00000, 0x00000000d3d00000| Untracked 
|  62|0x00000000d3e00000, 0x00000000d3f00000, 0x00000000d3f00000|100%| O|  |TAMS 0x00000000d3f00000, 0x00000000d3e00000| Untracked 
|  63|0x00000000d3f00000, 0x00000000d4000000, 0x00000000d4000000|100%| O|  |TAMS 0x00000000d4000000, 0x00000000d3f00000| Untracked 
|  64|0x00000000d4000000, 0x00000000d4100000, 0x00000000d4100000|100%| O|  |TAMS 0x00000000d4100000, 0x00000000d4000000| Untracked 
|  65|0x00000000d4100000, 0x00000000d4200000, 0x00000000d4200000|100%| O|  |TAMS 0x00000000d4200000, 0x00000000d4100000| Untracked 
|  66|0x00000000d4200000, 0x00000000d4300000, 0x00000000d4300000|100%| O|  |TAMS 0x00000000d4300000, 0x00000000d4200000| Untracked 
|  67|0x00000000d4300000, 0x00000000d4400000, 0x00000000d4400000|100%| O|  |TAMS 0x00000000d4400000, 0x00000000d4300000| Untracked 
|  68|0x00000000d4400000, 0x00000000d4500000, 0x00000000d4500000|100%| O|  |TAMS 0x00000000d4500000, 0x00000000d4400000| Untracked 
|  69|0x00000000d4500000, 0x00000000d4600000, 0x00000000d4600000|100%| O|  |TAMS 0x00000000d4600000, 0x00000000d4500000| Untracked 
|  70|0x00000000d4600000, 0x00000000d4700000, 0x00000000d4700000|100%| O|  |TAMS 0x00000000d4700000, 0x00000000d4600000| Untracked 
|  71|0x00000000d4700000, 0x00000000d4800000, 0x00000000d4800000|100%| O|  |TAMS 0x00000000d4800000, 0x00000000d4700000| Untracked 
|  72|0x00000000d4800000, 0x00000000d4900000, 0x00000000d4900000|100%| O|  |TAMS 0x00000000d4900000, 0x00000000d4800000| Untracked 
|  73|0x00000000d4900000, 0x00000000d4a00000, 0x00000000d4a00000|100%| O|  |TAMS 0x00000000d4a00000, 0x00000000d4900000| Untracked 
|  74|0x00000000d4a00000, 0x00000000d4b00000, 0x00000000d4b00000|100%| O|  |TAMS 0x00000000d4b00000, 0x00000000d4a00000| Untracked 
|  75|0x00000000d4b00000, 0x00000000d4c00000, 0x00000000d4c00000|100%| O|  |TAMS 0x00000000d4b00000, 0x00000000d4b00000| Untracked 
|  76|0x00000000d4c00000, 0x00000000d4d00000, 0x00000000d4d00000|100%|HS|  |TAMS 0x00000000d4d00000, 0x00000000d4c00000| Complete 
|  77|0x00000000d4d00000, 0x00000000d4e00000, 0x00000000d4e00000|100%|HS|  |TAMS 0x00000000d4e00000, 0x00000000d4d00000| Complete 
|  78|0x00000000d4e00000, 0x00000000d4f00000, 0x00000000d4f00000|100%|HS|  |TAMS 0x00000000d4f00000, 0x00000000d4e00000| Complete 
|  79|0x00000000d4f00000, 0x00000000d5000000, 0x00000000d5000000|100%|HS|  |TAMS 0x00000000d5000000, 0x00000000d4f00000| Complete 
|  80|0x00000000d5000000, 0x00000000d5100000, 0x00000000d5100000|100%| O|  |TAMS 0x00000000d5100000, 0x00000000d5000000| Untracked 
|  81|0x00000000d5100000, 0x00000000d5200000, 0x00000000d5200000|100%|HS|  |TAMS 0x00000000d5200000, 0x00000000d5100000| Complete 
|  82|0x00000000d5200000, 0x00000000d5300000, 0x00000000d5300000|100%|HS|  |TAMS 0x00000000d5300000, 0x00000000d5200000| Complete 
|  83|0x00000000d5300000, 0x00000000d5400000, 0x00000000d5400000|100%| O|  |TAMS 0x00000000d5400000, 0x00000000d5300000| Untracked 
|  84|0x00000000d5400000, 0x00000000d5500000, 0x00000000d5500000|100%| O|  |TAMS 0x00000000d5500000, 0x00000000d5400000| Untracked 
|  85|0x00000000d5500000, 0x00000000d5600000, 0x00000000d5600000|100%|HS|  |TAMS 0x00000000d5600000, 0x00000000d5500000| Complete 
|  86|0x00000000d5600000, 0x00000000d5700000, 0x00000000d5700000|100%|HC|  |TAMS 0x00000000d5700000, 0x00000000d5600000| Complete 
|  87|0x00000000d5700000, 0x00000000d5800000, 0x00000000d5800000|100%|HC|  |TAMS 0x00000000d5800000, 0x00000000d5700000| Complete 
|  88|0x00000000d5800000, 0x00000000d5900000, 0x00000000d5900000|100%|HS|  |TAMS 0x00000000d5900000, 0x00000000d5800000| Complete 
|  89|0x00000000d5900000, 0x00000000d5a00000, 0x00000000d5a00000|100%| O|  |TAMS 0x00000000d5a00000, 0x00000000d5900000| Untracked 
|  90|0x00000000d5a00000, 0x00000000d5b00000, 0x00000000d5b00000|100%| O|  |TAMS 0x00000000d5b00000, 0x00000000d5a00000| Untracked 
|  91|0x00000000d5b00000, 0x00000000d5c00000, 0x00000000d5c00000|100%| O|  |TAMS 0x00000000d5c00000, 0x00000000d5b00000| Untracked 
|  92|0x00000000d5c00000, 0x00000000d5d00000, 0x00000000d5d00000|100%| O|  |TAMS 0x00000000d5d00000, 0x00000000d5c00000| Untracked 
|  93|0x00000000d5d00000, 0x00000000d5e00000, 0x00000000d5e00000|100%| O|  |TAMS 0x00000000d5e00000, 0x00000000d5d00000| Untracked 
|  94|0x00000000d5e00000, 0x00000000d5f00000, 0x00000000d5f00000|100%| O|  |TAMS 0x00000000d5f00000, 0x00000000d5e00000| Untracked 
|  95|0x00000000d5f00000, 0x00000000d6000000, 0x00000000d6000000|100%| O|  |TAMS 0x00000000d6000000, 0x00000000d5f00000| Untracked 
|  96|0x00000000d6000000, 0x00000000d6100000, 0x00000000d6100000|100%| O|  |TAMS 0x00000000d6100000, 0x00000000d6000000| Untracked 
|  97|0x00000000d6100000, 0x00000000d6200000, 0x00000000d6200000|100%| O|  |TAMS 0x00000000d6200000, 0x00000000d6100000| Untracked 
|  98|0x00000000d6200000, 0x00000000d6300000, 0x00000000d6300000|100%| O|  |TAMS 0x00000000d6300000, 0x00000000d6200000| Untracked 
|  99|0x00000000d6300000, 0x00000000d6400000, 0x00000000d6400000|100%| O|  |TAMS 0x00000000d6400000, 0x00000000d6300000| Untracked 
| 100|0x00000000d6400000, 0x00000000d6500000, 0x00000000d6500000|100%| O|  |TAMS 0x00000000d6500000, 0x00000000d6400000| Untracked 
| 101|0x00000000d6500000, 0x00000000d6600000, 0x00000000d6600000|100%| O|  |TAMS 0x00000000d6600000, 0x00000000d6500000| Untracked 
| 102|0x00000000d6600000, 0x00000000d6700000, 0x00000000d6700000|100%| O|  |TAMS 0x00000000d6700000, 0x00000000d6600000| Untracked 
| 103|0x00000000d6700000, 0x00000000d6800000, 0x00000000d6800000|100%| O|  |TAMS 0x00000000d6800000, 0x00000000d6700000| Untracked 
| 104|0x00000000d6800000, 0x00000000d6900000, 0x00000000d6900000|100%| O|  |TAMS 0x00000000d6900000, 0x00000000d6800000| Untracked 
| 105|0x00000000d6900000, 0x00000000d6a00000, 0x00000000d6a00000|100%| O|  |TAMS 0x00000000d6a00000, 0x00000000d6900000| Untracked 
| 106|0x00000000d6a00000, 0x00000000d6b00000, 0x00000000d6b00000|100%| O|  |TAMS 0x00000000d6b00000, 0x00000000d6a00000| Untracked 
| 107|0x00000000d6b00000, 0x00000000d6c00000, 0x00000000d6c00000|100%| O|  |TAMS 0x00000000d6c00000, 0x00000000d6b00000| Untracked 
| 108|0x00000000d6c00000, 0x00000000d6d00000, 0x00000000d6d00000|100%| O|  |TAMS 0x00000000d6d00000, 0x00000000d6c00000| Untracked 
| 109|0x00000000d6d00000, 0x00000000d6e00000, 0x00000000d6e00000|100%| O|  |TAMS 0x00000000d6e00000, 0x00000000d6d00000| Untracked 
| 110|0x00000000d6e00000, 0x00000000d6f00000, 0x00000000d6f00000|100%| O|  |TAMS 0x00000000d6f00000, 0x00000000d6e00000| Untracked 
| 111|0x00000000d6f00000, 0x00000000d7000000, 0x00000000d7000000|100%| O|  |TAMS 0x00000000d7000000, 0x00000000d6f00000| Untracked 
| 112|0x00000000d7000000, 0x00000000d7100000, 0x00000000d7100000|100%| O|  |TAMS 0x00000000d7100000, 0x00000000d7000000| Untracked 
| 113|0x00000000d7100000, 0x00000000d7200000, 0x00000000d7200000|100%| O|  |TAMS 0x00000000d7200000, 0x00000000d7100000| Untracked 
| 114|0x00000000d7200000, 0x00000000d7300000, 0x00000000d7300000|100%| O|  |TAMS 0x00000000d7300000, 0x00000000d7200000| Untracked 
| 115|0x00000000d7300000, 0x00000000d7400000, 0x00000000d7400000|100%| O|  |TAMS 0x00000000d7400000, 0x00000000d7300000| Untracked 
| 116|0x00000000d7400000, 0x00000000d7500000, 0x00000000d7500000|100%| O|  |TAMS 0x00000000d7500000, 0x00000000d7400000| Untracked 
| 117|0x00000000d7500000, 0x00000000d7600000, 0x00000000d7600000|100%| O|  |TAMS 0x00000000d7600000, 0x00000000d7500000| Untracked 
| 118|0x00000000d7600000, 0x00000000d7700000, 0x00000000d7700000|100%| O|  |TAMS 0x00000000d7700000, 0x00000000d7600000| Untracked 
| 119|0x00000000d7700000, 0x00000000d7800000, 0x00000000d7800000|100%| O|  |TAMS 0x00000000d7800000, 0x00000000d7700000| Untracked 
| 120|0x00000000d7800000, 0x00000000d7900000, 0x00000000d7900000|100%| O|  |TAMS 0x00000000d7900000, 0x00000000d7800000| Untracked 
| 121|0x00000000d7900000, 0x00000000d7a00000, 0x00000000d7a00000|100%| O|  |TAMS 0x00000000d7a00000, 0x00000000d7900000| Untracked 
| 122|0x00000000d7a00000, 0x00000000d7b00000, 0x00000000d7b00000|100%| O|  |TAMS 0x00000000d7a00000, 0x00000000d7a00000| Untracked 
| 123|0x00000000d7b00000, 0x00000000d7c00000, 0x00000000d7c00000|100%| O|  |TAMS 0x00000000d7c00000, 0x00000000d7b00000| Untracked 
| 124|0x00000000d7c00000, 0x00000000d7d00000, 0x00000000d7d00000|100%| O|  |TAMS 0x00000000d7d00000, 0x00000000d7c00000| Untracked 
| 125|0x00000000d7d00000, 0x00000000d7e00000, 0x00000000d7e00000|100%| O|  |TAMS 0x00000000d7e00000, 0x00000000d7d00000| Untracked 
| 126|0x00000000d7e00000, 0x00000000d7f00000, 0x00000000d7f00000|100%| O|  |TAMS 0x00000000d7f00000, 0x00000000d7e00000| Untracked 
| 127|0x00000000d7f00000, 0x00000000d8000000, 0x00000000d8000000|100%| O|  |TAMS 0x00000000d8000000, 0x00000000d7f00000| Untracked 
| 128|0x00000000d8000000, 0x00000000d8100000, 0x00000000d8100000|100%| O|  |TAMS 0x00000000d8100000, 0x00000000d8000000| Untracked 
| 129|0x00000000d8100000, 0x00000000d8200000, 0x00000000d8200000|100%| O|  |TAMS 0x00000000d8200000, 0x00000000d8100000| Untracked 
| 130|0x00000000d8200000, 0x00000000d8300000, 0x00000000d8300000|100%| O|  |TAMS 0x00000000d8300000, 0x00000000d8200000| Untracked 
| 131|0x00000000d8300000, 0x00000000d8400000, 0x00000000d8400000|100%| O|  |TAMS 0x00000000d8400000, 0x00000000d8300000| Untracked 
| 132|0x00000000d8400000, 0x00000000d8500000, 0x00000000d8500000|100%|HS|  |TAMS 0x00000000d8500000, 0x00000000d8400000| Complete 
| 133|0x00000000d8500000, 0x00000000d8600000, 0x00000000d8600000|100%| O|  |TAMS 0x00000000d8600000, 0x00000000d8500000| Untracked 
| 134|0x00000000d8600000, 0x00000000d8700000, 0x00000000d8700000|100%| O|  |TAMS 0x00000000d8700000, 0x00000000d8600000| Untracked 
| 135|0x00000000d8700000, 0x00000000d8800000, 0x00000000d8800000|100%| O|  |TAMS 0x00000000d8800000, 0x00000000d8700000| Untracked 
| 136|0x00000000d8800000, 0x00000000d8900000, 0x00000000d8900000|100%| O|  |TAMS 0x00000000d8900000, 0x00000000d8800000| Untracked 
| 137|0x00000000d8900000, 0x00000000d8a00000, 0x00000000d8a00000|100%| O|  |TAMS 0x00000000d8a00000, 0x00000000d8900000| Untracked 
| 138|0x00000000d8a00000, 0x00000000d8b00000, 0x00000000d8b00000|100%| O|  |TAMS 0x00000000d8b00000, 0x00000000d8a00000| Untracked 
| 139|0x00000000d8b00000, 0x00000000d8c00000, 0x00000000d8c00000|100%| O|  |TAMS 0x00000000d8c00000, 0x00000000d8b00000| Untracked 
| 140|0x00000000d8c00000, 0x00000000d8d00000, 0x00000000d8d00000|100%| O|  |TAMS 0x00000000d8d00000, 0x00000000d8c00000| Untracked 
| 141|0x00000000d8d00000, 0x00000000d8e00000, 0x00000000d8e00000|100%|HS|  |TAMS 0x00000000d8e00000, 0x00000000d8d00000| Complete 
| 142|0x00000000d8e00000, 0x00000000d8f00000, 0x00000000d8f00000|100%|HS|  |TAMS 0x00000000d8f00000, 0x00000000d8e00000| Complete 
| 143|0x00000000d8f00000, 0x00000000d9000000, 0x00000000d9000000|100%|HS|  |TAMS 0x00000000d9000000, 0x00000000d8f00000| Complete 
| 144|0x00000000d9000000, 0x00000000d9100000, 0x00000000d9100000|100%| O|  |TAMS 0x00000000d9100000, 0x00000000d9000000| Untracked 
| 145|0x00000000d9100000, 0x00000000d9200000, 0x00000000d9200000|100%| O|  |TAMS 0x00000000d9200000, 0x00000000d9100000| Untracked 
| 146|0x00000000d9200000, 0x00000000d9300000, 0x00000000d9300000|100%| O|  |TAMS 0x00000000d9300000, 0x00000000d9200000| Untracked 
| 147|0x00000000d9300000, 0x00000000d9400000, 0x00000000d9400000|100%| O|  |TAMS 0x00000000d9400000, 0x00000000d9300000| Untracked 
| 148|0x00000000d9400000, 0x00000000d9500000, 0x00000000d9500000|100%| O|  |TAMS 0x00000000d9400000, 0x00000000d9400000| Untracked 
| 149|0x00000000d9500000, 0x00000000d9600000, 0x00000000d9600000|100%| O|  |TAMS 0x00000000d9500000, 0x00000000d9500000| Untracked 
| 150|0x00000000d9600000, 0x00000000d9700000, 0x00000000d9700000|100%| O|  |TAMS 0x00000000d9600000, 0x00000000d9600000| Untracked 
| 151|0x00000000d9700000, 0x00000000d9800000, 0x00000000d9800000|100%| O|  |TAMS 0x00000000d9800000, 0x00000000d9700000| Untracked 
| 152|0x00000000d9800000, 0x00000000d9900000, 0x00000000d9900000|100%| O|  |TAMS 0x00000000d9900000, 0x00000000d9800000| Untracked 
| 153|0x00000000d9900000, 0x00000000d9a00000, 0x00000000d9a00000|100%| O|  |TAMS 0x00000000d9a00000, 0x00000000d9900000| Untracked 
| 154|0x00000000d9a00000, 0x00000000d9b00000, 0x00000000d9b00000|100%| O|  |TAMS 0x00000000d9b00000, 0x00000000d9a00000| Untracked 
| 155|0x00000000d9b00000, 0x00000000d9c00000, 0x00000000d9c00000|100%| O|  |TAMS 0x00000000d9c00000, 0x00000000d9b00000| Untracked 
| 156|0x00000000d9c00000, 0x00000000d9d00000, 0x00000000d9d00000|100%| O|  |TAMS 0x00000000d9d00000, 0x00000000d9c00000| Untracked 
| 157|0x00000000d9d00000, 0x00000000d9e00000, 0x00000000d9e00000|100%| O|  |TAMS 0x00000000d9e00000, 0x00000000d9d00000| Untracked 
| 158|0x00000000d9e00000, 0x00000000d9f00000, 0x00000000d9f00000|100%| O|  |TAMS 0x00000000d9f00000, 0x00000000d9e00000| Untracked 
| 159|0x00000000d9f00000, 0x00000000da000000, 0x00000000da000000|100%| O|  |TAMS 0x00000000da000000, 0x00000000d9f00000| Untracked 
| 160|0x00000000da000000, 0x00000000da100000, 0x00000000da100000|100%| O|  |TAMS 0x00000000da100000, 0x00000000da000000| Untracked 
| 161|0x00000000da100000, 0x00000000da200000, 0x00000000da200000|100%| O|  |TAMS 0x00000000da200000, 0x00000000da100000| Untracked 
| 162|0x00000000da200000, 0x00000000da300000, 0x00000000da300000|100%|HS|  |TAMS 0x00000000da300000, 0x00000000da200000| Complete 
| 163|0x00000000da300000, 0x00000000da400000, 0x00000000da400000|100%| O|  |TAMS 0x00000000da400000, 0x00000000da300000| Untracked 
| 164|0x00000000da400000, 0x00000000da500000, 0x00000000da500000|100%| O|  |TAMS 0x00000000da500000, 0x00000000da400000| Untracked 
| 165|0x00000000da500000, 0x00000000da600000, 0x00000000da600000|100%| O|  |TAMS 0x00000000da600000, 0x00000000da500000| Untracked 
| 166|0x00000000da600000, 0x00000000da700000, 0x00000000da700000|100%| O|  |TAMS 0x00000000da700000, 0x00000000da600000| Untracked 
| 167|0x00000000da700000, 0x00000000da800000, 0x00000000da800000|100%| O|  |TAMS 0x00000000da800000, 0x00000000da700000| Untracked 
| 168|0x00000000da800000, 0x00000000da900000, 0x00000000da900000|100%| O|  |TAMS 0x00000000da900000, 0x00000000da800000| Untracked 
| 169|0x00000000da900000, 0x00000000daa00000, 0x00000000daa00000|100%| O|  |TAMS 0x00000000daa00000, 0x00000000da900000| Untracked 
| 170|0x00000000daa00000, 0x00000000dab00000, 0x00000000dab00000|100%| O|  |TAMS 0x00000000dab00000, 0x00000000daa00000| Untracked 
| 171|0x00000000dab00000, 0x00000000dac00000, 0x00000000dac00000|100%| O|  |TAMS 0x00000000dac00000, 0x00000000dab00000| Untracked 
| 172|0x00000000dac00000, 0x00000000dad00000, 0x00000000dad00000|100%| O|  |TAMS 0x00000000dad00000, 0x00000000dac00000| Untracked 
| 173|0x00000000dad00000, 0x00000000dae00000, 0x00000000dae00000|100%|HS|  |TAMS 0x00000000dae00000, 0x00000000dad00000| Complete 
| 174|0x00000000dae00000, 0x00000000daf00000, 0x00000000daf00000|100%|HS|  |TAMS 0x00000000daf00000, 0x00000000dae00000| Complete 
| 175|0x00000000daf00000, 0x00000000db000000, 0x00000000db000000|100%|HS|  |TAMS 0x00000000db000000, 0x00000000daf00000| Complete 
| 176|0x00000000db000000, 0x00000000db100000, 0x00000000db100000|100%|HC|  |TAMS 0x00000000db100000, 0x00000000db000000| Complete 
| 177|0x00000000db100000, 0x00000000db200000, 0x00000000db200000|100%| O|  |TAMS 0x00000000db100000, 0x00000000db100000| Untracked 
| 178|0x00000000db200000, 0x00000000db300000, 0x00000000db300000|100%| O|  |TAMS 0x00000000db200000, 0x00000000db200000| Untracked 
| 179|0x00000000db300000, 0x00000000db400000, 0x00000000db400000|100%| O|  |TAMS 0x00000000db400000, 0x00000000db300000| Untracked 
| 180|0x00000000db400000, 0x00000000db500000, 0x00000000db500000|100%| O|  |TAMS 0x00000000db500000, 0x00000000db400000| Untracked 
| 181|0x00000000db500000, 0x00000000db600000, 0x00000000db600000|100%| O|  |TAMS 0x00000000db600000, 0x00000000db500000| Untracked 
| 182|0x00000000db600000, 0x00000000db700000, 0x00000000db700000|100%| O|  |TAMS 0x00000000db700000, 0x00000000db600000| Untracked 
| 183|0x00000000db700000, 0x00000000db800000, 0x00000000db800000|100%| O|  |TAMS 0x00000000db800000, 0x00000000db700000| Untracked 
| 184|0x00000000db800000, 0x00000000db900000, 0x00000000db900000|100%| O|  |TAMS 0x00000000db900000, 0x00000000db800000| Untracked 
| 185|0x00000000db900000, 0x00000000dba00000, 0x00000000dba00000|100%| O|  |TAMS 0x00000000dba00000, 0x00000000db900000| Untracked 
| 186|0x00000000dba00000, 0x00000000dbb00000, 0x00000000dbb00000|100%| O|  |TAMS 0x00000000dbb00000, 0x00000000dba00000| Untracked 
| 187|0x00000000dbb00000, 0x00000000dbc00000, 0x00000000dbc00000|100%| O|  |TAMS 0x00000000dbc00000, 0x00000000dbb00000| Untracked 
| 188|0x00000000dbc00000, 0x00000000dbd00000, 0x00000000dbd00000|100%| O|  |TAMS 0x00000000dbd00000, 0x00000000dbc00000| Untracked 
| 189|0x00000000dbd00000, 0x00000000dbe00000, 0x00000000dbe00000|100%| O|  |TAMS 0x00000000dbe00000, 0x00000000dbd00000| Untracked 
| 190|0x00000000dbe00000, 0x00000000dbf00000, 0x00000000dbf00000|100%| O|  |TAMS 0x00000000dbf00000, 0x00000000dbe00000| Untracked 
| 191|0x00000000dbf00000, 0x00000000dc000000, 0x00000000dc000000|100%|HS|  |TAMS 0x00000000dc000000, 0x00000000dbf00000| Complete 
| 192|0x00000000dc000000, 0x00000000dc100000, 0x00000000dc100000|100%|HS|  |TAMS 0x00000000dc100000, 0x00000000dc000000| Complete 
| 193|0x00000000dc100000, 0x00000000dc200000, 0x00000000dc200000|100%| O|  |TAMS 0x00000000dc200000, 0x00000000dc100000| Untracked 
| 194|0x00000000dc200000, 0x00000000dc300000, 0x00000000dc300000|100%| O|  |TAMS 0x00000000dc300000, 0x00000000dc200000| Untracked 
| 195|0x00000000dc300000, 0x00000000dc400000, 0x00000000dc400000|100%| O|  |TAMS 0x00000000dc400000, 0x00000000dc300000| Untracked 
| 196|0x00000000dc400000, 0x00000000dc500000, 0x00000000dc500000|100%| O|  |TAMS 0x00000000dc500000, 0x00000000dc400000| Untracked 
| 197|0x00000000dc500000, 0x00000000dc600000, 0x00000000dc600000|100%| O|  |TAMS 0x00000000dc600000, 0x00000000dc500000| Untracked 
| 198|0x00000000dc600000, 0x00000000dc700000, 0x00000000dc700000|100%| O|  |TAMS 0x00000000dc700000, 0x00000000dc600000| Untracked 
| 199|0x00000000dc700000, 0x00000000dc800000, 0x00000000dc800000|100%| O|  |TAMS 0x00000000dc800000, 0x00000000dc700000| Untracked 
| 200|0x00000000dc800000, 0x00000000dc900000, 0x00000000dc900000|100%| O|  |TAMS 0x00000000dc800000, 0x00000000dc800000| Untracked 
| 201|0x00000000dc900000, 0x00000000dca00000, 0x00000000dca00000|100%| O|  |TAMS 0x00000000dca00000, 0x00000000dc900000| Untracked 
| 202|0x00000000dca00000, 0x00000000dcb00000, 0x00000000dcb00000|100%| O|  |TAMS 0x00000000dcb00000, 0x00000000dca00000| Untracked 
| 203|0x00000000dcb00000, 0x00000000dcc00000, 0x00000000dcc00000|100%| O|  |TAMS 0x00000000dcc00000, 0x00000000dcb00000| Untracked 
| 204|0x00000000dcc00000, 0x00000000dcd00000, 0x00000000dcd00000|100%| O|  |TAMS 0x00000000dcc00000, 0x00000000dcc00000| Untracked 
| 205|0x00000000dcd00000, 0x00000000dce00000, 0x00000000dce00000|100%| O|  |TAMS 0x00000000dce00000, 0x00000000dcd00000| Untracked 
| 206|0x00000000dce00000, 0x00000000dcf00000, 0x00000000dcf00000|100%| O|  |TAMS 0x00000000dcf00000, 0x00000000dce00000| Untracked 
| 207|0x00000000dcf00000, 0x00000000dd000000, 0x00000000dd000000|100%| O|  |TAMS 0x00000000dd000000, 0x00000000dcf00000| Untracked 
| 208|0x00000000dd000000, 0x00000000dd100000, 0x00000000dd100000|100%| O|  |TAMS 0x00000000dd100000, 0x00000000dd000000| Untracked 
| 209|0x00000000dd100000, 0x00000000dd200000, 0x00000000dd200000|100%|HS|  |TAMS 0x00000000dd200000, 0x00000000dd100000| Complete 
| 210|0x00000000dd200000, 0x00000000dd300000, 0x00000000dd300000|100%|HS|  |TAMS 0x00000000dd300000, 0x00000000dd200000| Complete 
| 211|0x00000000dd300000, 0x00000000dd400000, 0x00000000dd400000|100%|HS|  |TAMS 0x00000000dd400000, 0x00000000dd300000| Complete 
| 212|0x00000000dd400000, 0x00000000dd500000, 0x00000000dd500000|100%| O|  |TAMS 0x00000000dd500000, 0x00000000dd400000| Untracked 
| 213|0x00000000dd500000, 0x00000000dd600000, 0x00000000dd600000|100%| O|  |TAMS 0x00000000dd500000, 0x00000000dd500000| Untracked 
| 214|0x00000000dd600000, 0x00000000dd700000, 0x00000000dd700000|100%| O|  |TAMS 0x00000000dd600000, 0x00000000dd600000| Untracked 
| 215|0x00000000dd700000, 0x00000000dd800000, 0x00000000dd800000|100%| O|  |TAMS 0x00000000dd700000, 0x00000000dd700000| Untracked 
| 216|0x00000000dd800000, 0x00000000dd900000, 0x00000000dd900000|100%| O|  |TAMS 0x00000000dd900000, 0x00000000dd800000| Untracked 
| 217|0x00000000dd900000, 0x00000000dda00000, 0x00000000dda00000|100%| O|  |TAMS 0x00000000dda00000, 0x00000000dd900000| Untracked 
| 218|0x00000000dda00000, 0x00000000ddb00000, 0x00000000ddb00000|100%| O|  |TAMS 0x00000000ddb00000, 0x00000000dda00000| Untracked 
| 219|0x00000000ddb00000, 0x00000000ddc00000, 0x00000000ddc00000|100%| O|  |TAMS 0x00000000ddc00000, 0x00000000ddb00000| Untracked 
| 220|0x00000000ddc00000, 0x00000000ddd00000, 0x00000000ddd00000|100%| O|  |TAMS 0x00000000ddd00000, 0x00000000ddc00000| Untracked 
| 221|0x00000000ddd00000, 0x00000000dde00000, 0x00000000dde00000|100%| O|  |TAMS 0x00000000dde00000, 0x00000000ddd00000| Untracked 
| 222|0x00000000dde00000, 0x00000000ddf00000, 0x00000000ddf00000|100%| O|  |TAMS 0x00000000ddf00000, 0x00000000dde00000| Untracked 
| 223|0x00000000ddf00000, 0x00000000de000000, 0x00000000de000000|100%| O|  |TAMS 0x00000000de000000, 0x00000000ddf00000| Untracked 
| 224|0x00000000de000000, 0x00000000de100000, 0x00000000de100000|100%| O|  |TAMS 0x00000000de100000, 0x00000000de000000| Untracked 
| 225|0x00000000de100000, 0x00000000de200000, 0x00000000de200000|100%| O|  |TAMS 0x00000000de200000, 0x00000000de100000| Untracked 
| 226|0x00000000de200000, 0x00000000de300000, 0x00000000de300000|100%| O|  |TAMS 0x00000000de300000, 0x00000000de200000| Untracked 
| 227|0x00000000de300000, 0x00000000de400000, 0x00000000de400000|100%| O|  |TAMS 0x00000000de300000, 0x00000000de300000| Untracked 
| 228|0x00000000de400000, 0x00000000de500000, 0x00000000de500000|100%| O|  |TAMS 0x00000000de400000, 0x00000000de400000| Untracked 
| 229|0x00000000de500000, 0x00000000de600000, 0x00000000de600000|100%| O|  |TAMS 0x00000000de500000, 0x00000000de500000| Untracked 
| 230|0x00000000de600000, 0x00000000de700000, 0x00000000de700000|100%| O|  |TAMS 0x00000000de600000, 0x00000000de600000| Untracked 
| 231|0x00000000de700000, 0x00000000de800000, 0x00000000de800000|100%| O|  |TAMS 0x00000000de700000, 0x00000000de700000| Untracked 
| 232|0x00000000de800000, 0x00000000de900000, 0x00000000de900000|100%|HS|  |TAMS 0x00000000de800000, 0x00000000de800000| Complete 
| 233|0x00000000de900000, 0x00000000dea00000, 0x00000000dea00000|100%|HS|  |TAMS 0x00000000de900000, 0x00000000de900000| Complete 
| 234|0x00000000dea00000, 0x00000000deb00000, 0x00000000deb00000|100%| O|  |TAMS 0x00000000dea00000, 0x00000000dea00000| Untracked 
| 235|0x00000000deb00000, 0x00000000dec00000, 0x00000000dec00000|100%| O|  |TAMS 0x00000000deb00000, 0x00000000deb00000| Untracked 
| 236|0x00000000dec00000, 0x00000000ded00000, 0x00000000ded00000|100%| O|  |TAMS 0x00000000dec00000, 0x00000000dec00000| Untracked 
| 237|0x00000000ded00000, 0x00000000dee00000, 0x00000000dee00000|100%| O|  |TAMS 0x00000000ded00000, 0x00000000ded00000| Untracked 
| 238|0x00000000dee00000, 0x00000000def00000, 0x00000000def00000|100%| O|  |TAMS 0x00000000dee00000, 0x00000000dee00000| Untracked 
| 239|0x00000000def00000, 0x00000000df000000, 0x00000000df000000|100%| O|  |TAMS 0x00000000def00000, 0x00000000def00000| Untracked 
| 240|0x00000000df000000, 0x00000000df100000, 0x00000000df100000|100%| O|  |TAMS 0x00000000df000000, 0x00000000df000000| Untracked 
| 241|0x00000000df100000, 0x00000000df200000, 0x00000000df200000|100%| O|  |TAMS 0x00000000df100000, 0x00000000df100000| Untracked 
| 242|0x00000000df200000, 0x00000000df300000, 0x00000000df300000|100%| O|  |TAMS 0x00000000df200000, 0x00000000df200000| Untracked 
| 243|0x00000000df300000, 0x00000000df400000, 0x00000000df400000|100%| O|  |TAMS 0x00000000df300000, 0x00000000df300000| Untracked 
| 244|0x00000000df400000, 0x00000000df500000, 0x00000000df500000|100%| O|  |TAMS 0x00000000df400000, 0x00000000df400000| Untracked 
| 245|0x00000000df500000, 0x00000000df600000, 0x00000000df600000|100%| O|  |TAMS 0x00000000df500000, 0x00000000df500000| Untracked 
| 246|0x00000000df600000, 0x00000000df700000, 0x00000000df700000|100%| O|  |TAMS 0x00000000df600000, 0x00000000df600000| Untracked 
| 247|0x00000000df700000, 0x00000000df800000, 0x00000000df800000|100%| O|  |TAMS 0x00000000df700000, 0x00000000df700000| Untracked 
| 248|0x00000000df800000, 0x00000000df900000, 0x00000000df900000|100%| O|  |TAMS 0x00000000df800000, 0x00000000df800000| Untracked 
| 249|0x00000000df900000, 0x00000000dfa00000, 0x00000000dfa00000|100%| O|  |TAMS 0x00000000df900000, 0x00000000df900000| Untracked 
| 250|0x00000000dfa00000, 0x00000000dfb00000, 0x00000000dfb00000|100%| O|  |TAMS 0x00000000dfa00000, 0x00000000dfa00000| Untracked 
| 251|0x00000000dfb00000, 0x00000000dfc00000, 0x00000000dfc00000|100%| O|  |TAMS 0x00000000dfb00000, 0x00000000dfb00000| Untracked 
| 252|0x00000000dfc00000, 0x00000000dfd00000, 0x00000000dfd00000|100%| O|  |TAMS 0x00000000dfc00000, 0x00000000dfc00000| Untracked 
| 253|0x00000000dfd00000, 0x00000000dfe00000, 0x00000000dfe00000|100%| O|  |TAMS 0x00000000dfd00000, 0x00000000dfd00000| Untracked 
| 254|0x00000000dfe00000, 0x00000000dff00000, 0x00000000dff00000|100%| O|  |TAMS 0x00000000dfe00000, 0x00000000dfe00000| Untracked 
| 255|0x00000000dff00000, 0x00000000e0000000, 0x00000000e0000000|100%| O|  |TAMS 0x00000000dff00000, 0x00000000dff00000| Untracked 
| 256|0x00000000e0000000, 0x00000000e0100000, 0x00000000e0100000|100%| O|  |TAMS 0x00000000e0000000, 0x00000000e0000000| Untracked 
| 257|0x00000000e0100000, 0x00000000e0200000, 0x00000000e0200000|100%| O|  |TAMS 0x00000000e0100000, 0x00000000e0100000| Untracked 
| 258|0x00000000e0200000, 0x00000000e0300000, 0x00000000e0300000|100%| O|  |TAMS 0x00000000e0200000, 0x00000000e0200000| Untracked 
| 259|0x00000000e0300000, 0x00000000e0400000, 0x00000000e0400000|100%| O|  |TAMS 0x00000000e0300000, 0x00000000e0300000| Untracked 
| 260|0x00000000e0400000, 0x00000000e0500000, 0x00000000e0500000|100%| O|  |TAMS 0x00000000e0400000, 0x00000000e0400000| Untracked 
| 261|0x00000000e0500000, 0x00000000e0600000, 0x00000000e0600000|100%| O|  |TAMS 0x00000000e0500000, 0x00000000e0500000| Untracked 
| 262|0x00000000e0600000, 0x00000000e0700000, 0x00000000e0700000|100%| O|  |TAMS 0x00000000e0600000, 0x00000000e0600000| Untracked 
| 263|0x00000000e0700000, 0x00000000e0800000, 0x00000000e0800000|100%| O|  |TAMS 0x00000000e0700000, 0x00000000e0700000| Untracked 
| 264|0x00000000e0800000, 0x00000000e0900000, 0x00000000e0900000|100%| O|  |TAMS 0x00000000e0800000, 0x00000000e0800000| Untracked 
| 265|0x00000000e0900000, 0x00000000e0a00000, 0x00000000e0a00000|100%| O|  |TAMS 0x00000000e0900000, 0x00000000e0900000| Untracked 
| 266|0x00000000e0a00000, 0x00000000e0b00000, 0x00000000e0b00000|100%| O|  |TAMS 0x00000000e0a00000, 0x00000000e0a00000| Untracked 
| 267|0x00000000e0b00000, 0x00000000e0c00000, 0x00000000e0c00000|100%| O|  |TAMS 0x00000000e0b00000, 0x00000000e0b00000| Untracked 
| 268|0x00000000e0c00000, 0x00000000e0d00000, 0x00000000e0d00000|100%| O|  |TAMS 0x00000000e0c00000, 0x00000000e0c00000| Untracked 
| 269|0x00000000e0d00000, 0x00000000e0e00000, 0x00000000e0e00000|100%| O|  |TAMS 0x00000000e0d00000, 0x00000000e0d00000| Untracked 
| 270|0x00000000e0e00000, 0x00000000e0f00000, 0x00000000e0f00000|100%| O|  |TAMS 0x00000000e0e00000, 0x00000000e0e00000| Untracked 
| 271|0x00000000e0f00000, 0x00000000e0f58400, 0x00000000e1000000| 34%| O|  |TAMS 0x00000000e0f00000, 0x00000000e0f00000| Untracked 
| 272|0x00000000e1000000, 0x00000000e1000000, 0x00000000e1100000|  0%| F|  |TAMS 0x00000000e1000000, 0x00000000e1000000| Untracked 
| 273|0x00000000e1100000, 0x00000000e1100000, 0x00000000e1200000|  0%| F|  |TAMS 0x00000000e1100000, 0x00000000e1100000| Untracked 
| 274|0x00000000e1200000, 0x00000000e1200000, 0x00000000e1300000|  0%| F|  |TAMS 0x00000000e1200000, 0x00000000e1200000| Untracked 
| 275|0x00000000e1300000, 0x00000000e1300000, 0x00000000e1400000|  0%| F|  |TAMS 0x00000000e1300000, 0x00000000e1300000| Untracked 
| 276|0x00000000e1400000, 0x00000000e1400000, 0x00000000e1500000|  0%| F|  |TAMS 0x00000000e1400000, 0x00000000e1400000| Untracked 
| 277|0x00000000e1500000, 0x00000000e1500000, 0x00000000e1600000|  0%| F|  |TAMS 0x00000000e1500000, 0x00000000e1500000| Untracked 
| 278|0x00000000e1600000, 0x00000000e1600000, 0x00000000e1700000|  0%| F|  |TAMS 0x00000000e1600000, 0x00000000e1600000| Untracked 
| 279|0x00000000e1700000, 0x00000000e1700000, 0x00000000e1800000|  0%| F|  |TAMS 0x00000000e1700000, 0x00000000e1700000| Untracked 
| 280|0x00000000e1800000, 0x00000000e1800000, 0x00000000e1900000|  0%| F|  |TAMS 0x00000000e1800000, 0x00000000e1800000| Untracked 
| 281|0x00000000e1900000, 0x00000000e1900000, 0x00000000e1a00000|  0%| F|  |TAMS 0x00000000e1900000, 0x00000000e1900000| Untracked 
| 282|0x00000000e1a00000, 0x00000000e1a00000, 0x00000000e1b00000|  0%| F|  |TAMS 0x00000000e1a00000, 0x00000000e1a00000| Untracked 
| 283|0x00000000e1b00000, 0x00000000e1b00000, 0x00000000e1c00000|  0%| F|  |TAMS 0x00000000e1b00000, 0x00000000e1b00000| Untracked 
| 284|0x00000000e1c00000, 0x00000000e1c00000, 0x00000000e1d00000|  0%| F|  |TAMS 0x00000000e1c00000, 0x00000000e1c00000| Untracked 
| 285|0x00000000e1d00000, 0x00000000e1d00000, 0x00000000e1e00000|  0%| F|  |TAMS 0x00000000e1d00000, 0x00000000e1d00000| Untracked 
| 286|0x00000000e1e00000, 0x00000000e1e00000, 0x00000000e1f00000|  0%| F|  |TAMS 0x00000000e1e00000, 0x00000000e1e00000| Untracked 
| 287|0x00000000e1f00000, 0x00000000e1f00000, 0x00000000e2000000|  0%| F|  |TAMS 0x00000000e1f00000, 0x00000000e1f00000| Untracked 
| 288|0x00000000e2000000, 0x00000000e2000000, 0x00000000e2100000|  0%| F|  |TAMS 0x00000000e2000000, 0x00000000e2000000| Untracked 
| 289|0x00000000e2100000, 0x00000000e2100000, 0x00000000e2200000|  0%| F|  |TAMS 0x00000000e2100000, 0x00000000e2100000| Untracked 
| 290|0x00000000e2200000, 0x00000000e2200000, 0x00000000e2300000|  0%| F|  |TAMS 0x00000000e2200000, 0x00000000e2200000| Untracked 
| 291|0x00000000e2300000, 0x00000000e2300000, 0x00000000e2400000|  0%| F|  |TAMS 0x00000000e2300000, 0x00000000e2300000| Untracked 
| 292|0x00000000e2400000, 0x00000000e2400000, 0x00000000e2500000|  0%| F|  |TAMS 0x00000000e2400000, 0x00000000e2400000| Untracked 
| 293|0x00000000e2500000, 0x00000000e2500000, 0x00000000e2600000|  0%| F|  |TAMS 0x00000000e2500000, 0x00000000e2500000| Untracked 
| 294|0x00000000e2600000, 0x00000000e2600000, 0x00000000e2700000|  0%| F|  |TAMS 0x00000000e2600000, 0x00000000e2600000| Untracked 
| 295|0x00000000e2700000, 0x00000000e2700000, 0x00000000e2800000|  0%| F|  |TAMS 0x00000000e2700000, 0x00000000e2700000| Untracked 
| 296|0x00000000e2800000, 0x00000000e2800000, 0x00000000e2900000|  0%| F|  |TAMS 0x00000000e2800000, 0x00000000e2800000| Untracked 
| 297|0x00000000e2900000, 0x00000000e2900000, 0x00000000e2a00000|  0%| F|  |TAMS 0x00000000e2900000, 0x00000000e2900000| Untracked 
| 298|0x00000000e2a00000, 0x00000000e2a00000, 0x00000000e2b00000|  0%| F|  |TAMS 0x00000000e2a00000, 0x00000000e2a00000| Untracked 
| 299|0x00000000e2b00000, 0x00000000e2b00000, 0x00000000e2c00000|  0%| F|  |TAMS 0x00000000e2b00000, 0x00000000e2b00000| Untracked 
| 300|0x00000000e2c00000, 0x00000000e2c00000, 0x00000000e2d00000|  0%| F|  |TAMS 0x00000000e2c00000, 0x00000000e2c00000| Untracked 
| 301|0x00000000e2d00000, 0x00000000e2d00000, 0x00000000e2e00000|  0%| F|  |TAMS 0x00000000e2d00000, 0x00000000e2d00000| Untracked 
| 302|0x00000000e2e00000, 0x00000000e2e00000, 0x00000000e2f00000|  0%| F|  |TAMS 0x00000000e2e00000, 0x00000000e2e00000| Untracked 
| 303|0x00000000e2f00000, 0x00000000e2f00000, 0x00000000e3000000|  0%| F|  |TAMS 0x00000000e2f00000, 0x00000000e2f00000| Untracked 
| 304|0x00000000e3000000, 0x00000000e3000000, 0x00000000e3100000|  0%| F|  |TAMS 0x00000000e3000000, 0x00000000e3000000| Untracked 
| 305|0x00000000e3100000, 0x00000000e3100000, 0x00000000e3200000|  0%| F|  |TAMS 0x00000000e3100000, 0x00000000e3100000| Untracked 
| 306|0x00000000e3200000, 0x00000000e3200000, 0x00000000e3300000|  0%| F|  |TAMS 0x00000000e3200000, 0x00000000e3200000| Untracked 
| 307|0x00000000e3300000, 0x00000000e3300000, 0x00000000e3400000|  0%| F|  |TAMS 0x00000000e3300000, 0x00000000e3300000| Untracked 
| 308|0x00000000e3400000, 0x00000000e3400000, 0x00000000e3500000|  0%| F|  |TAMS 0x00000000e3400000, 0x00000000e3400000| Untracked 
| 309|0x00000000e3500000, 0x00000000e3500000, 0x00000000e3600000|  0%| F|  |TAMS 0x00000000e3500000, 0x00000000e3500000| Untracked 
| 310|0x00000000e3600000, 0x00000000e3600000, 0x00000000e3700000|  0%| F|  |TAMS 0x00000000e3600000, 0x00000000e3600000| Untracked 
| 311|0x00000000e3700000, 0x00000000e3700000, 0x00000000e3800000|  0%| F|  |TAMS 0x00000000e3700000, 0x00000000e3700000| Untracked 
| 312|0x00000000e3800000, 0x00000000e3800000, 0x00000000e3900000|  0%| F|  |TAMS 0x00000000e3800000, 0x00000000e3800000| Untracked 
| 313|0x00000000e3900000, 0x00000000e3900000, 0x00000000e3a00000|  0%| F|  |TAMS 0x00000000e3900000, 0x00000000e3900000| Untracked 
| 314|0x00000000e3a00000, 0x00000000e3a00000, 0x00000000e3b00000|  0%| F|  |TAMS 0x00000000e3a00000, 0x00000000e3a00000| Untracked 
| 315|0x00000000e3b00000, 0x00000000e3b00000, 0x00000000e3c00000|  0%| F|  |TAMS 0x00000000e3b00000, 0x00000000e3b00000| Untracked 
| 316|0x00000000e3c00000, 0x00000000e3c00000, 0x00000000e3d00000|  0%| F|  |TAMS 0x00000000e3c00000, 0x00000000e3c00000| Untracked 
| 317|0x00000000e3d00000, 0x00000000e3d00000, 0x00000000e3e00000|  0%| F|  |TAMS 0x00000000e3d00000, 0x00000000e3d00000| Untracked 
| 318|0x00000000e3e00000, 0x00000000e3e00000, 0x00000000e3f00000|  0%| F|  |TAMS 0x00000000e3e00000, 0x00000000e3e00000| Untracked 
| 319|0x00000000e3f00000, 0x00000000e3f00000, 0x00000000e4000000|  0%| F|  |TAMS 0x00000000e3f00000, 0x00000000e3f00000| Untracked 
| 320|0x00000000e4000000, 0x00000000e4000000, 0x00000000e4100000|  0%| F|  |TAMS 0x00000000e4000000, 0x00000000e4000000| Untracked 
| 321|0x00000000e4100000, 0x00000000e4100000, 0x00000000e4200000|  0%| F|  |TAMS 0x00000000e4100000, 0x00000000e4100000| Untracked 
| 322|0x00000000e4200000, 0x00000000e4200000, 0x00000000e4300000|  0%| F|  |TAMS 0x00000000e4200000, 0x00000000e4200000| Untracked 
| 323|0x00000000e4300000, 0x00000000e4300000, 0x00000000e4400000|  0%| F|  |TAMS 0x00000000e4300000, 0x00000000e4300000| Untracked 
| 324|0x00000000e4400000, 0x00000000e4400000, 0x00000000e4500000|  0%| F|  |TAMS 0x00000000e4400000, 0x00000000e4400000| Untracked 
| 325|0x00000000e4500000, 0x00000000e4500000, 0x00000000e4600000|  0%| F|  |TAMS 0x00000000e4500000, 0x00000000e4500000| Untracked 
| 326|0x00000000e4600000, 0x00000000e4600000, 0x00000000e4700000|  0%| F|  |TAMS 0x00000000e4600000, 0x00000000e4600000| Untracked 
| 327|0x00000000e4700000, 0x00000000e47dc170, 0x00000000e4800000| 85%| S|CS|TAMS 0x00000000e4700000, 0x00000000e4700000| Complete 
| 328|0x00000000e4800000, 0x00000000e4900000, 0x00000000e4900000|100%| S|CS|TAMS 0x00000000e4800000, 0x00000000e4800000| Complete 
| 329|0x00000000e4900000, 0x00000000e4a00000, 0x00000000e4a00000|100%| S|CS|TAMS 0x00000000e4900000, 0x00000000e4900000| Complete 
| 330|0x00000000e4a00000, 0x00000000e4b00000, 0x00000000e4b00000|100%| S|CS|TAMS 0x00000000e4a00000, 0x00000000e4a00000| Complete 
| 331|0x00000000e4b00000, 0x00000000e4c00000, 0x00000000e4c00000|100%| S|CS|TAMS 0x00000000e4b00000, 0x00000000e4b00000| Complete 
| 332|0x00000000e4c00000, 0x00000000e4d00000, 0x00000000e4d00000|100%| S|CS|TAMS 0x00000000e4c00000, 0x00000000e4c00000| Complete 
| 333|0x00000000e4d00000, 0x00000000e4d00000, 0x00000000e4e00000|  0%| F|  |TAMS 0x00000000e4d00000, 0x00000000e4d00000| Untracked 
| 334|0x00000000e4e00000, 0x00000000e4e00000, 0x00000000e4f00000|  0%| F|  |TAMS 0x00000000e4e00000, 0x00000000e4e00000| Untracked 
| 335|0x00000000e4f00000, 0x00000000e4f00000, 0x00000000e5000000|  0%| F|  |TAMS 0x00000000e4f00000, 0x00000000e4f00000| Untracked 
| 336|0x00000000e5000000, 0x00000000e5000000, 0x00000000e5100000|  0%| F|  |TAMS 0x00000000e5000000, 0x00000000e5000000| Untracked 
| 337|0x00000000e5100000, 0x00000000e5100000, 0x00000000e5200000|  0%| F|  |TAMS 0x00000000e5100000, 0x00000000e5100000| Untracked 
| 338|0x00000000e5200000, 0x00000000e5200000, 0x00000000e5300000|  0%| F|  |TAMS 0x00000000e5200000, 0x00000000e5200000| Untracked 
| 339|0x00000000e5300000, 0x00000000e5300000, 0x00000000e5400000|  0%| F|  |TAMS 0x00000000e5300000, 0x00000000e5300000| Untracked 
| 340|0x00000000e5400000, 0x00000000e5400000, 0x00000000e5500000|  0%| F|  |TAMS 0x00000000e5400000, 0x00000000e5400000| Untracked 
| 341|0x00000000e5500000, 0x00000000e5500000, 0x00000000e5600000|  0%| F|  |TAMS 0x00000000e5500000, 0x00000000e5500000| Untracked 
| 342|0x00000000e5600000, 0x00000000e5600000, 0x00000000e5700000|  0%| F|  |TAMS 0x00000000e5600000, 0x00000000e5600000| Untracked 
| 343|0x00000000e5700000, 0x00000000e5700000, 0x00000000e5800000|  0%| F|  |TAMS 0x00000000e5700000, 0x00000000e5700000| Untracked 
| 344|0x00000000e5800000, 0x00000000e5800000, 0x00000000e5900000|  0%| F|  |TAMS 0x00000000e5800000, 0x00000000e5800000| Untracked 
| 345|0x00000000e5900000, 0x00000000e5900000, 0x00000000e5a00000|  0%| F|  |TAMS 0x00000000e5900000, 0x00000000e5900000| Untracked 
| 346|0x00000000e5a00000, 0x00000000e5a00000, 0x00000000e5b00000|  0%| F|  |TAMS 0x00000000e5a00000, 0x00000000e5a00000| Untracked 
| 347|0x00000000e5b00000, 0x00000000e5b00000, 0x00000000e5c00000|  0%| F|  |TAMS 0x00000000e5b00000, 0x00000000e5b00000| Untracked 
| 348|0x00000000e5c00000, 0x00000000e5c00000, 0x00000000e5d00000|  0%| F|  |TAMS 0x00000000e5c00000, 0x00000000e5c00000| Untracked 
| 349|0x00000000e5d00000, 0x00000000e5d00000, 0x00000000e5e00000|  0%| F|  |TAMS 0x00000000e5d00000, 0x00000000e5d00000| Untracked 
| 350|0x00000000e5e00000, 0x00000000e5e00000, 0x00000000e5f00000|  0%| F|  |TAMS 0x00000000e5e00000, 0x00000000e5e00000| Untracked 
| 351|0x00000000e5f00000, 0x00000000e5f00000, 0x00000000e6000000|  0%| F|  |TAMS 0x00000000e5f00000, 0x00000000e5f00000| Untracked 
| 352|0x00000000e6000000, 0x00000000e6000000, 0x00000000e6100000|  0%| F|  |TAMS 0x00000000e6000000, 0x00000000e6000000| Untracked 
| 353|0x00000000e6100000, 0x00000000e6100000, 0x00000000e6200000|  0%| F|  |TAMS 0x00000000e6100000, 0x00000000e6100000| Untracked 
| 354|0x00000000e6200000, 0x00000000e6200000, 0x00000000e6300000|  0%| F|  |TAMS 0x00000000e6200000, 0x00000000e6200000| Untracked 
| 355|0x00000000e6300000, 0x00000000e6300000, 0x00000000e6400000|  0%| F|  |TAMS 0x00000000e6300000, 0x00000000e6300000| Untracked 
| 356|0x00000000e6400000, 0x00000000e6400000, 0x00000000e6500000|  0%| F|  |TAMS 0x00000000e6400000, 0x00000000e6400000| Untracked 
| 357|0x00000000e6500000, 0x00000000e6500000, 0x00000000e6600000|  0%| F|  |TAMS 0x00000000e6500000, 0x00000000e6500000| Untracked 
| 358|0x00000000e6600000, 0x00000000e6600000, 0x00000000e6700000|  0%| F|  |TAMS 0x00000000e6600000, 0x00000000e6600000| Untracked 
| 359|0x00000000e6700000, 0x00000000e6700000, 0x00000000e6800000|  0%| F|  |TAMS 0x00000000e6700000, 0x00000000e6700000| Untracked 
| 360|0x00000000e6800000, 0x00000000e6800000, 0x00000000e6900000|  0%| F|  |TAMS 0x00000000e6800000, 0x00000000e6800000| Untracked 
| 361|0x00000000e6900000, 0x00000000e6900000, 0x00000000e6a00000|  0%| F|  |TAMS 0x00000000e6900000, 0x00000000e6900000| Untracked 
| 362|0x00000000e6a00000, 0x00000000e6a00000, 0x00000000e6b00000|  0%| F|  |TAMS 0x00000000e6a00000, 0x00000000e6a00000| Untracked 
| 363|0x00000000e6b00000, 0x00000000e6b00000, 0x00000000e6c00000|  0%| F|  |TAMS 0x00000000e6b00000, 0x00000000e6b00000| Untracked 
| 364|0x00000000e6c00000, 0x00000000e6c00000, 0x00000000e6d00000|  0%| F|  |TAMS 0x00000000e6c00000, 0x00000000e6c00000| Untracked 
| 365|0x00000000e6d00000, 0x00000000e6d00000, 0x00000000e6e00000|  0%| F|  |TAMS 0x00000000e6d00000, 0x00000000e6d00000| Untracked 
| 366|0x00000000e6e00000, 0x00000000e6ed38b8, 0x00000000e6f00000| 82%| E|  |TAMS 0x00000000e6e00000, 0x00000000e6e00000| Complete 
| 367|0x00000000e6f00000, 0x00000000e7000000, 0x00000000e7000000|100%| E|CS|TAMS 0x00000000e6f00000, 0x00000000e6f00000| Complete 
| 368|0x00000000e7000000, 0x00000000e7100000, 0x00000000e7100000|100%| E|CS|TAMS 0x00000000e7000000, 0x00000000e7000000| Complete 
| 369|0x00000000e7100000, 0x00000000e7200000, 0x00000000e7200000|100%| E|CS|TAMS 0x00000000e7100000, 0x00000000e7100000| Complete 
| 370|0x00000000e7200000, 0x00000000e7300000, 0x00000000e7300000|100%| E|CS|TAMS 0x00000000e7200000, 0x00000000e7200000| Complete 
| 371|0x00000000e7300000, 0x00000000e7400000, 0x00000000e7400000|100%| E|CS|TAMS 0x00000000e7300000, 0x00000000e7300000| Complete 
| 372|0x00000000e7400000, 0x00000000e7500000, 0x00000000e7500000|100%| E|CS|TAMS 0x00000000e7400000, 0x00000000e7400000| Complete 
| 373|0x00000000e7500000, 0x00000000e7600000, 0x00000000e7600000|100%| E|CS|TAMS 0x00000000e7500000, 0x00000000e7500000| Complete 
| 374|0x00000000e7600000, 0x00000000e7700000, 0x00000000e7700000|100%| E|CS|TAMS 0x00000000e7600000, 0x00000000e7600000| Complete 
| 375|0x00000000e7700000, 0x00000000e7800000, 0x00000000e7800000|100%| E|CS|TAMS 0x00000000e7700000, 0x00000000e7700000| Complete 
| 376|0x00000000e7800000, 0x00000000e7900000, 0x00000000e7900000|100%| E|CS|TAMS 0x00000000e7800000, 0x00000000e7800000| Complete 
| 377|0x00000000e7900000, 0x00000000e7a00000, 0x00000000e7a00000|100%| E|CS|TAMS 0x00000000e7900000, 0x00000000e7900000| Complete 
| 378|0x00000000e7a00000, 0x00000000e7b00000, 0x00000000e7b00000|100%| E|CS|TAMS 0x00000000e7a00000, 0x00000000e7a00000| Complete 
| 379|0x00000000e7b00000, 0x00000000e7c00000, 0x00000000e7c00000|100%| E|CS|TAMS 0x00000000e7b00000, 0x00000000e7b00000| Complete 
| 380|0x00000000e7c00000, 0x00000000e7d00000, 0x00000000e7d00000|100%| E|CS|TAMS 0x00000000e7c00000, 0x00000000e7c00000| Complete 
| 381|0x00000000e7d00000, 0x00000000e7e00000, 0x00000000e7e00000|100%| E|CS|TAMS 0x00000000e7d00000, 0x00000000e7d00000| Complete 
| 382|0x00000000e7e00000, 0x00000000e7f00000, 0x00000000e7f00000|100%| E|CS|TAMS 0x00000000e7e00000, 0x00000000e7e00000| Complete 
| 383|0x00000000e7f00000, 0x00000000e8000000, 0x00000000e8000000|100%| E|CS|TAMS 0x00000000e7f00000, 0x00000000e7f00000| Complete 
| 384|0x00000000e8000000, 0x00000000e8100000, 0x00000000e8100000|100%| E|CS|TAMS 0x00000000e8000000, 0x00000000e8000000| Complete 
| 385|0x00000000e8100000, 0x00000000e8200000, 0x00000000e8200000|100%| E|CS|TAMS 0x00000000e8100000, 0x00000000e8100000| Complete 
| 386|0x00000000e8200000, 0x00000000e8300000, 0x00000000e8300000|100%| E|CS|TAMS 0x00000000e8200000, 0x00000000e8200000| Complete 
| 387|0x00000000e8300000, 0x00000000e8400000, 0x00000000e8400000|100%| E|CS|TAMS 0x00000000e8300000, 0x00000000e8300000| Complete 
| 388|0x00000000e8400000, 0x00000000e8500000, 0x00000000e8500000|100%| E|CS|TAMS 0x00000000e8400000, 0x00000000e8400000| Complete 
| 389|0x00000000e8500000, 0x00000000e8600000, 0x00000000e8600000|100%| E|CS|TAMS 0x00000000e8500000, 0x00000000e8500000| Complete 
| 390|0x00000000e8600000, 0x00000000e8700000, 0x00000000e8700000|100%| E|CS|TAMS 0x00000000e8600000, 0x00000000e8600000| Complete 
| 391|0x00000000e8700000, 0x00000000e8800000, 0x00000000e8800000|100%| E|CS|TAMS 0x00000000e8700000, 0x00000000e8700000| Complete 
| 392|0x00000000e8800000, 0x00000000e8900000, 0x00000000e8900000|100%| E|CS|TAMS 0x00000000e8800000, 0x00000000e8800000| Complete 
| 393|0x00000000e8900000, 0x00000000e8a00000, 0x00000000e8a00000|100%| E|CS|TAMS 0x00000000e8900000, 0x00000000e8900000| Complete 
| 394|0x00000000e8a00000, 0x00000000e8b00000, 0x00000000e8b00000|100%| E|CS|TAMS 0x00000000e8a00000, 0x00000000e8a00000| Complete 

Card table byte_map: [0x000002c242720000,0x000002c2428a0000] _byte_map_base: 0x000002c2420a0000

Marking Bits (Prev, Next): (CMBitMap*) 0x000002c22b5272c0, (CMBitMap*) 0x000002c22b527300
 Prev Bits: [0x000002c242a20000, 0x000002c243620000)
 Next Bits: [0x000002c243620000, 0x000002c244220000)

Polling page: 0x000002c2293b0000

Metaspace:

Usage:
  Non-class:     91.44 MB used.
      Class:     14.93 MB used.
       Both:    106.37 MB used.

Virtual space:
  Non-class space:      128.00 MB reserved,      92.44 MB ( 72%) committed,  2 nodes.
      Class space:      208.00 MB reserved,      15.88 MB (  8%) committed,  1 nodes.
             Both:      336.00 MB reserved,     108.31 MB ( 32%) committed. 

Chunk freelists:
   Non-Class:  2.66 MB
       Class:  173.00 KB
        Both:  2.83 MB

MaxMetaspaceSize: 256.00 MB
CompressedClassSpaceSize: 208.00 MB
Initial GC threshold: 21.00 MB
Current GC threshold: 176.38 MB
CDS: on
MetaspaceReclaimPolicy: balanced
 - commit_granule_bytes: 65536.
 - commit_granule_words: 8192.
 - virtual_space_node_default_size: 8388608.
 - enlarge_chunks_in_place: 1.
 - new_chunks_are_fully_committed: 0.
 - uncommit_free_chunks: 1.
 - use_allocation_guard: 0.
 - handle_deallocations: 1.


Internal statistics:

num_allocs_failed_limit: 9.
num_arena_births: 2968.
num_arena_deaths: 0.
num_vsnodes_births: 3.
num_vsnodes_deaths: 0.
num_space_committed: 1733.
num_space_uncommitted: 0.
num_chunks_returned_to_freelist: 9.
num_chunks_taken_from_freelist: 8449.
num_chunk_merges: 9.
num_chunk_splits: 5189.
num_chunks_enlarged: 2898.
num_inconsistent_stats: 0.

CodeHeap 'non-profiled nmethods': size=120000Kb used=13347Kb max_used=13383Kb free=106652Kb
 bounds [0x000002c23ab20000, 0x000002c23b860000, 0x000002c242050000]
CodeHeap 'profiled nmethods': size=120000Kb used=30194Kb max_used=30828Kb free=89805Kb
 bounds [0x000002c233050000, 0x000002c234e90000, 0x000002c23a580000]
CodeHeap 'non-nmethods': size=5760Kb used=1777Kb max_used=1927Kb free=3982Kb
 bounds [0x000002c23a580000, 0x000002c23a7f0000, 0x000002c23ab20000]
 total_blobs=16541 nmethods=15669 adapters=783
 compilation: enabled
              stopped_count=0, restarted_count=0
 full_count=0

Compilation events (20 events):
Event: 42.048 Thread 0x000002c246ebcd20 19221       1       org.gradle.api.plugins.JvmToolchainsPlugin_Decorated::publicType (3 bytes)
Event: 42.048 Thread 0x000002c246ebcd20 nmethod 19221 0x000002c23b563b10 code [0x000002c23b563ca0, 0x000002c23b563d78]
Event: 42.058 Thread 0x000002c266118060 nmethod 19202 0x000002c23b562c90 code [0x000002c23b562e40, 0x000002c23b5636f8]
Event: 42.058 Thread 0x000002c266118060 19206       4       org.gradle.api.internal.artifacts.transform.DefaultTransformedVariantFactory$VariantKey::hashCode (16 bytes)
Event: 42.059 Thread 0x000002c266118060 nmethod 19206 0x000002c23b562910 code [0x000002c23b562aa0, 0x000002c23b562b98]
Event: 42.059 Thread 0x000002c266118060 19208       4       org.gradle.api.internal.artifacts.transform.TransformStep::createInvocation (58 bytes)
Event: 42.062 Thread 0x000002c246ebcd20 19223       3       org.jetbrains.kotlin.gradle.utils.FailuresKt::getFailures (62 bytes)
Event: 42.064 Thread 0x000002c246ebcd20 nmethod 19223 0x000002c234b5f810 code [0x000002c234b5fbe0, 0x000002c234b61668]
Event: 42.065 Thread 0x000002c246ebcd20 19224       3       org.jetbrains.kotlin.gradle.utils.FailuresKt::getIdeaSyncClasspathModeUtil (9 bytes)
Event: 42.065 Thread 0x000002c246ebcd20 nmethod 19224 0x000002c233cfd590 code [0x000002c233cfd740, 0x000002c233cfd998]
Event: 42.080 Thread 0x000002c246ebcd20 19227       3       kotlin.text.StringsKt__StringsKt::split (143 bytes)
Event: 42.082 Thread 0x000002c246ebcd20 nmethod 19227 0x000002c233acd110 code [0x000002c233acd540, 0x000002c233acf168]
Event: 42.082 Thread 0x000002c246ebcd20 19226       3       kotlin.text.StringsKt__StringsKt::split$default (26 bytes)
Event: 42.083 Thread 0x000002c246ebcd20 nmethod 19226 0x000002c233ea4210 code [0x000002c233ea43c0, 0x000002c233ea4548]
Event: 42.083 Thread 0x000002c246ebcd20 19228       3       org.jetbrains.kotlin.konan.target.UtilsKt$evaluatePresetName$1::invoke (9 bytes)
Event: 42.084 Thread 0x000002c246ebcd20 nmethod 19228 0x000002c233572a90 code [0x000002c233572d60, 0x000002c233573a38]
Event: 42.084 Thread 0x000002c246ebcd20 19229       1       org.jetbrains.kotlin.gradle.internal.properties.PropertiesBuildService$NullableStringGradleProperty::getName (5 bytes)
Event: 42.084 Thread 0x000002c246ebcd20 nmethod 19229 0x000002c23b562610 code [0x000002c23b5627a0, 0x000002c23b562878]
Event: 42.084 Thread 0x000002c246ebcd20 19230       1       org.jetbrains.kotlin.gradle.internal.properties.PropertiesBuildService$NullableStringGradleProperty::getDefaultValue (5 bytes)
Event: 42.084 Thread 0x000002c246ebcd20 nmethod 19230 0x000002c23b562310 code [0x000002c23b5624a0, 0x000002c23b562578]

GC Heap History (20 events):
Event: 34.282 GC heap before
{Heap before GC invocations=93 (full 0):
 garbage-first heap   total 280576K, used 247988K [0x00000000d0000000, 0x0000000100000000)
  region size 1024K, 13 young (13312K), 2 survivors (2048K)
 Metaspace       used 106559K, committed 108352K, reserved 344064K
  class space    used 15008K, committed 15872K, reserved 212992K
}
Event: 34.285 GC heap after
{Heap after GC invocations=94 (full 0):
 garbage-first heap   total 317440K, used 238464K [0x00000000d0000000, 0x0000000100000000)
  region size 1024K, 2 young (2048K), 2 survivors (2048K)
 Metaspace       used 106559K, committed 108352K, reserved 344064K
  class space    used 15008K, committed 15872K, reserved 212992K
}
Event: 34.418 GC heap before
{Heap before GC invocations=94 (full 0):
 garbage-first heap   total 317440K, used 271232K [0x00000000d0000000, 0x0000000100000000)
  region size 1024K, 35 young (35840K), 2 survivors (2048K)
 Metaspace       used 106559K, committed 108352K, reserved 344064K
  class space    used 15008K, committed 15872K, reserved 212992K
}
Event: 34.423 GC heap after
{Heap after GC invocations=95 (full 0):
 garbage-first heap   total 317440K, used 239649K [0x00000000d0000000, 0x0000000100000000)
  region size 1024K, 4 young (4096K), 4 survivors (4096K)
 Metaspace       used 106559K, committed 108352K, reserved 344064K
  class space    used 15008K, committed 15872K, reserved 212992K
}
Event: 34.539 GC heap before
{Heap before GC invocations=96 (full 0):
 garbage-first heap   total 404480K, used 271393K [0x00000000d0000000, 0x0000000100000000)
  region size 1024K, 36 young (36864K), 4 survivors (4096K)
 Metaspace       used 106559K, committed 108352K, reserved 344064K
  class space    used 15008K, committed 15872K, reserved 212992K
}
Event: 34.543 GC heap after
{Heap after GC invocations=97 (full 0):
 garbage-first heap   total 404480K, used 240120K [0x00000000d0000000, 0x0000000100000000)
  region size 1024K, 3 young (3072K), 3 survivors (3072K)
 Metaspace       used 106559K, committed 108352K, reserved 344064K
  class space    used 15008K, committed 15872K, reserved 212992K
}
Event: 34.690 GC heap before
{Heap before GC invocations=97 (full 0):
 garbage-first heap   total 404480K, used 257528K [0x00000000d0000000, 0x0000000100000000)
  region size 1024K, 19 young (19456K), 3 survivors (3072K)
 Metaspace       used 106605K, committed 108416K, reserved 344064K
  class space    used 15017K, committed 15872K, reserved 212992K
}
Event: 34.696 GC heap after
{Heap after GC invocations=98 (full 0):
 garbage-first heap   total 404480K, used 234490K [0x00000000d0000000, 0x0000000100000000)
  region size 1024K, 3 young (3072K), 3 survivors (3072K)
 Metaspace       used 106605K, committed 108416K, reserved 344064K
  class space    used 15017K, committed 15872K, reserved 212992K
}
Event: 37.138 GC heap before
{Heap before GC invocations=98 (full 0):
 garbage-first heap   total 404480K, used 337914K [0x00000000d0000000, 0x0000000100000000)
  region size 1024K, 104 young (106496K), 3 survivors (3072K)
 Metaspace       used 107692K, committed 109568K, reserved 344064K
  class space    used 15204K, committed 16064K, reserved 212992K
}
Event: 37.145 GC heap after
{Heap after GC invocations=99 (full 0):
 garbage-first heap   total 404480K, used 240779K [0x00000000d0000000, 0x0000000100000000)
  region size 1024K, 10 young (10240K), 10 survivors (10240K)
 Metaspace       used 107692K, committed 109568K, reserved 344064K
  class space    used 15204K, committed 16064K, reserved 212992K
}
Event: 38.577 GC heap before
{Heap before GC invocations=99 (full 0):
 garbage-first heap   total 404480K, used 338059K [0x00000000d0000000, 0x0000000100000000)
  region size 1024K, 106 young (108544K), 10 survivors (10240K)
 Metaspace       used 108155K, committed 110016K, reserved 344064K
  class space    used 15234K, committed 16128K, reserved 212992K
}
Event: 38.588 GC heap after
{Heap after GC invocations=100 (full 0):
 garbage-first heap   total 404480K, used 249557K [0x00000000d0000000, 0x0000000100000000)
  region size 1024K, 14 young (14336K), 14 survivors (14336K)
 Metaspace       used 108155K, committed 110016K, reserved 344064K
  class space    used 15234K, committed 16128K, reserved 212992K
}
Event: 39.750 GC heap before
{Heap before GC invocations=100 (full 0):
 garbage-first heap   total 404480K, used 340693K [0x00000000d0000000, 0x0000000100000000)
  region size 1024K, 103 young (105472K), 14 survivors (14336K)
 Metaspace       used 108501K, committed 110400K, reserved 344064K
  class space    used 15260K, committed 16192K, reserved 212992K
}
Event: 39.763 GC heap after
{Heap after GC invocations=101 (full 0):
 garbage-first heap   total 404480K, used 260911K [0x00000000d0000000, 0x0000000100000000)
  region size 1024K, 11 young (11264K), 11 survivors (11264K)
 Metaspace       used 108501K, committed 110400K, reserved 344064K
  class space    used 15260K, committed 16192K, reserved 212992K
}
Event: 40.573 GC heap before
{Heap before GC invocations=101 (full 0):
 garbage-first heap   total 404480K, used 338735K [0x00000000d0000000, 0x0000000100000000)
  region size 1024K, 88 young (90112K), 11 survivors (11264K)
 Metaspace       used 108716K, committed 110720K, reserved 344064K
  class space    used 15276K, committed 16256K, reserved 212992K
}
Event: 40.582 GC heap after
{Heap after GC invocations=102 (full 0):
 garbage-first heap   total 404480K, used 270708K [0x00000000d0000000, 0x0000000100000000)
  region size 1024K, 10 young (10240K), 10 survivors (10240K)
 Metaspace       used 108716K, committed 110720K, reserved 344064K
  class space    used 15276K, committed 16256K, reserved 212992K
}
Event: 41.171 GC heap before
{Heap before GC invocations=102 (full 0):
 garbage-first heap   total 404480K, used 340340K [0x00000000d0000000, 0x0000000100000000)
  region size 1024K, 78 young (79872K), 10 survivors (10240K)
 Metaspace       used 108831K, committed 110848K, reserved 344064K
  class space    used 15283K, committed 16256K, reserved 212992K
}
Event: 41.182 GC heap after
{Heap after GC invocations=103 (full 0):
 garbage-first heap   total 404480K, used 277993K [0x00000000d0000000, 0x0000000100000000)
  region size 1024K, 8 young (8192K), 8 survivors (8192K)
 Metaspace       used 108831K, committed 110848K, reserved 344064K
  class space    used 15283K, committed 16256K, reserved 212992K
}
Event: 41.991 GC heap before
{Heap before GC invocations=103 (full 0):
 garbage-first heap   total 404480K, used 341481K [0x00000000d0000000, 0x0000000100000000)
  region size 1024K, 70 young (71680K), 8 survivors (8192K)
 Metaspace       used 108889K, committed 110912K, reserved 344064K
  class space    used 15283K, committed 16256K, reserved 212992K
}
Event: 41.999 GC heap after
{Heap after GC invocations=104 (full 0):
 garbage-first heap   total 404480K, used 283603K [0x00000000d0000000, 0x0000000100000000)
  region size 1024K, 6 young (6144K), 6 survivors (6144K)
 Metaspace       used 108889K, committed 110912K, reserved 344064K
  class space    used 15283K, committed 16256K, reserved 212992K
}

Dll operation events (15 events):
Event: 0.012 Loaded shared library C:\Program Files\Eclipse Adoptium\jdk-17.0.18.8-hotspot\bin\java.dll
Event: 0.028 Loaded shared library C:\Program Files\Eclipse Adoptium\jdk-17.0.18.8-hotspot\bin\jsvml.dll
Event: 0.065 Loaded shared library C:\Program Files\Eclipse Adoptium\jdk-17.0.18.8-hotspot\bin\zip.dll
Event: 0.068 Loaded shared library C:\Program Files\Eclipse Adoptium\jdk-17.0.18.8-hotspot\bin\instrument.dll
Event: 0.072 Loaded shared library C:\Program Files\Eclipse Adoptium\jdk-17.0.18.8-hotspot\bin\net.dll
Event: 0.074 Loaded shared library C:\Program Files\Eclipse Adoptium\jdk-17.0.18.8-hotspot\bin\nio.dll
Event: 0.076 Loaded shared library C:\Program Files\Eclipse Adoptium\jdk-17.0.18.8-hotspot\bin\zip.dll
Event: 0.316 Loaded shared library C:\Program Files\Eclipse Adoptium\jdk-17.0.18.8-hotspot\bin\jimage.dll
Event: 0.591 Loaded shared library C:\Program Files\Eclipse Adoptium\jdk-17.0.18.8-hotspot\bin\verify.dll
Event: 0.645 Loaded shared library C:\Users\Nandhitha_R\.gradle\native\1def1411415f61bf3af743bc5b6707747c0891f09f0c88961ee8f79bc544acac\windows-amd64\native-platform.dll
Event: 0.667 Loaded shared library C:\Users\Nandhitha_R\.gradle\native\0.2.8\x86_64-windows-gnu\gradle-fileevents.dll
Event: 1.713 Loaded shared library C:\Program Files\Eclipse Adoptium\jdk-17.0.18.8-hotspot\bin\management.dll
Event: 1.719 Loaded shared library C:\Program Files\Eclipse Adoptium\jdk-17.0.18.8-hotspot\bin\management_ext.dll
Event: 1.954 Loaded shared library C:\Program Files\Eclipse Adoptium\jdk-17.0.18.8-hotspot\bin\extnet.dll
Event: 2.240 Loaded shared library C:\Program Files\Eclipse Adoptium\jdk-17.0.18.8-hotspot\bin\sunmscapi.dll

Deoptimization events (20 events):
Event: 41.783 Thread 0x000002c25b442930 Uncommon trap: trap_request=0xffffffdc fr.pc=0x000002c23b60d608 relative=0x0000000000002428
Event: 41.783 Thread 0x000002c25b442930 Uncommon trap: reason=class_check action=make_not_entrant pc=0x000002c23b60d608 method=java.lang.invoke.MethodHandles.copyTypes([Ljava/lang/Object;)Ljava/util/List; @ 6 c2
Event: 41.783 Thread 0x000002c25b442930 DEOPT PACKING pc=0x000002c23b60d608 sp=0x000000ecfa2f92c0
Event: 41.783 Thread 0x000002c25b442930 DEOPT UNPACKING pc=0x000002c23a5d69a3 sp=0x000000ecfa2f9210 mode 2
Event: 42.009 Thread 0x000002c25b442930 Uncommon trap: trap_request=0xffffffbe fr.pc=0x000002c23b1bf414 relative=0x0000000000000694
Event: 42.009 Thread 0x000002c25b442930 Uncommon trap: reason=profile_predicate action=maybe_recompile pc=0x000002c23b1bf414 method=org.gradle.api.internal.artifacts.transform.TransformingAsyncArtifactListener$TransformedArtifact.lambda$visit$3(Lorg/gradle/api/internal/artifacts/ivyservice/reso
Event: 42.009 Thread 0x000002c25b442930 DEOPT PACKING pc=0x000002c23b1bf414 sp=0x000000ecfa2f8cd0
Event: 42.009 Thread 0x000002c25b442930 DEOPT UNPACKING pc=0x000002c23a5d69a3 sp=0x000000ecfa2f8c90 mode 2
Event: 42.009 Thread 0x000002c25b442930 Uncommon trap: trap_request=0xffffffbe fr.pc=0x000002c23b1bf414 relative=0x0000000000000694
Event: 42.009 Thread 0x000002c25b442930 Uncommon trap: reason=profile_predicate action=maybe_recompile pc=0x000002c23b1bf414 method=org.gradle.api.internal.artifacts.transform.TransformingAsyncArtifactListener$TransformedArtifact.lambda$visit$3(Lorg/gradle/api/internal/artifacts/ivyservice/reso
Event: 42.009 Thread 0x000002c25b442930 DEOPT PACKING pc=0x000002c23b1bf414 sp=0x000000ecfa2f8cd0
Event: 42.009 Thread 0x000002c25b442930 DEOPT UNPACKING pc=0x000002c23a5d69a3 sp=0x000000ecfa2f8c90 mode 2
Event: 42.009 Thread 0x000002c25b442930 Uncommon trap: trap_request=0xffffffbe fr.pc=0x000002c23b1bf414 relative=0x0000000000000694
Event: 42.009 Thread 0x000002c25b442930 Uncommon trap: reason=profile_predicate action=maybe_recompile pc=0x000002c23b1bf414 method=org.gradle.api.internal.artifacts.transform.TransformingAsyncArtifactListener$TransformedArtifact.lambda$visit$3(Lorg/gradle/api/internal/artifacts/ivyservice/reso
Event: 42.009 Thread 0x000002c25b442930 DEOPT PACKING pc=0x000002c23b1bf414 sp=0x000000ecfa2f8cd0
Event: 42.009 Thread 0x000002c25b442930 DEOPT UNPACKING pc=0x000002c23a5d69a3 sp=0x000000ecfa2f8c90 mode 2
Event: 42.009 Thread 0x000002c25b442930 Uncommon trap: trap_request=0xffffffbe fr.pc=0x000002c23b1bf414 relative=0x0000000000000694
Event: 42.009 Thread 0x000002c25b442930 Uncommon trap: reason=profile_predicate action=maybe_recompile pc=0x000002c23b1bf414 method=org.gradle.api.internal.artifacts.transform.TransformingAsyncArtifactListener$TransformedArtifact.lambda$visit$3(Lorg/gradle/api/internal/artifacts/ivyservice/reso
Event: 42.009 Thread 0x000002c25b442930 DEOPT PACKING pc=0x000002c23b1bf414 sp=0x000000ecfa2f8cd0
Event: 42.009 Thread 0x000002c25b442930 DEOPT UNPACKING pc=0x000002c23a5d69a3 sp=0x000000ecfa2f8c90 mode 2

Classes loaded (20 events):
Event: 36.214 Loading class sun/nio/fs/WindowsFileCopy
Event: 36.216 Loading class sun/nio/fs/WindowsFileCopy done
Event: 36.220 Loading class sun/nio/fs/WindowsSecurity$Privilege
Event: 36.221 Loading class sun/nio/fs/WindowsSecurity$Privilege done
Event: 36.336 Loading class java/time/Instant$1
Event: 36.336 Loading class java/time/Instant$1 done
Event: 36.372 Loading class java/util/Locale$1
Event: 36.372 Loading class java/util/Locale$1 done
Event: 36.388 Loading class java/util/concurrent/CompletableFuture$AsyncRun
Event: 36.389 Loading class java/util/concurrent/CompletableFuture$AsyncRun done
Event: 36.449 Loading class java/util/concurrent/CompletableFuture$Signaller
Event: 36.450 Loading class java/util/concurrent/CompletableFuture$Signaller done
Event: 36.544 Loading class jdk/internal/math/FormattedFloatingDecimal$Form
Event: 36.545 Loading class jdk/internal/math/FormattedFloatingDecimal$Form done
Event: 36.545 Loading class jdk/internal/math/FormattedFloatingDecimal
Event: 36.546 Loading class jdk/internal/math/FormattedFloatingDecimal done
Event: 36.546 Loading class jdk/internal/math/FormattedFloatingDecimal$1
Event: 36.546 Loading class jdk/internal/math/FormattedFloatingDecimal$1 done
Event: 36.546 Loading class jdk/internal/math/FormattedFloatingDecimal$2
Event: 36.546 Loading class jdk/internal/math/FormattedFloatingDecimal$2 done

Classes unloaded (0 events):
No events

Classes redefined (0 events):
No events

Internal exceptions (20 events):
Event: 36.758 Thread 0x000002c25b442930 Exception <a 'sun/nio/fs/WindowsException'{0x00000000e38816f0}> (0x00000000e38816f0) 
thrown [s\src\hotspot\share\prims\jni.cpp, line 516]
Event: 36.758 Thread 0x000002c25b442930 Exception <a 'sun/nio/fs/WindowsException'{0x00000000e38831b8}> (0x00000000e38831b8) 
thrown [s\src\hotspot\share\prims\jni.cpp, line 516]
Event: 36.759 Thread 0x000002c25b442930 Exception <a 'sun/nio/fs/WindowsException'{0x00000000e38858b0}> (0x00000000e38858b0) 
thrown [s\src\hotspot\share\prims\jni.cpp, line 516]
Event: 37.280 Thread 0x000002c25b442930 Implicit null exception at 0x000002c23b72f4de to 0x000002c23b72f590
Event: 37.558 Thread 0x000002c25e72c560 Exception <a 'sun/nio/fs/WindowsException'{0x00000000e7248a08}> (0x00000000e7248a08) 
thrown [s\src\hotspot\share\prims\jni.cpp, line 516]
Event: 37.559 Thread 0x000002c25e72c560 Exception <a 'sun/nio/fs/WindowsException'{0x00000000e724acb0}> (0x00000000e724acb0) 
thrown [s\src\hotspot\share\prims\jni.cpp, line 516]
Event: 37.559 Thread 0x000002c25e72c560 Exception <a 'sun/nio/fs/WindowsException'{0x00000000e724ce98}> (0x00000000e724ce98) 
thrown [s\src\hotspot\share\prims\jni.cpp, line 516]
Event: 37.559 Thread 0x000002c25e72c560 Exception <a 'sun/nio/fs/WindowsException'{0x00000000e724ecf8}> (0x00000000e724ecf8) 
thrown [s\src\hotspot\share\prims\jni.cpp, line 516]
Event: 37.561 Thread 0x000002c25e72c560 Exception <a 'sun/nio/fs/WindowsException'{0x00000000e725b1e0}> (0x00000000e725b1e0) 
thrown [s\src\hotspot\share\prims\jni.cpp, line 516]
Event: 37.627 Thread 0x000002c25e72c560 Exception <a 'sun/nio/fs/WindowsException'{0x00000000e6f09a58}> (0x00000000e6f09a58) 
thrown [s\src\hotspot\share\prims\jni.cpp, line 516]
Event: 37.627 Thread 0x000002c25e72c560 Exception <a 'sun/nio/fs/WindowsException'{0x00000000e6f0bd78}> (0x00000000e6f0bd78) 
thrown [s\src\hotspot\share\prims\jni.cpp, line 516]
Event: 37.627 Thread 0x000002c25e72c560 Exception <a 'sun/nio/fs/WindowsException'{0x00000000e6f0e008}> (0x00000000e6f0e008) 
thrown [s\src\hotspot\share\prims\jni.cpp, line 516]
Event: 37.628 Thread 0x000002c25e72c560 Exception <a 'sun/nio/fs/WindowsException'{0x00000000e6f0fee0}> (0x00000000e6f0fee0) 
thrown [s\src\hotspot\share\prims\jni.cpp, line 516]
Event: 37.742 Thread 0x000002c25b442930 Exception <a 'java/lang/reflect/InvocationTargetException'{0x00000000e68c1910}> (0x00000000e68c1910) 
thrown [s\src\hotspot\share\runtime\reflection.cpp, line 1128]
Event: 38.055 Thread 0x000002c25e729ce0 Exception <a 'sun/nio/fs/WindowsException'{0x00000000e5777c68}> (0x00000000e5777c68) 
thrown [s\src\hotspot\share\prims\jni.cpp, line 516]
Event: 38.055 Thread 0x000002c25e729ce0 Exception <a 'sun/nio/fs/WindowsException'{0x00000000e577a060}> (0x00000000e577a060) 
thrown [s\src\hotspot\share\prims\jni.cpp, line 516]
Event: 38.055 Thread 0x000002c25e729ce0 Exception <a 'sun/nio/fs/WindowsException'{0x00000000e577c3b8}> (0x00000000e577c3b8) 
thrown [s\src\hotspot\share\prims\jni.cpp, line 516]
Event: 38.055 Thread 0x000002c25e729ce0 Exception <a 'sun/nio/fs/WindowsException'{0x00000000e577e348}> (0x00000000e577e348) 
thrown [s\src\hotspot\share\prims\jni.cpp, line 516]
Event: 38.979 Thread 0x000002c25b442930 Exception <a 'java/lang/IncompatibleClassChangeError'{0x00000000e6d97a08}: Found class java.lang.Object, but interface was expected> (0x00000000e6d97a08) 
thrown [s\src\hotspot\share\interpreter\linkResolver.cpp, line 826]
Event: 38.979 Thread 0x000002c25b442930 Exception <a 'java/lang/IncompatibleClassChangeError'{0x00000000e6d995f0}: Found class java.lang.Object, but interface was expected> (0x00000000e6d995f0) 
thrown [s\src\hotspot\share\interpreter\linkResolver.cpp, line 826]

VM Operations (20 events):
Event: 38.577 Executing VM operation: G1CollectForAllocation
Event: 38.588 Executing VM operation: G1CollectForAllocation done
Event: 39.549 Executing VM operation: ICBufferFull
Event: 39.549 Executing VM operation: ICBufferFull done
Event: 39.750 Executing VM operation: G1CollectForAllocation
Event: 39.763 Executing VM operation: G1CollectForAllocation done
Event: 39.770 Executing VM operation: HandshakeAllThreads
Event: 39.771 Executing VM operation: HandshakeAllThreads done
Event: 39.875 Executing VM operation: HandshakeAllThreads
Event: 39.884 Executing VM operation: HandshakeAllThreads done
Event: 39.930 Executing VM operation: HandshakeAllThreads
Event: 39.930 Executing VM operation: HandshakeAllThreads done
Event: 40.283 Executing VM operation: ICBufferFull
Event: 40.284 Executing VM operation: ICBufferFull done
Event: 40.573 Executing VM operation: G1CollectForAllocation
Event: 40.582 Executing VM operation: G1CollectForAllocation done
Event: 41.171 Executing VM operation: G1CollectForAllocation
Event: 41.182 Executing VM operation: G1CollectForAllocation done
Event: 41.991 Executing VM operation: G1CollectForAllocation
Event: 41.999 Executing VM operation: G1CollectForAllocation done

Memory protections (0 events):
No events

Nmethod flushes (20 events):
Event: 39.962 Thread 0x000002c246ebd630 flushing  nmethod 0x000002c2346d7590
Event: 39.962 Thread 0x000002c246ebd630 flushing  nmethod 0x000002c234731110
Event: 39.962 Thread 0x000002c246ebd630 flushing  nmethod 0x000002c234754890
Event: 39.962 Thread 0x000002c246ebd630 flushing  nmethod 0x000002c234764f90
Event: 39.962 Thread 0x000002c246ebd630 flushing  nmethod 0x000002c234770010
Event: 39.962 Thread 0x000002c246ebd630 flushing  nmethod 0x000002c23479f790
Event: 39.962 Thread 0x000002c246ebd630 flushing  nmethod 0x000002c2347a0990
Event: 39.963 Thread 0x000002c246ebd630 flushing  nmethod 0x000002c2347f4090
Event: 39.964 Thread 0x000002c246ebd630 flushing  nmethod 0x000002c234842290
Event: 39.965 Thread 0x000002c246ebd630 flushing  nmethod 0x000002c2348be010
Event: 39.965 Thread 0x000002c246ebd630 flushing  nmethod 0x000002c2348dd210
Event: 39.965 Thread 0x000002c246ebd630 flushing  nmethod 0x000002c234902290
Event: 39.967 Thread 0x000002c246ebd630 flushing  nmethod 0x000002c2349c9690
Event: 39.967 Thread 0x000002c246ebd630 flushing  nmethod 0x000002c234a0b890
Event: 39.967 Thread 0x000002c246ebd630 flushing  nmethod 0x000002c234a24e10
Event: 39.967 Thread 0x000002c246ebd630 flushing  nmethod 0x000002c234a49490
Event: 39.970 Thread 0x000002c246ebd630 flushing  nmethod 0x000002c234bf7a10
Event: 39.972 Thread 0x000002c246ebd630 flushing  nmethod 0x000002c234cf1290
Event: 39.972 Thread 0x000002c246ebd630 flushing  nmethod 0x000002c234cf3b90
Event: 39.973 Thread 0x000002c246ebd630 flushing  nmethod 0x000002c234e37690

Events (20 events):
Event: 38.892 Thread 0x000002c25b442930 Thread added: 0x000002c26802cea0
Event: 38.893 Thread 0x000002c25b442930 Thread added: 0x000002c26802a110
Event: 38.893 Thread 0x000002c25b442930 Thread added: 0x000002c2680296f0
Event: 38.894 Thread 0x000002c25b442930 Thread added: 0x000002c26802d3b0
Event: 38.894 Thread 0x000002c25b442930 Thread added: 0x000002c268029c00
Event: 38.894 Thread 0x000002c25b442930 Thread added: 0x000002c26802d8c0
Event: 38.895 Thread 0x000002c25b442930 Thread added: 0x000002c26802ddd0
Event: 38.901 Thread 0x000002c25b442930 Thread added: 0x000002c26802a620
Event: 38.902 Thread 0x000002c25b442930 Thread added: 0x000002c26802e7f0
Event: 38.902 Thread 0x000002c25b442930 Thread added: 0x000002c268030b60
Event: 38.903 Thread 0x000002c25b442930 Thread added: 0x000002c26802fc30
Event: 38.904 Thread 0x000002c25b442930 Thread added: 0x000002c26802ed00
Event: 38.905 Thread 0x000002c25b442930 Thread added: 0x000002c268030650
Event: 38.906 Thread 0x000002c25b442930 Thread added: 0x000002c26802e2e0
Event: 38.906 Thread 0x000002c25b442930 Thread added: 0x000002c26802f210
Event: 38.907 Thread 0x000002c25b442930 Thread added: 0x000002c26802f720
Event: 38.907 Thread 0x000002c25b442930 Thread added: 0x000002c268030140
Event: 38.908 Thread 0x000002c25b442930 Thread added: 0x000002c25ac59260
Event: 39.420 Thread 0x000002c25b442930 Thread added: 0x000002c25ac59c80
Event: 39.420 Thread 0x000002c25b442930 Thread added: 0x000002c25ac57400


Dynamic libraries:
0x00007ff715ec0000 - 0x00007ff715ece000 	C:\Program Files\Eclipse Adoptium\jdk-17.0.18.8-hotspot\bin\java.exe
0x00007ffa85c80000 - 0x00007ffa85ee7000 	C:\Windows\SYSTEM32\ntdll.dll
0x00007ffa84aa0000 - 0x00007ffa84b69000 	C:\Windows\System32\KERNEL32.DLL
0x00007ffa826b0000 - 0x00007ffa82aa7000 	C:\Windows\System32\KERNELBASE.dll
0x00007ffa82cc0000 - 0x00007ffa82e0b000 	C:\Windows\System32\ucrtbase.dll
0x00007ffa7d480000 - 0x00007ffa7d498000 	C:\Program Files\Eclipse Adoptium\jdk-17.0.18.8-hotspot\bin\jli.dll
0x00007ffa7d460000 - 0x00007ffa7d47e000 	C:\Program Files\Eclipse Adoptium\jdk-17.0.18.8-hotspot\bin\VCRUNTIME140.dll
0x00007ffa856e0000 - 0x00007ffa858a6000 	C:\Windows\System32\USER32.dll
0x00007ffa82b60000 - 0x00007ffa82b87000 	C:\Windows\System32\win32u.dll
0x00007ffa840a0000 - 0x00007ffa840cb000 	C:\Windows\System32\GDI32.dll
0x00007ffa65dc0000 - 0x00007ffa66052000 	C:\Windows\WinSxS\amd64_microsoft.windows.common-controls_6595b64144ccf1df_6.0.26100.8328_none_3e08182ce334b678\COMCTL32.dll
0x00007ffa82b90000 - 0x00007ffa82cbc000 	C:\Windows\System32\gdi32full.dll
0x00007ffa85010000 - 0x00007ffa850b9000 	C:\Windows\System32\msvcrt.dll
0x00007ffa82ab0000 - 0x00007ffa82b53000 	C:\Windows\System32\msvcp_win.dll
0x00007ffa850c0000 - 0x00007ffa850f2000 	C:\Windows\System32\IMM32.DLL
0x00007ffa7d450000 - 0x00007ffa7d45c000 	C:\Program Files\Eclipse Adoptium\jdk-17.0.18.8-hotspot\bin\vcruntime140_1.dll
0x00007ffa34d70000 - 0x00007ffa34dfd000 	C:\Program Files\Eclipse Adoptium\jdk-17.0.18.8-hotspot\bin\msvcp140.dll
0x00007ff9fd0e0000 - 0x00007ff9fdd4b000 	C:\Program Files\Eclipse Adoptium\jdk-17.0.18.8-hotspot\bin\server\jvm.dll
0x00007ffa85a90000 - 0x00007ffa85b46000 	C:\Windows\System32\ADVAPI32.dll
0x00007ffa83e90000 - 0x00007ffa83f37000 	C:\Windows\System32\sechost.dll
0x00007ffa85950000 - 0x00007ffa85a68000 	C:\Windows\System32\RPCRT4.dll
0x00007ffa84d00000 - 0x00007ffa84d80000 	C:\Windows\System32\WS2_32.dll
0x00007ffa82530000 - 0x00007ffa8258e000 	C:\Windows\SYSTEM32\POWRPROF.dll
0x00007ffa6efc0000 - 0x00007ffa6efcb000 	C:\Windows\SYSTEM32\VERSION.dll
0x00007ffa7d9f0000 - 0x00007ffa7da26000 	C:\Windows\SYSTEM32\WINMM.dll
0x00007ffa824f0000 - 0x00007ffa82504000 	C:\Windows\SYSTEM32\UMPDC.dll
0x00007ffa81440000 - 0x00007ffa8145b000 	C:\Windows\SYSTEM32\kernel.appcore.dll
0x00007ffa7d440000 - 0x00007ffa7d44a000 	C:\Program Files\Eclipse Adoptium\jdk-17.0.18.8-hotspot\bin\jimage.dll
0x00007ffa804e0000 - 0x00007ffa80722000 	C:\Windows\SYSTEM32\DBGHELP.DLL
0x00007ffa85170000 - 0x00007ffa854f3000 	C:\Windows\System32\combase.dll
0x00007ffa85500000 - 0x00007ffa855d9000 	C:\Windows\System32\OLEAUT32.dll
0x00007ffa64f70000 - 0x00007ffa64fab000 	C:\Windows\SYSTEM32\dbgcore.DLL
0x00007ffa82ed0000 - 0x00007ffa82f78000 	C:\Windows\System32\bcryptPrimitives.dll
0x00007ffa7d430000 - 0x00007ffa7d43e000 	C:\Program Files\Eclipse Adoptium\jdk-17.0.18.8-hotspot\bin\instrument.dll
0x00007ffa6cb50000 - 0x00007ffa6cb75000 	C:\Program Files\Eclipse Adoptium\jdk-17.0.18.8-hotspot\bin\java.dll
0x00007ffa21610000 - 0x00007ffa216e7000 	C:\Program Files\Eclipse Adoptium\jdk-17.0.18.8-hotspot\bin\jsvml.dll
0x00007ffa84140000 - 0x00007ffa848ae000 	C:\Windows\System32\SHELL32.dll
0x00007ffa83190000 - 0x00007ffa839fc000 	C:\Windows\System32\windows.storage.dll
0x00007ffa84c00000 - 0x00007ffa84cf6000 	C:\Windows\System32\SHCORE.dll
0x00007ffa840d0000 - 0x00007ffa84136000 	C:\Windows\System32\shlwapi.dll
0x00007ffa825d0000 - 0x00007ffa825f9000 	C:\Windows\SYSTEM32\profapi.dll
0x00007ffa6c6f0000 - 0x00007ffa6c708000 	C:\Program Files\Eclipse Adoptium\jdk-17.0.18.8-hotspot\bin\zip.dll
0x00007ffa6c6d0000 - 0x00007ffa6c6ea000 	C:\Program Files\Eclipse Adoptium\jdk-17.0.18.8-hotspot\bin\net.dll
0x00007ffa7b0f0000 - 0x00007ffa7b219000 	C:\Windows\SYSTEM32\WINHTTP.dll
0x00007ffa819b0000 - 0x00007ffa81a1c000 	C:\Windows\system32\mswsock.dll
0x00007ffa48ce0000 - 0x00007ffa48cf6000 	C:\Program Files\Eclipse Adoptium\jdk-17.0.18.8-hotspot\bin\nio.dll
0x00007ffa7d420000 - 0x00007ffa7d430000 	C:\Program Files\Eclipse Adoptium\jdk-17.0.18.8-hotspot\bin\verify.dll
0x00007ffa6d130000 - 0x00007ffa6d157000 	C:\Users\Nandhitha_R\.gradle\native\1def1411415f61bf3af743bc5b6707747c0891f09f0c88961ee8f79bc544acac\windows-amd64\native-platform.dll
0x00007ffa30a30000 - 0x00007ffa30aa7000 	C:\Users\Nandhitha_R\.gradle\native\0.2.8\x86_64-windows-gnu\gradle-fileevents.dll
0x00007ffa7d150000 - 0x00007ffa7d15a000 	C:\Program Files\Eclipse Adoptium\jdk-17.0.18.8-hotspot\bin\management.dll
0x00007ffa711a0000 - 0x00007ffa711ac000 	C:\Program Files\Eclipse Adoptium\jdk-17.0.18.8-hotspot\bin\management_ext.dll
0x00007ffa85160000 - 0x00007ffa85168000 	C:\Windows\System32\PSAPI.DLL
0x00007ffa80e60000 - 0x00007ffa80e92000 	C:\Windows\SYSTEM32\IPHLPAPI.DLL
0x00007ffa85100000 - 0x00007ffa8510a000 	C:\Windows\System32\NSI.dll
0x00007ffa7c470000 - 0x00007ffa7c48d000 	C:\Windows\SYSTEM32\dhcpcsvc6.DLL
0x00007ffa7c430000 - 0x00007ffa7c455000 	C:\Windows\SYSTEM32\dhcpcsvc.DLL
0x00007ffa80f00000 - 0x00007ffa81032000 	C:\Windows\SYSTEM32\DNSAPI.dll
0x00007ffa70fb0000 - 0x00007ffa70fb9000 	C:\Program Files\Eclipse Adoptium\jdk-17.0.18.8-hotspot\bin\extnet.dll
0x00007ffa81c90000 - 0x00007ffa81cab000 	C:\Windows\SYSTEM32\CRYPTSP.dll
0x00007ffa813a0000 - 0x00007ffa813d9000 	C:\Windows\system32\rsaenh.dll
0x00007ffa81a60000 - 0x00007ffa81a93000 	C:\Windows\SYSTEM32\USERENV.dll
0x00007ffa825a0000 - 0x00007ffa825ca000 	C:\Windows\SYSTEM32\bcrypt.dll
0x00007ffa81cb0000 - 0x00007ffa81cbc000 	C:\Windows\SYSTEM32\CRYPTBASE.dll
0x00007ffa70d00000 - 0x00007ffa70d0e000 	C:\Program Files\Eclipse Adoptium\jdk-17.0.18.8-hotspot\bin\sunmscapi.dll
0x00007ffa82f80000 - 0x00007ffa830f8000 	C:\Windows\System32\CRYPT32.dll
0x00007ffa81eb0000 - 0x00007ffa81ee0000 	C:\Windows\SYSTEM32\ncrypt.dll
0x00007ffa81e60000 - 0x00007ffa81e9f000 	C:\Windows\SYSTEM32\NTASN1.dll
0x00007ffa518c0000 - 0x00007ffa518c8000 	C:\Windows\system32\wshunix.dll
0x00007ffa81560000 - 0x00007ffa81596000 	C:\Windows\SYSTEM32\ntmarta.dll

dbghelp: loaded successfully - version: 4.0.5 - missing functions: none
symbol engine: initialized successfully - sym options: 0x614 - pdb path: .;C:\Program Files\Eclipse Adoptium\jdk-17.0.18.8-hotspot\bin;C:\Windows\SYSTEM32;C:\Windows\WinSxS\amd64_microsoft.windows.common-controls_6595b64144ccf1df_6.0.26100.8328_none_3e08182ce334b678;C:\Program Files\Eclipse Adoptium\jdk-17.0.18.8-hotspot\bin\server;C:\Users\Nandhitha_R\.gradle\native\1def1411415f61bf3af743bc5b6707747c0891f09f0c88961ee8f79bc544acac\windows-amd64;C:\Users\Nandhitha_R\.gradle\native\0.2.8\x86_64-windows-gnu

VM Arguments:
jvm_args: --add-opens=java.base/java.lang=ALL-UNNAMED --add-opens=java.base/java.lang.invoke=ALL-UNNAMED --add-opens=java.base/java.util=ALL-UNNAMED --add-opens=java.prefs/java.util.prefs=ALL-UNNAMED --add-exports=jdk.compiler/com.sun.tools.javac.api=ALL-UNNAMED --add-exports=jdk.compiler/com.sun.tools.javac.util=ALL-UNNAMED --add-opens=java.base/java.util=ALL-UNNAMED --add-opens=java.prefs/java.util.prefs=ALL-UNNAMED --add-opens=java.base/java.nio.charset=ALL-UNNAMED --add-opens=java.base/java.net=ALL-UNNAMED --add-opens=java.base/java.util.concurrent=ALL-UNNAMED --add-opens=java.base/java.util.concurrent.atomic=ALL-UNNAMED --add-opens=java.xml/javax.xml.namespace=ALL-UNNAMED -XX:MaxMetaspaceSize=256m -XX:+HeapDumpOnOutOfMemoryError -XX:-UseParallelGC -Xmx768m -Dfile.encoding=UTF-8 -Duser.country=IN -Duser.language=en -Duser.variant -javaagent:C:\Users\Nandhitha_R\.gradle\wrapper\dists\gradle-9.0.0-bin\d6wjpkvcgsg3oed0qlfss3wgl\gradle-9.0.0\lib\agents\gradle-instrumentation-agent-9.0.0.jar 
java_command: org.gradle.launcher.daemon.bootstrap.GradleDaemon 9.0.0
java_class_path (initial): C:\Users\Nandhitha_R\.gradle\wrapper\dists\gradle-9.0.0-bin\d6wjpkvcgsg3oed0qlfss3wgl\gradle-9.0.0\lib\gradle-daemon-main-9.0.0.jar
Launcher Type: SUN_STANDARD

[Global flags]
     intx CICompilerCount                          = 4                                         {product} {ergonomic}
   size_t CompressedClassSpaceSize                 = 218103808                                 {product} {ergonomic}
     uint ConcGCThreads                            = 3                                         {product} {ergonomic}
     uint G1ConcRefinementThreads                  = 10                                        {product} {ergonomic}
   size_t G1HeapRegionSize                         = 1048576                                   {product} {ergonomic}
    uintx GCDrainStackTargetSize                   = 64                                        {product} {ergonomic}
     bool HeapDumpOnOutOfMemoryError               = true                                   {manageable} {command line}
   size_t InitialHeapSize                          = 264241152                                 {product} {ergonomic}
   size_t MarkStackSize                            = 4194304                                   {product} {ergonomic}
   size_t MaxHeapSize                              = 805306368                                 {product} {command line}
   size_t MaxMetaspaceSize                         = 268435456                                 {product} {command line}
   size_t MaxNewSize                               = 482344960                                 {product} {ergonomic}
   size_t MinHeapDeltaBytes                        = 1048576                                   {product} {ergonomic}
   size_t MinHeapSize                              = 8388608                                   {product} {ergonomic}
    uintx NonNMethodCodeHeapSize                   = 5839372                                {pd product} {ergonomic}
    uintx NonProfiledCodeHeapSize                  = 122909434                              {pd product} {ergonomic}
    uintx ProfiledCodeHeapSize                     = 122909434                              {pd product} {ergonomic}
    uintx ReservedCodeCacheSize                    = 251658240                              {pd product} {ergonomic}
     bool SegmentedCodeCache                       = true                                      {product} {ergonomic}
   size_t SoftMaxHeapSize                          = 805306368                              {manageable} {ergonomic}
     bool UseCompressedClassPointers               = true                           {product lp64_product} {ergonomic}
     bool UseCompressedOops                        = true                           {product lp64_product} {ergonomic}
     bool UseG1GC                                  = true                                      {product} {ergonomic}
     bool UseLargePagesIndividualAllocation        = false                                  {pd product} {ergonomic}
     bool UseParallelGC                            = false                                     {product} {command line}

Logging:
Log output configuration:
 #0: stdout all=warning uptime,level,tags
 #1: stderr all=off uptime,level,tags

Environment Variables:
JAVA_HOME=C:\Program Files\Eclipse Adoptium\jdk-17.0.18.8-hotspot
PATH=C:\Program Files\Python312\Scripts\;C:\Program Files\Python312\;C:\Windows\System32;C:\Program Files\Git\cmd;C:\Program Files\Eclipse Adoptium\jdk-17.0.18.8-hotspot\bin;C:\Program Files\nodejs\;C:\Users\Nandhitha_R\AppData\Local\Android\Sdk\platform-tools;C:\Users\Nandhitha_R\AppData\Local\Android\Sdk\emulator;C:\Program Files\Eclipse Adoptium\jdk-17.0.18.8-hotspot\bin;C:\Users\Nandhitha_R\AppData\Local\Programs\Python\Python312;C:\Program Files\MongoDB\Server\7.0\bin;C:\Users\Nandhitha_R\AppData\Local\Programs\Python\Launcher\;C:\Users\Nandhitha_R\AppData\Roaming\npm;C:\Users\Nandhitha_R\AppData\Local\Programs\Microsoft VS Code\bin;D:\Program Files\Antigravity\bin
USERNAME=Nandhitha_R
OS=Windows_NT
PROCESSOR_IDENTIFIER=Intel64 Family 6 Model 154 Stepping 4, GenuineIntel
TMP=C:\Users\NANDHI~1\AppData\Local\Temp
TEMP=C:\Users\NANDHI~1\AppData\Local\Temp



Periodic native trim disabled


---------------  S Y S T E M  ---------------

OS:
 Windows 11 , 64 bit Build 26100 (10.0.26100.8328)
OS uptime: 0 days 5:46 hours
Hyper-V role detected

CPU: total 12 (initial active 12) (6 cores per cpu, 2 threads per core) family 6 model 154 stepping 4 microcode 0x43b, cx8, cmov, fxsr, ht, mmx, 3dnowpref, sse, sse2, sse3, ssse3, sse4.1, sse4.2, popcnt, lzcnt, tsc, tscinvbit, avx, avx2, aes, erms, clmul, bmi1, bmi2, adx, sha, fma, vzeroupper, clflush, clflushopt, clwb, hv
Processor Information for all 12 processors :
  Max Mhz: 1300, Current Mhz: 1300, Mhz Limit: 1300

Memory: 4k page, system-wide physical 16068M (1376M free)
TotalPageFile size 21365M (AvailPageFile size 21M)
current process WorkingSet (physical memory assigned to process): 781M, peak: 792M
current process commit charge ("private bytes"): 833M, peak: 842M

vm_info: OpenJDK 64-Bit Server VM (17.0.18+8) for windows-amd64 JRE (17.0.18+8), built on Jan 20 2026 22:28:22 by "admin" with MS VC++ 17.12 (VS2022)

END.
