#
# There is insufficient memory for the Java Runtime Environment to continue.
# Native memory allocation (mmap) failed to map 33554432 bytes. Error detail: G1 virtual space
# Possible reasons:
#   The system is out of physical RAM or swap space
#   This process is running with CompressedOops enabled, and the Java Heap may be blocking the growth of the native heap
# Possible solutions:
#   Reduce memory load on the system
#   Increase physical memory or swap space
#   Check if swap backing store is full
#   Decrease Java heap size (-Xmx/-Xms)
#   Decrease number of Java threads
#   Decrease Java thread stack sizes (-Xss)
#   Set larger code cache with -XX:ReservedCodeCacheSize=
#   JVM is running with Zero Based Compressed Oops mode in which the Java heap is
#     placed in the first 32GB address space. The Java Heap base address is the
#     maximum limit for the native heap growth. Please use -XX:HeapBaseMinAddress
#     to set the Java Heap base and to place the Java Heap above 32GB virtual address.
# This output file may be truncated or incomplete.
#
#  Out of Memory Error (os_windows.cpp:3714), pid=19904, tid=7064
#
# JRE version: OpenJDK Runtime Environment Temurin-21.0.10+7 (21.0.10+7) (build 21.0.10+7-LTS)
# Java VM: OpenJDK 64-Bit Server VM Temurin-21.0.10+7 (21.0.10+7-LTS, mixed mode, sharing, tiered, compressed oops, compressed class ptrs, g1 gc, windows-amd64)
# No core dump will be written. Minidumps are not enabled by default on client versions of Windows
#

---------------  S U M M A R Y ------------

Command Line: --add-opens=java.base/java.lang=ALL-UNNAMED --add-opens=java.base/java.lang.invoke=ALL-UNNAMED --add-opens=java.base/java.util=ALL-UNNAMED --add-opens=java.prefs/java.util.prefs=ALL-UNNAMED --add-exports=jdk.compiler/com.sun.tools.javac.api=ALL-UNNAMED --add-exports=jdk.compiler/com.sun.tools.javac.util=ALL-UNNAMED --add-opens=java.base/java.util=ALL-UNNAMED --add-opens=java.prefs/java.util.prefs=ALL-UNNAMED --add-opens=java.base/java.nio.charset=ALL-UNNAMED --add-opens=java.base/java.net=ALL-UNNAMED --add-opens=java.base/java.util.concurrent=ALL-UNNAMED --add-opens=java.base/java.util.concurrent.atomic=ALL-UNNAMED --add-opens=java.xml/javax.xml.namespace=ALL-UNNAMED -XX:MaxMetaspaceSize=1024m -XX:+HeapDumpOnOutOfMemoryError -XX:-UseParallelGC -Xmx4096m -Dfile.encoding=UTF-8 -Duser.country=IN -Duser.language=en -Duser.variant -javaagent:C:\Users\Nandhitha_R\.gradle\wrapper\dists\gradle-9.0.0-bin\d6wjpkvcgsg3oed0qlfss3wgl\gradle-9.0.0\lib\agents\gradle-instrumentation-agent-9.0.0.jar org.gradle.launcher.daemon.bootstrap.GradleDaemon 9.0.0

Host: 12th Gen Intel(R) Core(TM) i5-1235U, 12 cores, 15G,  Windows 11 , 64 bit Build 26100 (10.0.26100.8328)
Time: Thu May  7 14:25:32 2026 India Standard Time elapsed time: 32.862379 seconds (0d 0h 0m 32s)

---------------  T H R E A D  ---------------

Current thread (0x000001e42dfec000):  VMThread "VM Thread"          [id=7064, stack(0x00000041d2000000,0x00000041d2100000) (1024K)]

Stack: [0x00000041d2000000,0x00000041d2100000]
Native frames: (J=compiled Java code, j=interpreted, Vv=VM code, C=native code)
V  [jvm.dll+0x6d7a39]
V  [jvm.dll+0x8b4b26]
V  [jvm.dll+0x8b70de]
V  [jvm.dll+0x8b77c3]
V  [jvm.dll+0x284346]
V  [jvm.dll+0x6d4355]
V  [jvm.dll+0x6c808a]
V  [jvm.dll+0x35edb8]
V  [jvm.dll+0x3669f6]
V  [jvm.dll+0x3b7afe]
V  [jvm.dll+0x3b7da8]
V  [jvm.dll+0x332fbc]
V  [jvm.dll+0x333047]
V  [jvm.dll+0x376e1c]
V  [jvm.dll+0x3755be]
V  [jvm.dll+0x332701]
V  [jvm.dll+0x374c2a]
V  [jvm.dll+0x8bd4b0]
V  [jvm.dll+0x8be824]
V  [jvm.dll+0x8bed50]
V  [jvm.dll+0x8beff3]
V  [jvm.dll+0x85f59d]
V  [jvm.dll+0x6d626d]
C  [ucrtbase.dll+0x37b0]
C  [KERNEL32.DLL+0x2e957]
C  [ntdll.dll+0x427c]

VM_Operation (0x00000041d3cf7230): G1CollectForAllocation, mode: safepoint, requested by thread 0x000001e46982cbf0


---------------  P R O C E S S  ---------------

Threads class SMR info:
_java_thread_list=0x000001e469c40710, length=198, elements={
0x000001e4144a0f20, 0x000001e42e00bb50, 0x000001e42e00c5b0, 0x000001e42e00f380,
0x000001e42e00ff10, 0x000001e42e012ec0, 0x000001e42e01d230, 0x000001e42e8c2640,
0x000001e42e8c65e0, 0x000001e42ec0f440, 0x000001e42eb06480, 0x000001e4691f7020,
0x000001e468dfd6d0, 0x000001e4696e6ce0, 0x000001e468a2c090, 0x000001e4697c3490,
0x000001e469850ce0, 0x000001e46982cbf0, 0x000001e469877180, 0x000001e4698750b0,
0x000001e469875740, 0x000001e469874390, 0x000001e469876af0, 0x000001e469875dd0,
0x000001e46d88ecc0, 0x000001e46d890700, 0x000001e46d890d90, 0x000001e46d8927d0,
0x000001e46d891ab0, 0x000001e46d88f350, 0x000001e46d892140, 0x000001e46d891420,
0x000001e46d892e60, 0x000001e46d88f9e0, 0x000001e46d8955c0, 0x000001e46d8934f0,
0x000001e46d8948a0, 0x000001e46d895c50, 0x000001e46d894f30, 0x000001e469ef0120,
0x000001e469eed330, 0x000001e469ef07b0, 0x000001e469eef400, 0x000001e469eefa90,
0x000001e46c1fdf00, 0x000001e46c1fcb50, 0x000001e46c1fffd0, 0x000001e46c200660,
0x000001e46c1fd1e0, 0x000001e46c1fec20, 0x000001e46c1ff2b0, 0x000001e46c1ff940,
0x000001e46c1fd870, 0x000001e46c200cf0, 0x000001e46c201380, 0x000001e46c201a10,
0x000001e46c1fe590, 0x000001e46c203450, 0x000001e46c203ae0, 0x000001e46c202730,
0x000001e46c202dc0, 0x000001e46c204170, 0x000001e46c2020a0, 0x000001e46e234b80,
0x000001e46e235210, 0x000001e46e2365c0, 0x000001e46e236c50, 0x000001e46e2337d0,
0x000001e46e2372e0, 0x000001e46e2358a0, 0x000001e46e235f30, 0x000001e46e233e60,
0x000001e46e2344f0, 0x000001e46e2393b0, 0x000001e46e239a40, 0x000001e46be7fdc0,
0x000001e46be80450, 0x000001e46be81800, 0x000001e46e238000, 0x000001e46e238d20,
0x000001e46f526200, 0x000001e46f522d80, 0x000001e46f523aa0, 0x000001e46f5254e0,
0x000001e46f523410, 0x000001e46f5247c0, 0x000001e46f524130, 0x000001e46f526890,
0x000001e46f5275b0, 0x000001e46f527c40, 0x000001e46f526f20, 0x000001e46f525b70,
0x000001e46f5282d0, 0x000001e46f524e50, 0x000001e46f528960, 0x000001e46f52a3a0,
0x000001e46f528ff0, 0x000001e46f529d10, 0x000001e46f529680, 0x000001e46c6763d0,
0x000001e46c6770f0, 0x000001e46c674300, 0x000001e46c676a60, 0x000001e46c673c70,
0x000001e46c674990, 0x000001e46c675020, 0x000001e46c6756b0, 0x000001e46c675d40,
0x000001e46be9a460, 0x000001e46be9aaf0, 0x000001e46be99dd0, 0x000001e46be99740,
0x000001e46be97d00, 0x000001e46be9b810, 0x000001e46be98a20, 0x000001e46be9b180,
0x000001e46be990b0, 0x000001e46be98390, 0x000001e46be9f320, 0x000001e46be9bea0,
0x000001e46be9d250, 0x000001e46be9d8e0, 0x000001e46be9ec90, 0x000001e46be9e600,
0x000001e46be9c530, 0x000001e46be9cbc0, 0x000001e46be9df70, 0x000001e46ad9f0f0,
0x000001e46ad9dd40, 0x000001e46ada04a0, 0x000001e46ad9fe10, 0x000001e46ad9f780,
0x000001e46ad9ea60, 0x000001e46ad9d020, 0x000001e46ada0b30, 0x000001e46ad9d6b0,
0x000001e46ada1ee0, 0x000001e46ada3920, 0x000001e46ada11c0, 0x000001e46ada3fb0,
0x000001e46ada4640, 0x000001e46ada1850, 0x000001e46ada2570, 0x000001e46ada2c00,
0x000001e46ada3290, 0x000001e46be866c0, 0x000001e46be85310, 0x000001e46be859a0,
0x000001e46be86d50, 0x000001e46be873e0, 0x000001e46e238690, 0x000001e46e23a0d0,
0x000001e46e23adf0, 0x000001e46c699f60, 0x000001e46c69ac80, 0x000001e46c69a5f0,
0x000001e46c6998d0, 0x000001e46c698520, 0x000001e46c69c030, 0x000001e46c699240,
0x000001e46c69b310, 0x000001e46c69b9a0, 0x000001e46c698bb0, 0x000001e46c69da70,
0x000001e46c69cd50, 0x000001e46c69e100, 0x000001e46c69d3e0, 0x000001e46c69ee20,
0x000001e46c69f4b0, 0x000001e46c69e790, 0x000001e46c69fb40, 0x000001e46c69c6c0,
0x000001e469ff9d40, 0x000001e469ffa3d0, 0x000001e469ffcb30, 0x000001e469ff96b0,
0x000001e469ffaa60, 0x000001e469ffbe10, 0x000001e469ffd850, 0x000001e469ffc4a0,
0x000001e46a003ac0, 0x000001e46a005500, 0x000001e46a005b90, 0x000001e46a0068b0,
0x000001e46a0047e0, 0x000001e46a004e70, 0x000001e46a003430, 0x000001e46a006f40,
0x000001e469ffec00, 0x000001e469ffb780, 0x000001e469fff290, 0x000001e46a001360,
0x000001e46a004150, 0x000001e46d4a7cf0, 0x000001e46d66e610, 0x000001e46d672e40,
0x000001e46d6755a0, 0x000001e46a000cd0
}

Java Threads: ( => current thread )
  0x000001e4144a0f20 JavaThread "main"                              [_thread_blocked, id=16396, stack(0x00000041d1900000,0x00000041d1a00000) (1024K)]
  0x000001e42e00bb50 JavaThread "Reference Handler"          daemon [_thread_blocked, id=13748, stack(0x00000041d2100000,0x00000041d2200000) (1024K)]
  0x000001e42e00c5b0 JavaThread "Finalizer"                  daemon [_thread_blocked, id=11904, stack(0x00000041d2200000,0x00000041d2300000) (1024K)]
  0x000001e42e00f380 JavaThread "Signal Dispatcher"          daemon [_thread_blocked, id=3872, stack(0x00000041d2300000,0x00000041d2400000) (1024K)]
  0x000001e42e00ff10 JavaThread "Attach Listener"            daemon [_thread_blocked, id=23172, stack(0x00000041d2400000,0x00000041d2500000) (1024K)]
  0x000001e42e012ec0 JavaThread "Service Thread"             daemon [_thread_blocked, id=23576, stack(0x00000041d2500000,0x00000041d2600000) (1024K)]
  0x000001e42e01d230 JavaThread "Monitor Deflation Thread"   daemon [_thread_blocked, id=10704, stack(0x00000041d2600000,0x00000041d2700000) (1024K)]
  0x000001e42e8c2640 JavaThread "C2 CompilerThread0"         daemon [_thread_blocked, id=4588, stack(0x00000041d2700000,0x00000041d2800000) (1024K)]
  0x000001e42e8c65e0 JavaThread "C1 CompilerThread0"         daemon [_thread_blocked, id=12356, stack(0x00000041d2800000,0x00000041d2900000) (1024K)]
  0x000001e42ec0f440 JavaThread "Common-Cleaner"             daemon [_thread_blocked, id=23912, stack(0x00000041d2900000,0x00000041d2a00000) (1024K)]
  0x000001e42eb06480 JavaThread "Notification Thread"        daemon [_thread_blocked, id=12968, stack(0x00000041d2a00000,0x00000041d2b00000) (1024K)]
  0x000001e4691f7020 JavaThread "Daemon health stats"               [_thread_blocked, id=23328, stack(0x00000041d3200000,0x00000041d3300000) (1024K)]
  0x000001e468dfd6d0 JavaThread "Incoming local TCP Connector on port 51786"        [_thread_in_native, id=21868, stack(0x00000041d3300000,0x00000041d3400000) (1024K)]
  0x000001e4696e6ce0 JavaThread "Daemon periodic checks"            [_thread_blocked, id=4476, stack(0x00000041d3400000,0x00000041d3500000) (1024K)]
  0x000001e468a2c090 JavaThread "Daemon"                            [_thread_blocked, id=24128, stack(0x00000041d3500000,0x00000041d3600000) (1024K)]
  0x000001e4697c3490 JavaThread "Handler for socket connection from /127.0.0.1:51786 to /127.0.0.1:51787"        [_thread_in_native, id=9276, stack(0x00000041d3600000,0x00000041d3700000) (1024K)]
  0x000001e469850ce0 JavaThread "Cancel handler"                    [_thread_blocked, id=1292, stack(0x00000041d3b00000,0x00000041d3c00000) (1024K)]
  0x000001e46982cbf0 JavaThread "Daemon worker"                     [_thread_blocked, id=9804, stack(0x00000041d3c00000,0x00000041d3d00000) (1024K)]
  0x000001e469877180 JavaThread "Asynchronous log dispatcher for DefaultDaemonConnection: socket connection from /127.0.0.1:51786 to /127.0.0.1:51787"        [_thread_blocked, id=5620, stack(0x00000041d3d00000,0x00000041d3e00000) (1024K)]
  0x000001e4698750b0 JavaThread "Stdin handler"                     [_thread_blocked, id=21640, stack(0x00000041d3e00000,0x00000041d3f00000) (1024K)]
  0x000001e469875740 JavaThread "Daemon client event forwarder"        [_thread_blocked, id=20580, stack(0x00000041d3f00000,0x00000041d4000000) (1024K)]
  0x000001e469874390 JavaThread "Cache worker for journal cache (C:\Users\Nandhitha_R\.gradle\caches\journal-1)"        [_thread_blocked, id=10688, stack(0x00000041d4000000,0x00000041d4100000) (1024K)]
  0x000001e469876af0 JavaThread "File lock request listener"        [_thread_in_native, id=23440, stack(0x00000041d4100000,0x00000041d4200000) (1024K)]
  0x000001e469875dd0 JavaThread "Cache worker for file hash cache (C:\Users\Nandhitha_R\.gradle\caches\9.0.0\fileHashes)"        [_thread_blocked, id=18636, stack(0x00000041d4200000,0x00000041d4300000) (1024K)]
  0x000001e46d88ecc0 JavaThread "Cache worker for file hash cache (D:\apps\caltims mobile app\frontend\android\.gradle\9.0.0\fileHashes)"        [_thread_blocked, id=2272, stack(0x00000041d4500000,0x00000041d4600000) (1024K)]
  0x000001e46d890700 JavaThread "Cache worker for Build Output Cleanup Cache (D:\apps\caltims mobile app\frontend\android\.gradle\buildOutputCleanup)"        [_thread_blocked, id=20452, stack(0x00000041d4600000,0x00000041d4700000) (1024K)]
  0x000001e46d890d90 JavaThread "File watcher server"        daemon [_thread_in_native, id=9692, stack(0x00000041d4700000,0x00000041d4800000) (1024K)]
  0x000001e46d8927d0 JavaThread "File watcher consumer"      daemon [_thread_blocked, id=23428, stack(0x00000041d4800000,0x00000041d4900000) (1024K)]
  0x000001e46d891ab0 JavaThread "Cache worker for checksums cache (D:\apps\caltims mobile app\frontend\android\.gradle\9.0.0\checksums)"        [_thread_blocked, id=20680, stack(0x00000041d4900000,0x00000041d4a00000) (1024K)]
  0x000001e46d88f350 JavaThread "Cache worker for file content cache (C:\Users\Nandhitha_R\.gradle\caches\9.0.0\fileContent)"        [_thread_blocked, id=24396, stack(0x00000041d4a00000,0x00000041d4b00000) (1024K)]
  0x000001e46d892140 JavaThread "Cache worker for cache directory md-supplier (C:\Users\Nandhitha_R\.gradle\caches\9.0.0\md-supplier)"        [_thread_blocked, id=10700, stack(0x00000041d4b00000,0x00000041d4c00000) (1024K)]
  0x000001e46d891420 JavaThread "Cache worker for cache directory md-rule (C:\Users\Nandhitha_R\.gradle\caches\9.0.0\md-rule)"        [_thread_blocked, id=3848, stack(0x00000041d4c00000,0x00000041d4d00000) (1024K)]
  0x000001e46d892e60 JavaThread "jar transforms"                    [_thread_blocked, id=16480, stack(0x00000041d4d00000,0x00000041d4e00000) (1024K)]
  0x000001e46d88f9e0 JavaThread "jar transforms Thread 2"           [_thread_blocked, id=19760, stack(0x00000041d4e00000,0x00000041d4f00000) (1024K)]
  0x000001e46d8955c0 JavaThread "jar transforms Thread 3"           [_thread_blocked, id=12376, stack(0x00000041d4f00000,0x00000041d5000000) (1024K)]
  0x000001e46d8934f0 JavaThread "Cache worker for Build Output Cleanup Cache (D:\apps\caltims mobile app\frontend\node_modules\@react-native\gradle-plugin\.gradle\buildOutputCleanup)"        [_thread_blocked, id=23388, stack(0x00000041d5000000,0x00000041d5100000) (1024K)]
  0x000001e46d8948a0 JavaThread "Unconstrained build operations"        [_thread_blocked, id=24052, stack(0x00000041d5100000,0x00000041d5200000) (1024K)]
  0x000001e46d895c50 JavaThread "Unconstrained build operations Thread 2"        [_thread_blocked, id=20236, stack(0x00000041d5200000,0x00000041d5300000) (1024K)]
  0x000001e46d894f30 JavaThread "Unconstrained build operations Thread 3"        [_thread_blocked, id=6524, stack(0x00000041d5300000,0x00000041d5400000) (1024K)]
  0x000001e469ef0120 JavaThread "Unconstrained build operations Thread 4"        [_thread_blocked, id=22820, stack(0x00000041d5400000,0x00000041d5500000) (1024K)]
  0x000001e469eed330 JavaThread "Unconstrained build operations Thread 5"        [_thread_blocked, id=22716, stack(0x00000041d5500000,0x00000041d5600000) (1024K)]
  0x000001e469ef07b0 JavaThread "Unconstrained build operations Thread 6"        [_thread_blocked, id=19952, stack(0x00000041d5600000,0x00000041d5700000) (1024K)]
  0x000001e469eef400 JavaThread "Unconstrained build operations Thread 7"        [_thread_blocked, id=24076, stack(0x00000041d5700000,0x00000041d5800000) (1024K)]
  0x000001e469eefa90 JavaThread "Unconstrained build operations Thread 8"        [_thread_blocked, id=16684, stack(0x00000041d5800000,0x00000041d5900000) (1024K)]
  0x000001e46c1fdf00 JavaThread "Unconstrained build operations Thread 9"        [_thread_blocked, id=24516, stack(0x00000041d5900000,0x00000041d5a00000) (1024K)]
  0x000001e46c1fcb50 JavaThread "Unconstrained build operations Thread 10"        [_thread_blocked, id=5224, stack(0x00000041d5a00000,0x00000041d5b00000) (1024K)]
  0x000001e46c1fffd0 JavaThread "Unconstrained build operations Thread 11"        [_thread_blocked, id=18448, stack(0x00000041d5b00000,0x00000041d5c00000) (1024K)]
  0x000001e46c200660 JavaThread "Unconstrained build operations Thread 12"        [_thread_blocked, id=17124, stack(0x00000041d5c00000,0x00000041d5d00000) (1024K)]
  0x000001e46c1fd1e0 JavaThread "Unconstrained build operations Thread 13"        [_thread_blocked, id=23476, stack(0x00000041d5d00000,0x00000041d5e00000) (1024K)]
  0x000001e46c1fec20 JavaThread "Unconstrained build operations Thread 14"        [_thread_blocked, id=23612, stack(0x00000041d5e00000,0x00000041d5f00000) (1024K)]
  0x000001e46c1ff2b0 JavaThread "Unconstrained build operations Thread 15"        [_thread_blocked, id=14040, stack(0x00000041d5f00000,0x00000041d6000000) (1024K)]
  0x000001e46c1ff940 JavaThread "Unconstrained build operations Thread 16"        [_thread_blocked, id=18428, stack(0x00000041d6000000,0x00000041d6100000) (1024K)]
  0x000001e46c1fd870 JavaThread "Unconstrained build operations Thread 17"        [_thread_blocked, id=5692, stack(0x00000041d6100000,0x00000041d6200000) (1024K)]
  0x000001e46c200cf0 JavaThread "Unconstrained build operations Thread 18"        [_thread_blocked, id=14880, stack(0x00000041d6200000,0x00000041d6300000) (1024K)]
  0x000001e46c201380 JavaThread "Unconstrained build operations Thread 19"        [_thread_blocked, id=4828, stack(0x00000041d6300000,0x00000041d6400000) (1024K)]
  0x000001e46c201a10 JavaThread "Unconstrained build operations Thread 20"        [_thread_blocked, id=19640, stack(0x00000041d6400000,0x00000041d6500000) (1024K)]
  0x000001e46c1fe590 JavaThread "Unconstrained build operations Thread 21"        [_thread_blocked, id=15176, stack(0x00000041d6500000,0x00000041d6600000) (1024K)]
  0x000001e46c203450 JavaThread "Unconstrained build operations Thread 22"        [_thread_blocked, id=20036, stack(0x00000041d6600000,0x00000041d6700000) (1024K)]
  0x000001e46c203ae0 JavaThread "Unconstrained build operations Thread 23"        [_thread_blocked, id=17572, stack(0x00000041d6700000,0x00000041d6800000) (1024K)]
  0x000001e46c202730 JavaThread "Unconstrained build operations Thread 24"        [_thread_blocked, id=1856, stack(0x00000041d6800000,0x00000041d6900000) (1024K)]
  0x000001e46c202dc0 JavaThread "Unconstrained build operations Thread 25"        [_thread_blocked, id=16228, stack(0x00000041d6900000,0x00000041d6a00000) (1024K)]
  0x000001e46c204170 JavaThread "Unconstrained build operations Thread 26"        [_thread_blocked, id=19560, stack(0x00000041d6a00000,0x00000041d6b00000) (1024K)]
  0x000001e46c2020a0 JavaThread "Unconstrained build operations Thread 27"        [_thread_blocked, id=20816, stack(0x00000041d6b00000,0x00000041d6c00000) (1024K)]
  0x000001e46e234b80 JavaThread "Unconstrained build operations Thread 28"        [_thread_blocked, id=23844, stack(0x00000041d6c00000,0x00000041d6d00000) (1024K)]
  0x000001e46e235210 JavaThread "Unconstrained build operations Thread 29"        [_thread_blocked, id=22956, stack(0x00000041d6d00000,0x00000041d6e00000) (1024K)]
  0x000001e46e2365c0 JavaThread "Unconstrained build operations Thread 30"        [_thread_blocked, id=9424, stack(0x00000041d6e00000,0x00000041d6f00000) (1024K)]
  0x000001e46e236c50 JavaThread "Unconstrained build operations Thread 31"        [_thread_blocked, id=24364, stack(0x00000041d6f00000,0x00000041d7000000) (1024K)]
  0x000001e46e2337d0 JavaThread "Unconstrained build operations Thread 32"        [_thread_blocked, id=12748, stack(0x00000041d7000000,0x00000041d7100000) (1024K)]
  0x000001e46e2372e0 JavaThread "Unconstrained build operations Thread 33"        [_thread_blocked, id=2128, stack(0x00000041d7100000,0x00000041d7200000) (1024K)]
  0x000001e46e2358a0 JavaThread "Unconstrained build operations Thread 34"        [_thread_blocked, id=23708, stack(0x00000041d7200000,0x00000041d7300000) (1024K)]
  0x000001e46e235f30 JavaThread "Unconstrained build operations Thread 35"        [_thread_blocked, id=22964, stack(0x00000041d7300000,0x00000041d7400000) (1024K)]
  0x000001e46e233e60 JavaThread "Unconstrained build operations Thread 36"        [_thread_blocked, id=21040, stack(0x00000041d7400000,0x00000041d7500000) (1024K)]
  0x000001e46e2344f0 JavaThread "Unconstrained build operations Thread 37"        [_thread_blocked, id=1836, stack(0x00000041d7500000,0x00000041d7600000) (1024K)]
  0x000001e46e2393b0 JavaThread "Unconstrained build operations Thread 38"        [_thread_blocked, id=9632, stack(0x00000041d7600000,0x00000041d7700000) (1024K)]
  0x000001e46e239a40 JavaThread "Unconstrained build operations Thread 39"        [_thread_blocked, id=8732, stack(0x00000041d7700000,0x00000041d7800000) (1024K)]
  0x000001e46be7fdc0 JavaThread "build event listener"              [_thread_blocked, id=20672, stack(0x00000041d4400000,0x00000041d4500000) (1024K)]
  0x000001e46be80450 JavaThread "Memory manager"                    [_thread_blocked, id=2744, stack(0x00000041d7800000,0x00000041d7900000) (1024K)]
  0x000001e46be81800 JavaThread "File lock release action executor"        [_thread_blocked, id=12480, stack(0x00000041d7900000,0x00000041d7a00000) (1024K)]
  0x000001e46e238000 JavaThread "ForkJoinPool.commonPool-worker-1" daemon [_thread_blocked, id=20780, stack(0x00000041d7a00000,0x00000041d7b00000) (1024K)]
  0x000001e46e238d20 JavaThread "ForkJoinPool.commonPool-worker-2" daemon [_thread_blocked, id=20868, stack(0x00000041d7b00000,0x00000041d7c00000) (1024K)]
  0x000001e46f526200 JavaThread "ForkJoinPool.commonPool-worker-3" daemon [_thread_blocked, id=20576, stack(0x00000041d7c00000,0x00000041d7d00000) (1024K)]
  0x000001e46f522d80 JavaThread "ForkJoinPool.commonPool-worker-4" daemon [_thread_blocked, id=20636, stack(0x00000041d7d00000,0x00000041d7e00000) (1024K)]
  0x000001e46f523aa0 JavaThread "ForkJoinPool.commonPool-worker-5" daemon [_thread_blocked, id=20716, stack(0x00000041d7e00000,0x00000041d7f00000) (1024K)]
  0x000001e46f5254e0 JavaThread "ForkJoinPool.commonPool-worker-6" daemon [_thread_blocked, id=20556, stack(0x00000041d7f00000,0x00000041d8000000) (1024K)]
  0x000001e46f523410 JavaThread "ForkJoinPool.commonPool-worker-7" daemon [_thread_blocked, id=19676, stack(0x00000041d8000000,0x00000041d8100000) (1024K)]
  0x000001e46f5247c0 JavaThread "ForkJoinPool.commonPool-worker-8" daemon [_thread_blocked, id=20792, stack(0x00000041d8100000,0x00000041d8200000) (1024K)]
  0x000001e46f524130 JavaThread "ForkJoinPool.commonPool-worker-9" daemon [_thread_blocked, id=21252, stack(0x00000041d8200000,0x00000041d8300000) (1024K)]
  0x000001e46f526890 JavaThread "ForkJoinPool.commonPool-worker-10" daemon [_thread_blocked, id=15644, stack(0x00000041d8300000,0x00000041d8400000) (1024K)]
  0x000001e46f5275b0 JavaThread "ForkJoinPool.commonPool-worker-11" daemon [_thread_blocked, id=13740, stack(0x00000041d8400000,0x00000041d8500000) (1024K)]
  0x000001e46f527c40 JavaThread "Exec process"                      [_thread_blocked, id=9660, stack(0x00000041d8500000,0x00000041d8600000) (1024K)]
  0x000001e46f526f20 JavaThread "Exec process Thread 2"             [_thread_blocked, id=20476, stack(0x00000041d8600000,0x00000041d8700000) (1024K)]
  0x000001e46f525b70 JavaThread "Exec process Thread 3"             [_thread_blocked, id=15832, stack(0x00000041d8700000,0x00000041d8800000) (1024K)]
  0x000001e46f5282d0 JavaThread "included builds"                   [_thread_blocked, id=21124, stack(0x00000041d8800000,0x00000041d8900000) (1024K)]
  0x000001e46f524e50 JavaThread "Execution worker"                  [_thread_blocked, id=17780, stack(0x00000041d8900000,0x00000041d8a00000) (1024K)]
  0x000001e46f528960 JavaThread "Execution worker Thread 2"         [_thread_blocked, id=21356, stack(0x00000041d8a00000,0x00000041d8b00000) (1024K)]
  0x000001e46f52a3a0 JavaThread "Execution worker Thread 3"         [_thread_blocked, id=23496, stack(0x00000041d8b00000,0x00000041d8c00000) (1024K)]
  0x000001e46f528ff0 JavaThread "Execution worker Thread 4"         [_thread_blocked, id=24564, stack(0x00000041d8c00000,0x00000041d8d00000) (1024K)]
  0x000001e46f529d10 JavaThread "Execution worker Thread 5"         [_thread_blocked, id=19520, stack(0x00000041d8d00000,0x00000041d8e00000) (1024K)]
  0x000001e46f529680 JavaThread "Execution worker Thread 6"         [_thread_blocked, id=21712, stack(0x00000041d8e00000,0x00000041d8f00000) (1024K)]
  0x000001e46c6763d0 JavaThread "Execution worker Thread 7"         [_thread_blocked, id=7060, stack(0x00000041d8f00000,0x00000041d9000000) (1024K)]
  0x000001e46c6770f0 JavaThread "Execution worker Thread 8"         [_thread_blocked, id=17504, stack(0x00000041d9000000,0x00000041d9100000) (1024K)]
  0x000001e46c674300 JavaThread "Execution worker Thread 9"         [_thread_blocked, id=16300, stack(0x00000041d9100000,0x00000041d9200000) (1024K)]
  0x000001e46c676a60 JavaThread "Execution worker Thread 10"        [_thread_blocked, id=21876, stack(0x00000041d9200000,0x00000041d9300000) (1024K)]
  0x000001e46c673c70 JavaThread "Execution worker Thread 11"        [_thread_blocked, id=23868, stack(0x00000041d9300000,0x00000041d9400000) (1024K)]
  0x000001e46c674990 JavaThread "Cache worker for execution history cache (D:\apps\caltims mobile app\frontend\node_modules\@react-native\gradle-plugin\.gradle\9.0.0\executionHistory)"        [_thread_blocked, id=4220, stack(0x00000041d9400000,0x00000041d9500000) (1024K)]
  0x000001e46c675020 JavaThread "Unconstrained build operations Thread 40"        [_thread_blocked, id=22440, stack(0x00000041d9500000,0x00000041d9600000) (1024K)]
  0x000001e46c6756b0 JavaThread "Unconstrained build operations Thread 41"        [_thread_blocked, id=19024, stack(0x00000041d9600000,0x00000041d9700000) (1024K)]
  0x000001e46c675d40 JavaThread "Unconstrained build operations Thread 42"        [_thread_blocked, id=22172, stack(0x00000041d9700000,0x00000041d9800000) (1024K)]
  0x000001e46be9a460 JavaThread "Unconstrained build operations Thread 43"        [_thread_blocked, id=19360, stack(0x00000041d9800000,0x00000041d9900000) (1024K)]
  0x000001e46be9aaf0 JavaThread "Unconstrained build operations Thread 44"        [_thread_blocked, id=21212, stack(0x00000041d9900000,0x00000041d9a00000) (1024K)]
  0x000001e46be99dd0 JavaThread "Unconstrained build operations Thread 45"        [_thread_blocked, id=20904, stack(0x00000041d9a00000,0x00000041d9b00000) (1024K)]
  0x000001e46be99740 JavaThread "Unconstrained build operations Thread 46"        [_thread_blocked, id=19828, stack(0x00000041d9b00000,0x00000041d9c00000) (1024K)]
  0x000001e46be97d00 JavaThread "Unconstrained build operations Thread 47"        [_thread_blocked, id=14988, stack(0x00000041d9c00000,0x00000041d9d00000) (1024K)]
  0x000001e46be9b810 JavaThread "Unconstrained build operations Thread 48"        [_thread_blocked, id=14944, stack(0x00000041d9d00000,0x00000041d9e00000) (1024K)]
  0x000001e46be98a20 JavaThread "Unconstrained build operations Thread 49"        [_thread_blocked, id=5852, stack(0x00000041d9e00000,0x00000041d9f00000) (1024K)]
  0x000001e46be9b180 JavaThread "Unconstrained build operations Thread 50"        [_thread_blocked, id=20392, stack(0x00000041d9f00000,0x00000041da000000) (1024K)]
  0x000001e46be990b0 JavaThread "Unconstrained build operations Thread 51"        [_thread_blocked, id=10820, stack(0x00000041da000000,0x00000041da100000) (1024K)]
  0x000001e46be98390 JavaThread "Unconstrained build operations Thread 52"        [_thread_blocked, id=18720, stack(0x00000041da100000,0x00000041da200000) (1024K)]
  0x000001e46be9f320 JavaThread "Unconstrained build operations Thread 53"        [_thread_blocked, id=20472, stack(0x00000041da200000,0x00000041da300000) (1024K)]
  0x000001e46be9bea0 JavaThread "Unconstrained build operations Thread 54"        [_thread_blocked, id=20104, stack(0x00000041da300000,0x00000041da400000) (1024K)]
  0x000001e46be9d250 JavaThread "Unconstrained build operations Thread 55"        [_thread_blocked, id=19696, stack(0x00000041da400000,0x00000041da500000) (1024K)]
  0x000001e46be9d8e0 JavaThread "Unconstrained build operations Thread 56"        [_thread_blocked, id=1840, stack(0x00000041da500000,0x00000041da600000) (1024K)]
  0x000001e46be9ec90 JavaThread "Unconstrained build operations Thread 57"        [_thread_blocked, id=12440, stack(0x00000041da600000,0x00000041da700000) (1024K)]
  0x000001e46be9e600 JavaThread "Unconstrained build operations Thread 58"        [_thread_blocked, id=24572, stack(0x00000041da700000,0x00000041da800000) (1024K)]
  0x000001e46be9c530 JavaThread "Unconstrained build operations Thread 59"        [_thread_blocked, id=21692, stack(0x00000041da800000,0x00000041da900000) (1024K)]
  0x000001e46be9cbc0 JavaThread "Unconstrained build operations Thread 60"        [_thread_blocked, id=20384, stack(0x00000041da900000,0x00000041daa00000) (1024K)]
  0x000001e46be9df70 JavaThread "Unconstrained build operations Thread 61"        [_thread_blocked, id=5300, stack(0x00000041daa00000,0x00000041dab00000) (1024K)]
  0x000001e46ad9f0f0 JavaThread "Unconstrained build operations Thread 62"        [_thread_blocked, id=6848, stack(0x00000041dab00000,0x00000041dac00000) (1024K)]
  0x000001e46ad9dd40 JavaThread "Unconstrained build operations Thread 63"        [_thread_blocked, id=9004, stack(0x00000041dac00000,0x00000041dad00000) (1024K)]
  0x000001e46ada04a0 JavaThread "Unconstrained build operations Thread 64"        [_thread_blocked, id=132, stack(0x00000041dad00000,0x00000041dae00000) (1024K)]
  0x000001e46ad9fe10 JavaThread "Unconstrained build operations Thread 65"        [_thread_blocked, id=13080, stack(0x00000041dae00000,0x00000041daf00000) (1024K)]
  0x000001e46ad9f780 JavaThread "Unconstrained build operations Thread 66"        [_thread_blocked, id=19496, stack(0x00000041daf00000,0x00000041db000000) (1024K)]
  0x000001e46ad9ea60 JavaThread "Unconstrained build operations Thread 67"        [_thread_blocked, id=19492, stack(0x00000041db000000,0x00000041db100000) (1024K)]
  0x000001e46ad9d020 JavaThread "Unconstrained build operations Thread 68"        [_thread_blocked, id=5860, stack(0x00000041db100000,0x00000041db200000) (1024K)]
  0x000001e46ada0b30 JavaThread "Unconstrained build operations Thread 69"        [_thread_blocked, id=20600, stack(0x00000041db200000,0x00000041db300000) (1024K)]
  0x000001e46ad9d6b0 JavaThread "Unconstrained build operations Thread 70"        [_thread_blocked, id=20420, stack(0x00000041db300000,0x00000041db400000) (1024K)]
  0x000001e46ada1ee0 JavaThread "Unconstrained build operations Thread 71"        [_thread_blocked, id=21664, stack(0x00000041db400000,0x00000041db500000) (1024K)]
  0x000001e46ada3920 JavaThread "Unconstrained build operations Thread 72"        [_thread_blocked, id=24200, stack(0x00000041db500000,0x00000041db600000) (1024K)]
  0x000001e46ada11c0 JavaThread "Unconstrained build operations Thread 73"        [_thread_blocked, id=20912, stack(0x00000041db600000,0x00000041db700000) (1024K)]
  0x000001e46ada3fb0 JavaThread "Unconstrained build operations Thread 74"        [_thread_blocked, id=14800, stack(0x00000041db700000,0x00000041db800000) (1024K)]
  0x000001e46ada4640 JavaThread "Unconstrained build operations Thread 75"        [_thread_blocked, id=10120, stack(0x00000041db800000,0x00000041db900000) (1024K)]
  0x000001e46ada1850 JavaThread "Unconstrained build operations Thread 76"        [_thread_blocked, id=23968, stack(0x00000041db900000,0x00000041dba00000) (1024K)]
  0x000001e46ada2570 JavaThread "Unconstrained build operations Thread 77"        [_thread_blocked, id=19516, stack(0x00000041dba00000,0x00000041dbb00000) (1024K)]
  0x000001e46ada2c00 JavaThread "Unconstrained build operations Thread 78"        [_thread_blocked, id=20024, stack(0x00000041dbb00000,0x00000041dbc00000) (1024K)]
  0x000001e46ada3290 JavaThread "Unconstrained build operations Thread 79"        [_thread_blocked, id=11752, stack(0x00000041dbc00000,0x00000041dbd00000) (1024K)]
  0x000001e46be866c0 JavaThread "Unconstrained build operations Thread 80"        [_thread_blocked, id=11704, stack(0x00000041dbd00000,0x00000041dbe00000) (1024K)]
  0x000001e46be85310 JavaThread "Unconstrained build operations Thread 81"        [_thread_blocked, id=23184, stack(0x00000041dbe00000,0x00000041dbf00000) (1024K)]
  0x000001e46be859a0 JavaThread "Unconstrained build operations Thread 82"        [_thread_blocked, id=20856, stack(0x00000041dbf00000,0x00000041dc000000) (1024K)]
  0x000001e46be86d50 JavaThread "Unconstrained build operations Thread 83"        [_thread_blocked, id=21500, stack(0x00000041dc000000,0x00000041dc100000) (1024K)]
  0x000001e46be873e0 JavaThread "Unconstrained build operations Thread 84"        [_thread_blocked, id=11404, stack(0x00000041dc100000,0x00000041dc200000) (1024K)]
  0x000001e46e238690 JavaThread "Unconstrained build operations Thread 85"        [_thread_blocked, id=21420, stack(0x00000041dc200000,0x00000041dc300000) (1024K)]
  0x000001e46e23a0d0 JavaThread "Unconstrained build operations Thread 86"        [_thread_blocked, id=20572, stack(0x00000041dc300000,0x00000041dc400000) (1024K)]
  0x000001e46e23adf0 JavaThread "Unconstrained build operations Thread 87"        [_thread_blocked, id=20512, stack(0x00000041dc400000,0x00000041dc500000) (1024K)]
  0x000001e46c699f60 JavaThread "Unconstrained build operations Thread 88"        [_thread_blocked, id=23980, stack(0x00000041dc500000,0x00000041dc600000) (1024K)]
  0x000001e46c69ac80 JavaThread "Unconstrained build operations Thread 89"        [_thread_blocked, id=24524, stack(0x00000041dc600000,0x00000041dc700000) (1024K)]
  0x000001e46c69a5f0 JavaThread "Unconstrained build operations Thread 90"        [_thread_blocked, id=8772, stack(0x00000041dc700000,0x00000041dc800000) (1024K)]
  0x000001e46c6998d0 JavaThread "Unconstrained build operations Thread 91"        [_thread_blocked, id=21048, stack(0x00000041dc800000,0x00000041dc900000) (1024K)]
  0x000001e46c698520 JavaThread "Unconstrained build operations Thread 92"        [_thread_blocked, id=23856, stack(0x00000041dc900000,0x00000041dca00000) (1024K)]
  0x000001e46c69c030 JavaThread "Unconstrained build operations Thread 93"        [_thread_blocked, id=22532, stack(0x00000041dca00000,0x00000041dcb00000) (1024K)]
  0x000001e46c699240 JavaThread "Unconstrained build operations Thread 94"        [_thread_blocked, id=22164, stack(0x00000041dcb00000,0x00000041dcc00000) (1024K)]
  0x000001e46c69b310 JavaThread "Unconstrained build operations Thread 95"        [_thread_blocked, id=23196, stack(0x00000041dcc00000,0x00000041dcd00000) (1024K)]
  0x000001e46c69b9a0 JavaThread "Unconstrained build operations Thread 96"        [_thread_blocked, id=8716, stack(0x00000041dcd00000,0x00000041dce00000) (1024K)]
  0x000001e46c698bb0 JavaThread "Unconstrained build operations Thread 97"        [_thread_blocked, id=22944, stack(0x00000041dce00000,0x00000041dcf00000) (1024K)]
  0x000001e46c69da70 JavaThread "Unconstrained build operations Thread 98"        [_thread_blocked, id=16176, stack(0x00000041dcf00000,0x00000041dd000000) (1024K)]
  0x000001e46c69cd50 JavaThread "Unconstrained build operations Thread 99"        [_thread_blocked, id=12896, stack(0x00000041dd000000,0x00000041dd100000) (1024K)]
  0x000001e46c69e100 JavaThread "Unconstrained build operations Thread 100"        [_thread_blocked, id=15760, stack(0x00000041dd100000,0x00000041dd200000) (1024K)]
  0x000001e46c69d3e0 JavaThread "Unconstrained build operations Thread 101"        [_thread_blocked, id=9896, stack(0x00000041dd200000,0x00000041dd300000) (1024K)]
  0x000001e46c69ee20 JavaThread "Unconstrained build operations Thread 102"        [_thread_blocked, id=11616, stack(0x00000041dd300000,0x00000041dd400000) (1024K)]
  0x000001e46c69f4b0 JavaThread "Unconstrained build operations Thread 103"        [_thread_blocked, id=24560, stack(0x00000041dd400000,0x00000041dd500000) (1024K)]
  0x000001e46c69e790 JavaThread "Unconstrained build operations Thread 104"        [_thread_blocked, id=23984, stack(0x00000041dd500000,0x00000041dd600000) (1024K)]
  0x000001e46c69fb40 JavaThread "Unconstrained build operations Thread 105"        [_thread_blocked, id=11176, stack(0x00000041dd600000,0x00000041dd700000) (1024K)]
  0x000001e46c69c6c0 JavaThread "Unconstrained build operations Thread 106"        [_thread_blocked, id=22912, stack(0x00000041dd700000,0x00000041dd800000) (1024K)]
  0x000001e469ff9d40 JavaThread "Unconstrained build operations Thread 107"        [_thread_blocked, id=19468, stack(0x00000041dd800000,0x00000041dd900000) (1024K)]
  0x000001e469ffa3d0 JavaThread "Unconstrained build operations Thread 108"        [_thread_blocked, id=9180, stack(0x00000041dd900000,0x00000041dda00000) (1024K)]
  0x000001e469ffcb30 JavaThread "Unconstrained build operations Thread 109"        [_thread_blocked, id=22824, stack(0x00000041dda00000,0x00000041ddb00000) (1024K)]
  0x000001e469ff96b0 JavaThread "Unconstrained build operations Thread 110"        [_thread_blocked, id=7652, stack(0x00000041ddb00000,0x00000041ddc00000) (1024K)]
  0x000001e469ffaa60 JavaThread "Unconstrained build operations Thread 111"        [_thread_blocked, id=12652, stack(0x00000041ddc00000,0x00000041ddd00000) (1024K)]
  0x000001e469ffbe10 JavaThread "Unconstrained build operations Thread 112"        [_thread_blocked, id=21700, stack(0x00000041ddd00000,0x00000041dde00000) (1024K)]
  0x000001e469ffd850 JavaThread "jar transforms Thread 4"           [_thread_blocked, id=12464, stack(0x00000041dde00000,0x00000041ddf00000) (1024K)]
  0x000001e469ffc4a0 JavaThread "jar transforms Thread 5"           [_thread_blocked, id=10260, stack(0x00000041ddf00000,0x00000041de000000) (1024K)]
  0x000001e46a003ac0 JavaThread "Unconstrained build operations Thread 113"        [_thread_blocked, id=21160, stack(0x00000041de100000,0x00000041de200000) (1024K)]
  0x000001e46a005500 JavaThread "Unconstrained build operations Thread 114"        [_thread_blocked, id=21512, stack(0x00000041de200000,0x00000041de300000) (1024K)]
  0x000001e46a005b90 JavaThread "Unconstrained build operations Thread 115"        [_thread_blocked, id=2244, stack(0x00000041de300000,0x00000041de400000) (1024K)]
  0x000001e46a0068b0 JavaThread "Unconstrained build operations Thread 116"        [_thread_blocked, id=20292, stack(0x00000041de400000,0x00000041de500000) (1024K)]
  0x000001e46a0047e0 JavaThread "Unconstrained build operations Thread 117"        [_thread_blocked, id=6120, stack(0x00000041de500000,0x00000041de600000) (1024K)]
  0x000001e46a004e70 JavaThread "Unconstrained build operations Thread 118"        [_thread_blocked, id=22940, stack(0x00000041de600000,0x00000041de700000) (1024K)]
  0x000001e46a003430 JavaThread "Unconstrained build operations Thread 119"        [_thread_blocked, id=15104, stack(0x00000041de700000,0x00000041de800000) (1024K)]
  0x000001e46a006f40 JavaThread "Unconstrained build operations Thread 120"        [_thread_blocked, id=22480, stack(0x00000041de800000,0x00000041de900000) (1024K)]
  0x000001e469ffec00 JavaThread "jar transforms Thread 6"           [_thread_blocked, id=14404, stack(0x00000041de900000,0x00000041dea00000) (1024K)]
  0x000001e469ffb780 JavaThread "jar transforms Thread 7"           [_thread_blocked, id=20644, stack(0x00000041dea00000,0x00000041deb00000) (1024K)]
  0x000001e469fff290 JavaThread "jar transforms Thread 8"           [_thread_blocked, id=16460, stack(0x00000041deb00000,0x00000041dec00000) (1024K)]
  0x000001e46a001360 JavaThread "build event listener"              [_thread_blocked, id=23200, stack(0x00000041de000000,0x00000041de100000) (1024K)]
  0x000001e46a004150 JavaThread "Problems report writer"            [_thread_blocked, id=20288, stack(0x00000041dec00000,0x00000041ded00000) (1024K)]
  0x000001e46d4a7cf0 JavaThread "C2 CompilerThread1"         daemon [_thread_blocked, id=19968, stack(0x00000041d2b00000,0x00000041d2c00000) (1024K)]
  0x000001e46d66e610 JavaThread "jar transforms Thread 9"           [_thread_blocked, id=21336, stack(0x00000041ded00000,0x00000041dee00000) (1024K)]
  0x000001e46d672e40 JavaThread "jar transforms Thread 10"          [_thread_blocked, id=11684, stack(0x00000041dee00000,0x00000041def00000) (1024K)]
  0x000001e46d6755a0 JavaThread "jar transforms Thread 11"          [_thread_blocked, id=14728, stack(0x00000041def00000,0x00000041df000000) (1024K)]
  0x000001e46a000cd0 JavaThread "jar transforms Thread 12"          [_thread_blocked, id=12752, stack(0x00000041df000000,0x00000041df100000) (1024K)]
Total: 198

Other Threads:
=>0x000001e42dfec000 VMThread "VM Thread"                           [id=7064, stack(0x00000041d2000000,0x00000041d2100000) (1024K)]
  0x000001e42dfdb8c0 WatcherThread "VM Periodic Task Thread"        [id=2704, stack(0x00000041d1f00000,0x00000041d2000000) (1024K)]
  0x000001e41450bb70 WorkerThread "GC Thread#0"                     [id=21660, stack(0x00000041d1a00000,0x00000041d1b00000) (1024K)]
  0x000001e42dfebc50 WorkerThread "GC Thread#1"                     [id=23580, stack(0x00000041d2c00000,0x00000041d2d00000) (1024K)]
  0x000001e42dfec3b0 WorkerThread "GC Thread#2"                     [id=19816, stack(0x00000041d2d00000,0x00000041d2e00000) (1024K)]
  0x000001e42dfec760 WorkerThread "GC Thread#3"                     [id=19232, stack(0x00000041d2e00000,0x00000041d2f00000) (1024K)]
  0x000001e42dfecec0 WorkerThread "GC Thread#4"                     [id=12936, stack(0x00000041d2f00000,0x00000041d3000000) (1024K)]
  0x000001e42dfed270 WorkerThread "GC Thread#5"                     [id=11556, stack(0x00000041d3000000,0x00000041d3100000) (1024K)]
  0x000001e46896de90 WorkerThread "GC Thread#6"                     [id=9224, stack(0x00000041d3700000,0x00000041d3800000) (1024K)]
  0x000001e46896cc20 WorkerThread "GC Thread#7"                     [id=14204, stack(0x00000041d3800000,0x00000041d3900000) (1024K)]
  0x000001e46896d380 WorkerThread "GC Thread#8"                     [id=21416, stack(0x00000041d3900000,0x00000041d3a00000) (1024K)]
  0x000001e46896b250 WorkerThread "GC Thread#9"                     [id=21884, stack(0x00000041d3a00000,0x00000041d3b00000) (1024K)]
  0x000001e41451ca60 ConcurrentGCThread "G1 Main Marker"            [id=8400, stack(0x00000041d1b00000,0x00000041d1c00000) (1024K)]
  0x000001e41451e2f0 WorkerThread "G1 Conc#0"                       [id=22420, stack(0x00000041d1c00000,0x00000041d1d00000) (1024K)]
  0x000001e46896d730 WorkerThread "G1 Conc#1"                       [id=5688, stack(0x00000041d3100000,0x00000041d3200000) (1024K)]
  0x000001e46896cfd0 WorkerThread "G1 Conc#2"                       [id=23632, stack(0x00000041d4300000,0x00000041d4400000) (1024K)]
  0x000001e41455e8c0 ConcurrentGCThread "G1 Refine#0"               [id=22156, stack(0x00000041d1d00000,0x00000041d1e00000) (1024K)]
  0x000001e42deb0870 ConcurrentGCThread "G1 Service"                [id=5392, stack(0x00000041d1e00000,0x00000041d1f00000) (1024K)]
Total: 18

Threads with active compile tasks:
C2 CompilerThread0  32937 15660       4       java.util.TreeMap::rotateRight (96 bytes)
C2 CompilerThread1  32937 15604       4       org.gradle.internal.operations.DefaultBuildOperationRunner$1::execute (10 bytes)
Total: 2

VM state: at safepoint (normal execution)

VM Mutex/Monitor currently owned by a thread:  ([mutex/lock_event])
[0x00007ffc6f5ee560] Threads_lock - owner thread: 0x000001e42dfec000
[0x00007ffc6f5ee660] Heap_lock - owner thread: 0x000001e46982cbf0

Heap address: 0x0000000700000000, size: 4096 MB, Compressed Oops mode: Zero based, Oop shift amount: 3

CDS archive(s) mapped at: [0x000001e42f000000-0x000001e42fba0000-0x000001e42fba0000), size 12189696, SharedBaseAddress: 0x000001e42f000000, ArchiveRelocationMode: 1.
Compressed class space mapped at: 0x000001e430000000-0x000001e464000000, reserved size: 872415232
Narrow klass base: 0x000001e42f000000, Narrow klass shift: 0, Narrow klass range: 0x100000000

GC Precious Log:
 CardTable entry size: 512
 Card Set container configuration: InlinePtr #cards 4 size 8 Array Of Cards #cards 16 size 48 Howl #buckets 8 coarsen threshold 3686 Howl Bitmap #cards 512 size 80 coarsen threshold 460 Card regions per heap region 1 cards per card region 4096
 CPUs: 12 total, 12 available
 Memory: 16068M
 Large Page Support: Disabled
 NUMA Support: Disabled
 Compressed Oops: Enabled (Zero based)
 Heap Region Size: 2M
 Heap Min Capacity: 8M
 Heap Initial Capacity: 252M
 Heap Max Capacity: 4G
 Pre-touch: Disabled
 Parallel Workers: 10
 Concurrent Workers: 3
 Concurrent Refinement Workers: 10
 Periodic GC: Disabled

Heap:
 garbage-first heap   total 274432K, used 156383K [0x0000000700000000, 0x0000000800000000)
  region size 2048K, 5 young (10240K), 5 survivors (10240K)
 Metaspace       used 109606K, committed 112512K, reserved 983040K
  class space    used 15778K, committed 17216K, reserved 851968K

Heap Regions: E=young(eden), S=young(survivor), O=old, HS=humongous(starts), HC=humongous(continues), CS=collection set, F=free, TAMS=top-at-mark-start, PB=parsable bottom
|   0|0x0000000700000000, 0x0000000700200000, 0x0000000700200000|100%|HS|  |TAMS 0x0000000700200000| PB 0x0000000700000000| Complete 
|   1|0x0000000700200000, 0x0000000700400000, 0x0000000700400000|100%|HC|  |TAMS 0x0000000700400000| PB 0x0000000700200000| Complete 
|   2|0x0000000700400000, 0x0000000700600000, 0x0000000700600000|100%| O|  |TAMS 0x0000000700600000| PB 0x0000000700400000| Untracked 
|   3|0x0000000700600000, 0x0000000700800000, 0x0000000700800000|100%| O|  |TAMS 0x0000000700800000| PB 0x0000000700600000| Untracked 
|   4|0x0000000700800000, 0x0000000700a00000, 0x0000000700a00000|100%| O|  |TAMS 0x0000000700a00000| PB 0x0000000700800000| Untracked 
|   5|0x0000000700a00000, 0x0000000700c00000, 0x0000000700c00000|100%| O|  |TAMS 0x0000000700c00000| PB 0x0000000700a00000| Untracked 
|   6|0x0000000700c00000, 0x0000000700e00000, 0x0000000700e00000|100%| O|  |TAMS 0x0000000700e00000| PB 0x0000000700c00000| Untracked 
|   7|0x0000000700e00000, 0x0000000701000000, 0x0000000701000000|100%| O|  |TAMS 0x0000000701000000| PB 0x0000000700e00000| Untracked 
|   8|0x0000000701000000, 0x0000000701200000, 0x0000000701200000|100%| O|  |TAMS 0x0000000701200000| PB 0x0000000701000000| Untracked 
|   9|0x0000000701200000, 0x0000000701400000, 0x0000000701400000|100%| O|  |TAMS 0x0000000701400000| PB 0x0000000701200000| Untracked 
|  10|0x0000000701400000, 0x0000000701600000, 0x0000000701600000|100%| O|  |TAMS 0x0000000701600000| PB 0x0000000701400000| Untracked 
|  11|0x0000000701600000, 0x0000000701800000, 0x0000000701800000|100%| O|  |TAMS 0x0000000701800000| PB 0x0000000701600000| Untracked 
|  12|0x0000000701800000, 0x0000000701a00000, 0x0000000701a00000|100%| O|  |TAMS 0x0000000701a00000| PB 0x0000000701800000| Untracked 
|  13|0x0000000701a00000, 0x0000000701c00000, 0x0000000701c00000|100%| O|  |TAMS 0x0000000701c00000| PB 0x0000000701a00000| Untracked 
|  14|0x0000000701c00000, 0x0000000701e00000, 0x0000000701e00000|100%|HS|  |TAMS 0x0000000701e00000| PB 0x0000000701c00000| Complete 
|  15|0x0000000701e00000, 0x0000000702000000, 0x0000000702000000|100%|HC|  |TAMS 0x0000000702000000| PB 0x0000000701e00000| Complete 
|  16|0x0000000702000000, 0x0000000702200000, 0x0000000702200000|100%|HS|  |TAMS 0x0000000702200000| PB 0x0000000702000000| Complete 
|  17|0x0000000702200000, 0x0000000702400000, 0x0000000702400000|100%|HC|  |TAMS 0x0000000702400000| PB 0x0000000702200000| Complete 
|  18|0x0000000702400000, 0x0000000702600000, 0x0000000702600000|100%| O|  |TAMS 0x0000000702600000| PB 0x0000000702400000| Untracked 
|  19|0x0000000702600000, 0x0000000702800000, 0x0000000702800000|100%| O|  |TAMS 0x0000000702800000| PB 0x0000000702600000| Untracked 
|  20|0x0000000702800000, 0x0000000702a00000, 0x0000000702a00000|100%| O|  |TAMS 0x0000000702a00000| PB 0x0000000702800000| Untracked 
|  21|0x0000000702a00000, 0x0000000702c00000, 0x0000000702c00000|100%| O|  |TAMS 0x0000000702c00000| PB 0x0000000702a00000| Untracked 
|  22|0x0000000702c00000, 0x0000000702e00000, 0x0000000702e00000|100%| O|  |TAMS 0x0000000702c00000| PB 0x0000000702c00000| Untracked 
|  23|0x0000000702e00000, 0x0000000703000000, 0x0000000703000000|100%| O|  |TAMS 0x0000000703000000| PB 0x0000000702e00000| Untracked 
|  24|0x0000000703000000, 0x0000000703200000, 0x0000000703200000|100%| O|  |TAMS 0x0000000703200000| PB 0x0000000703000000| Untracked 
|  25|0x0000000703200000, 0x0000000703400000, 0x0000000703400000|100%| O|  |TAMS 0x0000000703400000| PB 0x0000000703200000| Untracked 
|  26|0x0000000703400000, 0x0000000703600000, 0x0000000703600000|100%| O|  |TAMS 0x0000000703600000| PB 0x0000000703400000| Untracked 
|  27|0x0000000703600000, 0x0000000703800000, 0x0000000703800000|100%| O|  |TAMS 0x0000000703800000| PB 0x0000000703600000| Untracked 
|  28|0x0000000703800000, 0x0000000703a00000, 0x0000000703a00000|100%| O|  |TAMS 0x0000000703a00000| PB 0x0000000703800000| Untracked 
|  29|0x0000000703a00000, 0x0000000703c00000, 0x0000000703c00000|100%| O|  |TAMS 0x0000000703c00000| PB 0x0000000703a00000| Untracked 
|  30|0x0000000703c00000, 0x0000000703e00000, 0x0000000703e00000|100%| O|  |TAMS 0x0000000703e00000| PB 0x0000000703c00000| Untracked 
|  31|0x0000000703e00000, 0x0000000704000000, 0x0000000704000000|100%| O|  |TAMS 0x0000000704000000| PB 0x0000000703e00000| Untracked 
|  32|0x0000000704000000, 0x0000000704200000, 0x0000000704200000|100%| O|  |TAMS 0x0000000704200000| PB 0x0000000704000000| Untracked 
|  33|0x0000000704200000, 0x0000000704400000, 0x0000000704400000|100%| O|  |TAMS 0x0000000704400000| PB 0x0000000704200000| Untracked 
|  34|0x0000000704400000, 0x0000000704600000, 0x0000000704600000|100%| O|  |TAMS 0x0000000704600000| PB 0x0000000704400000| Untracked 
|  35|0x0000000704600000, 0x0000000704800000, 0x0000000704800000|100%| O|  |TAMS 0x0000000704800000| PB 0x0000000704600000| Untracked 
|  36|0x0000000704800000, 0x0000000704a00000, 0x0000000704a00000|100%| O|  |TAMS 0x0000000704a00000| PB 0x0000000704800000| Untracked 
|  37|0x0000000704a00000, 0x0000000704c00000, 0x0000000704c00000|100%| O|  |TAMS 0x0000000704c00000| PB 0x0000000704a00000| Untracked 
|  38|0x0000000704c00000, 0x0000000704e00000, 0x0000000704e00000|100%| O|  |TAMS 0x0000000704e00000| PB 0x0000000704c00000| Untracked 
|  39|0x0000000704e00000, 0x0000000705000000, 0x0000000705000000|100%|HS|  |TAMS 0x0000000705000000| PB 0x0000000704e00000| Complete 
|  40|0x0000000705000000, 0x0000000705200000, 0x0000000705200000|100%|HC|  |TAMS 0x0000000705200000| PB 0x0000000705000000| Complete 
|  41|0x0000000705200000, 0x0000000705400000, 0x0000000705400000|100%| O|  |TAMS 0x0000000705400000| PB 0x0000000705200000| Untracked 
|  42|0x0000000705400000, 0x0000000705600000, 0x0000000705600000|100%| O|  |TAMS 0x0000000705600000| PB 0x0000000705400000| Untracked 
|  43|0x0000000705600000, 0x0000000705800000, 0x0000000705800000|100%| O|  |TAMS 0x0000000705800000| PB 0x0000000705600000| Untracked 
|  44|0x0000000705800000, 0x0000000705a00000, 0x0000000705a00000|100%| O|  |TAMS 0x0000000705a00000| PB 0x0000000705800000| Untracked 
|  45|0x0000000705a00000, 0x0000000705c00000, 0x0000000705c00000|100%| O|  |TAMS 0x0000000705c00000| PB 0x0000000705a00000| Untracked 
|  46|0x0000000705c00000, 0x0000000705e00000, 0x0000000705e00000|100%| O|  |TAMS 0x0000000705e00000| PB 0x0000000705c00000| Untracked 
|  47|0x0000000705e00000, 0x0000000706000000, 0x0000000706000000|100%| O|  |TAMS 0x0000000706000000| PB 0x0000000705e00000| Untracked 
|  48|0x0000000706000000, 0x0000000706200000, 0x0000000706200000|100%| O|  |TAMS 0x0000000706200000| PB 0x0000000706000000| Untracked 
|  49|0x0000000706200000, 0x0000000706400000, 0x0000000706400000|100%| O|  |TAMS 0x0000000706400000| PB 0x0000000706200000| Untracked 
|  50|0x0000000706400000, 0x0000000706600000, 0x0000000706600000|100%| O|  |TAMS 0x0000000706600000| PB 0x0000000706400000| Untracked 
|  51|0x0000000706600000, 0x0000000706800000, 0x0000000706800000|100%| O|  |TAMS 0x0000000706800000| PB 0x0000000706600000| Untracked 
|  52|0x0000000706800000, 0x0000000706a00000, 0x0000000706a00000|100%| O|  |TAMS 0x0000000706a00000| PB 0x0000000706800000| Untracked 
|  53|0x0000000706a00000, 0x0000000706c00000, 0x0000000706c00000|100%| O|  |TAMS 0x0000000706c00000| PB 0x0000000706a00000| Untracked 
|  54|0x0000000706c00000, 0x0000000706e00000, 0x0000000706e00000|100%| O|  |TAMS 0x0000000706e00000| PB 0x0000000706c00000| Untracked 
|  55|0x0000000706e00000, 0x0000000707000000, 0x0000000707000000|100%| O|  |TAMS 0x0000000706e00000| PB 0x0000000706e00000| Untracked 
|  56|0x0000000707000000, 0x0000000707200000, 0x0000000707200000|100%| O|  |TAMS 0x0000000707200000| PB 0x0000000707000000| Untracked 
|  57|0x0000000707200000, 0x0000000707400000, 0x0000000707400000|100%| O|  |TAMS 0x0000000707400000| PB 0x0000000707200000| Untracked 
|  58|0x0000000707400000, 0x0000000707600000, 0x0000000707600000|100%| O|  |TAMS 0x0000000707600000| PB 0x0000000707400000| Untracked 
|  59|0x0000000707600000, 0x0000000707800000, 0x0000000707800000|100%| O|  |TAMS 0x0000000707800000| PB 0x0000000707600000| Untracked 
|  60|0x0000000707800000, 0x0000000707a00000, 0x0000000707a00000|100%| O|  |TAMS 0x0000000707a00000| PB 0x0000000707800000| Untracked 
|  61|0x0000000707a00000, 0x0000000707c00000, 0x0000000707c00000|100%| O|  |TAMS 0x0000000707c00000| PB 0x0000000707a00000| Untracked 
|  62|0x0000000707c00000, 0x0000000707e00000, 0x0000000707e00000|100%| O|  |TAMS 0x0000000707e00000| PB 0x0000000707c00000| Untracked 
|  63|0x0000000707e00000, 0x0000000708000000, 0x0000000708000000|100%| O|  |TAMS 0x0000000707fa0f60| PB 0x0000000707e00000| Untracked 
|  64|0x0000000708000000, 0x0000000708200000, 0x0000000708200000|100%| O|  |TAMS 0x0000000708000000| PB 0x0000000708000000| Untracked 
|  65|0x0000000708200000, 0x00000007082b7f00, 0x0000000708400000| 35%| O|  |TAMS 0x0000000708200000| PB 0x0000000708200000| Untracked 
|  66|0x0000000708400000, 0x0000000708400000, 0x0000000708600000|  0%| F|  |TAMS 0x0000000708400000| PB 0x0000000708400000| Untracked 
|  67|0x0000000708600000, 0x0000000708600000, 0x0000000708800000|  0%| F|  |TAMS 0x0000000708600000| PB 0x0000000708600000| Untracked 
|  68|0x0000000708800000, 0x0000000708a00000, 0x0000000708a00000|100%| S|CS|TAMS 0x0000000708800000| PB 0x0000000708800000| Complete 
|  69|0x0000000708a00000, 0x0000000708c00000, 0x0000000708c00000|100%| S|CS|TAMS 0x0000000708a00000| PB 0x0000000708a00000| Complete 
|  70|0x0000000708c00000, 0x0000000708e00000, 0x0000000708e00000|100%| S|CS|TAMS 0x0000000708c00000| PB 0x0000000708c00000| Complete 
|  71|0x0000000708e00000, 0x0000000708e00000, 0x0000000709000000|  0%| F|  |TAMS 0x0000000708e00000| PB 0x0000000708e00000| Untracked 
|  72|0x0000000709000000, 0x0000000709000000, 0x0000000709200000|  0%| F|  |TAMS 0x0000000709000000| PB 0x0000000709000000| Untracked 
|  73|0x0000000709200000, 0x0000000709200000, 0x0000000709400000|  0%| F|  |TAMS 0x0000000709200000| PB 0x0000000709200000| Untracked 
|  74|0x0000000709400000, 0x0000000709600000, 0x0000000709600000|100%| S|CS|TAMS 0x0000000709400000| PB 0x0000000709400000| Complete 
|  75|0x0000000709600000, 0x0000000709800000, 0x0000000709800000|100%| S|CS|TAMS 0x0000000709600000| PB 0x0000000709600000| Complete 
|  76|0x0000000709800000, 0x0000000709800000, 0x0000000709a00000|  0%| F|  |TAMS 0x0000000709800000| PB 0x0000000709800000| Untracked 
|  77|0x0000000709a00000, 0x0000000709a00000, 0x0000000709c00000|  0%| F|  |TAMS 0x0000000709a00000| PB 0x0000000709a00000| Untracked 
|  78|0x0000000709c00000, 0x0000000709c00000, 0x0000000709e00000|  0%| F|  |TAMS 0x0000000709c00000| PB 0x0000000709c00000| Untracked 
|  79|0x0000000709e00000, 0x0000000709e00000, 0x000000070a000000|  0%| F|  |TAMS 0x0000000709e00000| PB 0x0000000709e00000| Untracked 
|  80|0x000000070a000000, 0x000000070a000000, 0x000000070a200000|  0%| F|  |TAMS 0x000000070a000000| PB 0x000000070a000000| Untracked 
|  81|0x000000070a200000, 0x000000070a200000, 0x000000070a400000|  0%| F|  |TAMS 0x000000070a200000| PB 0x000000070a200000| Untracked 
|  82|0x000000070a400000, 0x000000070a400000, 0x000000070a600000|  0%| F|  |TAMS 0x000000070a400000| PB 0x000000070a400000| Untracked 
|  83|0x000000070a600000, 0x000000070a600000, 0x000000070a800000|  0%| F|  |TAMS 0x000000070a600000| PB 0x000000070a600000| Untracked 
|  84|0x000000070a800000, 0x000000070a800000, 0x000000070aa00000|  0%| F|  |TAMS 0x000000070a800000| PB 0x000000070a800000| Untracked 
|  85|0x000000070aa00000, 0x000000070aa00000, 0x000000070ac00000|  0%| F|  |TAMS 0x000000070aa00000| PB 0x000000070aa00000| Untracked 
|  86|0x000000070ac00000, 0x000000070ac00000, 0x000000070ae00000|  0%| F|  |TAMS 0x000000070ac00000| PB 0x000000070ac00000| Untracked 
|  87|0x000000070ae00000, 0x000000070ae00000, 0x000000070b000000|  0%| F|  |TAMS 0x000000070ae00000| PB 0x000000070ae00000| Untracked 
|  88|0x000000070b000000, 0x000000070b000000, 0x000000070b200000|  0%| F|  |TAMS 0x000000070b000000| PB 0x000000070b000000| Untracked 
|  89|0x000000070b200000, 0x000000070b200000, 0x000000070b400000|  0%| F|  |TAMS 0x000000070b200000| PB 0x000000070b200000| Untracked 
|  90|0x000000070b400000, 0x000000070b400000, 0x000000070b600000|  0%| F|  |TAMS 0x000000070b400000| PB 0x000000070b400000| Untracked 
|  91|0x000000070b600000, 0x000000070b600000, 0x000000070b800000|  0%| F|  |TAMS 0x000000070b600000| PB 0x000000070b600000| Untracked 
|  92|0x000000070b800000, 0x000000070b800000, 0x000000070ba00000|  0%| F|  |TAMS 0x000000070b800000| PB 0x000000070b800000| Untracked 
|  93|0x000000070ba00000, 0x000000070ba00000, 0x000000070bc00000|  0%| F|  |TAMS 0x000000070ba00000| PB 0x000000070ba00000| Untracked 
|  94|0x000000070bc00000, 0x000000070bc00000, 0x000000070be00000|  0%| F|  |TAMS 0x000000070bc00000| PB 0x000000070bc00000| Untracked 
|  95|0x000000070be00000, 0x000000070be00000, 0x000000070c000000|  0%| F|  |TAMS 0x000000070be00000| PB 0x000000070be00000| Untracked 
|  96|0x000000070c000000, 0x000000070c000000, 0x000000070c200000|  0%| F|  |TAMS 0x000000070c000000| PB 0x000000070c000000| Untracked 
|  97|0x000000070c200000, 0x000000070c200000, 0x000000070c400000|  0%| F|  |TAMS 0x000000070c200000| PB 0x000000070c200000| Untracked 
|  98|0x000000070c400000, 0x000000070c400000, 0x000000070c600000|  0%| F|  |TAMS 0x000000070c400000| PB 0x000000070c400000| Untracked 
|  99|0x000000070c600000, 0x000000070c600000, 0x000000070c800000|  0%| F|  |TAMS 0x000000070c600000| PB 0x000000070c600000| Untracked 
| 100|0x000000070c800000, 0x000000070c800000, 0x000000070ca00000|  0%| F|  |TAMS 0x000000070c800000| PB 0x000000070c800000| Untracked 
| 101|0x000000070ca00000, 0x000000070ca00000, 0x000000070cc00000|  0%| F|  |TAMS 0x000000070ca00000| PB 0x000000070ca00000| Untracked 
| 102|0x000000070cc00000, 0x000000070cc00000, 0x000000070ce00000|  0%| F|  |TAMS 0x000000070cc00000| PB 0x000000070cc00000| Untracked 
| 103|0x000000070ce00000, 0x000000070ce00000, 0x000000070d000000|  0%| F|  |TAMS 0x000000070ce00000| PB 0x000000070ce00000| Untracked 
| 104|0x000000070d000000, 0x000000070d000000, 0x000000070d200000|  0%| F|  |TAMS 0x000000070d000000| PB 0x000000070d000000| Untracked 
| 105|0x000000070d200000, 0x000000070d200000, 0x000000070d400000|  0%| F|  |TAMS 0x000000070d200000| PB 0x000000070d200000| Untracked 
| 106|0x000000070d400000, 0x000000070d400000, 0x000000070d600000|  0%| F|  |TAMS 0x000000070d400000| PB 0x000000070d400000| Untracked 
| 107|0x000000070d600000, 0x000000070d600000, 0x000000070d800000|  0%| F|  |TAMS 0x000000070d600000| PB 0x000000070d600000| Untracked 
| 108|0x000000070d800000, 0x000000070d800000, 0x000000070da00000|  0%| F|  |TAMS 0x000000070d800000| PB 0x000000070d800000| Untracked 
| 109|0x000000070da00000, 0x000000070da00000, 0x000000070dc00000|  0%| F|  |TAMS 0x000000070da00000| PB 0x000000070da00000| Untracked 
| 110|0x000000070dc00000, 0x000000070dc00000, 0x000000070de00000|  0%| F|  |TAMS 0x000000070dc00000| PB 0x000000070dc00000| Untracked 
| 111|0x000000070de00000, 0x000000070de00000, 0x000000070e000000|  0%| F|  |TAMS 0x000000070de00000| PB 0x000000070de00000| Untracked 
| 112|0x000000070e000000, 0x000000070e000000, 0x000000070e200000|  0%| F|  |TAMS 0x000000070e000000| PB 0x000000070e000000| Untracked 
| 113|0x000000070e200000, 0x000000070e200000, 0x000000070e400000|  0%| F|  |TAMS 0x000000070e200000| PB 0x000000070e200000| Untracked 
| 114|0x000000070e400000, 0x000000070e400000, 0x000000070e600000|  0%| F|  |TAMS 0x000000070e400000| PB 0x000000070e400000| Untracked 
| 115|0x000000070e600000, 0x000000070e600000, 0x000000070e800000|  0%| F|  |TAMS 0x000000070e600000| PB 0x000000070e600000| Untracked 
| 116|0x000000070e800000, 0x000000070e800000, 0x000000070ea00000|  0%| F|  |TAMS 0x000000070e800000| PB 0x000000070e800000| Untracked 
| 117|0x000000070ea00000, 0x000000070ea00000, 0x000000070ec00000|  0%| F|  |TAMS 0x000000070ea00000| PB 0x000000070ea00000| Untracked 
| 118|0x000000070ec00000, 0x000000070ec00000, 0x000000070ee00000|  0%| F|  |TAMS 0x000000070ec00000| PB 0x000000070ec00000| Untracked 
| 119|0x000000070ee00000, 0x000000070ee00000, 0x000000070f000000|  0%| F|  |TAMS 0x000000070ee00000| PB 0x000000070ee00000| Untracked 
| 120|0x000000070f000000, 0x000000070f000000, 0x000000070f200000|  0%| F|  |TAMS 0x000000070f000000| PB 0x000000070f000000| Untracked 
| 121|0x000000070f200000, 0x000000070f200000, 0x000000070f400000|  0%| F|  |TAMS 0x000000070f200000| PB 0x000000070f200000| Untracked 
| 122|0x000000070f400000, 0x000000070f400000, 0x000000070f600000|  0%| F|  |TAMS 0x000000070f400000| PB 0x000000070f400000| Untracked 
| 123|0x000000070f600000, 0x000000070f600000, 0x000000070f800000|  0%| F|  |TAMS 0x000000070f600000| PB 0x000000070f600000| Untracked 
| 124|0x000000070f800000, 0x000000070f800000, 0x000000070fa00000|  0%| F|  |TAMS 0x000000070f800000| PB 0x000000070f800000| Untracked 
| 125|0x000000070fa00000, 0x000000070fa00000, 0x000000070fc00000|  0%| F|  |TAMS 0x000000070fa00000| PB 0x000000070fa00000| Untracked 
|2040|0x00000007ff000000, 0x00000007ff000000, 0x00000007ff200000|  0%| F|  |TAMS 0x00000007ff000000| PB 0x00000007ff000000| Untracked 
|2041|0x00000007ff200000, 0x00000007ff200000, 0x00000007ff400000|  0%| F|  |TAMS 0x00000007ff200000| PB 0x00000007ff200000| Untracked 
|2042|0x00000007ff400000, 0x00000007ff600000, 0x00000007ff600000|100%| O|  |TAMS 0x00000007ff600000| PB 0x00000007ff400000| Untracked 
|2043|0x00000007ff600000, 0x00000007ff800000, 0x00000007ff800000|100%| O|  |TAMS 0x00000007ff800000| PB 0x00000007ff600000| Untracked 
|2044|0x00000007ff800000, 0x00000007ffa00000, 0x00000007ffa00000|100%| O|  |TAMS 0x00000007ffa00000| PB 0x00000007ff800000| Untracked 
|2045|0x00000007ffa00000, 0x00000007ffc00000, 0x00000007ffc00000|100%| O|  |TAMS 0x00000007ffc00000| PB 0x00000007ffa00000| Untracked 
|2046|0x00000007ffc00000, 0x00000007ffe00000, 0x00000007ffe00000|100%| O|  |TAMS 0x00000007ffe00000| PB 0x00000007ffc00000| Untracked 
|2047|0x00000007ffe00000, 0x0000000800000000, 0x0000000800000000|100%| O|  |TAMS 0x0000000800000000| PB 0x00000007ffe00000| Untracked 

Card table byte_map: [0x000001e4273f0000,0x000001e427bf0000] _byte_map_base: 0x000001e423bf0000

Marking Bits: (CMBitMap*) 0x000001e41450c180
 Bits: [0x000001e427bf0000, 0x000001e42bbf0000)

Polling page: 0x000001e412490000

Metaspace:

Usage:
  Non-class:     91.63 MB used.
      Class:     15.41 MB used.
       Both:    107.04 MB used.

Virtual space:
  Non-class space:      128.00 MB reserved,      93.06 MB ( 73%) committed,  2 nodes.
      Class space:      832.00 MB reserved,      16.81 MB (  2%) committed,  1 nodes.
             Both:      960.00 MB reserved,     109.88 MB ( 11%) committed. 

Chunk freelists:
   Non-Class:  1.79 MB
       Class:  15.10 MB
        Both:  16.90 MB

MaxMetaspaceSize: 1.00 GB
CompressedClassSpaceSize: 832.00 MB
Initial GC threshold: 21.00 MB
Current GC threshold: 181.25 MB
CDS: on
 - commit_granule_bytes: 65536.
 - commit_granule_words: 8192.
 - virtual_space_node_default_size: 8388608.
 - enlarge_chunks_in_place: 1.
 - use_allocation_guard: 0.


Internal statistics:

num_allocs_failed_limit: 12.
num_arena_births: 5148.
num_arena_deaths: 0.
num_vsnodes_births: 3.
num_vsnodes_deaths: 0.
num_space_committed: 1758.
num_space_uncommitted: 0.
num_chunks_returned_to_freelist: 12.
num_chunks_taken_from_freelist: 10587.
num_chunk_merges: 9.
num_chunk_splits: 6843.
num_chunks_enlarged: 4222.
num_inconsistent_stats: 0.

CodeHeap 'non-profiled nmethods': size=120000Kb used=8481Kb max_used=8481Kb free=111518Kb
 bounds [0x000001e41f170000, 0x000001e41f9c0000, 0x000001e4266a0000]
CodeHeap 'profiled nmethods': size=120000Kb used=25582Kb max_used=25582Kb free=94418Kb
 bounds [0x000001e4176a0000, 0x000001e418fa0000, 0x000001e41ebd0000]
CodeHeap 'non-nmethods': size=5760Kb used=2056Kb max_used=2107Kb free=3704Kb
 bounds [0x000001e41ebd0000, 0x000001e41ee40000, 0x000001e41f170000]
CodeCache: size=245760Kb, used=36119Kb, max_used=36170Kb, free=209640Kb
 total_blobs=14073, nmethods=13165, adapters=812, full_count=0
Compilation: enabled, stopped_count=0, restarted_count=0

Compilation events (20 events):
Event: 32.839 Thread 0x000001e42e8c65e0 15658       3       org.jetbrains.kotlin.gradle.plugin.mpp.HierarchyAttributeContainer::keySet (161 bytes)
Event: 32.840 Thread 0x000001e42e8c65e0 nmethod 15658 0x000001e418f98090 code [0x000001e418f983a0, 0x000001e418f997b8]
Event: 32.840 Thread 0x000001e46d4a7cf0 nmethod 15598 0x000001e41f9b5a10 code [0x000001e41f9b5be0, 0x000001e41f9b6708]
Event: 32.840 Thread 0x000001e46d4a7cf0 15604       4       org.gradle.internal.operations.DefaultBuildOperationRunner$1::execute (10 bytes)
Event: 32.841 Thread 0x000001e42e8c2640 nmethod 15636 0x000001e41f9b6b10 code [0x000001e41f9b6ce0, 0x000001e41f9b7508]
Event: 32.841 Thread 0x000001e42e8c65e0 15659       1       com.android.build.gradle.internal.core.dsl.impl.ComponentDslInfoImpl::getComponentType (5 bytes)
Event: 32.842 Thread 0x000001e42e8c65e0 nmethod 15659 0x000001e41f9b7810 code [0x000001e41f9b79a0, 0x000001e41f9b7a70]
Event: 32.842 Thread 0x000001e42e8c2640 15660       4       java.util.TreeMap::rotateRight (96 bytes)
Event: 32.843 Thread 0x000001e42e8c65e0 15662       1       com.android.build.gradle.internal.api.DefaultAndroidSourceSet::getApiConfigurationName (5 bytes)
Event: 32.843 Thread 0x000001e42e8c65e0 nmethod 15662 0x000001e41f9b7b10 code [0x000001e41f9b7ca0, 0x000001e41f9b7d70]
Event: 32.844 Thread 0x000001e42e8c65e0 15663       3       org.gradle.api.internal.project.DefaultProject::provider (11 bytes)
Event: 32.845 Thread 0x000001e42e8c65e0 nmethod 15663 0x000001e418f99e10 code [0x000001e418f9a060, 0x000001e418f9ab68]
Event: 32.846 Thread 0x000001e42e8c65e0 15665   !   3       org.jetbrains.kotlin.gradle.utils.Completable::isCompleted (44 bytes)
Event: 32.846 Thread 0x000001e42e8c65e0 nmethod 15665 0x000001e418f9af10 code [0x000001e418f9b140, 0x000001e418f9b850]
Event: 32.847 Thread 0x000001e42e8c65e0 15666       1       org.jetbrains.kotlin.gradle.plugin.sources.ConsistencyCheck::getGetValue (5 bytes)
Event: 32.847 Thread 0x000001e42e8c65e0 nmethod 15666 0x000001e41f9b7e10 code [0x000001e41f9b7fa0, 0x000001e41f9b8070]
Event: 32.847 Thread 0x000001e42e8c65e0 15667       1       org.jetbrains.kotlin.gradle.plugin.sources.FragmentConsistencyChecks::access$getLanguageSettings$p (5 bytes)
Event: 32.847 Thread 0x000001e42e8c65e0 nmethod 15667 0x000001e41f9b8110 code [0x000001e41f9b82a0, 0x000001e41f9b8350]
Event: 32.847 Thread 0x000001e42e8c65e0 15669       1       org.gradle.configuration.internal.DefaultListenerBuildOperationDecorator::access$400 (5 bytes)
Event: 32.847 Thread 0x000001e42e8c65e0 nmethod 15669 0x000001e41f9b8410 code [0x000001e41f9b85a0, 0x000001e41f9b8650]

GC Heap History (20 events):
Event: 25.079 GC heap after
{Heap after GC invocations=35 (full 0):
 garbage-first heap   total 200704K, used 109956K [0x0000000700000000, 0x0000000800000000)
  region size 2048K, 2 young (4096K), 2 survivors (4096K)
 Metaspace       used 89907K, committed 92352K, reserved 983040K
  class space    used 12919K, committed 14144K, reserved 851968K
}
Event: 25.962 GC heap before
{Heap before GC invocations=35 (full 0):
 garbage-first heap   total 200704K, used 179588K [0x0000000700000000, 0x0000000800000000)
  region size 2048K, 36 young (73728K), 2 survivors (4096K)
 Metaspace       used 94101K, committed 96640K, reserved 983040K
  class space    used 13481K, committed 14720K, reserved 851968K
}
Event: 25.968 GC heap after
{Heap after GC invocations=36 (full 0):
 garbage-first heap   total 200704K, used 113516K [0x0000000700000000, 0x0000000800000000)
  region size 2048K, 4 young (8192K), 4 survivors (8192K)
 Metaspace       used 94101K, committed 96640K, reserved 983040K
  class space    used 13481K, committed 14720K, reserved 851968K
}
Event: 27.008 GC heap before
{Heap before GC invocations=37 (full 0):
 garbage-first heap   total 200704K, used 181100K [0x0000000700000000, 0x0000000800000000)
  region size 2048K, 37 young (75776K), 4 survivors (8192K)
 Metaspace       used 97371K, committed 99968K, reserved 983040K
  class space    used 13944K, committed 15232K, reserved 851968K
}
Event: 27.016 GC heap after
{Heap after GC invocations=38 (full 0):
 garbage-first heap   total 200704K, used 117790K [0x0000000700000000, 0x0000000800000000)
  region size 2048K, 4 young (8192K), 4 survivors (8192K)
 Metaspace       used 97371K, committed 99968K, reserved 983040K
  class space    used 13944K, committed 15232K, reserved 851968K
}
Event: 28.512 GC heap before
{Heap before GC invocations=38 (full 0):
 garbage-first heap   total 200704K, used 181278K [0x0000000700000000, 0x0000000800000000)
  region size 2048K, 35 young (71680K), 4 survivors (8192K)
 Metaspace       used 101809K, committed 104320K, reserved 983040K
  class space    used 14688K, committed 15936K, reserved 851968K
}
Event: 28.519 GC heap after
{Heap after GC invocations=39 (full 0):
 garbage-first heap   total 200704K, used 118351K [0x0000000700000000, 0x0000000800000000)
  region size 2048K, 4 young (8192K), 4 survivors (8192K)
 Metaspace       used 101809K, committed 104320K, reserved 983040K
  class space    used 14688K, committed 15936K, reserved 851968K
}
Event: 29.519 GC heap before
{Heap before GC invocations=39 (full 0):
 garbage-first heap   total 200704K, used 183887K [0x0000000700000000, 0x0000000800000000)
  region size 2048K, 36 young (73728K), 4 survivors (8192K)
 Metaspace       used 105237K, committed 107840K, reserved 983040K
  class space    used 15144K, committed 16448K, reserved 851968K
}
Event: 29.525 GC heap after
{Heap after GC invocations=40 (full 0):
 garbage-first heap   total 200704K, used 122836K [0x0000000700000000, 0x0000000800000000)
  region size 2048K, 4 young (8192K), 4 survivors (8192K)
 Metaspace       used 105237K, committed 107840K, reserved 983040K
  class space    used 15144K, committed 16448K, reserved 851968K
}
Event: 30.216 GC heap before
{Heap before GC invocations=41 (full 0):
 garbage-first heap   total 208896K, used 182228K [0x0000000700000000, 0x0000000800000000)
  region size 2048K, 34 young (69632K), 4 survivors (8192K)
 Metaspace       used 106365K, committed 109120K, reserved 983040K
  class space    used 15379K, committed 16768K, reserved 851968K
}
Event: 30.224 GC heap after
{Heap after GC invocations=42 (full 0):
 garbage-first heap   total 208896K, used 131460K [0x0000000700000000, 0x0000000800000000)
  region size 2048K, 5 young (10240K), 5 survivors (10240K)
 Metaspace       used 106365K, committed 109120K, reserved 983040K
  class space    used 15379K, committed 16768K, reserved 851968K
}
Event: 30.837 GC heap before
{Heap before GC invocations=42 (full 0):
 garbage-first heap   total 208896K, used 186756K [0x0000000700000000, 0x0000000800000000)
  region size 2048K, 33 young (67584K), 5 survivors (10240K)
 Metaspace       used 107263K, committed 110144K, reserved 983040K
  class space    used 15499K, committed 16960K, reserved 851968K
}
Event: 30.854 GC heap after
{Heap after GC invocations=43 (full 0):
 garbage-first heap   total 212992K, used 138679K [0x0000000700000000, 0x0000000800000000)
  region size 2048K, 5 young (10240K), 5 survivors (10240K)
 Metaspace       used 107263K, committed 110144K, reserved 983040K
  class space    used 15499K, committed 16960K, reserved 851968K
}
Event: 31.336 GC heap before
{Heap before GC invocations=43 (full 0):
 garbage-first heap   total 212992K, used 189879K [0x0000000700000000, 0x0000000800000000)
  region size 2048K, 31 young (63488K), 5 survivors (10240K)
 Metaspace       used 108495K, committed 111296K, reserved 983040K
  class space    used 15626K, committed 17024K, reserved 851968K
}
Event: 31.344 GC heap after
{Heap after GC invocations=44 (full 0):
 garbage-first heap   total 212992K, used 143166K [0x0000000700000000, 0x0000000800000000)
  region size 2048K, 4 young (8192K), 4 survivors (8192K)
 Metaspace       used 108495K, committed 111296K, reserved 983040K
  class space    used 15626K, committed 17024K, reserved 851968K
}
Event: 31.718 GC heap before
{Heap before GC invocations=45 (full 0):
 garbage-first heap   total 243712K, used 188222K [0x0000000700000000, 0x0000000800000000)
  region size 2048K, 27 young (55296K), 4 survivors (8192K)
 Metaspace       used 108606K, committed 111488K, reserved 983040K
  class space    used 15626K, committed 17024K, reserved 851968K
}
Event: 31.725 GC heap after
{Heap after GC invocations=46 (full 0):
 garbage-first heap   total 243712K, used 145854K [0x0000000700000000, 0x0000000800000000)
  region size 2048K, 3 young (6144K), 3 survivors (6144K)
 Metaspace       used 108606K, committed 111488K, reserved 983040K
  class space    used 15626K, committed 17024K, reserved 851968K
}
Event: 31.939 GC heap before
{Heap before GC invocations=46 (full 0):
 garbage-first heap   total 243712K, used 215486K [0x0000000700000000, 0x0000000800000000)
  region size 2048K, 38 young (77824K), 3 survivors (6144K)
 Metaspace       used 108607K, committed 111488K, reserved 983040K
  class space    used 15626K, committed 17024K, reserved 851968K
}
Event: 31.950 GC heap after
{Heap after GC invocations=47 (full 0):
 garbage-first heap   total 243712K, used 144973K [0x0000000700000000, 0x0000000800000000)
  region size 2048K, 3 young (6144K), 3 survivors (6144K)
 Metaspace       used 108607K, committed 111488K, reserved 983040K
  class space    used 15626K, committed 17024K, reserved 851968K
}
Event: 32.848 GC heap before
{Heap before GC invocations=47 (full 0):
 garbage-first heap   total 243712K, used 218701K [0x0000000700000000, 0x0000000800000000)
  region size 2048K, 40 young (81920K), 3 survivors (6144K)
 Metaspace       used 109606K, committed 112512K, reserved 983040K
  class space    used 15778K, committed 17216K, reserved 851968K
}

Dll operation events (14 events):
Event: 0.012 Loaded shared library C:\Users\Nandhitha_R\.antigravity\extensions\redhat.java-1.54.0-win32-x64\jre\21.0.10-win32-x86_64\bin\java.dll
Event: 0.064 Loaded shared library C:\Users\Nandhitha_R\.antigravity\extensions\redhat.java-1.54.0-win32-x64\jre\21.0.10-win32-x86_64\bin\zip.dll
Event: 0.086 Loaded shared library C:\Users\Nandhitha_R\.antigravity\extensions\redhat.java-1.54.0-win32-x64\jre\21.0.10-win32-x86_64\bin\instrument.dll
Event: 0.092 Loaded shared library C:\Users\Nandhitha_R\.antigravity\extensions\redhat.java-1.54.0-win32-x64\jre\21.0.10-win32-x86_64\bin\net.dll
Event: 0.094 Loaded shared library C:\Users\Nandhitha_R\.antigravity\extensions\redhat.java-1.54.0-win32-x64\jre\21.0.10-win32-x86_64\bin\nio.dll
Event: 0.098 Loaded shared library C:\Users\Nandhitha_R\.antigravity\extensions\redhat.java-1.54.0-win32-x64\jre\21.0.10-win32-x86_64\bin\zip.dll
Event: 0.436 Loaded shared library C:\Users\Nandhitha_R\.antigravity\extensions\redhat.java-1.54.0-win32-x64\jre\21.0.10-win32-x86_64\bin\jimage.dll
Event: 0.697 Loaded shared library C:\Users\Nandhitha_R\.antigravity\extensions\redhat.java-1.54.0-win32-x64\jre\21.0.10-win32-x86_64\bin\verify.dll
Event: 0.735 Loaded shared library C:\Users\Nandhitha_R\.gradle\native\1def1411415f61bf3af743bc5b6707747c0891f09f0c88961ee8f79bc544acac\windows-amd64\native-platform.dll
Event: 0.748 Loaded shared library C:\Users\Nandhitha_R\.gradle\native\0.2.8\x86_64-windows-gnu\gradle-fileevents.dll
Event: 1.713 Loaded shared library C:\Users\Nandhitha_R\.antigravity\extensions\redhat.java-1.54.0-win32-x64\jre\21.0.10-win32-x86_64\bin\management.dll
Event: 1.717 Loaded shared library C:\Users\Nandhitha_R\.antigravity\extensions\redhat.java-1.54.0-win32-x64\jre\21.0.10-win32-x86_64\bin\management_ext.dll
Event: 1.856 Loaded shared library C:\Users\Nandhitha_R\.antigravity\extensions\redhat.java-1.54.0-win32-x64\jre\21.0.10-win32-x86_64\bin\extnet.dll
Event: 2.043 Loaded shared library C:\Users\Nandhitha_R\.antigravity\extensions\redhat.java-1.54.0-win32-x64\jre\21.0.10-win32-x86_64\bin\sunmscapi.dll

Deoptimization events (20 events):
Event: 32.499 Thread 0x000001e46982cbf0 Uncommon trap: trap_request=0xffffff45 fr.pc=0x000001e41f8489e8 relative=0x0000000000000ac8
Event: 32.499 Thread 0x000001e46982cbf0 Uncommon trap: reason=unstable_if action=reinterpret pc=0x000001e41f8489e8 method=java.lang.PublicMethods$MethodList.getMostSpecific()Ljava/lang/reflect/Method; @ 35 c2
Event: 32.499 Thread 0x000001e46982cbf0 DEOPT PACKING pc=0x000001e41f8489e8 sp=0x00000041d3cf5530
Event: 32.499 Thread 0x000001e46982cbf0 DEOPT UNPACKING pc=0x000001e41ec24422 sp=0x00000041d3cf5368 mode 2
Event: 32.499 Thread 0x000001e46982cbf0 Uncommon trap: trap_request=0xffffff45 fr.pc=0x000001e41f846304 relative=0x0000000000000604
Event: 32.499 Thread 0x000001e46982cbf0 Uncommon trap: reason=unstable_if action=reinterpret pc=0x000001e41f846304 method=java.lang.PublicMethods$MethodList.getMostSpecific()Ljava/lang/reflect/Method; @ 35 c2
Event: 32.499 Thread 0x000001e46982cbf0 DEOPT PACKING pc=0x000001e41f846304 sp=0x00000041d3cf54a0
Event: 32.499 Thread 0x000001e46982cbf0 DEOPT UNPACKING pc=0x000001e41ec24422 sp=0x00000041d3cf5368 mode 2
Event: 32.523 Thread 0x000001e46982cbf0 Uncommon trap: trap_request=0xffffffc6 fr.pc=0x000001e41f7bfb98 relative=0x0000000000000478
Event: 32.523 Thread 0x000001e46982cbf0 Uncommon trap: reason=bimorphic_or_optimized_type_check action=maybe_recompile pc=0x000001e41f7bfb98 method=java.lang.reflect.AccessibleObject.checkCanSetAccessible(Ljava/lang/Class;Ljava/lang/Class;Z)Z @ 99 c2
Event: 32.524 Thread 0x000001e46982cbf0 DEOPT PACKING pc=0x000001e41f7bfb98 sp=0x00000041d3cf2960
Event: 32.524 Thread 0x000001e46982cbf0 DEOPT UNPACKING pc=0x000001e41ec24422 sp=0x00000041d3cf2918 mode 2
Event: 32.550 Thread 0x000001e46982cbf0 Uncommon trap: trap_request=0xffffff45 fr.pc=0x000001e41f8d0324 relative=0x0000000000001d24
Event: 32.550 Thread 0x000001e46982cbf0 Uncommon trap: reason=unstable_if action=reinterpret pc=0x000001e41f8d0324 method=org.gradle.internal.classloader.FilteringClassLoader.classAllowed(Ljava/lang/String;)Z @ 25 c2
Event: 32.550 Thread 0x000001e46982cbf0 DEOPT PACKING pc=0x000001e41f8d0324 sp=0x00000041d3cf1570
Event: 32.550 Thread 0x000001e46982cbf0 DEOPT UNPACKING pc=0x000001e41ec24422 sp=0x00000041d3cf14d8 mode 2
Event: 32.577 Thread 0x000001e46982cbf0 DEOPT PACKING pc=0x000001e418eab264 sp=0x00000041d3cf8c60
Event: 32.577 Thread 0x000001e46982cbf0 DEOPT UNPACKING pc=0x000001e41ec24bc2 sp=0x00000041d3cf8150 mode 0
Event: 32.777 Thread 0x000001e46982cbf0 DEOPT PACKING pc=0x000001e418c52457 sp=0x00000041d3cf91a0
Event: 32.777 Thread 0x000001e46982cbf0 DEOPT UNPACKING pc=0x000001e41ec24bc2 sp=0x00000041d3cf8618 mode 0

Classes loaded (20 events):
Event: 32.511 Loading class java/util/TreeSetBeanInfo
Event: 32.511 Loading class java/util/TreeSetBeanInfo done
Event: 32.512 Loading class java/util/AbstractSetBeanInfo
Event: 32.512 Loading class java/util/AbstractSetBeanInfo done
Event: 32.512 Loading class java/util/AbstractSetBeanInfo
Event: 32.512 Loading class java/util/AbstractSetBeanInfo done
Event: 32.512 Loading class java/util/AbstractSetCustomizer
Event: 32.512 Loading class java/util/AbstractSetCustomizer done
Event: 32.513 Loading class java/util/AbstractSetCustomizer
Event: 32.513 Loading class java/util/AbstractSetCustomizer done
Event: 32.513 Loading class java/util/TreeSetCustomizer
Event: 32.513 Loading class java/util/TreeSetCustomizer done
Event: 32.514 Loading class java/util/TreeSetCustomizer
Event: 32.514 Loading class java/util/TreeSetCustomizer done
Event: 32.515 Loading class java/beans/ParameterDescriptor
Event: 32.515 Loading class java/beans/ParameterDescriptor done
Event: 32.521 Loading class java/lang/invoke/BoundMethodHandle$Species_LLLLILLLLLLL
Event: 32.521 Loading class java/lang/invoke/BoundMethodHandle$Species_LLLLILLLLLLL done
Event: 32.535 Loading class java/io/LineNumberReader
Event: 32.535 Loading class java/io/LineNumberReader done

Classes unloaded (0 events):
No events

Classes redefined (0 events):
No events

Internal exceptions (20 events):
Event: 32.496 Thread 0x000001e46982cbf0 Exception <a 'java/lang/ClassNotFoundException'{0x000000070ab26498}: com/android/build/gradle/internal/dsl/CmakeOptions$AgpDecoratedCustomizer> (0x000000070ab26498) 
thrown [s\src\hotspot\share\classfile\systemDictionary.cpp, line 312]
Event: 32.496 Thread 0x000001e46982cbf0 Exception <a 'java/lang/ClassNotFoundException'{0x000000070ab40e48}: com/android/build/gradle/internal/dsl/CmakeOptions$AgpDecorated_DecoratedCustomizer> (0x000000070ab40e48) 
thrown [s\src\hotspot\share\classfile\systemDictionary.cpp, line 312]
Event: 32.500 Thread 0x000001e46982cbf0 Exception <a 'java/lang/ClassNotFoundException'{0x000000070abb0408}: com/android/build/gradle/internal/dsl/PackagingOptions$AgpDecorated_DecoratedBeanInfo> (0x000000070abb0408) 
thrown [s\src\hotspot\share\classfile\systemDictionary.cpp, line 312]
Event: 32.500 Thread 0x000001e46982cbf0 Exception <a 'java/lang/ClassNotFoundException'{0x000000070abc21d8}: com/android/build/gradle/internal/dsl/PackagingOptions$AgpDecoratedBeanInfo> (0x000000070abc21d8) 
thrown [s\src\hotspot\share\classfile\systemDictionary.cpp, line 312]
Event: 32.501 Thread 0x000001e46982cbf0 Exception <a 'java/lang/ClassNotFoundException'{0x000000070abd3b80}: com/android/build/gradle/internal/dsl/PackagingOptionsBeanInfo> (0x000000070abd3b80) 
thrown [s\src\hotspot\share\classfile\systemDictionary.cpp, line 312]
Event: 32.501 Thread 0x000001e46982cbf0 Exception <a 'java/lang/ClassNotFoundException'{0x000000070abe5660}: com/android/build/gradle/internal/dsl/PackagingOptionsCustomizer> (0x000000070abe5660) 
thrown [s\src\hotspot\share\classfile\systemDictionary.cpp, line 312]
Event: 32.502 Thread 0x000001e46982cbf0 Exception <a 'java/lang/ClassNotFoundException'{0x000000070a801478}: com/android/build/gradle/internal/dsl/PackagingOptions$AgpDecoratedCustomizer> (0x000000070a801478) 
thrown [s\src\hotspot\share\classfile\systemDictionary.cpp, line 312]
Event: 32.502 Thread 0x000001e46982cbf0 Exception <a 'java/lang/ClassNotFoundException'{0x000000070a8297d8}: com/android/build/gradle/internal/dsl/PackagingOptions$AgpDecorated_DecoratedCustomizer> (0x000000070a8297d8) 
thrown [s\src\hotspot\share\classfile\systemDictionary.cpp, line 312]
Event: 32.512 Thread 0x000001e46982cbf0 Exception <a 'java/lang/ClassNotFoundException'{0x000000070a8c6248}: java/util/TreeSetBeanInfo> (0x000000070a8c6248) 
thrown [s\src\hotspot\share\classfile\systemDictionary.cpp, line 312]
Event: 32.512 Thread 0x000001e46982cbf0 Exception <a 'java/lang/ClassNotFoundException'{0x000000070a8d4390}: java/util/AbstractSetBeanInfo> (0x000000070a8d4390) 
thrown [s\src\hotspot\share\classfile\systemDictionary.cpp, line 312]
Event: 32.513 Thread 0x000001e46982cbf0 Exception <a 'java/lang/ClassNotFoundException'{0x000000070a8e1de0}: java/util/AbstractSetCustomizer> (0x000000070a8e1de0) 
thrown [s\src\hotspot\share\classfile\systemDictionary.cpp, line 312]
Event: 32.514 Thread 0x000001e46982cbf0 Exception <a 'java/lang/ClassNotFoundException'{0x000000070a914f30}: java/util/TreeSetCustomizer> (0x000000070a914f30) 
thrown [s\src\hotspot\share\classfile\systemDictionary.cpp, line 312]
Event: 32.529 Thread 0x000001e46982cbf0 Exception <a 'java/lang/ClassNotFoundException'{0x000000070a64e028}: groovy/json/JsonSlurperBeanInfo> (0x000000070a64e028) 
thrown [s\src\hotspot\share\classfile\systemDictionary.cpp, line 312]
Event: 32.531 Thread 0x000001e46982cbf0 Exception <a 'java/lang/ClassNotFoundException'{0x000000070a66ac38}: groovy/json/JsonSlurperCustomizer> (0x000000070a66ac38) 
thrown [s\src\hotspot\share\classfile\systemDictionary.cpp, line 312]
Event: 32.556 Thread 0x000001e46982cbf0 Exception <a 'java/lang/ClassNotFoundException'{0x000000070a72d368}: org/apache/groovy/json/internal/LazyMapBeanInfo> (0x000000070a72d368) 
thrown [s\src\hotspot\share\classfile\systemDictionary.cpp, line 312]
Event: 32.558 Thread 0x000001e46982cbf0 Exception <a 'java/lang/ClassNotFoundException'{0x000000070a74a260}: org/apache/groovy/json/internal/LazyMapCustomizer> (0x000000070a74a260) 
thrown [s\src\hotspot\share\classfile\systemDictionary.cpp, line 312]
Event: 32.571 Thread 0x000001e46982cbf0 Exception <a 'java/lang/ClassNotFoundException'{0x000000070a7e5c68}: com/google/common/collect/RegularImmutableSetBeanInfo> (0x000000070a7e5c68) 
thrown [s\src\hotspot\share\classfile\systemDictionary.cpp, line 312]
Event: 32.572 Thread 0x000001e46982cbf0 Exception <a 'java/lang/ClassNotFoundException'{0x000000070a7f54c0}: com/google/common/collect/ImmutableSet$CachingAsListBeanInfo> (0x000000070a7f54c0) 
thrown [s\src\hotspot\share\classfile\systemDictionary.cpp, line 312]
Event: 32.573 Thread 0x000001e46982cbf0 Exception <a 'java/lang/ClassNotFoundException'{0x000000070a404fc8}: com/google/common/collect/ImmutableSet$CachingAsListCustomizer> (0x000000070a404fc8) 
thrown [s\src\hotspot\share\classfile\systemDictionary.cpp, line 312]
Event: 32.574 Thread 0x000001e46982cbf0 Exception <a 'java/lang/ClassNotFoundException'{0x000000070a41b788}: com/google/common/collect/RegularImmutableSetCustomizer> (0x000000070a41b788) 
thrown [s\src\hotspot\share\classfile\systemDictionary.cpp, line 312]

ZGC Phase Switch (0 events):
No events

VM Operations (20 events):
Event: 31.450 Executing safepoint VM operation: G1PauseRemark done
Event: 31.522 Executing safepoint VM operation: G1PauseCleanup
Event: 31.523 Executing safepoint VM operation: G1PauseCleanup done
Event: 31.718 Executing safepoint VM operation: G1CollectForAllocation (G1 Evacuation Pause)
Event: 31.725 Executing safepoint VM operation: G1CollectForAllocation (G1 Evacuation Pause) done
Event: 31.939 Executing safepoint VM operation: G1CollectForAllocation (G1 Evacuation Pause)
Event: 31.950 Executing safepoint VM operation: G1CollectForAllocation (G1 Evacuation Pause) done
Event: 32.190 Executing non-safepoint VM operation: HandshakeAllThreads (Deoptimize)
Event: 32.190 Executing non-safepoint VM operation: HandshakeAllThreads (Deoptimize) done
Event: 32.340 Executing non-safepoint VM operation: HandshakeAllThreads (Deoptimize)
Event: 32.340 Executing non-safepoint VM operation: HandshakeAllThreads (Deoptimize) done
Event: 32.344 Executing non-safepoint VM operation: HandshakeAllThreads (Deoptimize)
Event: 32.344 Executing non-safepoint VM operation: HandshakeAllThreads (Deoptimize) done
Event: 32.450 Executing non-safepoint VM operation: HandshakeAllThreads (Deoptimize)
Event: 32.450 Executing non-safepoint VM operation: HandshakeAllThreads (Deoptimize) done
Event: 32.538 Executing non-safepoint VM operation: HandshakeAllThreads (Deoptimize)
Event: 32.538 Executing non-safepoint VM operation: HandshakeAllThreads (Deoptimize) done
Event: 32.831 Executing safepoint VM operation: ICBufferFull
Event: 32.832 Executing safepoint VM operation: ICBufferFull done
Event: 32.848 Executing safepoint VM operation: G1CollectForAllocation (G1 Evacuation Pause)

Memory protections (0 events):
No events

Nmethod flushes (20 events):
Event: 31.449 Thread 0x000001e42dfec000 flushing  nmethod 0x000001e4176c9c90
Event: 31.449 Thread 0x000001e42dfec000 flushing  nmethod 0x000001e417832d10
Event: 31.449 Thread 0x000001e42dfec000 flushing  nmethod 0x000001e4178ff210
Event: 31.449 Thread 0x000001e42dfec000 flushing  nmethod 0x000001e417aacd90
Event: 31.449 Thread 0x000001e42dfec000 flushing  nmethod 0x000001e417b3b110
Event: 31.449 Thread 0x000001e42dfec000 flushing  nmethod 0x000001e417bab990
Event: 31.449 Thread 0x000001e42dfec000 flushing  nmethod 0x000001e417bdc710
Event: 31.449 Thread 0x000001e42dfec000 flushing  nmethod 0x000001e417be1110
Event: 31.449 Thread 0x000001e42dfec000 flushing  nmethod 0x000001e417d4c090
Event: 31.449 Thread 0x000001e42dfec000 flushing  nmethod 0x000001e417e27110
Event: 31.449 Thread 0x000001e42dfec000 flushing  nmethod 0x000001e417ef8e90
Event: 31.449 Thread 0x000001e42dfec000 flushing  nmethod 0x000001e4183ff590
Event: 31.449 Thread 0x000001e42dfec000 flushing  nmethod 0x000001e418569790
Event: 31.449 Thread 0x000001e42dfec000 flushing  nmethod 0x000001e41856d390
Event: 31.449 Thread 0x000001e42dfec000 flushing  nmethod 0x000001e41867eb10
Event: 31.449 Thread 0x000001e42dfec000 flushing  nmethod 0x000001e418683c10
Event: 31.449 Thread 0x000001e42dfec000 flushing  nmethod 0x000001e4186d3710
Event: 31.449 Thread 0x000001e42dfec000 flushing osr nmethod 0x000001e418832790
Event: 31.449 Thread 0x000001e42dfec000 flushing  nmethod 0x000001e418b35b10
Event: 31.449 Thread 0x000001e42dfec000 flushing  nmethod 0x000001e418bbc090

Events (20 events):
Event: 20.988 Thread 0x000001e4681ce310 Thread exited: 0x000001e4681ce310
Event: 20.988 Thread 0x000001e46afe6e50 Thread exited: 0x000001e46afe6e50
Event: 21.050 Thread 0x000001e42e8c65e0 Thread added: 0x000001e4681cc7d0
Event: 21.680 Thread 0x000001e42e8c2640 Thread added: 0x000001e4681d0520
Event: 21.917 Thread 0x000001e46982cbf0 Thread added: 0x000001e469ffec00
Event: 22.062 Thread 0x000001e46982cbf0 Thread added: 0x000001e469ffb780
Event: 22.075 Thread 0x000001e46982cbf0 Thread added: 0x000001e469fff290
Event: 23.117 Thread 0x000001e4681d0520 Thread exited: 0x000001e4681d0520
Event: 23.117 Thread 0x000001e4681cc7d0 Thread exited: 0x000001e4681cc7d0
Event: 23.283 Thread 0x000001e42e8c65e0 Thread added: 0x000001e4681ce9e0
Event: 24.944 Thread 0x000001e46982cbf0 Thread added: 0x000001e46a001360
Event: 25.830 Thread 0x000001e46982cbf0 Thread added: 0x000001e46a004150
Event: 27.438 Thread 0x000001e4681ce9e0 Thread exited: 0x000001e4681ce9e0
Event: 28.219 Thread 0x000001e42e8c65e0 Thread added: 0x000001e4681d3ba0
Event: 28.336 Thread 0x000001e4681d3ba0 Thread exited: 0x000001e4681d3ba0
Event: 28.607 Thread 0x000001e42e8c65e0 Thread added: 0x000001e46d4a7cf0
Event: 29.468 Thread 0x000001e46982cbf0 Thread added: 0x000001e46d66e610
Event: 29.496 Thread 0x000001e46982cbf0 Thread added: 0x000001e46d672e40
Event: 29.505 Thread 0x000001e46982cbf0 Thread added: 0x000001e46d6755a0
Event: 29.760 Thread 0x000001e46982cbf0 Thread added: 0x000001e46a000cd0


Dynamic libraries:
0x00007ff6b91c0000 - 0x00007ff6b91ce000 	C:\Users\Nandhitha_R\.antigravity\extensions\redhat.java-1.54.0-win32-x64\jre\21.0.10-win32-x86_64\bin\java.exe
0x00007ffd24a00000 - 0x00007ffd24c67000 	C:\Windows\SYSTEM32\ntdll.dll
0x00007ffd23ab0000 - 0x00007ffd23b79000 	C:\Windows\System32\KERNEL32.DLL
0x00007ffd21ea0000 - 0x00007ffd22297000 	C:\Windows\System32\KERNELBASE.dll
0x00007ffd21d50000 - 0x00007ffd21e9b000 	C:\Windows\System32\ucrtbase.dll
0x00007ffc900d0000 - 0x00007ffc900e8000 	C:\Users\Nandhitha_R\.antigravity\extensions\redhat.java-1.54.0-win32-x64\jre\21.0.10-win32-x86_64\bin\jli.dll
0x00007ffc8f7f0000 - 0x00007ffc8f80e000 	C:\Users\Nandhitha_R\.antigravity\extensions\redhat.java-1.54.0-win32-x64\jre\21.0.10-win32-x86_64\bin\VCRUNTIME140.dll
0x00007ffd24070000 - 0x00007ffd24236000 	C:\Windows\System32\USER32.dll
0x00007ffd22750000 - 0x00007ffd22777000 	C:\Windows\System32\win32u.dll
0x00007ffd23990000 - 0x00007ffd239bb000 	C:\Windows\System32\GDI32.dll
0x00007ffd011a0000 - 0x00007ffd01432000 	C:\Windows\WinSxS\amd64_microsoft.windows.common-controls_6595b64144ccf1df_6.0.26100.8328_none_3e08182ce334b678\COMCTL32.dll
0x00007ffd22570000 - 0x00007ffd2269c000 	C:\Windows\System32\gdi32full.dll
0x00007ffd21ca0000 - 0x00007ffd21d43000 	C:\Windows\System32\msvcp_win.dll
0x00007ffd236b0000 - 0x00007ffd23759000 	C:\Windows\System32\msvcrt.dll
0x00007ffd24240000 - 0x00007ffd24272000 	C:\Windows\System32\IMM32.DLL
0x00007ffceb690000 - 0x00007ffceb69c000 	C:\Users\Nandhitha_R\.antigravity\extensions\redhat.java-1.54.0-win32-x64\jre\21.0.10-win32-x86_64\bin\vcruntime140_1.dll
0x00007ffc864c0000 - 0x00007ffc8654d000 	C:\Users\Nandhitha_R\.antigravity\extensions\redhat.java-1.54.0-win32-x64\jre\21.0.10-win32-x86_64\bin\msvcp140.dll
0x00007ffc6e930000 - 0x00007ffc6f6d1000 	C:\Users\Nandhitha_R\.antigravity\extensions\redhat.java-1.54.0-win32-x64\jre\21.0.10-win32-x86_64\bin\server\jvm.dll
0x00007ffd239d0000 - 0x00007ffd23a86000 	C:\Windows\System32\ADVAPI32.dll
0x00007ffd22f00000 - 0x00007ffd22fa7000 	C:\Windows\System32\sechost.dll
0x00007ffd23590000 - 0x00007ffd236a8000 	C:\Windows\System32\RPCRT4.dll
0x00007ffd23b80000 - 0x00007ffd23c00000 	C:\Windows\System32\WS2_32.dll
0x00007ffd212b0000 - 0x00007ffd2130e000 	C:\Windows\SYSTEM32\POWRPROF.dll
0x00007ffd0e180000 - 0x00007ffd0e18b000 	C:\Windows\SYSTEM32\VERSION.dll
0x00007ffd1e4c0000 - 0x00007ffd1e4f6000 	C:\Windows\SYSTEM32\WINMM.dll
0x00007ffd21270000 - 0x00007ffd21284000 	C:\Windows\SYSTEM32\UMPDC.dll
0x00007ffd201c0000 - 0x00007ffd201db000 	C:\Windows\SYSTEM32\kernel.appcore.dll
0x00007ffcd1330000 - 0x00007ffcd133a000 	C:\Users\Nandhitha_R\.antigravity\extensions\redhat.java-1.54.0-win32-x64\jre\21.0.10-win32-x86_64\bin\jimage.dll
0x00007ffd1f280000 - 0x00007ffd1f4c2000 	C:\Windows\SYSTEM32\DBGHELP.DLL
0x00007ffd23c90000 - 0x00007ffd24013000 	C:\Windows\System32\combase.dll
0x00007ffd23150000 - 0x00007ffd23229000 	C:\Windows\System32\OLEAUT32.dll
0x00007ffd00ef0000 - 0x00007ffd00f2b000 	C:\Windows\SYSTEM32\dbgcore.DLL
0x00007ffd226a0000 - 0x00007ffd22748000 	C:\Windows\System32\bcryptPrimitives.dll
0x00007ffc8f8f0000 - 0x00007ffc8f8ff000 	C:\Users\Nandhitha_R\.antigravity\extensions\redhat.java-1.54.0-win32-x64\jre\21.0.10-win32-x86_64\bin\instrument.dll
0x00007ffc91520000 - 0x00007ffc91540000 	C:\Users\Nandhitha_R\.antigravity\extensions\redhat.java-1.54.0-win32-x64\jre\21.0.10-win32-x86_64\bin\java.dll
0x00007ffd22780000 - 0x00007ffd22eee000 	C:\Windows\System32\SHELL32.dll
0x00007ffd21430000 - 0x00007ffd21c9c000 	C:\Windows\System32\windows.storage.dll
0x00007ffd243b0000 - 0x00007ffd244a6000 	C:\Windows\System32\SHCORE.dll
0x00007ffd24940000 - 0x00007ffd249a6000 	C:\Windows\System32\shlwapi.dll
0x00007ffd21350000 - 0x00007ffd21379000 	C:\Windows\SYSTEM32\profapi.dll
0x00007ffc8f900000 - 0x00007ffc8f918000 	C:\Users\Nandhitha_R\.antigravity\extensions\redhat.java-1.54.0-win32-x64\jre\21.0.10-win32-x86_64\bin\zip.dll
0x00007ffc8f7e0000 - 0x00007ffc8f7f0000 	C:\Users\Nandhitha_R\.antigravity\extensions\redhat.java-1.54.0-win32-x64\jre\21.0.10-win32-x86_64\bin\net.dll
0x00007ffd15d70000 - 0x00007ffd15e99000 	C:\Windows\SYSTEM32\WINHTTP.dll
0x00007ffd20730000 - 0x00007ffd2079c000 	C:\Windows\system32\mswsock.dll
0x00007ffc86290000 - 0x00007ffc862a6000 	C:\Users\Nandhitha_R\.antigravity\extensions\redhat.java-1.54.0-win32-x64\jre\21.0.10-win32-x86_64\bin\nio.dll
0x00007ffc8ed30000 - 0x00007ffc8ed40000 	C:\Users\Nandhitha_R\.antigravity\extensions\redhat.java-1.54.0-win32-x64\jre\21.0.10-win32-x86_64\bin\verify.dll
0x00007ffcdcc90000 - 0x00007ffcdccb7000 	C:\Users\Nandhitha_R\.gradle\native\1def1411415f61bf3af743bc5b6707747c0891f09f0c88961ee8f79bc544acac\windows-amd64\native-platform.dll
0x00007ffcdcb80000 - 0x00007ffcdcbf7000 	C:\Users\Nandhitha_R\.gradle\native\0.2.8\x86_64-windows-gnu\gradle-fileevents.dll
0x00007ffd0f9b0000 - 0x00007ffd0f9ba000 	C:\Users\Nandhitha_R\.antigravity\extensions\redhat.java-1.54.0-win32-x64\jre\21.0.10-win32-x86_64\bin\management.dll
0x00007ffcfeca0000 - 0x00007ffcfecac000 	C:\Users\Nandhitha_R\.antigravity\extensions\redhat.java-1.54.0-win32-x64\jre\21.0.10-win32-x86_64\bin\management_ext.dll
0x00007ffd238c0000 - 0x00007ffd238c8000 	C:\Windows\System32\PSAPI.DLL
0x00007ffd1fbe0000 - 0x00007ffd1fc12000 	C:\Windows\SYSTEM32\IPHLPAPI.DLL
0x00007ffd249b0000 - 0x00007ffd249ba000 	C:\Windows\System32\NSI.dll
0x00007ffc8ee80000 - 0x00007ffc8ee89000 	C:\Users\Nandhitha_R\.antigravity\extensions\redhat.java-1.54.0-win32-x64\jre\21.0.10-win32-x86_64\bin\extnet.dll
0x00007ffd20a10000 - 0x00007ffd20a2b000 	C:\Windows\SYSTEM32\CRYPTSP.dll
0x00007ffd20120000 - 0x00007ffd20159000 	C:\Windows\system32\rsaenh.dll
0x00007ffd207e0000 - 0x00007ffd20813000 	C:\Windows\SYSTEM32\USERENV.dll
0x00007ffd21320000 - 0x00007ffd2134a000 	C:\Windows\SYSTEM32\bcrypt.dll
0x00007ffd20a30000 - 0x00007ffd20a3c000 	C:\Windows\SYSTEM32\CRYPTBASE.dll
0x00007ffc8f8e0000 - 0x00007ffc8f8ee000 	C:\Users\Nandhitha_R\.antigravity\extensions\redhat.java-1.54.0-win32-x64\jre\21.0.10-win32-x86_64\bin\sunmscapi.dll
0x00007ffd222a0000 - 0x00007ffd22418000 	C:\Windows\System32\CRYPT32.dll
0x00007ffd20c30000 - 0x00007ffd20c60000 	C:\Windows\SYSTEM32\ncrypt.dll
0x00007ffd20be0000 - 0x00007ffd20c1f000 	C:\Windows\SYSTEM32\NTASN1.dll
0x00007ffcf64e0000 - 0x00007ffcf64e8000 	C:\Windows\system32\wshunix.dll

JVMTI agents:
C:\Users\Nandhitha_R\.gradle\wrapper\dists\gradle-9.0.0-bin\d6wjpkvcgsg3oed0qlfss3wgl\gradle-9.0.0\lib\agents\gradle-instrumentation-agent-9.0.0.jar path:C:\Users\Nandhitha_R\.antigravity\extensions\redhat.java-1.54.0-win32-x64\jre\21.0.10-win32-x86_64\bin\instrument.dll, loaded, initialized, instrumentlib options:none

dbghelp: loaded successfully - version: 4.0.5 - missing functions: none
symbol engine: initialized successfully - sym options: 0x614 - pdb path: .;C:\Users\Nandhitha_R\.antigravity\extensions\redhat.java-1.54.0-win32-x64\jre\21.0.10-win32-x86_64\bin;C:\Windows\SYSTEM32;C:\Windows\WinSxS\amd64_microsoft.windows.common-controls_6595b64144ccf1df_6.0.26100.8328_none_3e08182ce334b678;C:\Users\Nandhitha_R\.antigravity\extensions\redhat.java-1.54.0-win32-x64\jre\21.0.10-win32-x86_64\bin\server;C:\Users\Nandhitha_R\.gradle\native\1def1411415f61bf3af743bc5b6707747c0891f09f0c88961ee8f79bc544acac\windows-amd64;C:\Users\Nandhitha_R\.gradle\native\0.2.8\x86_64-windows-gnu

VM Arguments:
jvm_args: --add-opens=java.base/java.lang=ALL-UNNAMED --add-opens=java.base/java.lang.invoke=ALL-UNNAMED --add-opens=java.base/java.util=ALL-UNNAMED --add-opens=java.prefs/java.util.prefs=ALL-UNNAMED --add-exports=jdk.compiler/com.sun.tools.javac.api=ALL-UNNAMED --add-exports=jdk.compiler/com.sun.tools.javac.util=ALL-UNNAMED --add-opens=java.base/java.util=ALL-UNNAMED --add-opens=java.prefs/java.util.prefs=ALL-UNNAMED --add-opens=java.base/java.nio.charset=ALL-UNNAMED --add-opens=java.base/java.net=ALL-UNNAMED --add-opens=java.base/java.util.concurrent=ALL-UNNAMED --add-opens=java.base/java.util.concurrent.atomic=ALL-UNNAMED --add-opens=java.xml/javax.xml.namespace=ALL-UNNAMED -XX:MaxMetaspaceSize=1024m -XX:+HeapDumpOnOutOfMemoryError -XX:-UseParallelGC -Xmx4096m -Dfile.encoding=UTF-8 -Duser.country=IN -Duser.language=en -Duser.variant -javaagent:C:\Users\Nandhitha_R\.gradle\wrapper\dists\gradle-9.0.0-bin\d6wjpkvcgsg3oed0qlfss3wgl\gradle-9.0.0\lib\agents\gradle-instrumentation-agent-9.0.0.jar 
java_command: org.gradle.launcher.daemon.bootstrap.GradleDaemon 9.0.0
java_class_path (initial): C:\Users\Nandhitha_R\.gradle\wrapper\dists\gradle-9.0.0-bin\d6wjpkvcgsg3oed0qlfss3wgl\gradle-9.0.0\lib\gradle-daemon-main-9.0.0.jar
Launcher Type: SUN_STANDARD

[Global flags]
     intx CICompilerCount                          = 4                                         {product} {ergonomic}
   size_t CompressedClassSpaceSize                 = 872415232                                 {product} {ergonomic}
     uint ConcGCThreads                            = 3                                         {product} {ergonomic}
     uint G1ConcRefinementThreads                  = 10                                        {product} {ergonomic}
   size_t G1HeapRegionSize                         = 2097152                                   {product} {ergonomic}
    uintx GCDrainStackTargetSize                   = 64                                        {product} {ergonomic}
     bool HeapDumpOnOutOfMemoryError               = true                                   {manageable} {command line}
   size_t InitialHeapSize                          = 264241152                                 {product} {ergonomic}
   size_t MarkStackSize                            = 4194304                                   {product} {ergonomic}
   size_t MaxHeapSize                              = 4294967296                                {product} {command line}
   size_t MaxMetaspaceSize                         = 1073741824                                {product} {command line}
   size_t MaxNewSize                               = 2575302656                                {product} {ergonomic}
   size_t MinHeapDeltaBytes                        = 2097152                                   {product} {ergonomic}
   size_t MinHeapSize                              = 8388608                                   {product} {ergonomic}
    uintx NonNMethodCodeHeapSize                   = 5839372                                {pd product} {ergonomic}
    uintx NonProfiledCodeHeapSize                  = 122909434                              {pd product} {ergonomic}
    uintx ProfiledCodeHeapSize                     = 122909434                              {pd product} {ergonomic}
    uintx ReservedCodeCacheSize                    = 251658240                              {pd product} {ergonomic}
     bool SegmentedCodeCache                       = true                                      {product} {ergonomic}
   size_t SoftMaxHeapSize                          = 4294967296                             {manageable} {ergonomic}
     bool UseCompressedOops                        = true                           {product lp64_product} {ergonomic}
     bool UseG1GC                                  = true                                      {product} {ergonomic}
     bool UseLargePagesIndividualAllocation        = false                                  {pd product} {ergonomic}
     bool UseParallelGC                            = false                                     {product} {command line}

Logging:
Log output configuration:
 #0: stdout all=warning uptime,level,tags foldmultilines=false
 #1: stderr all=off uptime,level,tags foldmultilines=false

Release file:
JAVA_VERSION="21.0.10" 
MODULES="java.base java.compiler java.datatransfer java.xml java.prefs java.desktop java.instrument java.logging java.management java.security.sasl java.naming java.rmi java.management.rmi java.net.http java.scripting java.security.jgss java.transaction.xa java.sql java.sql.rowset java.xml.crypto java.se java.smartcardio jdk.accessibility jdk.internal.jvmstat jdk.attach jdk.charsets jdk.internal.opt jdk.zipfs jdk.compiler jdk.crypto.ec jdk.crypto.cryptoki jdk.crypto.mscapi jdk.dynalink jdk.internal.ed jdk.editpad jdk.hotspot.agent jdk.httpserver jdk.internal.le jdk.internal.vm.ci jdk.internal.vm.compiler jdk.internal.vm.compiler.management jdk.jartool jdk.javadoc jdk.jcmd jdk.management jdk.management.agent jdk.jconsole jdk.jdeps jdk.jdwp.agent jdk.jdi jdk.jfr jdk.jshell jdk.jsobject jdk.jstatd jdk.localedata jdk.management.jfr jdk.naming.dns jdk.naming.rmi jdk.net jdk.nio.mapmode jdk.random jdk.sctp jdk.security.auth jdk.security.jgss jdk.unsupported jdk.unsupported.desktop jdk.xml.dom" 

Environment Variables:
JAVA_HOME=C:\Program Files\Eclipse Adoptium\jdk-17.0.18.8-hotspot
PATH=C:\Program Files\Python312\Scripts\;C:\Program Files\Python312\;C:\Windows\System32;C:\Program Files\Git\cmd;C:\Program Files\Eclipse Adoptium\jdk-17.0.18.8-hotspot\bin;C:\Program Files\nodejs\;C:\Users\Nandhitha_R\AppData\Local\Android\Sdk\platform-tools;C:\Users\Nandhitha_R\AppData\Local\Android\Sdk\emulator;C:\Program Files\Eclipse Adoptium\jdk-17.0.18.8-hotspot\bin;C:\Users\Nandhitha_R\AppData\Local\Programs\Python\Python312;C:\Program Files\MongoDB\Server\7.0\bin;C:\Users\Nandhitha_R\AppData\Local\Programs\Python\Launcher\;C:\Users\Nandhitha_R\AppData\Roaming\npm;C:\Users\Nandhitha_R\AppData\Local\Programs\Microsoft VS Code\bin;D:\Program Files\Antigravity\bin
USERNAME=Nandhitha_R
OS=Windows_NT
PROCESSOR_IDENTIFIER=Intel64 Family 6 Model 154 Stepping 4, GenuineIntel
TMP=C:\Users\NANDHI~1\AppData\Local\Temp
TEMP=C:\Users\NANDHI~1\AppData\Local\Temp




Periodic native trim disabled

---------------  S Y S T E M  ---------------

OS:
 Windows 11 , 64 bit Build 26100 (10.0.26100.8328)
OS uptime: 0 days 0:52 hours
Hyper-V role detected

CPU: total 12 (initial active 12) (6 cores per cpu, 2 threads per core) family 6 model 154 stepping 4 microcode 0x43b, cx8, cmov, fxsr, ht, mmx, 3dnowpref, sse, sse2, sse3, ssse3, sse4.1, sse4.2, popcnt, lzcnt, tsc, tscinvbit, avx, avx2, aes, erms, clmul, bmi1, bmi2, adx, sha, fma, vzeroupper, clflush, clflushopt, clwb, hv, serialize, rdtscp, rdpid, fsrm, f16c, cet_ibt, cet_ss
Processor Information for the first 12 processors :
  Max Mhz: 1300, Current Mhz: 1300, Mhz Limit: 1300

Memory: 4k page, system-wide physical 16068M (599M free)
TotalPageFile size 21504M (AvailPageFile size 12M)
current process WorkingSet (physical memory assigned to process): 556M, peak: 557M
current process commit charge ("private bytes"): 631M, peak: 663M

vm_info: OpenJDK 64-Bit Server VM (21.0.10+7-LTS) for windows-amd64 JRE (21.0.10+7-LTS), built on 2026-01-20T00:00:00Z by "admin" with MS VC++ 17.12 (VS2022)

END.
