#
# There is insufficient memory for the Java Runtime Environment to continue.
# Native memory allocation (malloc) failed to allocate 242416 bytes. Error detail: Chunk::new
# Possible reasons:
#   The system is out of physical RAM or swap space
#   This process is running with CompressedOops enabled, and the Java Heap may be blocking the growth of the native heap
# Possible solutions:
#   Reduce memory load on the system
#   Increase physical memory or swap space
#   Check if swap backing store is full
#   Decrease Java heap size (-Xmx/-Xms)
#   Decrease number of Java threads
#   Decrease Java thread stack sizes (-Xss)
#   Set larger code cache with -XX:ReservedCodeCacheSize=
#   JVM is running with Unscaled Compressed Oops mode in which the Java heap is
#     placed in the first 4GB address space. The Java Heap base address is the
#     maximum limit for the native heap growth. Please use -XX:HeapBaseMinAddress
#     to set the Java Heap base and to place the Java Heap above 4GB virtual address.
# This output file may be truncated or incomplete.
#
#  Out of Memory Error (arena.cpp:168), pid=12332, tid=1380
#
# JRE version: OpenJDK Runtime Environment Temurin-21.0.10+7 (21.0.10+7) (build 21.0.10+7-LTS)
# Java VM: OpenJDK 64-Bit Server VM Temurin-21.0.10+7 (21.0.10+7-LTS, mixed mode, sharing, tiered, compressed oops, compressed class ptrs, g1 gc, windows-amd64)
# No core dump will be written. Minidumps are not enabled by default on client versions of Windows
#

---------------  S U M M A R Y ------------

Command Line: --add-opens=java.base/java.lang=ALL-UNNAMED --add-opens=java.base/java.lang.invoke=ALL-UNNAMED --add-opens=java.base/java.util=ALL-UNNAMED --add-opens=java.prefs/java.util.prefs=ALL-UNNAMED --add-exports=jdk.compiler/com.sun.tools.javac.api=ALL-UNNAMED --add-exports=jdk.compiler/com.sun.tools.javac.util=ALL-UNNAMED --add-opens=java.base/java.util=ALL-UNNAMED --add-opens=java.prefs/java.util.prefs=ALL-UNNAMED --add-opens=java.base/java.nio.charset=ALL-UNNAMED --add-opens=java.base/java.net=ALL-UNNAMED --add-opens=java.base/java.util.concurrent=ALL-UNNAMED --add-opens=java.base/java.util.concurrent.atomic=ALL-UNNAMED --add-opens=java.xml/javax.xml.namespace=ALL-UNNAMED -XX:MaxMetaspaceSize=384m -XX:+HeapDumpOnOutOfMemoryError -Xms256m -Xmx512m -Dfile.encoding=UTF-8 -Duser.country=IN -Duser.language=en -Duser.variant -javaagent:C:\Users\Nandhitha_R\.gradle\wrapper\dists\gradle-9.0.0-bin\d6wjpkvcgsg3oed0qlfss3wgl\gradle-9.0.0\lib\agents\gradle-instrumentation-agent-9.0.0.jar org.gradle.launcher.daemon.bootstrap.GradleDaemon 9.0.0

Host: 12th Gen Intel(R) Core(TM) i5-1235U, 12 cores, 15G,  Windows 11 , 64 bit Build 26100 (10.0.26100.8328)
Time: Wed May 20 06:55:34 2026 India Standard Time elapsed time: 23.612002 seconds (0d 0h 0m 23s)

---------------  T H R E A D  ---------------

Current thread (0x000001e3af453030):  JavaThread "C2 CompilerThread0" daemon [_thread_in_native, id=1380, stack(0x0000003fccc00000,0x0000003fccd00000) (1024K)]


Current CompileTask:
C2:23612 7812       4       org.objectweb.asm.MethodWriter::visitLabel (332 bytes)

Stack: [0x0000003fccc00000,0x0000003fccd00000]
Native frames: (J=compiled Java code, j=interpreted, Vv=VM code, C=native code)
V  [jvm.dll+0x6d7a39]
V  [jvm.dll+0x8b4b26]
V  [jvm.dll+0x8b70de]
V  [jvm.dll+0x8b77c3]
V  [jvm.dll+0x284346]
V  [jvm.dll+0xc66ed]
V  [jvm.dll+0xc6c31]
V  [jvm.dll+0x3bec01]
V  [jvm.dll+0x38b162]
V  [jvm.dll+0x38a5aa]
V  [jvm.dll+0x24c560]
V  [jvm.dll+0x24bb40]
V  [jvm.dll+0x1cb34e]
V  [jvm.dll+0x25b85d]
V  [jvm.dll+0x259dea]
V  [jvm.dll+0x3f857e]
V  [jvm.dll+0x85f59d]
V  [jvm.dll+0x6d626d]
C  [ucrtbase.dll+0x37b0]
C  [KERNEL32.DLL+0x2e957]
C  [ntdll.dll+0x427c]


---------------  P R O C E S S  ---------------

Threads class SMR info:
_java_thread_list=0x000001e3ccb6b3e0, length=75, elements={
0x000001e39969d6f0, 0x000001e3af449d60, 0x000001e3af44c7d0, 0x000001e3af44e910,
0x000001e3af44f370, 0x000001e3af44fdd0, 0x000001e3af450a90, 0x000001e3af453030,
0x000001e3af461b00, 0x000001e3af6d5b50, 0x000001e3af791d60, 0x000001e3ca874330,
0x000001e3ca81cdd0, 0x000001e3ca9f1580, 0x000001e3ca9d5400, 0x000001e3ca9ef6b0,
0x000001e3af872080, 0x000001e3ca81ae10, 0x000001e3ca81c1c0, 0x000001e3ca81b4a0,
0x000001e3ca81bb30, 0x000001e3cab1cbc0, 0x000001e3cab1e600, 0x000001e3cab1ec90,
0x000001e3cab1d8e0, 0x000001e3cab20040, 0x000001e3cab1d250, 0x000001e3cab206d0,
0x000001e3cab20d60, 0x000001e3cab213f0, 0x000001e3cab1df70, 0x000001e3cab22e30,
0x000001e3cab21a80, 0x000001e3cab234c0, 0x000001e3cab23b50, 0x000001e3c9116dd0,
0x000001e3c9114670, 0x000001e3c9115a20, 0x000001e3c9113950, 0x000001e3c9113fe0,
0x000001e3ce60ccb0, 0x000001e3ce60d340, 0x000001e3ce60e6f0, 0x000001e3ce60d9d0,
0x000001e3ce60bf90, 0x000001e3ce60ed80, 0x000001e3ce60f410, 0x000001e3ce60e060,
0x000001e3ce60c620, 0x000001e3cb778130, 0x000001e3cb7794e0, 0x000001e3cb7766f0,
0x000001e3cb7787c0, 0x000001e3cb779b70, 0x000001e3cb778e50, 0x000001e3cb77a200,
0x000001e3cb776d80, 0x000001e3cb77a890, 0x000001e3cb777aa0, 0x000001e3cb777410,
0x000001e3cb77b5b0, 0x000001e3cb77af20, 0x000001e3cb77c2d0, 0x000001e3cb77dd10,
0x000001e3cb77c960, 0x000001e3cb77cff0, 0x000001e3cb77d680, 0x000001e3ccf0dac0,
0x000001e3ccf108b0, 0x000001e3ccf0e7e0, 0x000001e3ccf0e150, 0x000001e3ccf115d0,
0x000001e3ccf11c60, 0x000001e3ccf0f500, 0x000001e3ccf10220
}

Java Threads: ( => current thread )
  0x000001e39969d6f0 JavaThread "main"                              [_thread_blocked, id=11632, stack(0x0000003fcbe00000,0x0000003fcbf00000) (1024K)]
  0x000001e3af449d60 JavaThread "Reference Handler"          daemon [_thread_blocked, id=13116, stack(0x0000003fcc600000,0x0000003fcc700000) (1024K)]
  0x000001e3af44c7d0 JavaThread "Finalizer"                  daemon [_thread_blocked, id=5244, stack(0x0000003fcc700000,0x0000003fcc800000) (1024K)]
  0x000001e3af44e910 JavaThread "Signal Dispatcher"          daemon [_thread_blocked, id=19888, stack(0x0000003fcc800000,0x0000003fcc900000) (1024K)]
  0x000001e3af44f370 JavaThread "Attach Listener"            daemon [_thread_blocked, id=22988, stack(0x0000003fcc900000,0x0000003fcca00000) (1024K)]
  0x000001e3af44fdd0 JavaThread "Service Thread"             daemon [_thread_blocked, id=20328, stack(0x0000003fcca00000,0x0000003fccb00000) (1024K)]
  0x000001e3af450a90 JavaThread "Monitor Deflation Thread"   daemon [_thread_blocked, id=13144, stack(0x0000003fccb00000,0x0000003fccc00000) (1024K)]
=>0x000001e3af453030 JavaThread "C2 CompilerThread0"         daemon [_thread_in_native, id=1380, stack(0x0000003fccc00000,0x0000003fccd00000) (1024K)]
  0x000001e3af461b00 JavaThread "C1 CompilerThread0"         daemon [_thread_blocked, id=14264, stack(0x0000003fccd00000,0x0000003fcce00000) (1024K)]
  0x000001e3af6d5b50 JavaThread "Common-Cleaner"             daemon [_thread_blocked, id=23048, stack(0x0000003fcce00000,0x0000003fccf00000) (1024K)]
  0x000001e3af791d60 JavaThread "Notification Thread"        daemon [_thread_blocked, id=20052, stack(0x0000003fccf00000,0x0000003fcd000000) (1024K)]
  0x000001e3ca874330 JavaThread "Daemon health stats"               [_thread_blocked, id=3540, stack(0x0000003fcd100000,0x0000003fcd200000) (1024K)]
  0x000001e3ca81cdd0 JavaThread "Incoming local TCP Connector on port 63898"        [_thread_in_native, id=7640, stack(0x0000003fcd700000,0x0000003fcd800000) (1024K)]
  0x000001e3ca9f1580 JavaThread "Daemon periodic checks"            [_thread_blocked, id=6804, stack(0x0000003fcd800000,0x0000003fcd900000) (1024K)]
  0x000001e3ca9d5400 JavaThread "Daemon"                            [_thread_blocked, id=16368, stack(0x0000003fcd900000,0x0000003fcda00000) (1024K)]
  0x000001e3ca9ef6b0 JavaThread "Handler for socket connection from /127.0.0.1:63898 to /127.0.0.1:63899"        [_thread_in_native, id=10988, stack(0x0000003fcda00000,0x0000003fcdb00000) (1024K)]
  0x000001e3af872080 JavaThread "Cancel handler"                    [_thread_blocked, id=18940, stack(0x0000003fcdb00000,0x0000003fcdc00000) (1024K)]
  0x000001e3ca81ae10 JavaThread "Daemon worker"                     [_thread_in_native, id=5508, stack(0x0000003fcdc00000,0x0000003fcdd00000) (1024K)]
  0x000001e3ca81c1c0 JavaThread "Asynchronous log dispatcher for DefaultDaemonConnection: socket connection from /127.0.0.1:63898 to /127.0.0.1:63899"        [_thread_blocked, id=2508, stack(0x0000003fcdd00000,0x0000003fcde00000) (1024K)]
  0x000001e3ca81b4a0 JavaThread "Stdin handler"                     [_thread_blocked, id=9124, stack(0x0000003fcde00000,0x0000003fcdf00000) (1024K)]
  0x000001e3ca81bb30 JavaThread "Daemon client event forwarder"        [_thread_blocked, id=14536, stack(0x0000003fcdf00000,0x0000003fce000000) (1024K)]
  0x000001e3cab1cbc0 JavaThread "Cache worker for journal cache (C:\Users\Nandhitha_R\.gradle\caches\journal-1)"        [_thread_blocked, id=4244, stack(0x0000003fcd000000,0x0000003fcd100000) (1024K)]
  0x000001e3cab1e600 JavaThread "File lock request listener"        [_thread_in_native, id=6376, stack(0x0000003fce000000,0x0000003fce100000) (1024K)]
  0x000001e3cab1ec90 JavaThread "Cache worker for file hash cache (C:\Users\Nandhitha_R\.gradle\caches\9.0.0\fileHashes)"        [_thread_blocked, id=20144, stack(0x0000003fce100000,0x0000003fce200000) (1024K)]
  0x000001e3cab1d8e0 JavaThread "Cache worker for file hash cache (D:\apps\caltims mobile app\frontend\node_modules\@react-native\gradle-plugin\.gradle\9.0.0\fileHashes)"        [_thread_blocked, id=6936, stack(0x0000003fcea00000,0x0000003fceb00000) (1024K)]
  0x000001e3cab20040 JavaThread "Cache worker for Build Output Cleanup Cache (D:\apps\caltims mobile app\frontend\node_modules\@react-native\gradle-plugin\.gradle\buildOutputCleanup)"        [_thread_blocked, id=3132, stack(0x0000003fceb00000,0x0000003fcec00000) (1024K)]
  0x000001e3cab1d250 JavaThread "File watcher server"        daemon [_thread_in_native, id=22860, stack(0x0000003fce200000,0x0000003fce300000) (1024K)]
  0x000001e3cab206d0 JavaThread "File watcher consumer"      daemon [_thread_blocked, id=23324, stack(0x0000003fce900000,0x0000003fcea00000) (1024K)]
  0x000001e3cab20d60 JavaThread "Cache worker for checksums cache (D:\apps\caltims mobile app\frontend\node_modules\@react-native\gradle-plugin\.gradle\9.0.0\checksums)"        [_thread_blocked, id=11528, stack(0x0000003fced00000,0x0000003fcee00000) (1024K)]
  0x000001e3cab213f0 JavaThread "Cache worker for file content cache (C:\Users\Nandhitha_R\.gradle\caches\9.0.0\fileContent)"        [_thread_blocked, id=21156, stack(0x0000003fcee00000,0x0000003fcef00000) (1024K)]
  0x000001e3cab1df70 JavaThread "Cache worker for cache directory md-supplier (C:\Users\Nandhitha_R\.gradle\caches\9.0.0\md-supplier)"        [_thread_blocked, id=13416, stack(0x0000003fcef00000,0x0000003fcf000000) (1024K)]
  0x000001e3cab22e30 JavaThread "Cache worker for cache directory md-rule (C:\Users\Nandhitha_R\.gradle\caches\9.0.0\md-rule)"        [_thread_blocked, id=2860, stack(0x0000003fcf000000,0x0000003fcf100000) (1024K)]
  0x000001e3cab21a80 JavaThread "jar transforms"                    [_thread_blocked, id=21976, stack(0x0000003fcf100000,0x0000003fcf200000) (1024K)]
  0x000001e3cab234c0 JavaThread "jar transforms Thread 2"           [_thread_blocked, id=19256, stack(0x0000003fcf200000,0x0000003fcf300000) (1024K)]
  0x000001e3cab23b50 JavaThread "Unconstrained build operations"        [_thread_blocked, id=5428, stack(0x0000003fcf300000,0x0000003fcf400000) (1024K)]
  0x000001e3c9116dd0 JavaThread "Unconstrained build operations Thread 2"        [_thread_blocked, id=5088, stack(0x0000003fcf400000,0x0000003fcf500000) (1024K)]
  0x000001e3c9114670 JavaThread "Unconstrained build operations Thread 3"        [_thread_blocked, id=1848, stack(0x0000003fcf500000,0x0000003fcf600000) (1024K)]
  0x000001e3c9115a20 JavaThread "Unconstrained build operations Thread 4"        [_thread_blocked, id=1224, stack(0x0000003fcf600000,0x0000003fcf700000) (1024K)]
  0x000001e3c9113950 JavaThread "Unconstrained build operations Thread 5"        [_thread_blocked, id=16632, stack(0x0000003fcf700000,0x0000003fcf800000) (1024K)]
  0x000001e3c9113fe0 JavaThread "Unconstrained build operations Thread 6"        [_thread_blocked, id=21204, stack(0x0000003fcf800000,0x0000003fcf900000) (1024K)]
  0x000001e3ce60ccb0 JavaThread "Unconstrained build operations Thread 7"        [_thread_blocked, id=14412, stack(0x0000003fcf900000,0x0000003fcfa00000) (1024K)]
  0x000001e3ce60d340 JavaThread "Unconstrained build operations Thread 8"        [_thread_blocked, id=7368, stack(0x0000003fcfa00000,0x0000003fcfb00000) (1024K)]
  0x000001e3ce60e6f0 JavaThread "Unconstrained build operations Thread 9"        [_thread_blocked, id=10420, stack(0x0000003fcfb00000,0x0000003fcfc00000) (1024K)]
  0x000001e3ce60d9d0 JavaThread "Unconstrained build operations Thread 10"        [_thread_blocked, id=24104, stack(0x0000003fcfc00000,0x0000003fcfd00000) (1024K)]
  0x000001e3ce60bf90 JavaThread "Unconstrained build operations Thread 11"        [_thread_blocked, id=18488, stack(0x0000003fcfd00000,0x0000003fcfe00000) (1024K)]
  0x000001e3ce60ed80 JavaThread "Unconstrained build operations Thread 12"        [_thread_blocked, id=836, stack(0x0000003fcfe00000,0x0000003fcff00000) (1024K)]
  0x000001e3ce60f410 JavaThread "Unconstrained build operations Thread 13"        [_thread_blocked, id=9452, stack(0x0000003fcff00000,0x0000003fd0000000) (1024K)]
  0x000001e3ce60e060 JavaThread "Unconstrained build operations Thread 14"        [_thread_blocked, id=17564, stack(0x0000003fd0000000,0x0000003fd0100000) (1024K)]
  0x000001e3ce60c620 JavaThread "Unconstrained build operations Thread 15"        [_thread_blocked, id=3064, stack(0x0000003fd0100000,0x0000003fd0200000) (1024K)]
  0x000001e3cb778130 JavaThread "Unconstrained build operations Thread 16"        [_thread_blocked, id=21600, stack(0x0000003fd0200000,0x0000003fd0300000) (1024K)]
  0x000001e3cb7794e0 JavaThread "Unconstrained build operations Thread 17"        [_thread_blocked, id=19780, stack(0x0000003fd0300000,0x0000003fd0400000) (1024K)]
  0x000001e3cb7766f0 JavaThread "Unconstrained build operations Thread 18"        [_thread_blocked, id=2496, stack(0x0000003fd0400000,0x0000003fd0500000) (1024K)]
  0x000001e3cb7787c0 JavaThread "Unconstrained build operations Thread 19"        [_thread_blocked, id=10952, stack(0x0000003fd0500000,0x0000003fd0600000) (1024K)]
  0x000001e3cb779b70 JavaThread "Unconstrained build operations Thread 20"        [_thread_blocked, id=12112, stack(0x0000003fd0600000,0x0000003fd0700000) (1024K)]
  0x000001e3cb778e50 JavaThread "Unconstrained build operations Thread 21"        [_thread_blocked, id=23728, stack(0x0000003fd0700000,0x0000003fd0800000) (1024K)]
  0x000001e3cb77a200 JavaThread "Unconstrained build operations Thread 22"        [_thread_blocked, id=23088, stack(0x0000003fd0800000,0x0000003fd0900000) (1024K)]
  0x000001e3cb776d80 JavaThread "Unconstrained build operations Thread 23"        [_thread_blocked, id=18324, stack(0x0000003fd0900000,0x0000003fd0a00000) (1024K)]
  0x000001e3cb77a890 JavaThread "Unconstrained build operations Thread 24"        [_thread_blocked, id=16204, stack(0x0000003fd0a00000,0x0000003fd0b00000) (1024K)]
  0x000001e3cb777aa0 JavaThread "Unconstrained build operations Thread 25"        [_thread_blocked, id=22824, stack(0x0000003fd0b00000,0x0000003fd0c00000) (1024K)]
  0x000001e3cb777410 JavaThread "Unconstrained build operations Thread 26"        [_thread_blocked, id=18880, stack(0x0000003fd0c00000,0x0000003fd0d00000) (1024K)]
  0x000001e3cb77b5b0 JavaThread "Unconstrained build operations Thread 27"        [_thread_blocked, id=8400, stack(0x0000003fd0d00000,0x0000003fd0e00000) (1024K)]
  0x000001e3cb77af20 JavaThread "Unconstrained build operations Thread 28"        [_thread_blocked, id=20652, stack(0x0000003fd0e00000,0x0000003fd0f00000) (1024K)]
  0x000001e3cb77c2d0 JavaThread "Unconstrained build operations Thread 29"        [_thread_blocked, id=24356, stack(0x0000003fd0f00000,0x0000003fd1000000) (1024K)]
  0x000001e3cb77dd10 JavaThread "Unconstrained build operations Thread 30"        [_thread_blocked, id=23208, stack(0x0000003fd1000000,0x0000003fd1100000) (1024K)]
  0x000001e3cb77c960 JavaThread "Unconstrained build operations Thread 31"        [_thread_blocked, id=17696, stack(0x0000003fd1100000,0x0000003fd1200000) (1024K)]
  0x000001e3cb77cff0 JavaThread "Unconstrained build operations Thread 32"        [_thread_blocked, id=10400, stack(0x0000003fd1200000,0x0000003fd1300000) (1024K)]
  0x000001e3cb77d680 JavaThread "Unconstrained build operations Thread 33"        [_thread_blocked, id=3976, stack(0x0000003fd1300000,0x0000003fd1400000) (1024K)]
  0x000001e3ccf0dac0 JavaThread "Unconstrained build operations Thread 34"        [_thread_blocked, id=6380, stack(0x0000003fd1400000,0x0000003fd1500000) (1024K)]
  0x000001e3ccf108b0 JavaThread "Unconstrained build operations Thread 35"        [_thread_blocked, id=9468, stack(0x0000003fd1500000,0x0000003fd1600000) (1024K)]
  0x000001e3ccf0e7e0 JavaThread "Unconstrained build operations Thread 36"        [_thread_blocked, id=19188, stack(0x0000003fd1600000,0x0000003fd1700000) (1024K)]
  0x000001e3ccf0e150 JavaThread "Unconstrained build operations Thread 37"        [_thread_blocked, id=21384, stack(0x0000003fd1700000,0x0000003fd1800000) (1024K)]
  0x000001e3ccf115d0 JavaThread "Unconstrained build operations Thread 38"        [_thread_blocked, id=19964, stack(0x0000003fd1800000,0x0000003fd1900000) (1024K)]
  0x000001e3ccf11c60 JavaThread "Unconstrained build operations Thread 39"        [_thread_blocked, id=1784, stack(0x0000003fd1900000,0x0000003fd1a00000) (1024K)]
  0x000001e3ccf0f500 JavaThread "build event listener"              [_thread_blocked, id=10336, stack(0x0000003fd1a00000,0x0000003fd1b00000) (1024K)]
  0x000001e3ccf10220 JavaThread "Memory manager"                    [_thread_blocked, id=12300, stack(0x0000003fcec00000,0x0000003fced00000) (1024K)]
Total: 75

Other Threads:
  0x000001e3af42c0c0 VMThread "VM Thread"                           [id=14776, stack(0x0000003fcc500000,0x0000003fcc600000) (1024K)]
  0x000001e3af5119e0 WatcherThread "VM Periodic Task Thread"        [id=18540, stack(0x0000003fcc400000,0x0000003fcc500000) (1024K)]
  0x000001e3996cac00 WorkerThread "GC Thread#0"                     [id=19308, stack(0x0000003fcbf00000,0x0000003fcc000000) (1024K)]
  0x000001e3c9022050 WorkerThread "GC Thread#1"                     [id=3224, stack(0x0000003fcd200000,0x0000003fcd300000) (1024K)]
  0x000001e3c911fd00 WorkerThread "GC Thread#2"                     [id=9712, stack(0x0000003fcd300000,0x0000003fcd400000) (1024K)]
  0x000001e3c9157ee0 WorkerThread "GC Thread#3"                     [id=11936, stack(0x0000003fcd400000,0x0000003fcd500000) (1024K)]
  0x000001e3c9158290 WorkerThread "GC Thread#4"                     [id=3488, stack(0x0000003fcd500000,0x0000003fcd600000) (1024K)]
  0x000001e3c9158640 WorkerThread "GC Thread#5"                     [id=21668, stack(0x0000003fcd600000,0x0000003fcd700000) (1024K)]
  0x000001e3cb6dd0d0 WorkerThread "GC Thread#6"                     [id=9756, stack(0x0000003fce300000,0x0000003fce400000) (1024K)]
  0x000001e3cb6dc970 WorkerThread "GC Thread#7"                     [id=9792, stack(0x0000003fce400000,0x0000003fce500000) (1024K)]
  0x000001e3cb6dc5c0 WorkerThread "GC Thread#8"                     [id=13544, stack(0x0000003fce500000,0x0000003fce600000) (1024K)]
  0x000001e3cb6dd480 WorkerThread "GC Thread#9"                     [id=19484, stack(0x0000003fce600000,0x0000003fce700000) (1024K)]
  0x000001e3996cfb00 ConcurrentGCThread "G1 Main Marker"            [id=5176, stack(0x0000003fcc000000,0x0000003fcc100000) (1024K)]
  0x000001e3996d0520 WorkerThread "G1 Conc#0"                       [id=18512, stack(0x0000003fcc100000,0x0000003fcc200000) (1024K)]
  0x000001e3cb6dd830 WorkerThread "G1 Conc#1"                       [id=16360, stack(0x0000003fce700000,0x0000003fce800000) (1024K)]
  0x000001e3cb6dcd20 WorkerThread "G1 Conc#2"                       [id=5768, stack(0x0000003fce800000,0x0000003fce900000) (1024K)]
  0x000001e3af372b50 ConcurrentGCThread "G1 Refine#0"               [id=12764, stack(0x0000003fcc200000,0x0000003fcc300000) (1024K)]
  0x000001e3af373380 ConcurrentGCThread "G1 Service"                [id=23112, stack(0x0000003fcc300000,0x0000003fcc400000) (1024K)]
Total: 18

Threads with active compile tasks:
C2 CompilerThread0  23802 7812       4       org.objectweb.asm.MethodWriter::visitLabel (332 bytes)
Total: 1

VM state: not at safepoint (normal execution)

VM Mutex/Monitor currently owned by a thread: None

Heap address: 0x00000000e0000000, size: 512 MB, Compressed Oops mode: 32-bit

CDS archive(s) mapped at: [0x000001e3b0000000-0x000001e3b0ba0000-0x000001e3b0ba0000), size 12189696, SharedBaseAddress: 0x000001e3b0000000, ArchiveRelocationMode: 1.
Compressed class space mapped at: 0x000001e3b1000000-0x000001e3c5000000, reserved size: 335544320
Narrow klass base: 0x000001e3b0000000, Narrow klass shift: 0, Narrow klass range: 0x100000000

GC Precious Log:
 CardTable entry size: 512
 Card Set container configuration: InlinePtr #cards 5 size 8 Array Of Cards #cards 12 size 40 Howl #buckets 4 coarsen threshold 1843 Howl Bitmap #cards 512 size 80 coarsen threshold 460 Card regions per heap region 1 cards per card region 2048
 CPUs: 12 total, 12 available
 Memory: 16068M
 Large Page Support: Disabled
 NUMA Support: Disabled
 Compressed Oops: Enabled (32-bit)
 Heap Region Size: 1M
 Heap Min Capacity: 256M
 Heap Initial Capacity: 256M
 Heap Max Capacity: 512M
 Pre-touch: Disabled
 Parallel Workers: 10
 Concurrent Workers: 3
 Concurrent Refinement Workers: 10
 Periodic GC: Disabled

Heap:
 garbage-first heap   total 262144K, used 132653K [0x00000000e0000000, 0x0000000100000000)
  region size 1024K, 78 young (79872K), 3 survivors (3072K)
 Metaspace       used 65285K, committed 67392K, reserved 393216K
  class space    used 9637K, committed 10688K, reserved 327680K

Heap Regions: E=young(eden), S=young(survivor), O=old, HS=humongous(starts), HC=humongous(continues), CS=collection set, F=free, TAMS=top-at-mark-start, PB=parsable bottom
|   0|0x00000000e0000000, 0x00000000e0100000, 0x00000000e0100000|100%|HS|  |TAMS 0x00000000e0000000| PB 0x00000000e0000000| Complete 
|   1|0x00000000e0100000, 0x00000000e0200000, 0x00000000e0200000|100%|HC|  |TAMS 0x00000000e0100000| PB 0x00000000e0100000| Complete 
|   2|0x00000000e0200000, 0x00000000e0300000, 0x00000000e0300000|100%|HC|  |TAMS 0x00000000e0200000| PB 0x00000000e0200000| Complete 
|   3|0x00000000e0300000, 0x00000000e0400000, 0x00000000e0400000|100%| O|  |TAMS 0x00000000e0300000| PB 0x00000000e0300000| Untracked 
|   4|0x00000000e0400000, 0x00000000e0500000, 0x00000000e0500000|100%| O|  |TAMS 0x00000000e0400000| PB 0x00000000e0400000| Untracked 
|   5|0x00000000e0500000, 0x00000000e0600000, 0x00000000e0600000|100%| O|  |TAMS 0x00000000e0500000| PB 0x00000000e0500000| Untracked 
|   6|0x00000000e0600000, 0x00000000e0700000, 0x00000000e0700000|100%|HS|  |TAMS 0x00000000e0600000| PB 0x00000000e0600000| Complete 
|   7|0x00000000e0700000, 0x00000000e0800000, 0x00000000e0800000|100%| O|  |TAMS 0x00000000e0700000| PB 0x00000000e0700000| Untracked 
|   8|0x00000000e0800000, 0x00000000e0900000, 0x00000000e0900000|100%| O|  |TAMS 0x00000000e0800000| PB 0x00000000e0800000| Untracked 
|   9|0x00000000e0900000, 0x00000000e0a00000, 0x00000000e0a00000|100%| O|  |TAMS 0x00000000e0900000| PB 0x00000000e0900000| Untracked 
|  10|0x00000000e0a00000, 0x00000000e0b00000, 0x00000000e0b00000|100%| O|  |TAMS 0x00000000e0a00000| PB 0x00000000e0a00000| Untracked 
|  11|0x00000000e0b00000, 0x00000000e0c00000, 0x00000000e0c00000|100%| O|  |TAMS 0x00000000e0b00000| PB 0x00000000e0b00000| Untracked 
|  12|0x00000000e0c00000, 0x00000000e0d00000, 0x00000000e0d00000|100%| O|Cm|TAMS 0x00000000e0c00000| PB 0x00000000e0c00000| Complete 
|  13|0x00000000e0d00000, 0x00000000e0e00000, 0x00000000e0e00000|100%| O|  |TAMS 0x00000000e0d00000| PB 0x00000000e0d00000| Untracked 
|  14|0x00000000e0e00000, 0x00000000e0f00000, 0x00000000e0f00000|100%| O|  |TAMS 0x00000000e0e00000| PB 0x00000000e0e00000| Untracked 
|  15|0x00000000e0f00000, 0x00000000e1000000, 0x00000000e1000000|100%| O|  |TAMS 0x00000000e0f00000| PB 0x00000000e0f00000| Untracked 
|  16|0x00000000e1000000, 0x00000000e1100000, 0x00000000e1100000|100%| O|  |TAMS 0x00000000e1000000| PB 0x00000000e1000000| Untracked 
|  17|0x00000000e1100000, 0x00000000e1200000, 0x00000000e1200000|100%| O|  |TAMS 0x00000000e1100000| PB 0x00000000e1100000| Untracked 
|  18|0x00000000e1200000, 0x00000000e1300000, 0x00000000e1300000|100%| O|  |TAMS 0x00000000e1200000| PB 0x00000000e1200000| Untracked 
|  19|0x00000000e1300000, 0x00000000e1400000, 0x00000000e1400000|100%| O|  |TAMS 0x00000000e1300000| PB 0x00000000e1300000| Untracked 
|  20|0x00000000e1400000, 0x00000000e1500000, 0x00000000e1500000|100%| O|  |TAMS 0x00000000e1400000| PB 0x00000000e1400000| Untracked 
|  21|0x00000000e1500000, 0x00000000e1600000, 0x00000000e1600000|100%| O|  |TAMS 0x00000000e1500000| PB 0x00000000e1500000| Untracked 
|  22|0x00000000e1600000, 0x00000000e1700000, 0x00000000e1700000|100%| O|  |TAMS 0x00000000e1600000| PB 0x00000000e1600000| Untracked 
|  23|0x00000000e1700000, 0x00000000e1800000, 0x00000000e1800000|100%| O|  |TAMS 0x00000000e1700000| PB 0x00000000e1700000| Untracked 
|  24|0x00000000e1800000, 0x00000000e1900000, 0x00000000e1900000|100%|HS|  |TAMS 0x00000000e1800000| PB 0x00000000e1800000| Complete 
|  25|0x00000000e1900000, 0x00000000e1a00000, 0x00000000e1a00000|100%|HC|  |TAMS 0x00000000e1900000| PB 0x00000000e1900000| Complete 
|  26|0x00000000e1a00000, 0x00000000e1b00000, 0x00000000e1b00000|100%|HC|  |TAMS 0x00000000e1a00000| PB 0x00000000e1a00000| Complete 
|  27|0x00000000e1b00000, 0x00000000e1c00000, 0x00000000e1c00000|100%|HS|  |TAMS 0x00000000e1b00000| PB 0x00000000e1b00000| Complete 
|  28|0x00000000e1c00000, 0x00000000e1d00000, 0x00000000e1d00000|100%|HC|  |TAMS 0x00000000e1c00000| PB 0x00000000e1c00000| Complete 
|  29|0x00000000e1d00000, 0x00000000e1e00000, 0x00000000e1e00000|100%|HC|  |TAMS 0x00000000e1d00000| PB 0x00000000e1d00000| Complete 
|  30|0x00000000e1e00000, 0x00000000e1f00000, 0x00000000e1f00000|100%| O|  |TAMS 0x00000000e1e00000| PB 0x00000000e1e00000| Untracked 
|  31|0x00000000e1f00000, 0x00000000e2000000, 0x00000000e2000000|100%| O|  |TAMS 0x00000000e1f00000| PB 0x00000000e1f00000| Untracked 
|  32|0x00000000e2000000, 0x00000000e2100000, 0x00000000e2100000|100%| O|  |TAMS 0x00000000e2000000| PB 0x00000000e2000000| Untracked 
|  33|0x00000000e2100000, 0x00000000e2200000, 0x00000000e2200000|100%| O|  |TAMS 0x00000000e2100000| PB 0x00000000e2100000| Untracked 
|  34|0x00000000e2200000, 0x00000000e2300000, 0x00000000e2300000|100%| O|  |TAMS 0x00000000e2200000| PB 0x00000000e2200000| Untracked 
|  35|0x00000000e2300000, 0x00000000e2400000, 0x00000000e2400000|100%| O|  |TAMS 0x00000000e2300000| PB 0x00000000e2300000| Untracked 
|  36|0x00000000e2400000, 0x00000000e2500000, 0x00000000e2500000|100%| O|  |TAMS 0x00000000e2400000| PB 0x00000000e2400000| Untracked 
|  37|0x00000000e2500000, 0x00000000e2600000, 0x00000000e2600000|100%| O|  |TAMS 0x00000000e2500000| PB 0x00000000e2500000| Untracked 
|  38|0x00000000e2600000, 0x00000000e2700000, 0x00000000e2700000|100%| O|  |TAMS 0x00000000e2600000| PB 0x00000000e2600000| Untracked 
|  39|0x00000000e2700000, 0x00000000e2800000, 0x00000000e2800000|100%| O|  |TAMS 0x00000000e2700000| PB 0x00000000e2700000| Untracked 
|  40|0x00000000e2800000, 0x00000000e2900000, 0x00000000e2900000|100%| O|  |TAMS 0x00000000e2800000| PB 0x00000000e2800000| Untracked 
|  41|0x00000000e2900000, 0x00000000e2a00000, 0x00000000e2a00000|100%| O|  |TAMS 0x00000000e2900000| PB 0x00000000e2900000| Untracked 
|  42|0x00000000e2a00000, 0x00000000e2b00000, 0x00000000e2b00000|100%| O|  |TAMS 0x00000000e2a00000| PB 0x00000000e2a00000| Untracked 
|  43|0x00000000e2b00000, 0x00000000e2c00000, 0x00000000e2c00000|100%| O|  |TAMS 0x00000000e2b00000| PB 0x00000000e2b00000| Untracked 
|  44|0x00000000e2c00000, 0x00000000e2d00000, 0x00000000e2d00000|100%| O|  |TAMS 0x00000000e2c00000| PB 0x00000000e2c00000| Untracked 
|  45|0x00000000e2d00000, 0x00000000e2e00000, 0x00000000e2e00000|100%| O|  |TAMS 0x00000000e2d00000| PB 0x00000000e2d00000| Untracked 
|  46|0x00000000e2e00000, 0x00000000e2f00000, 0x00000000e2f00000|100%| O|  |TAMS 0x00000000e2e00000| PB 0x00000000e2e00000| Untracked 
|  47|0x00000000e2f00000, 0x00000000e3000000, 0x00000000e3000000|100%| O|  |TAMS 0x00000000e2f00000| PB 0x00000000e2f00000| Untracked 
|  48|0x00000000e3000000, 0x00000000e3100000, 0x00000000e3100000|100%| O|  |TAMS 0x00000000e3000000| PB 0x00000000e3000000| Untracked 
|  49|0x00000000e3100000, 0x00000000e3200000, 0x00000000e3200000|100%| O|  |TAMS 0x00000000e3100000| PB 0x00000000e3100000| Untracked 
|  50|0x00000000e3200000, 0x00000000e3300000, 0x00000000e3300000|100%| O|  |TAMS 0x00000000e3200000| PB 0x00000000e3200000| Untracked 
|  51|0x00000000e3300000, 0x00000000e3400000, 0x00000000e3400000|100%| O|  |TAMS 0x00000000e3300000| PB 0x00000000e3300000| Untracked 
|  52|0x00000000e3400000, 0x00000000e34e6da8, 0x00000000e3500000| 90%| O|  |TAMS 0x00000000e3400000| PB 0x00000000e3400000| Untracked 
|  53|0x00000000e3500000, 0x00000000e3500000, 0x00000000e3600000|  0%| F|  |TAMS 0x00000000e3500000| PB 0x00000000e3500000| Untracked 
|  54|0x00000000e3600000, 0x00000000e3600000, 0x00000000e3700000|  0%| F|  |TAMS 0x00000000e3600000| PB 0x00000000e3600000| Untracked 
|  55|0x00000000e3700000, 0x00000000e3700000, 0x00000000e3800000|  0%| F|  |TAMS 0x00000000e3700000| PB 0x00000000e3700000| Untracked 
|  56|0x00000000e3800000, 0x00000000e3800000, 0x00000000e3900000|  0%| F|  |TAMS 0x00000000e3800000| PB 0x00000000e3800000| Untracked 
|  57|0x00000000e3900000, 0x00000000e3900000, 0x00000000e3a00000|  0%| F|  |TAMS 0x00000000e3900000| PB 0x00000000e3900000| Untracked 
|  58|0x00000000e3a00000, 0x00000000e3a00000, 0x00000000e3b00000|  0%| F|  |TAMS 0x00000000e3a00000| PB 0x00000000e3a00000| Untracked 
|  59|0x00000000e3b00000, 0x00000000e3b00000, 0x00000000e3c00000|  0%| F|  |TAMS 0x00000000e3b00000| PB 0x00000000e3b00000| Untracked 
|  60|0x00000000e3c00000, 0x00000000e3c00000, 0x00000000e3d00000|  0%| F|  |TAMS 0x00000000e3c00000| PB 0x00000000e3c00000| Untracked 
|  61|0x00000000e3d00000, 0x00000000e3d00000, 0x00000000e3e00000|  0%| F|  |TAMS 0x00000000e3d00000| PB 0x00000000e3d00000| Untracked 
|  62|0x00000000e3e00000, 0x00000000e3e00000, 0x00000000e3f00000|  0%| F|  |TAMS 0x00000000e3e00000| PB 0x00000000e3e00000| Untracked 
|  63|0x00000000e3f00000, 0x00000000e3f00000, 0x00000000e4000000|  0%| F|  |TAMS 0x00000000e3f00000| PB 0x00000000e3f00000| Untracked 
|  64|0x00000000e4000000, 0x00000000e4000000, 0x00000000e4100000|  0%| F|  |TAMS 0x00000000e4000000| PB 0x00000000e4000000| Untracked 
|  65|0x00000000e4100000, 0x00000000e4100000, 0x00000000e4200000|  0%| F|  |TAMS 0x00000000e4100000| PB 0x00000000e4100000| Untracked 
|  66|0x00000000e4200000, 0x00000000e4200000, 0x00000000e4300000|  0%| F|  |TAMS 0x00000000e4200000| PB 0x00000000e4200000| Untracked 
|  67|0x00000000e4300000, 0x00000000e4300000, 0x00000000e4400000|  0%| F|  |TAMS 0x00000000e4300000| PB 0x00000000e4300000| Untracked 
|  68|0x00000000e4400000, 0x00000000e4400000, 0x00000000e4500000|  0%| F|  |TAMS 0x00000000e4400000| PB 0x00000000e4400000| Untracked 
|  69|0x00000000e4500000, 0x00000000e4500000, 0x00000000e4600000|  0%| F|  |TAMS 0x00000000e4500000| PB 0x00000000e4500000| Untracked 
|  70|0x00000000e4600000, 0x00000000e4600000, 0x00000000e4700000|  0%| F|  |TAMS 0x00000000e4600000| PB 0x00000000e4600000| Untracked 
|  71|0x00000000e4700000, 0x00000000e4700000, 0x00000000e4800000|  0%| F|  |TAMS 0x00000000e4700000| PB 0x00000000e4700000| Untracked 
|  72|0x00000000e4800000, 0x00000000e4800000, 0x00000000e4900000|  0%| F|  |TAMS 0x00000000e4800000| PB 0x00000000e4800000| Untracked 
|  73|0x00000000e4900000, 0x00000000e4900000, 0x00000000e4a00000|  0%| F|  |TAMS 0x00000000e4900000| PB 0x00000000e4900000| Untracked 
|  74|0x00000000e4a00000, 0x00000000e4a00000, 0x00000000e4b00000|  0%| F|  |TAMS 0x00000000e4a00000| PB 0x00000000e4a00000| Untracked 
|  75|0x00000000e4b00000, 0x00000000e4b00000, 0x00000000e4c00000|  0%| F|  |TAMS 0x00000000e4b00000| PB 0x00000000e4b00000| Untracked 
|  76|0x00000000e4c00000, 0x00000000e4c00000, 0x00000000e4d00000|  0%| F|  |TAMS 0x00000000e4c00000| PB 0x00000000e4c00000| Untracked 
|  77|0x00000000e4d00000, 0x00000000e4d00000, 0x00000000e4e00000|  0%| F|  |TAMS 0x00000000e4d00000| PB 0x00000000e4d00000| Untracked 
|  78|0x00000000e4e00000, 0x00000000e4e00000, 0x00000000e4f00000|  0%| F|  |TAMS 0x00000000e4e00000| PB 0x00000000e4e00000| Untracked 
|  79|0x00000000e4f00000, 0x00000000e4f00000, 0x00000000e5000000|  0%| F|  |TAMS 0x00000000e4f00000| PB 0x00000000e4f00000| Untracked 
|  80|0x00000000e5000000, 0x00000000e5000000, 0x00000000e5100000|  0%| F|  |TAMS 0x00000000e5000000| PB 0x00000000e5000000| Untracked 
|  81|0x00000000e5100000, 0x00000000e5100000, 0x00000000e5200000|  0%| F|  |TAMS 0x00000000e5100000| PB 0x00000000e5100000| Untracked 
|  82|0x00000000e5200000, 0x00000000e5200000, 0x00000000e5300000|  0%| F|  |TAMS 0x00000000e5200000| PB 0x00000000e5200000| Untracked 
|  83|0x00000000e5300000, 0x00000000e5300000, 0x00000000e5400000|  0%| F|  |TAMS 0x00000000e5300000| PB 0x00000000e5300000| Untracked 
|  84|0x00000000e5400000, 0x00000000e5400000, 0x00000000e5500000|  0%| F|  |TAMS 0x00000000e5400000| PB 0x00000000e5400000| Untracked 
|  85|0x00000000e5500000, 0x00000000e5500000, 0x00000000e5600000|  0%| F|  |TAMS 0x00000000e5500000| PB 0x00000000e5500000| Untracked 
|  86|0x00000000e5600000, 0x00000000e5600000, 0x00000000e5700000|  0%| F|  |TAMS 0x00000000e5600000| PB 0x00000000e5600000| Untracked 
|  87|0x00000000e5700000, 0x00000000e5700000, 0x00000000e5800000|  0%| F|  |TAMS 0x00000000e5700000| PB 0x00000000e5700000| Untracked 
|  88|0x00000000e5800000, 0x00000000e5800000, 0x00000000e5900000|  0%| F|  |TAMS 0x00000000e5800000| PB 0x00000000e5800000| Untracked 
|  89|0x00000000e5900000, 0x00000000e5900000, 0x00000000e5a00000|  0%| F|  |TAMS 0x00000000e5900000| PB 0x00000000e5900000| Untracked 
|  90|0x00000000e5a00000, 0x00000000e5a00000, 0x00000000e5b00000|  0%| F|  |TAMS 0x00000000e5a00000| PB 0x00000000e5a00000| Untracked 
|  91|0x00000000e5b00000, 0x00000000e5b00000, 0x00000000e5c00000|  0%| F|  |TAMS 0x00000000e5b00000| PB 0x00000000e5b00000| Untracked 
|  92|0x00000000e5c00000, 0x00000000e5c00000, 0x00000000e5d00000|  0%| F|  |TAMS 0x00000000e5c00000| PB 0x00000000e5c00000| Untracked 
|  93|0x00000000e5d00000, 0x00000000e5d00000, 0x00000000e5e00000|  0%| F|  |TAMS 0x00000000e5d00000| PB 0x00000000e5d00000| Untracked 
|  94|0x00000000e5e00000, 0x00000000e5e00000, 0x00000000e5f00000|  0%| F|  |TAMS 0x00000000e5e00000| PB 0x00000000e5e00000| Untracked 
|  95|0x00000000e5f00000, 0x00000000e5f00000, 0x00000000e6000000|  0%| F|  |TAMS 0x00000000e5f00000| PB 0x00000000e5f00000| Untracked 
|  96|0x00000000e6000000, 0x00000000e6000000, 0x00000000e6100000|  0%| F|  |TAMS 0x00000000e6000000| PB 0x00000000e6000000| Untracked 
|  97|0x00000000e6100000, 0x00000000e6100000, 0x00000000e6200000|  0%| F|  |TAMS 0x00000000e6100000| PB 0x00000000e6100000| Untracked 
|  98|0x00000000e6200000, 0x00000000e6200000, 0x00000000e6300000|  0%| F|  |TAMS 0x00000000e6200000| PB 0x00000000e6200000| Untracked 
|  99|0x00000000e6300000, 0x00000000e6300000, 0x00000000e6400000|  0%| F|  |TAMS 0x00000000e6300000| PB 0x00000000e6300000| Untracked 
| 100|0x00000000e6400000, 0x00000000e6400000, 0x00000000e6500000|  0%| F|  |TAMS 0x00000000e6400000| PB 0x00000000e6400000| Untracked 
| 101|0x00000000e6500000, 0x00000000e6500000, 0x00000000e6600000|  0%| F|  |TAMS 0x00000000e6500000| PB 0x00000000e6500000| Untracked 
| 102|0x00000000e6600000, 0x00000000e6600000, 0x00000000e6700000|  0%| F|  |TAMS 0x00000000e6600000| PB 0x00000000e6600000| Untracked 
| 103|0x00000000e6700000, 0x00000000e6700000, 0x00000000e6800000|  0%| F|  |TAMS 0x00000000e6700000| PB 0x00000000e6700000| Untracked 
| 104|0x00000000e6800000, 0x00000000e6800000, 0x00000000e6900000|  0%| F|  |TAMS 0x00000000e6800000| PB 0x00000000e6800000| Untracked 
| 105|0x00000000e6900000, 0x00000000e6900000, 0x00000000e6a00000|  0%| F|  |TAMS 0x00000000e6900000| PB 0x00000000e6900000| Untracked 
| 106|0x00000000e6a00000, 0x00000000e6a00000, 0x00000000e6b00000|  0%| F|  |TAMS 0x00000000e6a00000| PB 0x00000000e6a00000| Untracked 
| 107|0x00000000e6b00000, 0x00000000e6b00000, 0x00000000e6c00000|  0%| F|  |TAMS 0x00000000e6b00000| PB 0x00000000e6b00000| Untracked 
| 108|0x00000000e6c00000, 0x00000000e6c00000, 0x00000000e6d00000|  0%| F|  |TAMS 0x00000000e6c00000| PB 0x00000000e6c00000| Untracked 
| 109|0x00000000e6d00000, 0x00000000e6d00000, 0x00000000e6e00000|  0%| F|  |TAMS 0x00000000e6d00000| PB 0x00000000e6d00000| Untracked 
| 110|0x00000000e6e00000, 0x00000000e6e00000, 0x00000000e6f00000|  0%| F|  |TAMS 0x00000000e6e00000| PB 0x00000000e6e00000| Untracked 
| 111|0x00000000e6f00000, 0x00000000e6f00000, 0x00000000e7000000|  0%| F|  |TAMS 0x00000000e6f00000| PB 0x00000000e6f00000| Untracked 
| 112|0x00000000e7000000, 0x00000000e7000000, 0x00000000e7100000|  0%| F|  |TAMS 0x00000000e7000000| PB 0x00000000e7000000| Untracked 
| 113|0x00000000e7100000, 0x00000000e7100000, 0x00000000e7200000|  0%| F|  |TAMS 0x00000000e7100000| PB 0x00000000e7100000| Untracked 
| 114|0x00000000e7200000, 0x00000000e7200000, 0x00000000e7300000|  0%| F|  |TAMS 0x00000000e7200000| PB 0x00000000e7200000| Untracked 
| 115|0x00000000e7300000, 0x00000000e7300000, 0x00000000e7400000|  0%| F|  |TAMS 0x00000000e7300000| PB 0x00000000e7300000| Untracked 
| 116|0x00000000e7400000, 0x00000000e7400000, 0x00000000e7500000|  0%| F|  |TAMS 0x00000000e7400000| PB 0x00000000e7400000| Untracked 
| 117|0x00000000e7500000, 0x00000000e7500000, 0x00000000e7600000|  0%| F|  |TAMS 0x00000000e7500000| PB 0x00000000e7500000| Untracked 
| 118|0x00000000e7600000, 0x00000000e7600000, 0x00000000e7700000|  0%| F|  |TAMS 0x00000000e7600000| PB 0x00000000e7600000| Untracked 
| 119|0x00000000e7700000, 0x00000000e7700000, 0x00000000e7800000|  0%| F|  |TAMS 0x00000000e7700000| PB 0x00000000e7700000| Untracked 
| 120|0x00000000e7800000, 0x00000000e7800000, 0x00000000e7900000|  0%| F|  |TAMS 0x00000000e7800000| PB 0x00000000e7800000| Untracked 
| 121|0x00000000e7900000, 0x00000000e7900000, 0x00000000e7a00000|  0%| F|  |TAMS 0x00000000e7900000| PB 0x00000000e7900000| Untracked 
| 122|0x00000000e7a00000, 0x00000000e7a00000, 0x00000000e7b00000|  0%| F|  |TAMS 0x00000000e7a00000| PB 0x00000000e7a00000| Untracked 
| 123|0x00000000e7b00000, 0x00000000e7b00000, 0x00000000e7c00000|  0%| F|  |TAMS 0x00000000e7b00000| PB 0x00000000e7b00000| Untracked 
| 124|0x00000000e7c00000, 0x00000000e7c00000, 0x00000000e7d00000|  0%| F|  |TAMS 0x00000000e7c00000| PB 0x00000000e7c00000| Untracked 
| 125|0x00000000e7d00000, 0x00000000e7d00000, 0x00000000e7e00000|  0%| F|  |TAMS 0x00000000e7d00000| PB 0x00000000e7d00000| Untracked 
| 126|0x00000000e7e00000, 0x00000000e7e00000, 0x00000000e7f00000|  0%| F|  |TAMS 0x00000000e7e00000| PB 0x00000000e7e00000| Untracked 
| 127|0x00000000e7f00000, 0x00000000e7f00000, 0x00000000e8000000|  0%| F|  |TAMS 0x00000000e7f00000| PB 0x00000000e7f00000| Untracked 
| 128|0x00000000e8000000, 0x00000000e8000000, 0x00000000e8100000|  0%| F|  |TAMS 0x00000000e8000000| PB 0x00000000e8000000| Untracked 
| 129|0x00000000e8100000, 0x00000000e8100000, 0x00000000e8200000|  0%| F|  |TAMS 0x00000000e8100000| PB 0x00000000e8100000| Untracked 
| 130|0x00000000e8200000, 0x00000000e8200000, 0x00000000e8300000|  0%| F|  |TAMS 0x00000000e8200000| PB 0x00000000e8200000| Untracked 
| 131|0x00000000e8300000, 0x00000000e8300000, 0x00000000e8400000|  0%| F|  |TAMS 0x00000000e8300000| PB 0x00000000e8300000| Untracked 
| 132|0x00000000e8400000, 0x00000000e8400000, 0x00000000e8500000|  0%| F|  |TAMS 0x00000000e8400000| PB 0x00000000e8400000| Untracked 
| 133|0x00000000e8500000, 0x00000000e8500000, 0x00000000e8600000|  0%| F|  |TAMS 0x00000000e8500000| PB 0x00000000e8500000| Untracked 
| 134|0x00000000e8600000, 0x00000000e8600000, 0x00000000e8700000|  0%| F|  |TAMS 0x00000000e8600000| PB 0x00000000e8600000| Untracked 
| 135|0x00000000e8700000, 0x00000000e8700000, 0x00000000e8800000|  0%| F|  |TAMS 0x00000000e8700000| PB 0x00000000e8700000| Untracked 
| 136|0x00000000e8800000, 0x00000000e8800000, 0x00000000e8900000|  0%| F|  |TAMS 0x00000000e8800000| PB 0x00000000e8800000| Untracked 
| 137|0x00000000e8900000, 0x00000000e8900000, 0x00000000e8a00000|  0%| F|  |TAMS 0x00000000e8900000| PB 0x00000000e8900000| Untracked 
| 138|0x00000000e8a00000, 0x00000000e8a00000, 0x00000000e8b00000|  0%| F|  |TAMS 0x00000000e8a00000| PB 0x00000000e8a00000| Untracked 
| 139|0x00000000e8b00000, 0x00000000e8b00000, 0x00000000e8c00000|  0%| F|  |TAMS 0x00000000e8b00000| PB 0x00000000e8b00000| Untracked 
| 140|0x00000000e8c00000, 0x00000000e8c00000, 0x00000000e8d00000|  0%| F|  |TAMS 0x00000000e8c00000| PB 0x00000000e8c00000| Untracked 
| 141|0x00000000e8d00000, 0x00000000e8d00000, 0x00000000e8e00000|  0%| F|  |TAMS 0x00000000e8d00000| PB 0x00000000e8d00000| Untracked 
| 142|0x00000000e8e00000, 0x00000000e8e00000, 0x00000000e8f00000|  0%| F|  |TAMS 0x00000000e8e00000| PB 0x00000000e8e00000| Untracked 
| 143|0x00000000e8f00000, 0x00000000e8f00000, 0x00000000e9000000|  0%| F|  |TAMS 0x00000000e8f00000| PB 0x00000000e8f00000| Untracked 
| 144|0x00000000e9000000, 0x00000000e9000000, 0x00000000e9100000|  0%| F|  |TAMS 0x00000000e9000000| PB 0x00000000e9000000| Untracked 
| 145|0x00000000e9100000, 0x00000000e9100000, 0x00000000e9200000|  0%| F|  |TAMS 0x00000000e9100000| PB 0x00000000e9100000| Untracked 
| 146|0x00000000e9200000, 0x00000000e9200000, 0x00000000e9300000|  0%| F|  |TAMS 0x00000000e9200000| PB 0x00000000e9200000| Untracked 
| 147|0x00000000e9300000, 0x00000000e9300000, 0x00000000e9400000|  0%| F|  |TAMS 0x00000000e9300000| PB 0x00000000e9300000| Untracked 
| 148|0x00000000e9400000, 0x00000000e9400000, 0x00000000e9500000|  0%| F|  |TAMS 0x00000000e9400000| PB 0x00000000e9400000| Untracked 
| 149|0x00000000e9500000, 0x00000000e9500000, 0x00000000e9600000|  0%| F|  |TAMS 0x00000000e9500000| PB 0x00000000e9500000| Untracked 
| 150|0x00000000e9600000, 0x00000000e9600000, 0x00000000e9700000|  0%| F|  |TAMS 0x00000000e9600000| PB 0x00000000e9600000| Untracked 
| 151|0x00000000e9700000, 0x00000000e9700000, 0x00000000e9800000|  0%| F|  |TAMS 0x00000000e9700000| PB 0x00000000e9700000| Untracked 
| 152|0x00000000e9800000, 0x00000000e9800000, 0x00000000e9900000|  0%| F|  |TAMS 0x00000000e9800000| PB 0x00000000e9800000| Untracked 
| 153|0x00000000e9900000, 0x00000000e9900000, 0x00000000e9a00000|  0%| F|  |TAMS 0x00000000e9900000| PB 0x00000000e9900000| Untracked 
| 154|0x00000000e9a00000, 0x00000000e9a00000, 0x00000000e9b00000|  0%| F|  |TAMS 0x00000000e9a00000| PB 0x00000000e9a00000| Untracked 
| 155|0x00000000e9b00000, 0x00000000e9b00000, 0x00000000e9c00000|  0%| F|  |TAMS 0x00000000e9b00000| PB 0x00000000e9b00000| Untracked 
| 156|0x00000000e9c00000, 0x00000000e9c00000, 0x00000000e9d00000|  0%| F|  |TAMS 0x00000000e9c00000| PB 0x00000000e9c00000| Untracked 
| 157|0x00000000e9d00000, 0x00000000e9d00000, 0x00000000e9e00000|  0%| F|  |TAMS 0x00000000e9d00000| PB 0x00000000e9d00000| Untracked 
| 158|0x00000000e9e00000, 0x00000000e9e00000, 0x00000000e9f00000|  0%| F|  |TAMS 0x00000000e9e00000| PB 0x00000000e9e00000| Untracked 
| 159|0x00000000e9f00000, 0x00000000e9f00000, 0x00000000ea000000|  0%| F|  |TAMS 0x00000000e9f00000| PB 0x00000000e9f00000| Untracked 
| 160|0x00000000ea000000, 0x00000000ea000000, 0x00000000ea100000|  0%| F|  |TAMS 0x00000000ea000000| PB 0x00000000ea000000| Untracked 
| 161|0x00000000ea100000, 0x00000000ea100000, 0x00000000ea200000|  0%| F|  |TAMS 0x00000000ea100000| PB 0x00000000ea100000| Untracked 
| 162|0x00000000ea200000, 0x00000000ea200000, 0x00000000ea300000|  0%| F|  |TAMS 0x00000000ea200000| PB 0x00000000ea200000| Untracked 
| 163|0x00000000ea300000, 0x00000000ea300000, 0x00000000ea400000|  0%| F|  |TAMS 0x00000000ea300000| PB 0x00000000ea300000| Untracked 
| 164|0x00000000ea400000, 0x00000000ea400000, 0x00000000ea500000|  0%| F|  |TAMS 0x00000000ea400000| PB 0x00000000ea400000| Untracked 
| 165|0x00000000ea500000, 0x00000000ea500000, 0x00000000ea600000|  0%| F|  |TAMS 0x00000000ea500000| PB 0x00000000ea500000| Untracked 
| 166|0x00000000ea600000, 0x00000000ea600000, 0x00000000ea700000|  0%| F|  |TAMS 0x00000000ea600000| PB 0x00000000ea600000| Untracked 
| 167|0x00000000ea700000, 0x00000000ea700000, 0x00000000ea800000|  0%| F|  |TAMS 0x00000000ea700000| PB 0x00000000ea700000| Untracked 
| 168|0x00000000ea800000, 0x00000000ea800000, 0x00000000ea900000|  0%| F|  |TAMS 0x00000000ea800000| PB 0x00000000ea800000| Untracked 
| 169|0x00000000ea900000, 0x00000000ea900000, 0x00000000eaa00000|  0%| F|  |TAMS 0x00000000ea900000| PB 0x00000000ea900000| Untracked 
| 170|0x00000000eaa00000, 0x00000000eaa00000, 0x00000000eab00000|  0%| F|  |TAMS 0x00000000eaa00000| PB 0x00000000eaa00000| Untracked 
| 171|0x00000000eab00000, 0x00000000eab00000, 0x00000000eac00000|  0%| F|  |TAMS 0x00000000eab00000| PB 0x00000000eab00000| Untracked 
| 172|0x00000000eac00000, 0x00000000eac00000, 0x00000000ead00000|  0%| F|  |TAMS 0x00000000eac00000| PB 0x00000000eac00000| Untracked 
| 173|0x00000000ead00000, 0x00000000ead00000, 0x00000000eae00000|  0%| F|  |TAMS 0x00000000ead00000| PB 0x00000000ead00000| Untracked 
| 174|0x00000000eae00000, 0x00000000eae00000, 0x00000000eaf00000|  0%| F|  |TAMS 0x00000000eae00000| PB 0x00000000eae00000| Untracked 
| 175|0x00000000eaf00000, 0x00000000eaf00000, 0x00000000eb000000|  0%| F|  |TAMS 0x00000000eaf00000| PB 0x00000000eaf00000| Untracked 
| 176|0x00000000eb000000, 0x00000000eb000000, 0x00000000eb100000|  0%| F|  |TAMS 0x00000000eb000000| PB 0x00000000eb000000| Untracked 
| 177|0x00000000eb100000, 0x00000000eb100000, 0x00000000eb200000|  0%| F|  |TAMS 0x00000000eb100000| PB 0x00000000eb100000| Untracked 
| 178|0x00000000eb200000, 0x00000000eb300000, 0x00000000eb300000|100%| E|  |TAMS 0x00000000eb200000| PB 0x00000000eb200000| Complete 
| 179|0x00000000eb300000, 0x00000000eb400000, 0x00000000eb400000|100%| E|CS|TAMS 0x00000000eb300000| PB 0x00000000eb300000| Complete 
| 180|0x00000000eb400000, 0x00000000eb500000, 0x00000000eb500000|100%| E|CS|TAMS 0x00000000eb400000| PB 0x00000000eb400000| Complete 
| 181|0x00000000eb500000, 0x00000000eb600000, 0x00000000eb600000|100%| E|CS|TAMS 0x00000000eb500000| PB 0x00000000eb500000| Complete 
| 182|0x00000000eb600000, 0x00000000eb700000, 0x00000000eb700000|100%| E|CS|TAMS 0x00000000eb600000| PB 0x00000000eb600000| Complete 
| 183|0x00000000eb700000, 0x00000000eb800000, 0x00000000eb800000|100%| E|CS|TAMS 0x00000000eb700000| PB 0x00000000eb700000| Complete 
| 184|0x00000000eb800000, 0x00000000eb900000, 0x00000000eb900000|100%| E|CS|TAMS 0x00000000eb800000| PB 0x00000000eb800000| Complete 
| 185|0x00000000eb900000, 0x00000000eba00000, 0x00000000eba00000|100%| E|CS|TAMS 0x00000000eb900000| PB 0x00000000eb900000| Complete 
| 186|0x00000000eba00000, 0x00000000ebb00000, 0x00000000ebb00000|100%| E|CS|TAMS 0x00000000eba00000| PB 0x00000000eba00000| Complete 
| 187|0x00000000ebb00000, 0x00000000ebc00000, 0x00000000ebc00000|100%| E|CS|TAMS 0x00000000ebb00000| PB 0x00000000ebb00000| Complete 
| 188|0x00000000ebc00000, 0x00000000ebd00000, 0x00000000ebd00000|100%| E|CS|TAMS 0x00000000ebc00000| PB 0x00000000ebc00000| Complete 
| 189|0x00000000ebd00000, 0x00000000ebe00000, 0x00000000ebe00000|100%| E|CS|TAMS 0x00000000ebd00000| PB 0x00000000ebd00000| Complete 
| 190|0x00000000ebe00000, 0x00000000ebf00000, 0x00000000ebf00000|100%| E|CS|TAMS 0x00000000ebe00000| PB 0x00000000ebe00000| Complete 
| 191|0x00000000ebf00000, 0x00000000ec000000, 0x00000000ec000000|100%| E|CS|TAMS 0x00000000ebf00000| PB 0x00000000ebf00000| Complete 
| 192|0x00000000ec000000, 0x00000000ec100000, 0x00000000ec100000|100%| E|CS|TAMS 0x00000000ec000000| PB 0x00000000ec000000| Complete 
| 193|0x00000000ec100000, 0x00000000ec200000, 0x00000000ec200000|100%| E|CS|TAMS 0x00000000ec100000| PB 0x00000000ec100000| Complete 
| 194|0x00000000ec200000, 0x00000000ec300000, 0x00000000ec300000|100%| E|CS|TAMS 0x00000000ec200000| PB 0x00000000ec200000| Complete 
| 195|0x00000000ec300000, 0x00000000ec400000, 0x00000000ec400000|100%| E|CS|TAMS 0x00000000ec300000| PB 0x00000000ec300000| Complete 
| 196|0x00000000ec400000, 0x00000000ec500000, 0x00000000ec500000|100%| E|CS|TAMS 0x00000000ec400000| PB 0x00000000ec400000| Complete 
| 197|0x00000000ec500000, 0x00000000ec600000, 0x00000000ec600000|100%| E|CS|TAMS 0x00000000ec500000| PB 0x00000000ec500000| Complete 
| 198|0x00000000ec600000, 0x00000000ec700000, 0x00000000ec700000|100%| E|CS|TAMS 0x00000000ec600000| PB 0x00000000ec600000| Complete 
| 199|0x00000000ec700000, 0x00000000ec800000, 0x00000000ec800000|100%| E|CS|TAMS 0x00000000ec700000| PB 0x00000000ec700000| Complete 
| 200|0x00000000ec800000, 0x00000000ec900000, 0x00000000ec900000|100%| E|CS|TAMS 0x00000000ec800000| PB 0x00000000ec800000| Complete 
| 201|0x00000000ec900000, 0x00000000eca00000, 0x00000000eca00000|100%| E|CS|TAMS 0x00000000ec900000| PB 0x00000000ec900000| Complete 
| 202|0x00000000eca00000, 0x00000000ecb00000, 0x00000000ecb00000|100%| E|CS|TAMS 0x00000000eca00000| PB 0x00000000eca00000| Complete 
| 203|0x00000000ecb00000, 0x00000000ecc00000, 0x00000000ecc00000|100%| E|CS|TAMS 0x00000000ecb00000| PB 0x00000000ecb00000| Complete 
| 204|0x00000000ecc00000, 0x00000000ecd00000, 0x00000000ecd00000|100%| E|CS|TAMS 0x00000000ecc00000| PB 0x00000000ecc00000| Complete 
| 205|0x00000000ecd00000, 0x00000000ece00000, 0x00000000ece00000|100%| E|CS|TAMS 0x00000000ecd00000| PB 0x00000000ecd00000| Complete 
| 206|0x00000000ece00000, 0x00000000ecf00000, 0x00000000ecf00000|100%| E|CS|TAMS 0x00000000ece00000| PB 0x00000000ece00000| Complete 
| 207|0x00000000ecf00000, 0x00000000ed000000, 0x00000000ed000000|100%| E|CS|TAMS 0x00000000ecf00000| PB 0x00000000ecf00000| Complete 
| 208|0x00000000ed000000, 0x00000000ed100000, 0x00000000ed100000|100%| E|CS|TAMS 0x00000000ed000000| PB 0x00000000ed000000| Complete 
| 209|0x00000000ed100000, 0x00000000ed200000, 0x00000000ed200000|100%| E|CS|TAMS 0x00000000ed100000| PB 0x00000000ed100000| Complete 
| 210|0x00000000ed200000, 0x00000000ed300000, 0x00000000ed300000|100%| E|CS|TAMS 0x00000000ed200000| PB 0x00000000ed200000| Complete 
| 211|0x00000000ed300000, 0x00000000ed400000, 0x00000000ed400000|100%| E|CS|TAMS 0x00000000ed300000| PB 0x00000000ed300000| Complete 
| 212|0x00000000ed400000, 0x00000000ed500000, 0x00000000ed500000|100%| E|CS|TAMS 0x00000000ed400000| PB 0x00000000ed400000| Complete 
| 213|0x00000000ed500000, 0x00000000ed600000, 0x00000000ed600000|100%| E|CS|TAMS 0x00000000ed500000| PB 0x00000000ed500000| Complete 
| 214|0x00000000ed600000, 0x00000000ed700000, 0x00000000ed700000|100%| E|CS|TAMS 0x00000000ed600000| PB 0x00000000ed600000| Complete 
| 215|0x00000000ed700000, 0x00000000ed800000, 0x00000000ed800000|100%| E|CS|TAMS 0x00000000ed700000| PB 0x00000000ed700000| Complete 
| 216|0x00000000ed800000, 0x00000000ed900000, 0x00000000ed900000|100%| E|CS|TAMS 0x00000000ed800000| PB 0x00000000ed800000| Complete 
| 217|0x00000000ed900000, 0x00000000eda00000, 0x00000000eda00000|100%| E|CS|TAMS 0x00000000ed900000| PB 0x00000000ed900000| Complete 
| 218|0x00000000eda00000, 0x00000000edb00000, 0x00000000edb00000|100%| E|CS|TAMS 0x00000000eda00000| PB 0x00000000eda00000| Complete 
| 219|0x00000000edb00000, 0x00000000edc00000, 0x00000000edc00000|100%| E|CS|TAMS 0x00000000edb00000| PB 0x00000000edb00000| Complete 
| 220|0x00000000edc00000, 0x00000000edd00000, 0x00000000edd00000|100%| E|CS|TAMS 0x00000000edc00000| PB 0x00000000edc00000| Complete 
| 221|0x00000000edd00000, 0x00000000ede00000, 0x00000000ede00000|100%| E|CS|TAMS 0x00000000edd00000| PB 0x00000000edd00000| Complete 
| 222|0x00000000ede00000, 0x00000000edf00000, 0x00000000edf00000|100%| E|CS|TAMS 0x00000000ede00000| PB 0x00000000ede00000| Complete 
| 223|0x00000000edf00000, 0x00000000ee000000, 0x00000000ee000000|100%| E|CS|TAMS 0x00000000edf00000| PB 0x00000000edf00000| Complete 
| 224|0x00000000ee000000, 0x00000000ee100000, 0x00000000ee100000|100%| E|CS|TAMS 0x00000000ee000000| PB 0x00000000ee000000| Complete 
| 225|0x00000000ee100000, 0x00000000ee200000, 0x00000000ee200000|100%| E|CS|TAMS 0x00000000ee100000| PB 0x00000000ee100000| Complete 
| 226|0x00000000ee200000, 0x00000000ee300000, 0x00000000ee300000|100%| E|CS|TAMS 0x00000000ee200000| PB 0x00000000ee200000| Complete 
| 227|0x00000000ee300000, 0x00000000ee400000, 0x00000000ee400000|100%| E|CS|TAMS 0x00000000ee300000| PB 0x00000000ee300000| Complete 
| 228|0x00000000ee400000, 0x00000000ee500000, 0x00000000ee500000|100%| E|CS|TAMS 0x00000000ee400000| PB 0x00000000ee400000| Complete 
| 229|0x00000000ee500000, 0x00000000ee600000, 0x00000000ee600000|100%| E|CS|TAMS 0x00000000ee500000| PB 0x00000000ee500000| Complete 
| 230|0x00000000ee600000, 0x00000000ee700000, 0x00000000ee700000|100%| E|CS|TAMS 0x00000000ee600000| PB 0x00000000ee600000| Complete 
| 231|0x00000000ee700000, 0x00000000ee800000, 0x00000000ee800000|100%| E|CS|TAMS 0x00000000ee700000| PB 0x00000000ee700000| Complete 
| 232|0x00000000ee800000, 0x00000000ee900000, 0x00000000ee900000|100%| E|CS|TAMS 0x00000000ee800000| PB 0x00000000ee800000| Complete 
| 233|0x00000000ee900000, 0x00000000eea00000, 0x00000000eea00000|100%| E|CS|TAMS 0x00000000ee900000| PB 0x00000000ee900000| Complete 
| 234|0x00000000eea00000, 0x00000000eeb00000, 0x00000000eeb00000|100%| E|CS|TAMS 0x00000000eea00000| PB 0x00000000eea00000| Complete 
| 235|0x00000000eeb00000, 0x00000000eec00000, 0x00000000eec00000|100%| E|CS|TAMS 0x00000000eeb00000| PB 0x00000000eeb00000| Complete 
| 236|0x00000000eec00000, 0x00000000eed00000, 0x00000000eed00000|100%| E|CS|TAMS 0x00000000eec00000| PB 0x00000000eec00000| Complete 
| 237|0x00000000eed00000, 0x00000000eee00000, 0x00000000eee00000|100%| E|CS|TAMS 0x00000000eed00000| PB 0x00000000eed00000| Complete 
| 238|0x00000000eee00000, 0x00000000eef00000, 0x00000000eef00000|100%| E|CS|TAMS 0x00000000eee00000| PB 0x00000000eee00000| Complete 
| 239|0x00000000eef00000, 0x00000000ef000000, 0x00000000ef000000|100%| E|CS|TAMS 0x00000000eef00000| PB 0x00000000eef00000| Complete 
| 240|0x00000000ef000000, 0x00000000ef100000, 0x00000000ef100000|100%| E|CS|TAMS 0x00000000ef000000| PB 0x00000000ef000000| Complete 
| 241|0x00000000ef100000, 0x00000000ef200000, 0x00000000ef200000|100%| E|CS|TAMS 0x00000000ef100000| PB 0x00000000ef100000| Complete 
| 242|0x00000000ef200000, 0x00000000ef300000, 0x00000000ef300000|100%| E|CS|TAMS 0x00000000ef200000| PB 0x00000000ef200000| Complete 
| 243|0x00000000ef300000, 0x00000000ef400000, 0x00000000ef400000|100%| E|CS|TAMS 0x00000000ef300000| PB 0x00000000ef300000| Complete 
| 244|0x00000000ef400000, 0x00000000ef500000, 0x00000000ef500000|100%| E|CS|TAMS 0x00000000ef400000| PB 0x00000000ef400000| Complete 
| 245|0x00000000ef500000, 0x00000000ef600000, 0x00000000ef600000|100%| E|CS|TAMS 0x00000000ef500000| PB 0x00000000ef500000| Complete 
| 246|0x00000000ef600000, 0x00000000ef700000, 0x00000000ef700000|100%| E|CS|TAMS 0x00000000ef600000| PB 0x00000000ef600000| Complete 
| 247|0x00000000ef700000, 0x00000000ef800000, 0x00000000ef800000|100%| E|CS|TAMS 0x00000000ef700000| PB 0x00000000ef700000| Complete 
| 248|0x00000000ef800000, 0x00000000ef8a4870, 0x00000000ef900000| 64%| S|CS|TAMS 0x00000000ef800000| PB 0x00000000ef800000| Complete 
| 249|0x00000000ef900000, 0x00000000efa00000, 0x00000000efa00000|100%| S|CS|TAMS 0x00000000ef900000| PB 0x00000000ef900000| Complete 
| 250|0x00000000efa00000, 0x00000000efb00000, 0x00000000efb00000|100%| S|CS|TAMS 0x00000000efa00000| PB 0x00000000efa00000| Complete 
| 251|0x00000000efb00000, 0x00000000efc00000, 0x00000000efc00000|100%| E|CS|TAMS 0x00000000efb00000| PB 0x00000000efb00000| Complete 
| 252|0x00000000efc00000, 0x00000000efd00000, 0x00000000efd00000|100%| E|CS|TAMS 0x00000000efc00000| PB 0x00000000efc00000| Complete 
| 253|0x00000000efd00000, 0x00000000efe00000, 0x00000000efe00000|100%| E|CS|TAMS 0x00000000efd00000| PB 0x00000000efd00000| Complete 
| 254|0x00000000efe00000, 0x00000000eff00000, 0x00000000eff00000|100%| E|CS|TAMS 0x00000000efe00000| PB 0x00000000efe00000| Complete 
| 255|0x00000000eff00000, 0x00000000f0000000, 0x00000000f0000000|100%| E|CS|TAMS 0x00000000eff00000| PB 0x00000000eff00000| Complete 

Card table byte_map: [0x000001e3abef0000,0x000001e3abff0000] _byte_map_base: 0x000001e3ab7f0000

Marking Bits: (CMBitMap*) 0x000001e3996cb220
 Bits: [0x000001e3abff0000, 0x000001e3ac7f0000)

Polling page: 0x000001e3976e0000

Metaspace:

Usage:
  Non-class:     54.41 MB used.
      Class:      9.42 MB used.
       Both:     63.83 MB used.

Virtual space:
  Non-class space:       64.00 MB reserved,      55.50 MB ( 87%) committed,  1 nodes.
      Class space:      320.00 MB reserved,      10.44 MB (  3%) committed,  1 nodes.
             Both:      384.00 MB reserved,      65.94 MB ( 17%) committed. 

Chunk freelists:
   Non-Class:  8.11 MB
       Class:  5.61 MB
        Both:  13.72 MB

MaxMetaspaceSize: 384.00 MB
CompressedClassSpaceSize: 320.00 MB
Initial GC threshold: 21.00 MB
Current GC threshold: 100.31 MB
CDS: on
 - commit_granule_bytes: 65536.
 - commit_granule_words: 8192.
 - virtual_space_node_default_size: 8388608.
 - enlarge_chunks_in_place: 1.
 - use_allocation_guard: 0.


Internal statistics:

num_allocs_failed_limit: 18.
num_arena_births: 3860.
num_arena_deaths: 0.
num_vsnodes_births: 2.
num_vsnodes_deaths: 0.
num_space_committed: 1055.
num_space_uncommitted: 0.
num_chunks_returned_to_freelist: 18.
num_chunks_taken_from_freelist: 7096.
num_chunk_merges: 12.
num_chunk_splits: 4589.
num_chunks_enlarged: 2791.
num_inconsistent_stats: 0.

CodeHeap 'non-profiled nmethods': size=120000Kb used=4002Kb max_used=4119Kb free=115997Kb
 bounds [0x000001e3a4370000, 0x000001e3a4780000, 0x000001e3ab8a0000]
CodeHeap 'profiled nmethods': size=120000Kb used=13534Kb max_used=13534Kb free=106465Kb
 bounds [0x000001e39c8a0000, 0x000001e39d5e0000, 0x000001e3a3dd0000]
CodeHeap 'non-nmethods': size=5760Kb used=1950Kb max_used=1988Kb free=3809Kb
 bounds [0x000001e3a3dd0000, 0x000001e3a4040000, 0x000001e3a4370000]
CodeCache: size=245760Kb, used=19486Kb, max_used=19641Kb, free=226271Kb
 total_blobs=7937, nmethods=7124, adapters=716, full_count=0
Compilation: enabled, stopped_count=0, restarted_count=0

Compilation events (20 events):
Event: 23.268 Thread 0x000001e3af461b00 7806       3       org.gradle.internal.serialization.Cached::of (9 bytes)
Event: 23.269 Thread 0x000001e3af461b00 nmethod 7806 0x000001e39d5cb010 code [0x000001e39d5cb1c0, 0x000001e39d5cb488]
Event: 23.269 Thread 0x000001e3af461b00 7807       3       org.gradle.internal.serialization.Cached$Deferred::<init> (10 bytes)
Event: 23.269 Thread 0x000001e3af461b00 nmethod 7807 0x000001e39d5cb590 code [0x000001e39d5cb740, 0x000001e39d5cb968]
Event: 23.384 Thread 0x000001e3af453030 nmethod 7791 0x000001e3a453bc10 code [0x000001e3a453c080, 0x000001e3a453e768]
Event: 23.384 Thread 0x000001e3af461b00 7808       3       java.lang.AbstractStringBuilder::append (60 bytes)
Event: 23.385 Thread 0x000001e3af453030 7799       4       org.gradle.internal.classloader.FilteringClassLoader$Trie::find (135 bytes)
Event: 23.386 Thread 0x000001e3af461b00 nmethod 7808 0x000001e39d5cba90 code [0x000001e39d5cbc80, 0x000001e39d5cbfc8]
Event: 23.407 Thread 0x000001e3af453030 nmethod 7799 0x000001e3a44d3290 code [0x000001e3a44d3460, 0x000001e3a44d37c8]
Event: 23.407 Thread 0x000001e3af453030 7790       4       sun.reflect.generics.tree.ClassTypeSignature::accept (8 bytes)
Event: 23.410 Thread 0x000001e3af453030 nmethod 7790 0x000001e3a44d2f10 code [0x000001e3a44d30a0, 0x000001e3a44d3198]
Event: 23.429 Thread 0x000001e3af461b00 7809       3       org.gradle.api.internal.provider.AbstractProperty::attachOwner (6 bytes)
Event: 23.430 Thread 0x000001e3af461b00 nmethod 7809 0x000001e39d5cc110 code [0x000001e39d5cc2a0, 0x000001e39d5cc3f8]
Event: 23.522 Thread 0x000001e3af453030 7810       4       java.util.concurrent.locks.LockSupport::setBlocker (12 bytes)
Event: 23.527 Thread 0x000001e3af453030 nmethod 7810 0x000001e3a44d2b90 code [0x000001e3a44d2d20, 0x000001e3a44d2e58]
Event: 23.554 Thread 0x000001e3af461b00 7811       3       com.google.common.collect.ImmutableSet$RegularSetBuilderImpl::rebuildHashTable (80 bytes)
Event: 23.556 Thread 0x000001e3af461b00 nmethod 7811 0x000001e39d5cc490 code [0x000001e39d5cc6a0, 0x000001e39d5ccde8]
Event: 23.564 Thread 0x000001e3af453030 7812       4       org.objectweb.asm.MethodWriter::visitLabel (332 bytes)
Event: 23.599 Thread 0x000001e3af461b00 7813       3       org.gradle.internal.service.DefaultServiceRegistry::addProvider (23 bytes)
Event: 23.601 Thread 0x000001e3af461b00 nmethod 7813 0x000001e39d5cd110 code [0x000001e39d5cd320, 0x000001e39d5cd7c0]

GC Heap History (20 events):
Event: 1.049 GC heap before
{Heap before GC invocations=0 (full 0):
 garbage-first heap   total 262144K, used 22528K [0x00000000e0000000, 0x0000000100000000)
  region size 1024K, 23 young (23552K), 0 survivors (0K)
 Metaspace       used 943K, committed 1088K, reserved 393216K
  class space    used 73K, committed 128K, reserved 327680K
}
Event: 1.061 GC heap after
{Heap after GC invocations=1 (full 0):
 garbage-first heap   total 262144K, used 1557K [0x00000000e0000000, 0x0000000100000000)
  region size 1024K, 2 young (2048K), 2 survivors (2048K)
 Metaspace       used 943K, committed 1088K, reserved 393216K
  class space    used 73K, committed 128K, reserved 327680K
}
Event: 2.838 GC heap before
{Heap before GC invocations=1 (full 0):
 garbage-first heap   total 262144K, used 41493K [0x00000000e0000000, 0x0000000100000000)
  region size 1024K, 38 young (38912K), 2 survivors (2048K)
 Metaspace       used 4535K, committed 4736K, reserved 393216K
  class space    used 582K, committed 704K, reserved 327680K
}
Event: 2.847 GC heap after
{Heap after GC invocations=2 (full 0):
 garbage-first heap   total 262144K, used 10558K [0x00000000e0000000, 0x0000000100000000)
  region size 1024K, 5 young (5120K), 5 survivors (5120K)
 Metaspace       used 4535K, committed 4736K, reserved 393216K
  class space    used 582K, committed 704K, reserved 327680K
}
Event: 4.297 GC heap before
{Heap before GC invocations=2 (full 0):
 garbage-first heap   total 262144K, used 61758K [0x00000000e0000000, 0x0000000100000000)
  region size 1024K, 53 young (54272K), 5 survivors (5120K)
 Metaspace       used 5375K, committed 5568K, reserved 393216K
  class space    used 729K, committed 832K, reserved 327680K
}
Event: 4.304 GC heap after
{Heap after GC invocations=3 (full 0):
 garbage-first heap   total 262144K, used 16544K [0x00000000e0000000, 0x0000000100000000)
  region size 1024K, 5 young (5120K), 5 survivors (5120K)
 Metaspace       used 5375K, committed 5568K, reserved 393216K
  class space    used 729K, committed 832K, reserved 327680K
}
Event: 7.513 GC heap before
{Heap before GC invocations=3 (full 0):
 garbage-first heap   total 262144K, used 105632K [0x00000000e0000000, 0x0000000100000000)
  region size 1024K, 92 young (94208K), 5 survivors (5120K)
 Metaspace       used 20902K, committed 21504K, reserved 393216K
  class space    used 2923K, committed 3200K, reserved 327680K
}
Event: 7.523 GC heap after
{Heap after GC invocations=4 (full 0):
 garbage-first heap   total 262144K, used 23447K [0x00000000e0000000, 0x0000000100000000)
  region size 1024K, 12 young (12288K), 12 survivors (12288K)
 Metaspace       used 20902K, committed 21504K, reserved 393216K
  class space    used 2923K, committed 3200K, reserved 327680K
}
Event: 11.126 GC heap before
{Heap before GC invocations=5 (full 0):
 garbage-first heap   total 262144K, used 127895K [0x00000000e0000000, 0x0000000100000000)
  region size 1024K, 116 young (118784K), 12 survivors (12288K)
 Metaspace       used 34641K, committed 35968K, reserved 393216K
  class space    used 5049K, committed 5696K, reserved 327680K
}
Event: 11.138 GC heap after
{Heap after GC invocations=6 (full 0):
 garbage-first heap   total 262144K, used 31450K [0x00000000e0000000, 0x0000000100000000)
  region size 1024K, 15 young (15360K), 15 survivors (15360K)
 Metaspace       used 34641K, committed 35968K, reserved 393216K
  class space    used 5049K, committed 5696K, reserved 327680K
}
Event: 11.183 GC heap before
{Heap before GC invocations=6 (full 0):
 garbage-first heap   total 262144K, used 32474K [0x00000000e0000000, 0x0000000100000000)
  region size 1024K, 17 young (17408K), 15 survivors (15360K)
 Metaspace       used 34950K, committed 36288K, reserved 393216K
  class space    used 5062K, committed 5760K, reserved 327680K
}
Event: 11.193 GC heap after
{Heap after GC invocations=7 (full 0):
 garbage-first heap   total 262144K, used 31455K [0x00000000e0000000, 0x0000000100000000)
  region size 1024K, 9 young (9216K), 9 survivors (9216K)
 Metaspace       used 34950K, committed 36288K, reserved 393216K
  class space    used 5062K, committed 5760K, reserved 327680K
}
Event: 11.260 GC heap before
{Heap before GC invocations=7 (full 0):
 garbage-first heap   total 262144K, used 32479K [0x00000000e0000000, 0x0000000100000000)
  region size 1024K, 11 young (11264K), 9 survivors (9216K)
 Metaspace       used 35278K, committed 36608K, reserved 393216K
  class space    used 5118K, committed 5760K, reserved 327680K
}
Event: 11.266 GC heap after
{Heap after GC invocations=8 (full 0):
 garbage-first heap   total 262144K, used 30985K [0x00000000e0000000, 0x0000000100000000)
  region size 1024K, 8 young (8192K), 8 survivors (8192K)
 Metaspace       used 35278K, committed 36608K, reserved 393216K
  class space    used 5118K, committed 5760K, reserved 327680K
}
Event: 15.280 GC heap before
{Heap before GC invocations=9 (full 0):
 garbage-first heap   total 262144K, used 179465K [0x00000000e0000000, 0x0000000100000000)
  region size 1024K, 153 young (156672K), 8 survivors (8192K)
 Metaspace       used 49878K, committed 51648K, reserved 393216K
  class space    used 7360K, committed 8256K, reserved 327680K
}
Event: 15.293 GC heap after
{Heap after GC invocations=10 (full 0):
 garbage-first heap   total 262144K, used 39783K [0x00000000e0000000, 0x0000000100000000)
  region size 1024K, 17 young (17408K), 17 survivors (17408K)
 Metaspace       used 49878K, committed 51648K, reserved 393216K
  class space    used 7360K, committed 8256K, reserved 327680K
}
Event: 19.446 GC heap before
{Heap before GC invocations=10 (full 0):
 garbage-first heap   total 262144K, used 175975K [0x00000000e0000000, 0x0000000100000000)
  region size 1024K, 145 young (148480K), 17 survivors (17408K)
 Metaspace       used 59234K, committed 61248K, reserved 393216K
  class space    used 8675K, committed 9664K, reserved 327680K
}
Event: 19.461 GC heap after
{Heap after GC invocations=11 (full 0):
 garbage-first heap   total 262144K, used 55124K [0x00000000e0000000, 0x0000000100000000)
  region size 1024K, 20 young (20480K), 20 survivors (20480K)
 Metaspace       used 59234K, committed 61248K, reserved 393216K
  class space    used 8675K, committed 9664K, reserved 327680K
}
Event: 19.584 GC heap before
{Heap before GC invocations=11 (full 0):
 garbage-first heap   total 262144K, used 59220K [0x00000000e0000000, 0x0000000100000000)
  region size 1024K, 25 young (25600K), 20 survivors (20480K)
 Metaspace       used 59552K, committed 61568K, reserved 393216K
  class space    used 8737K, committed 9728K, reserved 327680K
}
Event: 19.597 GC heap after
{Heap after GC invocations=12 (full 0):
 garbage-first heap   total 262144K, used 56877K [0x00000000e0000000, 0x0000000100000000)
  region size 1024K, 3 young (3072K), 3 survivors (3072K)
 Metaspace       used 59552K, committed 61568K, reserved 393216K
  class space    used 8737K, committed 9728K, reserved 327680K
}

Dll operation events (14 events):
Event: 0.026 Loaded shared library C:\Users\Nandhitha_R\.antigravity\extensions\redhat.java-1.54.0-win32-x64\jre\21.0.10-win32-x86_64\bin\java.dll
Event: 0.140 Loaded shared library C:\Users\Nandhitha_R\.antigravity\extensions\redhat.java-1.54.0-win32-x64\jre\21.0.10-win32-x86_64\bin\zip.dll
Event: 0.180 Loaded shared library C:\Users\Nandhitha_R\.antigravity\extensions\redhat.java-1.54.0-win32-x64\jre\21.0.10-win32-x86_64\bin\instrument.dll
Event: 0.191 Loaded shared library C:\Users\Nandhitha_R\.antigravity\extensions\redhat.java-1.54.0-win32-x64\jre\21.0.10-win32-x86_64\bin\net.dll
Event: 0.197 Loaded shared library C:\Users\Nandhitha_R\.antigravity\extensions\redhat.java-1.54.0-win32-x64\jre\21.0.10-win32-x86_64\bin\nio.dll
Event: 0.205 Loaded shared library C:\Users\Nandhitha_R\.antigravity\extensions\redhat.java-1.54.0-win32-x64\jre\21.0.10-win32-x86_64\bin\zip.dll
Event: 0.988 Loaded shared library C:\Users\Nandhitha_R\.antigravity\extensions\redhat.java-1.54.0-win32-x64\jre\21.0.10-win32-x86_64\bin\jimage.dll
Event: 1.632 Loaded shared library C:\Users\Nandhitha_R\.antigravity\extensions\redhat.java-1.54.0-win32-x64\jre\21.0.10-win32-x86_64\bin\verify.dll
Event: 1.750 Loaded shared library C:\Users\Nandhitha_R\.gradle\native\1def1411415f61bf3af743bc5b6707747c0891f09f0c88961ee8f79bc544acac\windows-amd64\native-platform.dll
Event: 1.781 Loaded shared library C:\Users\Nandhitha_R\.gradle\native\0.2.8\x86_64-windows-gnu\gradle-fileevents.dll
Event: 4.532 Loaded shared library C:\Users\Nandhitha_R\.antigravity\extensions\redhat.java-1.54.0-win32-x64\jre\21.0.10-win32-x86_64\bin\management.dll
Event: 4.539 Loaded shared library C:\Users\Nandhitha_R\.antigravity\extensions\redhat.java-1.54.0-win32-x64\jre\21.0.10-win32-x86_64\bin\management_ext.dll
Event: 4.841 Loaded shared library C:\Users\Nandhitha_R\.antigravity\extensions\redhat.java-1.54.0-win32-x64\jre\21.0.10-win32-x86_64\bin\extnet.dll
Event: 5.209 Loaded shared library C:\Users\Nandhitha_R\.antigravity\extensions\redhat.java-1.54.0-win32-x64\jre\21.0.10-win32-x86_64\bin\sunmscapi.dll

Deoptimization events (20 events):
Event: 19.917 Thread 0x000001e3ca81ae10 Uncommon trap: trap_request=0xffffff45 fr.pc=0x000001e3a467d430 relative=0x0000000000001170
Event: 19.917 Thread 0x000001e3ca81ae10 Uncommon trap: reason=unstable_if action=reinterpret pc=0x000001e3a467d430 method=java.util.concurrent.ConcurrentHashMap.putVal(Ljava/lang/Object;Ljava/lang/Object;Z)Ljava/lang/Object; @ 245 c2
Event: 19.917 Thread 0x000001e3ca81ae10 DEOPT PACKING pc=0x000001e3a467d430 sp=0x0000003fcdcf5e20
Event: 19.917 Thread 0x000001e3ca81ae10 DEOPT UNPACKING pc=0x000001e3a3e24422 sp=0x0000003fcdcf5da8 mode 2
Event: 19.946 Thread 0x000001e3ca81ae10 Uncommon trap: trap_request=0xffffff45 fr.pc=0x000001e3a454dbcc relative=0x000000000000010c
Event: 19.946 Thread 0x000001e3ca81ae10 Uncommon trap: reason=unstable_if action=reinterpret pc=0x000001e3a454dbcc method=kotlin.reflect.jvm.internal.impl.protobuf.CodedInputStream.readRawVarint32()I @ 10 c2
Event: 19.946 Thread 0x000001e3ca81ae10 DEOPT PACKING pc=0x000001e3a454dbcc sp=0x0000003fcdcf5f90
Event: 19.946 Thread 0x000001e3ca81ae10 DEOPT UNPACKING pc=0x000001e3a3e24422 sp=0x0000003fcdcf5f10 mode 2
Event: 20.955 Thread 0x000001e3ca81ae10 Uncommon trap: trap_request=0xffffff45 fr.pc=0x000001e3a47728d0 relative=0x0000000000000a50
Event: 20.955 Thread 0x000001e3ca81ae10 Uncommon trap: reason=unstable_if action=reinterpret pc=0x000001e3a47728d0 method=java.util.concurrent.ConcurrentHashMap.replaceNode(Ljava/lang/Object;Ljava/lang/Object;Ljava/lang/Object;)Ljava/lang/Object; @ 17 c2
Event: 20.955 Thread 0x000001e3ca81ae10 DEOPT PACKING pc=0x000001e3a47728d0 sp=0x0000003fcdcf5c60
Event: 20.955 Thread 0x000001e3ca81ae10 DEOPT UNPACKING pc=0x000001e3a3e24422 sp=0x0000003fcdcf5c00 mode 2
Event: 21.219 Thread 0x000001e3ca81ae10 Uncommon trap: trap_request=0xffffff45 fr.pc=0x000001e3a43e0ea4 relative=0x00000000000002c4
Event: 21.219 Thread 0x000001e3ca81ae10 Uncommon trap: reason=unstable_if action=reinterpret pc=0x000001e3a43e0ea4 method=java.io.WinNTFileSystem.prefixLength(Ljava/lang/String;)I @ 42 c2
Event: 21.219 Thread 0x000001e3ca81ae10 DEOPT PACKING pc=0x000001e3a43e0ea4 sp=0x0000003fcdcf5a60
Event: 21.219 Thread 0x000001e3ca81ae10 DEOPT UNPACKING pc=0x000001e3a3e24422 sp=0x0000003fcdcf59e8 mode 2
Event: 21.272 Thread 0x000001e3ca81ae10 Uncommon trap: trap_request=0xffffffc6 fr.pc=0x000001e3a44298a8 relative=0x0000000000000088
Event: 21.272 Thread 0x000001e3ca81ae10 Uncommon trap: reason=bimorphic_or_optimized_type_check action=maybe_recompile pc=0x000001e3a44298a8 method=java.util.Collections$UnmodifiableCollection.size()I @ 4 c2
Event: 21.272 Thread 0x000001e3ca81ae10 DEOPT PACKING pc=0x000001e3a44298a8 sp=0x0000003fcdcf5900
Event: 21.272 Thread 0x000001e3ca81ae10 DEOPT UNPACKING pc=0x000001e3a3e24422 sp=0x0000003fcdcf5890 mode 2

Classes loaded (20 events):
Event: 21.206 Loading class jdk/xml/internal/XMLSecurityManager$NameMap
Event: 21.207 Loading class jdk/xml/internal/XMLSecurityManager$NameMap done
Event: 21.207 Loading class com/sun/org/apache/xerces/internal/utils/XMLSecurityPropertyManager
Event: 21.208 Loading class com/sun/org/apache/xerces/internal/utils/XMLSecurityPropertyManager done
Event: 21.208 Loading class com/sun/org/apache/xerces/internal/utils/XMLSecurityPropertyManager$State
Event: 21.208 Loading class com/sun/org/apache/xerces/internal/utils/XMLSecurityPropertyManager$State done
Event: 21.208 Loading class com/sun/org/apache/xerces/internal/utils/XMLSecurityPropertyManager$Property
Event: 21.209 Loading class com/sun/org/apache/xerces/internal/utils/XMLSecurityPropertyManager$Property done
Event: 21.210 Loading class javax/xml/parsers/DocumentBuilderFactory
Event: 21.211 Loading class javax/xml/parsers/DocumentBuilderFactory done
Event: 21.211 Loading class javax/xml/parsers/FactoryFinder
Event: 21.211 Loading class javax/xml/parsers/FactoryFinder done
Event: 21.213 Loading class javax/xml/parsers/FactoryFinder$1
Event: 21.213 Loading class javax/xml/parsers/FactoryFinder$1 done
Event: 21.216 Loading class com/sun/org/apache/xerces/internal/jaxp/DocumentBuilderFactoryImpl
Event: 21.217 Loading class com/sun/org/apache/xerces/internal/jaxp/DocumentBuilderFactoryImpl done
Event: 21.339 Loading class java/util/regex/Pattern$SliceI
Event: 21.340 Loading class java/util/regex/Pattern$SliceI done
Event: 22.001 Loading class java/beans/PropertyChangeListener
Event: 22.001 Loading class java/beans/PropertyChangeListener done

Classes unloaded (0 events):
No events

Classes redefined (0 events):
No events

Internal exceptions (20 events):
Event: 18.281 Thread 0x000001e3ca81ae10 Exception <a 'java/lang/NoSuchMethodError'{0x00000000e9d3b9b0}: 'int java.lang.invoke.Invokers$Holder.linkToCallSite(java.lang.Object, java.lang.Object)'> (0x00000000e9d3b9b0) 
thrown [s\src\hotspot\share\interpreter\linkResolver.cpp, line 773]
Event: 18.284 Thread 0x000001e3ca81ae10 Exception <a 'java/lang/ClassNotFoundException'{0x00000000e9d54f98}: org/codehaus/groovy/runtime/NullObjectBeanInfo> (0x00000000e9d54f98) 
thrown [s\src\hotspot\share\classfile\systemDictionary.cpp, line 312]
Event: 18.284 Thread 0x000001e3ca81ae10 Exception <a 'java/lang/ClassNotFoundException'{0x00000000e9d5f830}: org/codehaus/groovy/runtime/NullObjectCustomizer> (0x00000000e9d5f830) 
thrown [s\src\hotspot\share\classfile\systemDictionary.cpp, line 312]
Event: 18.301 Thread 0x000001e3ca81ae10 Exception <a 'java/lang/NoSuchMethodError'{0x00000000e9dabb10}: 'int java.lang.invoke.DirectMethodHandle$Holder.invokeSpecial(java.lang.Object, java.lang.Object, java.lang.Object, java.lang.Object, java.lang.Object)'> (0x00000000e9dabb10) 
thrown [s\src\hotspot\share\interpreter\linkResolver.cpp, line 773]
Event: 18.361 Thread 0x000001e3ca81ae10 Implicit null exception at 0x000001e3a46dcddd to 0x000001e3a46dd2af
Event: 18.590 Thread 0x000001e3ca81ae10 Exception <a 'java/lang/NoClassDefFoundError'{0x00000000e97d0898}: com/android/Version> (0x00000000e97d0898) 
thrown [s\src\hotspot\share\classfile\systemDictionary.cpp, line 301]
Event: 18.876 Thread 0x000001e3ca81ae10 Exception <a 'java/lang/NoSuchMethodError'{0x00000000e91e5ab8}: static Lorg/jetbrains/kotlin/gradle/plugin/internal/DefaultProjectIsolationStartParameterAccessor$Factory;.<clinit>()V> (0x00000000e91e5ab8) 
thrown [s\src\hotspot\share\prims\jni.cpp, line 1111]
Event: 18.885 Thread 0x000001e3ca81ae10 Exception <a 'java/lang/NoSuchMethodError'{0x00000000e90250d8}: static Lorg/jetbrains/kotlin/gradle/plugin/internal/DefaultJavaExecTaskParametersCompatibility$Factory;.<clinit>()V> (0x00000000e90250d8) 
thrown [s\src\hotspot\share\prims\jni.cpp, line 1111]
Event: 18.890 Thread 0x000001e3ca81ae10 Exception <a 'java/lang/NoSuchMethodError'{0x00000000e9053258}: static Lorg/jetbrains/kotlin/gradle/plugin/internal/DefaultMavenPublicationComponentAccessorFactory;.<clinit>()V> (0x00000000e9053258) 
thrown [s\src\hotspot\share\prims\jni.cpp, line 1111]
Event: 18.898 Thread 0x000001e3ca81ae10 Exception <a 'java/lang/NoSuchMethodError'{0x00000000e907d8e0}: static Lorg/jetbrains/kotlin/gradle/plugin/internal/DefaultCompatibilityConventionRegistrar$Factory;.<clinit>()V> (0x00000000e907d8e0) 
thrown [s\src\hotspot\share\prims\jni.cpp, line 1111]
Event: 18.903 Thread 0x000001e3ca81ae10 Exception <a 'java/lang/NoSuchMethodError'{0x00000000e909c660}: static Lorg/jetbrains/kotlin/gradle/plugin/internal/DefaultConfigurationCacheStartParameterAccessorVariantFactory;.<clinit>()V> (0x00000000e909c660) 
thrown [s\src\hotspot\share\prims\jni.cpp, line 1111]
Event: 18.976 Thread 0x000001e3ca81ae10 Exception <a 'java/lang/IncompatibleClassChangeError'{0x00000000e8e12cc8}: Found class java.lang.Object, but interface was expected> (0x00000000e8e12cc8) 
thrown [s\src\hotspot\share\interpreter\linkResolver.cpp, line 840]
Event: 19.339 Thread 0x000001e3ca81ae10 Exception <a 'java/lang/NoSuchMethodError'{0x00000000e84823f0}: static Ljava/lang/Object;.<clinit>()V> (0x00000000e84823f0) 
thrown [s\src\hotspot\share\prims\jni.cpp, line 1111]
Event: 19.370 Thread 0x000001e3ca81ae10 Exception <a 'java/lang/NoSuchMethodError'{0x00000000e8394f98}: static Lorg/jetbrains/kotlin/gradle/plugin/statistics/MetricContainer;.<clinit>()V> (0x00000000e8394f98) 
thrown [s\src\hotspot\share\prims\jni.cpp, line 1111]
Event: 20.955 Thread 0x000001e3ca81ae10 Implicit null exception at 0x000001e3a4771f3d to 0x000001e3a47728c0
Event: 21.225 Thread 0x000001e3ca81ae10 Exception <a 'java/lang/NoSuchMethodError'{0x00000000ed53c298}: 'java.lang.Object java.lang.invoke.DirectMethodHandle$Holder.newInvokeSpecial(java.lang.Object, java.lang.Object, java.lang.Object, java.lang.Object, java.lang.Object, java.lang.Object, java.lang.Object, java.lang.Object, java.lang.Object, java.lang.Object, java.lang.Object, java.lang.Object, java.lang.Object, java.lang.Object, java.lang.Object, java.lang.Object)'> (0x00000000ed53c298) 
thrown [s\src\hotspot\share\interpreter\linkResolver.cpp,
Event: 21.227 Thread 0x000001e3ca81ae10 Exception <a 'java/lang/NoSuchMethodError'{0x00000000ed542f10}: 'java.lang.Object java.lang.invoke.DirectMethodHandle$Holder.invokeSpecial(java.lang.Object, java.lang.Object, java.lang.Object, java.lang.Object, java.lang.Object, java.lang.Object, java.lang.Object, java.lang.Object, java.lang.Object, java.lang.Object, java.lang.Object, java.lang.Object, java.lang.Object, java.lang.Object, java.lang.Object, java.lang.Object, java.lang.Object)'> (0x00000000ed542f10) 
thrown [s\src\hotspot\share\interpreter\li
Event: 21.228 Thread 0x000001e3ca81ae10 Exception <a 'java/lang/NoSuchMethodError'{0x00000000ed548af0}: 'java.lang.Object java.lang.invoke.DelegatingMethodHandle$Holder.reinvoke_L(java.lang.Object, java.lang.Object, java.lang.Object, java.lang.Object, java.lang.Object, java.lang.Object, java.lang.Object, java.lang.Object, java.lang.Object, java.lang.Object, java.lang.Object, java.lang.Object, java.lang.Object, java.lang.Object, java.lang.Object, java.lang.Object)'> (0x00000000ed548af0) 
thrown [s\src\hotspot\share\interpreter\linkResolver.cpp, l
Event: 21.490 Thread 0x000001e3ca81ae10 Exception <a 'java/lang/NoSuchMethodError'{0x00000000ed124a90}: 'void java.lang.invoke.DirectMethodHandle$Holder.invokeVirtual(java.lang.Object, java.lang.Object)'> (0x00000000ed124a90) 
thrown [s\src\hotspot\share\interpreter\linkResolver.cpp, line 773]
Event: 22.841 Thread 0x000001e3ca81ae10 Exception <a 'java/lang/NoSuchMethodError'{0x00000000ebf8e648}: 'java.lang.Object java.lang.invoke.DirectMethodHandle$Holder.newInvokeSpecial(java.lang.Object, java.lang.Object, java.lang.Object, java.lang.Object, java.lang.Object, java.lang.Object, java.lang.Object, java.lang.Object, java.lang.Object, java.lang.Object, java.lang.Object, java.lang.Object, java.lang.Object, java.lang.Object, java.lang.Object, java.lang.Object, java.lang.Object, java.lang.Object, java.lang.Object, java.lang.Object, java.lang

ZGC Phase Switch (0 events):
No events

VM Operations (20 events):
Event: 18.531 Executing non-safepoint VM operation: HandshakeAllThreads (Deoptimize)
Event: 18.531 Executing non-safepoint VM operation: HandshakeAllThreads (Deoptimize) done
Event: 18.740 Executing non-safepoint VM operation: HandshakeAllThreads (Deoptimize)
Event: 18.740 Executing non-safepoint VM operation: HandshakeAllThreads (Deoptimize) done
Event: 19.445 Executing safepoint VM operation: CollectForMetadataAllocation (Metadata GC Threshold)
Event: 19.462 Executing safepoint VM operation: CollectForMetadataAllocation (Metadata GC Threshold) done
Event: 19.584 Executing safepoint VM operation: CollectForMetadataAllocation (Metadata GC Threshold)
Event: 19.597 Executing safepoint VM operation: CollectForMetadataAllocation (Metadata GC Threshold) done
Event: 19.623 Executing safepoint VM operation: G1PauseRemark
Event: 19.631 Executing safepoint VM operation: G1PauseRemark done
Event: 19.648 Executing safepoint VM operation: G1PauseCleanup
Event: 19.648 Executing safepoint VM operation: G1PauseCleanup done
Event: 20.662 Executing safepoint VM operation: Cleanup
Event: 20.663 Executing safepoint VM operation: Cleanup done
Event: 21.266 Executing non-safepoint VM operation: HandshakeAllThreads (Deoptimize)
Event: 21.266 Executing non-safepoint VM operation: HandshakeAllThreads (Deoptimize) done
Event: 21.658 Executing non-safepoint VM operation: HandshakeAllThreads (Deoptimize)
Event: 21.659 Executing non-safepoint VM operation: HandshakeAllThreads (Deoptimize) done
Event: 22.665 Executing safepoint VM operation: Cleanup
Event: 22.665 Executing safepoint VM operation: Cleanup done

Memory protections (0 events):
No events

Nmethod flushes (20 events):
Event: 19.629 Thread 0x000001e3af42c0c0 flushing  nmethod 0x000001e39ca8d210
Event: 19.629 Thread 0x000001e3af42c0c0 flushing  nmethod 0x000001e39caead90
Event: 19.629 Thread 0x000001e3af42c0c0 flushing  nmethod 0x000001e39caebe10
Event: 19.629 Thread 0x000001e3af42c0c0 flushing  nmethod 0x000001e39cb20210
Event: 19.629 Thread 0x000001e3af42c0c0 flushing  nmethod 0x000001e39cb73910
Event: 19.629 Thread 0x000001e3af42c0c0 flushing  nmethod 0x000001e39cb74190
Event: 19.629 Thread 0x000001e3af42c0c0 flushing  nmethod 0x000001e39cb75010
Event: 19.629 Thread 0x000001e3af42c0c0 flushing  nmethod 0x000001e39cb77090
Event: 19.629 Thread 0x000001e3af42c0c0 flushing  nmethod 0x000001e39cb78490
Event: 19.629 Thread 0x000001e3af42c0c0 flushing  nmethod 0x000001e39cbaa710
Event: 19.629 Thread 0x000001e3af42c0c0 flushing  nmethod 0x000001e39cbab390
Event: 19.629 Thread 0x000001e3af42c0c0 flushing  nmethod 0x000001e39cbb2610
Event: 19.629 Thread 0x000001e3af42c0c0 flushing  nmethod 0x000001e39cce3610
Event: 19.629 Thread 0x000001e3af42c0c0 flushing  nmethod 0x000001e39cd37290
Event: 19.629 Thread 0x000001e3af42c0c0 flushing  nmethod 0x000001e39cd5a110
Event: 19.629 Thread 0x000001e3af42c0c0 flushing  nmethod 0x000001e39cd5a610
Event: 19.629 Thread 0x000001e3af42c0c0 flushing  nmethod 0x000001e39cd5b790
Event: 19.629 Thread 0x000001e3af42c0c0 flushing  nmethod 0x000001e39cd5c490
Event: 19.629 Thread 0x000001e3af42c0c0 flushing  nmethod 0x000001e39cd65390
Event: 19.629 Thread 0x000001e3af42c0c0 flushing  nmethod 0x000001e39cea1110

Events (20 events):
Event: 17.150 Thread 0x000001e3ca81ae10 Thread added: 0x000001e3cb77c2d0
Event: 17.152 Thread 0x000001e3ca81ae10 Thread added: 0x000001e3cb77dd10
Event: 17.154 Thread 0x000001e3ca81ae10 Thread added: 0x000001e3cb77c960
Event: 17.156 Thread 0x000001e3ca81ae10 Thread added: 0x000001e3cb77cff0
Event: 17.158 Thread 0x000001e3ca81ae10 Thread added: 0x000001e3cb77d680
Event: 17.159 Thread 0x000001e3ca81ae10 Thread added: 0x000001e3ccf0dac0
Event: 17.161 Thread 0x000001e3ca81ae10 Thread added: 0x000001e3ccf108b0
Event: 17.162 Thread 0x000001e3ca81ae10 Thread added: 0x000001e3ccf0e7e0
Event: 17.166 Thread 0x000001e3ca81ae10 Thread added: 0x000001e3ccf0e150
Event: 17.169 Thread 0x000001e3ca81ae10 Thread added: 0x000001e3ccf115d0
Event: 17.170 Thread 0x000001e3ca81ae10 Thread added: 0x000001e3ccf11c60
Event: 17.787 Thread 0x000001e3cf4a7520 Thread exited: 0x000001e3cf4a7520
Event: 19.056 Thread 0x000001e3af461b00 Thread added: 0x000001e3ccfd2c90
Event: 19.439 Thread 0x000001e3ca81ae10 Thread added: 0x000001e3ccf0f500
Event: 19.769 Thread 0x000001e3ccfd2c90 Thread exited: 0x000001e3ccfd2c90
Event: 21.449 Thread 0x000001e3ca81ae10 Thread added: 0x000001e3ccf10220
Event: 21.821 Thread 0x000001e3af461b00 Thread added: 0x000001e3ccfd2c90
Event: 22.013 Thread 0x000001e3ccfd2c90 Thread exited: 0x000001e3ccfd2c90
Event: 22.271 Thread 0x000001e3af461b00 Thread added: 0x000001e3ccfd2c90
Event: 22.721 Thread 0x000001e3ccfd2c90 Thread exited: 0x000001e3ccfd2c90


Dynamic libraries:
0x00007ff70e350000 - 0x00007ff70e35e000 	C:\Users\Nandhitha_R\.antigravity\extensions\redhat.java-1.54.0-win32-x64\jre\21.0.10-win32-x86_64\bin\java.exe
0x00007ffe8a2a0000 - 0x00007ffe8a507000 	C:\Windows\SYSTEM32\ntdll.dll
0x00007ffe89c30000 - 0x00007ffe89cf9000 	C:\Windows\System32\KERNEL32.DLL
0x00007ffe87c20000 - 0x00007ffe88017000 	C:\Windows\System32\KERNELBASE.dll
0x00007ffe86d90000 - 0x00007ffe86edb000 	C:\Windows\System32\ucrtbase.dll
0x00007ffe159b0000 - 0x00007ffe159c8000 	C:\Users\Nandhitha_R\.antigravity\extensions\redhat.java-1.54.0-win32-x64\jre\21.0.10-win32-x86_64\bin\jli.dll
0x00007ffe8a030000 - 0x00007ffe8a1f6000 	C:\Windows\System32\USER32.dll
0x00007ffe87910000 - 0x00007ffe87937000 	C:\Windows\System32\win32u.dll
0x00007ffe89b70000 - 0x00007ffe89b9b000 	C:\Windows\System32\GDI32.dll
0x00007ffe86ee0000 - 0x00007ffe8700c000 	C:\Windows\System32\gdi32full.dll
0x00007ffe87b70000 - 0x00007ffe87c13000 	C:\Windows\System32\msvcp_win.dll
0x00007ffe17650000 - 0x00007ffe1766e000 	C:\Users\Nandhitha_R\.antigravity\extensions\redhat.java-1.54.0-win32-x64\jre\21.0.10-win32-x86_64\bin\VCRUNTIME140.dll
0x00007ffe6a770000 - 0x00007ffe6aa02000 	C:\Windows\WinSxS\amd64_microsoft.windows.common-controls_6595b64144ccf1df_6.0.26100.8457_none_3e0b2faee331e92d\COMCTL32.dll
0x00007ffe88cf0000 - 0x00007ffe88d99000 	C:\Windows\System32\msvcrt.dll
0x00007ffe89f50000 - 0x00007ffe89f82000 	C:\Windows\System32\IMM32.DLL
0x00007ffe83b90000 - 0x00007ffe83b9c000 	C:\Users\Nandhitha_R\.antigravity\extensions\redhat.java-1.54.0-win32-x64\jre\21.0.10-win32-x86_64\bin\vcruntime140_1.dll
0x00007ffe0a7c0000 - 0x00007ffe0a84d000 	C:\Users\Nandhitha_R\.antigravity\extensions\redhat.java-1.54.0-win32-x64\jre\21.0.10-win32-x86_64\bin\msvcp140.dll
0x00007ffdf9c20000 - 0x00007ffdfa9c1000 	C:\Users\Nandhitha_R\.antigravity\extensions\redhat.java-1.54.0-win32-x64\jre\21.0.10-win32-x86_64\bin\server\jvm.dll
0x00007ffe89990000 - 0x00007ffe89a46000 	C:\Windows\System32\ADVAPI32.dll
0x00007ffe88260000 - 0x00007ffe88307000 	C:\Windows\System32\sechost.dll
0x00007ffe89a50000 - 0x00007ffe89b68000 	C:\Windows\System32\RPCRT4.dll
0x00007ffe89f90000 - 0x00007ffe8a010000 	C:\Windows\System32\WS2_32.dll
0x00007ffe86b30000 - 0x00007ffe86b8e000 	C:\Windows\SYSTEM32\POWRPROF.dll
0x00007ffe83cf0000 - 0x00007ffe83d26000 	C:\Windows\SYSTEM32\WINMM.dll
0x00007ffe73230000 - 0x00007ffe7323b000 	C:\Windows\SYSTEM32\VERSION.dll
0x00007ffe86b10000 - 0x00007ffe86b24000 	C:\Windows\SYSTEM32\UMPDC.dll
0x00007ffe85a60000 - 0x00007ffe85a7b000 	C:\Windows\SYSTEM32\kernel.appcore.dll
0x00007ffe45070000 - 0x00007ffe4507a000 	C:\Users\Nandhitha_R\.antigravity\extensions\redhat.java-1.54.0-win32-x64\jre\21.0.10-win32-x86_64\bin\jimage.dll
0x00007ffe84b00000 - 0x00007ffe84d42000 	C:\Windows\SYSTEM32\DBGHELP.DLL
0x00007ffe894a0000 - 0x00007ffe89823000 	C:\Windows\System32\combase.dll
0x00007ffe880c0000 - 0x00007ffe88199000 	C:\Windows\System32\OLEAUT32.dll
0x00007ffe65e50000 - 0x00007ffe65e8b000 	C:\Windows\SYSTEM32\dbgcore.DLL
0x00007ffe87940000 - 0x00007ffe879e8000 	C:\Windows\System32\bcryptPrimitives.dll
0x00007ffe13790000 - 0x00007ffe1379f000 	C:\Users\Nandhitha_R\.antigravity\extensions\redhat.java-1.54.0-win32-x64\jre\21.0.10-win32-x86_64\bin\instrument.dll
0x00007ffe15970000 - 0x00007ffe15990000 	C:\Users\Nandhitha_R\.antigravity\extensions\redhat.java-1.54.0-win32-x64\jre\21.0.10-win32-x86_64\bin\java.dll
0x00007ffe88320000 - 0x00007ffe88a8e000 	C:\Windows\System32\SHELL32.dll
0x00007ffe87010000 - 0x00007ffe8787c000 	C:\Windows\System32\windows.storage.dll
0x00007ffe88ba0000 - 0x00007ffe88c96000 	C:\Windows\System32\SHCORE.dll
0x00007ffe88050000 - 0x00007ffe880b6000 	C:\Windows\System32\shlwapi.dll
0x00007ffe86bf0000 - 0x00007ffe86c19000 	C:\Windows\SYSTEM32\profapi.dll
0x00007ffe15990000 - 0x00007ffe159a8000 	C:\Users\Nandhitha_R\.antigravity\extensions\redhat.java-1.54.0-win32-x64\jre\21.0.10-win32-x86_64\bin\zip.dll
0x00007ffe17480000 - 0x00007ffe17490000 	C:\Users\Nandhitha_R\.antigravity\extensions\redhat.java-1.54.0-win32-x64\jre\21.0.10-win32-x86_64\bin\net.dll
0x00007ffe7cd90000 - 0x00007ffe7ceb9000 	C:\Windows\SYSTEM32\WINHTTP.dll
0x00007ffe85fd0000 - 0x00007ffe8603c000 	C:\Windows\system32\mswsock.dll
0x00007ffe137a0000 - 0x00007ffe137b6000 	C:\Users\Nandhitha_R\.antigravity\extensions\redhat.java-1.54.0-win32-x64\jre\21.0.10-win32-x86_64\bin\nio.dll
0x00007ffe13780000 - 0x00007ffe13790000 	C:\Users\Nandhitha_R\.antigravity\extensions\redhat.java-1.54.0-win32-x64\jre\21.0.10-win32-x86_64\bin\verify.dll
0x00007ffe47940000 - 0x00007ffe47967000 	C:\Users\Nandhitha_R\.gradle\native\1def1411415f61bf3af743bc5b6707747c0891f09f0c88961ee8f79bc544acac\windows-amd64\native-platform.dll
0x00007ffe32140000 - 0x00007ffe321b7000 	C:\Users\Nandhitha_R\.gradle\native\0.2.8\x86_64-windows-gnu\gradle-fileevents.dll
0x00007ffe71e60000 - 0x00007ffe71e6a000 	C:\Users\Nandhitha_R\.antigravity\extensions\redhat.java-1.54.0-win32-x64\jre\21.0.10-win32-x86_64\bin\management.dll
0x00007ffe65640000 - 0x00007ffe6564c000 	C:\Users\Nandhitha_R\.antigravity\extensions\redhat.java-1.54.0-win32-x64\jre\21.0.10-win32-x86_64\bin\management_ext.dll
0x00007ffe88da0000 - 0x00007ffe88da8000 	C:\Windows\System32\PSAPI.DLL
0x00007ffe85480000 - 0x00007ffe854b2000 	C:\Windows\SYSTEM32\IPHLPAPI.DLL
0x00007ffe88310000 - 0x00007ffe8831a000 	C:\Windows\System32\NSI.dll
0x00007ffe72040000 - 0x00007ffe72049000 	C:\Users\Nandhitha_R\.antigravity\extensions\redhat.java-1.54.0-win32-x64\jre\21.0.10-win32-x86_64\bin\extnet.dll
0x00007ffe862b0000 - 0x00007ffe862cb000 	C:\Windows\SYSTEM32\CRYPTSP.dll
0x00007ffe859c0000 - 0x00007ffe859f9000 	C:\Windows\system32\rsaenh.dll
0x00007ffe86080000 - 0x00007ffe860b3000 	C:\Windows\SYSTEM32\USERENV.dll
0x00007ffe86bc0000 - 0x00007ffe86bea000 	C:\Windows\SYSTEM32\bcrypt.dll
0x00007ffe862d0000 - 0x00007ffe862dc000 	C:\Windows\SYSTEM32\CRYPTBASE.dll
0x00007ffe13770000 - 0x00007ffe1377e000 	C:\Users\Nandhitha_R\.antigravity\extensions\redhat.java-1.54.0-win32-x64\jre\21.0.10-win32-x86_64\bin\sunmscapi.dll
0x00007ffe879f0000 - 0x00007ffe87b68000 	C:\Windows\System32\CRYPT32.dll
0x00007ffe864d0000 - 0x00007ffe86500000 	C:\Windows\SYSTEM32\ncrypt.dll
0x00007ffe86480000 - 0x00007ffe864bf000 	C:\Windows\SYSTEM32\NTASN1.dll
0x00007ffe5bfe0000 - 0x00007ffe5bfe8000 	C:\Windows\system32\wshunix.dll

JVMTI agents:
C:\Users\Nandhitha_R\.gradle\wrapper\dists\gradle-9.0.0-bin\d6wjpkvcgsg3oed0qlfss3wgl\gradle-9.0.0\lib\agents\gradle-instrumentation-agent-9.0.0.jar path:C:\Users\Nandhitha_R\.antigravity\extensions\redhat.java-1.54.0-win32-x64\jre\21.0.10-win32-x86_64\bin\instrument.dll, loaded, initialized, instrumentlib options:none

dbghelp: loaded successfully - version: 4.0.5 - missing functions: none
symbol engine: initialized successfully - sym options: 0x614 - pdb path: .;C:\Users\Nandhitha_R\.antigravity\extensions\redhat.java-1.54.0-win32-x64\jre\21.0.10-win32-x86_64\bin;C:\Windows\SYSTEM32;C:\Windows\WinSxS\amd64_microsoft.windows.common-controls_6595b64144ccf1df_6.0.26100.8457_none_3e0b2faee331e92d;C:\Users\Nandhitha_R\.antigravity\extensions\redhat.java-1.54.0-win32-x64\jre\21.0.10-win32-x86_64\bin\server;C:\Users\Nandhitha_R\.gradle\native\1def1411415f61bf3af743bc5b6707747c0891f09f0c88961ee8f79bc544acac\windows-amd64;C:\Users\Nandhitha_R\.gradle\native\0.2.8\x86_64-windows-gnu

VM Arguments:
jvm_args: --add-opens=java.base/java.lang=ALL-UNNAMED --add-opens=java.base/java.lang.invoke=ALL-UNNAMED --add-opens=java.base/java.util=ALL-UNNAMED --add-opens=java.prefs/java.util.prefs=ALL-UNNAMED --add-exports=jdk.compiler/com.sun.tools.javac.api=ALL-UNNAMED --add-exports=jdk.compiler/com.sun.tools.javac.util=ALL-UNNAMED --add-opens=java.base/java.util=ALL-UNNAMED --add-opens=java.prefs/java.util.prefs=ALL-UNNAMED --add-opens=java.base/java.nio.charset=ALL-UNNAMED --add-opens=java.base/java.net=ALL-UNNAMED --add-opens=java.base/java.util.concurrent=ALL-UNNAMED --add-opens=java.base/java.util.concurrent.atomic=ALL-UNNAMED --add-opens=java.xml/javax.xml.namespace=ALL-UNNAMED -XX:MaxMetaspaceSize=384m -XX:+HeapDumpOnOutOfMemoryError -Xms256m -Xmx512m -Dfile.encoding=UTF-8 -Duser.country=IN -Duser.language=en -Duser.variant -javaagent:C:\Users\Nandhitha_R\.gradle\wrapper\dists\gradle-9.0.0-bin\d6wjpkvcgsg3oed0qlfss3wgl\gradle-9.0.0\lib\agents\gradle-instrumentation-agent-9.0.0.jar 
java_command: org.gradle.launcher.daemon.bootstrap.GradleDaemon 9.0.0
java_class_path (initial): C:\Users\Nandhitha_R\.gradle\wrapper\dists\gradle-9.0.0-bin\d6wjpkvcgsg3oed0qlfss3wgl\gradle-9.0.0\lib\gradle-daemon-main-9.0.0.jar
Launcher Type: SUN_STANDARD

[Global flags]
     intx CICompilerCount                          = 4                                         {product} {ergonomic}
   size_t CompressedClassSpaceSize                 = 335544320                                 {product} {ergonomic}
     uint ConcGCThreads                            = 3                                         {product} {ergonomic}
     uint G1ConcRefinementThreads                  = 10                                        {product} {ergonomic}
   size_t G1HeapRegionSize                         = 1048576                                   {product} {ergonomic}
    uintx GCDrainStackTargetSize                   = 64                                        {product} {ergonomic}
     bool HeapDumpOnOutOfMemoryError               = true                                   {manageable} {command line}
   size_t InitialHeapSize                          = 268435456                                 {product} {command line}
   size_t MarkStackSize                            = 4194304                                   {product} {ergonomic}
   size_t MaxHeapSize                              = 536870912                                 {product} {command line}
   size_t MaxMetaspaceSize                         = 402653184                                 {product} {command line}
   size_t MaxNewSize                               = 321912832                                 {product} {ergonomic}
   size_t MinHeapDeltaBytes                        = 1048576                                   {product} {ergonomic}
   size_t MinHeapSize                              = 268435456                                 {product} {command line}
    uintx NonNMethodCodeHeapSize                   = 5839372                                {pd product} {ergonomic}
    uintx NonProfiledCodeHeapSize                  = 122909434                              {pd product} {ergonomic}
    uintx ProfiledCodeHeapSize                     = 122909434                              {pd product} {ergonomic}
    uintx ReservedCodeCacheSize                    = 251658240                              {pd product} {ergonomic}
     bool SegmentedCodeCache                       = true                                      {product} {ergonomic}
   size_t SoftMaxHeapSize                          = 536870912                              {manageable} {ergonomic}
     bool UseCompressedOops                        = true                           {product lp64_product} {ergonomic}
     bool UseG1GC                                  = true                                      {product} {ergonomic}
     bool UseLargePagesIndividualAllocation        = false                                  {pd product} {ergonomic}

Logging:
Log output configuration:
 #0: stdout all=warning uptime,level,tags foldmultilines=false
 #1: stderr all=off uptime,level,tags foldmultilines=false

Release file:
JAVA_VERSION="21.0.10" 
MODULES="java.base java.compiler java.datatransfer java.xml java.prefs java.desktop java.instrument java.logging java.management java.security.sasl java.naming java.rmi java.management.rmi java.net.http java.scripting java.security.jgss java.transaction.xa java.sql java.sql.rowset java.xml.crypto java.se java.smartcardio jdk.accessibility jdk.internal.jvmstat jdk.attach jdk.charsets jdk.internal.opt jdk.zipfs jdk.compiler jdk.crypto.ec jdk.crypto.cryptoki jdk.crypto.mscapi jdk.dynalink jdk.internal.ed jdk.editpad jdk.hotspot.agent jdk.httpserver jdk.internal.le jdk.internal.vm.ci jdk.internal.vm.compiler jdk.internal.vm.compiler.management jdk.jartool jdk.javadoc jdk.jcmd jdk.management jdk.management.agent jdk.jconsole jdk.jdeps jdk.jdwp.agent jdk.jdi jdk.jfr jdk.jshell jdk.jsobject jdk.jstatd jdk.localedata jdk.management.jfr jdk.naming.dns jdk.naming.rmi jdk.net jdk.nio.mapmode jdk.random jdk.sctp jdk.security.auth jdk.security.jgss jdk.unsupported jdk.unsupported.desktop jdk.xml.dom" 

Environment Variables:
JAVA_HOME=C:\Program Files\Eclipse Adoptium\jdk-17.0.18.8-hotspot
PATH=C:\Program Files\Python312\Scripts\;C:\Program Files\Python312\;C:\Windows\System32;C:\Program Files\Git\cmd;C:\Program Files\Eclipse Adoptium\jdk-17.0.18.8-hotspot\bin;C:\Program Files\nodejs\;C:\Users\Nandhitha_R\AppData\Local\Android\Sdk\platform-tools;C:\Users\Nandhitha_R\AppData\Local\Android\Sdk\emulator;C:\Program Files\Eclipse Adoptium\jdk-17.0.18.8-hotspot\bin;C:\Users\Nandhitha_R\AppData\Local\Programs\Python\Python312;C:\Program Files\MongoDB\Server\7.0\bin;C:\Users\Nandhitha_R\AppData\Local\Programs\Python\Launcher\;C:\Users\Nandhitha_R\AppData\Roaming\npm;C:\Users\Nandhitha_R\AppData\Local\Programs\Microsoft VS Code\bin;D:\Program Files\Antigravity\bin
USERNAME=Nandhitha_R
OS=Windows_NT
PROCESSOR_IDENTIFIER=Intel64 Family 6 Model 154 Stepping 4, GenuineIntel
TMP=C:\Users\NANDHI~1\AppData\Local\Temp
TEMP=C:\Users\NANDHI~1\AppData\Local\Temp




Periodic native trim disabled

---------------  S Y S T E M  ---------------

OS:
 Windows 11 , 64 bit Build 26100 (10.0.26100.8328)
OS uptime: 0 days 13:24 hours
Hyper-V role detected

CPU: total 12 (initial active 12) (6 cores per cpu, 2 threads per core) family 6 model 154 stepping 4 microcode 0x43b, cx8, cmov, fxsr, ht, mmx, 3dnowpref, sse, sse2, sse3, ssse3, sse4.1, sse4.2, popcnt, lzcnt, tsc, tscinvbit, avx, avx2, aes, erms, clmul, bmi1, bmi2, adx, sha, fma, vzeroupper, clflush, clflushopt, clwb, hv, serialize, rdtscp, rdpid, fsrm, f16c, cet_ibt, cet_ss
Processor Information for the first 12 processors :
  Max Mhz: 1300, Current Mhz: 1300, Mhz Limit: 1300

Memory: 4k page, system-wide physical 16068M (1098M free)
TotalPageFile size 22350M (AvailPageFile size 35M)
current process WorkingSet (physical memory assigned to process): 427M, peak: 441M
current process commit charge ("private bytes"): 504M, peak: 518M

vm_info: OpenJDK 64-Bit Server VM (21.0.10+7-LTS) for windows-amd64 JRE (21.0.10+7-LTS), built on 2026-01-20T00:00:00Z by "admin" with MS VC++ 17.12 (VS2022)

END.
