#
# There is insufficient memory for the Java Runtime Environment to continue.
# Native memory allocation (mmap) failed to map 65536 bytes. Error detail: Failed to commit metaspace.
# Possible reasons:
#   The system is out of physical RAM or swap space
#   This process is running with CompressedOops enabled, and the Java Heap may be blocking the growth of the native heap
# Possible solutions:
#   Reduce memory load on the system
#   Increase physical memory or swap space
#   Check if swap backing store is full
#   Decrease Java heap size (-Xmx/-Xms)
#   Decrease number of Java threads
#   Decrease Java thread stack sizes (-Xss)
#   Set larger code cache with -XX:ReservedCodeCacheSize=
#   JVM is running with Unscaled Compressed Oops mode in which the Java heap is
#     placed in the first 4GB address space. The Java Heap base address is the
#     maximum limit for the native heap growth. Please use -XX:HeapBaseMinAddress
#     to set the Java Heap base and to place the Java Heap above 4GB virtual address.
# This output file may be truncated or incomplete.
#
#  Out of Memory Error (virtualSpaceNode.cpp:113), pid=9724, tid=7952
#
# JRE version: OpenJDK Runtime Environment Temurin-21.0.10+7 (21.0.10+7) (build 21.0.10+7-LTS)
# Java VM: OpenJDK 64-Bit Server VM Temurin-21.0.10+7 (21.0.10+7-LTS, mixed mode, sharing, tiered, compressed oops, compressed class ptrs, parallel gc, windows-amd64)
# No core dump will be written. Minidumps are not enabled by default on client versions of Windows
#

---------------  S U M M A R Y ------------

Command Line: --add-modules=ALL-SYSTEM --add-opens=java.base/java.util=ALL-UNNAMED --add-opens=java.base/java.lang=ALL-UNNAMED --add-opens=java.base/sun.nio.fs=ALL-UNNAMED -Declipse.application=org.eclipse.jdt.ls.core.id1 -Dosgi.bundles.defaultStartLevel=4 -Declipse.product=org.eclipse.jdt.ls.core.product -Djava.import.generatesMetadataFilesAtProjectRoot=false -DDetectVMInstallationsJob.disabled=true -Dfile.encoding=utf8 -XX:+UseParallelGC -XX:GCTimeRatio=4 -XX:AdaptiveSizePolicyWeight=90 -Dsun.zip.disableMemoryMapping=true -Xmx2G -Xms100m -Xlog:disable -javaagent:c:\Users\Nandhitha_R\.antigravity\extensions\redhat.java-1.54.0-win32-x64\lombok\lombok-1.18.39-4050.jar -XX:+HeapDumpOnOutOfMemoryError -XX:HeapDumpPath=c:\Users\Nandhitha_R\AppData\Roaming\Antigravity\User\workspaceStorage\d1813b88bfc1f25a629c97800f39de93\redhat.java -Daether.dependencyCollector.impl=bf c:\Users\Nandhitha_R\.antigravity\extensions\redhat.java-1.54.0-win32-x64\server\plugins\org.eclipse.equinox.launcher_1.7.100.v20251111-0406.jar -configuration c:\Users\Nandhitha_R\AppData\Roaming\Antigravity\User\globalStorage\redhat.java\1.54.0\config_win -data c:\Users\Nandhitha_R\AppData\Roaming\Antigravity\User\workspaceStorage\d1813b88bfc1f25a629c97800f39de93\redhat.java\jdt_ws --pipe=\\.\pipe\lsp-9badd7af309acca9892dc5f6c9c97ed9-sock

Host: 12th Gen Intel(R) Core(TM) i5-1235U, 12 cores, 15G,  Windows 11 , 64 bit Build 26100 (10.0.26100.8328)
Time: Wed May 20 06:58:27 2026 India Standard Time elapsed time: 81.405062 seconds (0d 0h 1m 21s)

---------------  T H R E A D  ---------------

Current thread (0x000001d3d49fcc40):  JavaThread "Connection worker"        [_thread_in_vm, id=7952, stack(0x000000bd15400000,0x000000bd15500000) (1024K)]

Stack: [0x000000bd15400000,0x000000bd15500000]
Native frames: (J=compiled Java code, j=interpreted, Vv=VM code, C=native code)
V  [jvm.dll+0x6d7a39]
V  [jvm.dll+0x8b4b26]
V  [jvm.dll+0x8b70de]
V  [jvm.dll+0x8b77c3]
V  [jvm.dll+0x284346]
V  [jvm.dll+0x8b086e]
V  [jvm.dll+0x679444]
V  [jvm.dll+0x1e82bb]
V  [jvm.dll+0x1e807e]
V  [jvm.dll+0x67bd42]
V  [jvm.dll+0x67bb72]
V  [jvm.dll+0x679e1e]
V  [jvm.dll+0x26f614]
V  [jvm.dll+0x1490af]
V  [jvm.dll+0x28c7a3]
V  [jvm.dll+0x28daf9]
V  [jvm.dll+0x211fac]
V  [jvm.dll+0x21172d]
V  [jvm.dll+0x5b6479]
V  [jvm.dll+0x82ead6]
V  [jvm.dll+0x478db8]
V  [jvm.dll+0x47ebe8]
C  [java.dll+0x17ec]

Java frames: (J=compiled Java code, j=interpreted, Vv=VM code)
J 1148  java.lang.ClassLoader.defineClass1(Ljava/lang/ClassLoader;Ljava/lang/String;[BIILjava/security/ProtectionDomain;Ljava/lang/String;)Ljava/lang/Class; java.base@21.0.10 (0 bytes) @ 0x000001d387b4d491 [0x000001d387b4d3c0+0x00000000000000d1]
J 8003 c2 java.lang.ClassLoader.defineClass(Ljava/lang/String;[BIILjava/security/ProtectionDomain;)Ljava/lang/Class; java.base@21.0.10 (43 bytes) @ 0x000001d387f63538 [0x000001d387f62f60+0x00000000000005d8]
J 1775 c1 java.security.SecureClassLoader.defineClass(Ljava/lang/String;[BIILjava/security/CodeSource;)Ljava/lang/Class; java.base@21.0.10 (16 bytes) @ 0x000001d38031301c [0x000001d380312f40+0x00000000000000dc]
J 3530 c1 java.net.URLClassLoader.defineClass(Ljava/lang/String;Ljdk/internal/loader/Resource;)Ljava/lang/Class; java.base@21.0.10 (224 bytes) @ 0x000001d3806f4614 [0x000001d3806f3340+0x00000000000012d4]
J 3526 c1 java.net.URLClassLoader$1.run()Ljava/lang/Class; java.base@21.0.10 (81 bytes) @ 0x000001d3806f1c8c [0x000001d3806f1060+0x0000000000000c2c]
J 1655 c1 java.net.URLClassLoader$1.run()Ljava/lang/Object; java.base@21.0.10 (5 bytes) @ 0x000001d3802c7bd4 [0x000001d3802c7b40+0x0000000000000094]
J 1625 c1 java.security.AccessController.doPrivileged(Ljava/security/PrivilegedExceptionAction;Ljava/security/AccessControlContext;)Ljava/lang/Object; java.base@21.0.10 (26 bytes) @ 0x000001d3802bef8c [0x000001d3802beda0+0x00000000000001ec]
J 1653 c1 java.net.URLClassLoader.findClass(Ljava/lang/String;)Ljava/lang/Class; java.base@21.0.10 (47 bytes) @ 0x000001d3802c6e84 [0x000001d3802c6d00+0x0000000000000184]
J 14909 c2 java.lang.ClassLoader.loadClass(Ljava/lang/String;Z)Ljava/lang/Class; java.base@21.0.10 (121 bytes) @ 0x000001d3885a4498 [0x000001d3885a41a0+0x00000000000002f8]
J 6656 c2 java.lang.ClassLoader.loadClass(Ljava/lang/String;)Ljava/lang/Class; java.base@21.0.10 (7 bytes) @ 0x000001d387dd8a6c [0x000001d387dd8a20+0x000000000000004c]
v  ~StubRoutines::call_stub 0x000001d38753100d
J 1148  java.lang.ClassLoader.defineClass1(Ljava/lang/ClassLoader;Ljava/lang/String;[BIILjava/security/ProtectionDomain;Ljava/lang/String;)Ljava/lang/Class; java.base@21.0.10 (0 bytes) @ 0x000001d387b4d491 [0x000001d387b4d3c0+0x00000000000000d1]
J 8003 c2 java.lang.ClassLoader.defineClass(Ljava/lang/String;[BIILjava/security/ProtectionDomain;)Ljava/lang/Class; java.base@21.0.10 (43 bytes) @ 0x000001d387f63538 [0x000001d387f62f60+0x00000000000005d8]
J 1775 c1 java.security.SecureClassLoader.defineClass(Ljava/lang/String;[BIILjava/security/CodeSource;)Ljava/lang/Class; java.base@21.0.10 (16 bytes) @ 0x000001d38031301c [0x000001d380312f40+0x00000000000000dc]
J 3530 c1 java.net.URLClassLoader.defineClass(Ljava/lang/String;Ljdk/internal/loader/Resource;)Ljava/lang/Class; java.base@21.0.10 (224 bytes) @ 0x000001d3806f4614 [0x000001d3806f3340+0x00000000000012d4]
J 3526 c1 java.net.URLClassLoader$1.run()Ljava/lang/Class; java.base@21.0.10 (81 bytes) @ 0x000001d3806f1c8c [0x000001d3806f1060+0x0000000000000c2c]
J 1655 c1 java.net.URLClassLoader$1.run()Ljava/lang/Object; java.base@21.0.10 (5 bytes) @ 0x000001d3802c7bd4 [0x000001d3802c7b40+0x0000000000000094]
J 1625 c1 java.security.AccessController.doPrivileged(Ljava/security/PrivilegedExceptionAction;Ljava/security/AccessControlContext;)Ljava/lang/Object; java.base@21.0.10 (26 bytes) @ 0x000001d3802bef8c [0x000001d3802beda0+0x00000000000001ec]
J 1653 c1 java.net.URLClassLoader.findClass(Ljava/lang/String;)Ljava/lang/Class; java.base@21.0.10 (47 bytes) @ 0x000001d3802c6e84 [0x000001d3802c6d00+0x0000000000000184]
J 14909 c2 java.lang.ClassLoader.loadClass(Ljava/lang/String;Z)Ljava/lang/Class; java.base@21.0.10 (121 bytes) @ 0x000001d3885a4498 [0x000001d3885a41a0+0x00000000000002f8]
J 6656 c2 java.lang.ClassLoader.loadClass(Ljava/lang/String;)Ljava/lang/Class; java.base@21.0.10 (7 bytes) @ 0x000001d387dd8a6c [0x000001d387dd8a20+0x000000000000004c]
v  ~StubRoutines::call_stub 0x000001d38753100d
J 1148  java.lang.ClassLoader.defineClass1(Ljava/lang/ClassLoader;Ljava/lang/String;[BIILjava/security/ProtectionDomain;Ljava/lang/String;)Ljava/lang/Class; java.base@21.0.10 (0 bytes) @ 0x000001d387b4d491 [0x000001d387b4d3c0+0x00000000000000d1]
J 8003 c2 java.lang.ClassLoader.defineClass(Ljava/lang/String;[BIILjava/security/ProtectionDomain;)Ljava/lang/Class; java.base@21.0.10 (43 bytes) @ 0x000001d387f63538 [0x000001d387f62f60+0x00000000000005d8]
J 1775 c1 java.security.SecureClassLoader.defineClass(Ljava/lang/String;[BIILjava/security/CodeSource;)Ljava/lang/Class; java.base@21.0.10 (16 bytes) @ 0x000001d38031301c [0x000001d380312f40+0x00000000000000dc]
J 3530 c1 java.net.URLClassLoader.defineClass(Ljava/lang/String;Ljdk/internal/loader/Resource;)Ljava/lang/Class; java.base@21.0.10 (224 bytes) @ 0x000001d3806f4614 [0x000001d3806f3340+0x00000000000012d4]
J 3526 c1 java.net.URLClassLoader$1.run()Ljava/lang/Class; java.base@21.0.10 (81 bytes) @ 0x000001d3806f1c8c [0x000001d3806f1060+0x0000000000000c2c]
J 1655 c1 java.net.URLClassLoader$1.run()Ljava/lang/Object; java.base@21.0.10 (5 bytes) @ 0x000001d3802c7bd4 [0x000001d3802c7b40+0x0000000000000094]
J 1625 c1 java.security.AccessController.doPrivileged(Ljava/security/PrivilegedExceptionAction;Ljava/security/AccessControlContext;)Ljava/lang/Object; java.base@21.0.10 (26 bytes) @ 0x000001d3802bef8c [0x000001d3802beda0+0x00000000000001ec]
J 1653 c1 java.net.URLClassLoader.findClass(Ljava/lang/String;)Ljava/lang/Class; java.base@21.0.10 (47 bytes) @ 0x000001d3802c6e84 [0x000001d3802c6d00+0x0000000000000184]
J 14909 c2 java.lang.ClassLoader.loadClass(Ljava/lang/String;Z)Ljava/lang/Class; java.base@21.0.10 (121 bytes) @ 0x000001d3885a4498 [0x000001d3885a41a0+0x00000000000002f8]
J 6656 c2 java.lang.ClassLoader.loadClass(Ljava/lang/String;)Ljava/lang/Class; java.base@21.0.10 (7 bytes) @ 0x000001d387dd8a6c [0x000001d387dd8a20+0x000000000000004c]
v  ~StubRoutines::call_stub 0x000001d38753100d
j  org.gradle.api.internal.model.InstantiatorBackedObjectFactory.property(Ljava/lang/Class;)Lorg/gradle/api/provider/Property;+0
j  org.gradle.process.internal.DefaultJavaDebugOptions.<init>(Lorg/gradle/api/model/ObjectFactory;)V+8
j  org.gradle.process.internal.DefaultJavaDebugOptions.<init>()V+11
j  org.gradle.process.internal.JvmOptions.<init>(Lorg/gradle/api/internal/file/FileCollectionFactory;)V+6
j  org.gradle.launcher.daemon.configuration.DaemonJvmOptions.<init>(Lorg/gradle/api/internal/file/FileCollectionFactory;)V+2
j  org.gradle.launcher.daemon.configuration.DaemonParameters.<init>(Lorg/gradle/launcher/configuration/BuildLayoutResult;Lorg/gradle/api/internal/file/FileCollectionFactory;Ljava/util/Map;)V+69
j  org.gradle.launcher.daemon.configuration.DaemonParameters.<init>(Lorg/gradle/launcher/configuration/BuildLayoutResult;Lorg/gradle/api/internal/file/FileCollectionFactory;)V+6
j  org.gradle.tooling.internal.provider.ConnectionScopeServices.createShutdownCoordinator(Lorg/gradle/internal/event/ListenerManager;Lorg/gradle/launcher/daemon/client/DaemonClientFactory;Lorg/gradle/internal/service/ServiceRegistry;Lorg/gradle/api/internal/file/FileCollectionFactory;)Lorg/gradle/tooling/internal/provider/ShutdownCoordinator;+18
j  java.lang.invoke.LambdaForm$DMH+0x000001d390890800.invokeVirtual(Ljava/lang/Object;Ljava/lang/Object;Ljava/lang/Object;Ljava/lang/Object;Ljava/lang/Object;Ljava/lang/Object;)Ljava/lang/Object;+18 java.base@21.0.10
j  java.lang.invoke.LambdaForm$MH+0x000001d3909f9c00.invoke(Ljava/lang/Object;Ljava/lang/Object;Ljava/lang/Object;)Ljava/lang/Object;+143 java.base@21.0.10
J 14855 c2 java.lang.reflect.Method.invoke(Ljava/lang/Object;[Ljava/lang/Object;)Ljava/lang/Object; java.base@21.0.10 (108 bytes) @ 0x000001d388596cb4 [0x000001d388596a60+0x0000000000000254]
j  org.gradle.internal.reflect.JavaMethod.invoke(Ljava/lang/Object;[Ljava/lang/Object;)Ljava/lang/Object;+6
j  org.gradle.internal.service.ReflectionBasedServiceMethod.invoke(Ljava/lang/Object;[Ljava/lang/Object;)Ljava/lang/Object;+6
j  org.gradle.internal.service.DefaultServiceRegistry$FactoryMethodService.invokeMethod([Ljava/lang/Object;)Ljava/lang/Object;+9
j  org.gradle.internal.service.DefaultServiceRegistry$FactoryService.createServiceInstance()Ljava/lang/Object;+7
j  org.gradle.internal.service.DefaultServiceRegistry$ManagedObjectServiceProvider.getInstance()Ljava/lang/Object;+24
j  org.gradle.internal.service.DefaultServiceRegistry$SingletonService.get()Ljava/lang/Object;+1
j  org.gradle.internal.service.DefaultServiceRegistry$FactoryService.assembleParameters()[Ljava/lang/Object;+44
j  org.gradle.internal.service.DefaultServiceRegistry$FactoryService.createServiceInstance()Ljava/lang/Object;+1
j  org.gradle.internal.service.DefaultServiceRegistry$ManagedObjectServiceProvider.getInstance()Ljava/lang/Object;+24
j  org.gradle.internal.service.DefaultServiceRegistry$SingletonService.get()Ljava/lang/Object;+1
j  org.gradle.internal.service.DefaultServiceRegistry.find(Ljava/lang/reflect/Type;)Ljava/lang/Object;+22
j  org.gradle.internal.service.DefaultServiceRegistry.get(Ljava/lang/reflect/Type;)Ljava/lang/Object;+2
j  org.gradle.internal.service.DefaultServiceRegistry.get(Ljava/lang/Class;)Ljava/lang/Object;+3
j  org.gradle.tooling.internal.provider.DefaultConnection.initializeServices(Ljava/io/File;)V+75
j  org.gradle.tooling.internal.provider.DefaultConnection.configure(Lorg/gradle/tooling/internal/protocol/ConnectionParameters;)V+46
j  org.gradle.tooling.internal.consumer.connection.AbstractPost12ConsumerConnection.configure(Lorg/gradle/tooling/internal/consumer/ConnectionParameters;)V+5
j  org.gradle.tooling.internal.consumer.loader.DefaultToolingImplementationLoader.createConnection(Lorg/gradle/tooling/internal/consumer/connection/AbstractConsumerConnection;Lorg/gradle/tooling/internal/consumer/ConnectionParameters;)Lorg/gradle/tooling/internal/consumer/connection/ConsumerConnection;+2
j  org.gradle.tooling.internal.consumer.loader.DefaultToolingImplementationLoader.create(Lorg/gradle/tooling/internal/consumer/Distribution;Lorg/gradle/internal/logging/progress/ProgressLoggerFactory;Lorg/gradle/tooling/internal/protocol/InternalBuildProgressListener;Lorg/gradle/tooling/internal/consumer/ConnectionParameters;Lorg/gradle/initialization/BuildCancellationToken;)Lorg/gradle/tooling/internal/consumer/connection/ConsumerConnection;+133
j  org.gradle.tooling.internal.consumer.loader.CachingToolingImplementationLoader$ConsumerConnectionCreator.call()Lorg/gradle/tooling/internal/consumer/connection/ConsumerConnection;+27
j  org.gradle.tooling.internal.consumer.loader.CachingToolingImplementationLoader$ConsumerConnectionCreator.call()Ljava/lang/Object;+1
j  org.gradle.internal.impldep.com.google.common.cache.LocalCache$LocalManualCache$1.load(Ljava/lang/Object;)Ljava/lang/Object;+4
j  org.gradle.internal.impldep.com.google.common.cache.LocalCache$LoadingValueReference.loadFuture(Ljava/lang/Object;Lorg/gradle/internal/impldep/com/google/common/cache/CacheLoader;)Lorg/gradle/internal/impldep/com/google/common/util/concurrent/ListenableFuture;+24
j  org.gradle.internal.impldep.com.google.common.cache.LocalCache$Segment.loadSync(Ljava/lang/Object;ILorg/gradle/internal/impldep/com/google/common/cache/LocalCache$LoadingValueReference;Lorg/gradle/internal/impldep/com/google/common/cache/CacheLoader;)Ljava/lang/Object;+4
j  org.gradle.internal.impldep.com.google.common.cache.LocalCache$Segment.lockedGetOrLoad(Ljava/lang/Object;ILorg/gradle/internal/impldep/com/google/common/cache/CacheLoader;)Ljava/lang/Object;+393
j  org.gradle.internal.impldep.com.google.common.cache.LocalCache$Segment.get(Ljava/lang/Object;ILorg/gradle/internal/impldep/com/google/common/cache/CacheLoader;)Ljava/lang/Object;+138
j  org.gradle.internal.impldep.com.google.common.cache.LocalCache.get(Ljava/lang/Object;Lorg/gradle/internal/impldep/com/google/common/cache/CacheLoader;)Ljava/lang/Object;+17
j  org.gradle.internal.impldep.com.google.common.cache.LocalCache$LocalManualCache.get(Ljava/lang/Object;Ljava/util/concurrent/Callable;)Ljava/lang/Object;+19
j  org.gradle.tooling.internal.consumer.loader.CachingToolingImplementationLoader.create(Lorg/gradle/tooling/internal/consumer/Distribution;Lorg/gradle/internal/logging/progress/ProgressLoggerFactory;Lorg/gradle/tooling/internal/protocol/InternalBuildProgressListener;Lorg/gradle/tooling/internal/consumer/ConnectionParameters;Lorg/gradle/initialization/BuildCancellationToken;)Lorg/gradle/tooling/internal/consumer/connection/ConsumerConnection;+35
j  org.gradle.tooling.internal.consumer.loader.SynchronizedToolingImplementationLoader.create(Lorg/gradle/tooling/internal/consumer/Distribution;Lorg/gradle/internal/logging/progress/ProgressLoggerFactory;Lorg/gradle/tooling/internal/protocol/InternalBuildProgressListener;Lorg/gradle/tooling/internal/consumer/ConnectionParameters;Lorg/gradle/initialization/BuildCancellationToken;)Lorg/gradle/tooling/internal/consumer/connection/ConsumerConnection;+23
j  org.gradle.tooling.internal.consumer.connection.LazyConsumerActionExecutor.onStartAction(Lorg/gradle/initialization/BuildCancellationToken;Lorg/gradle/tooling/internal/protocol/InternalBuildProgressListener;)Lorg/gradle/tooling/internal/consumer/connection/ConsumerConnection;+72
j  org.gradle.tooling.internal.consumer.connection.LazyConsumerActionExecutor.run(Lorg/gradle/tooling/internal/consumer/connection/ConsumerAction;)Ljava/lang/Object;+26
j  org.gradle.tooling.internal.consumer.connection.CancellableConsumerActionExecutor.run(Lorg/gradle/tooling/internal/consumer/connection/ConsumerAction;)Ljava/lang/Object;+34
j  org.gradle.tooling.internal.consumer.connection.ProgressLoggingConsumerActionExecutor.run(Lorg/gradle/tooling/internal/consumer/connection/ConsumerAction;)Ljava/lang/Object;+78
j  org.gradle.tooling.internal.consumer.connection.RethrowingErrorsConsumerActionExecutor.run(Lorg/gradle/tooling/internal/consumer/connection/ConsumerAction;)Ljava/lang/Object;+5
j  org.gradle.tooling.internal.consumer.async.DefaultAsyncConsumerActionExecutor$1$1.run()V+17
j  org.gradle.internal.concurrent.ExecutorPolicy$CatchAndRecordFailures.onExecute(Ljava/lang/Runnable;)V+1
j  org.gradle.internal.concurrent.AbstractManagedExecutor$1.run()V+25
j  java.util.concurrent.ThreadPoolExecutor.runWorker(Ljava/util/concurrent/ThreadPoolExecutor$Worker;)V+92 java.base@21.0.10
j  java.util.concurrent.ThreadPoolExecutor$Worker.run()V+5 java.base@21.0.10
j  java.lang.Thread.runWith(Ljava/lang/Object;Ljava/lang/Runnable;)V+5 java.base@21.0.10
j  java.lang.Thread.run()V+19 java.base@21.0.10
v  ~StubRoutines::call_stub 0x000001d38753100d

Compiled method (n/a) 81463 1148     n 0       java.lang.ClassLoader::defineClass1 (native)
 total in heap  [0x000001d387b4d210,0x000001d387b4d698] = 1160
 relocation     [0x000001d387b4d370,0x000001d387b4d3a8] = 56
 main code      [0x000001d387b4d3c0,0x000001d387b4d696] = 726
 stub code      [0x000001d387b4d696,0x000001d387b4d698] = 2

[Constant Pool (empty)]

[MachCode]
[Entry Point]
  # {method} {0x000001d38f434f58} 'defineClass1' '(Ljava/lang/ClassLoader;Ljava/lang/String;[BIILjava/security/ProtectionDomain;Ljava/lang/String;)Ljava/lang/Class;' in 'java/lang/ClassLoader'
  # parm0:    rdx:rdx   = 'java/lang/ClassLoader'
  # parm1:    r8:r8     = 'java/lang/String'
  # parm2:    r9:r9     = '[B'
  # parm3:    rdi       = int
  # parm4:    rsi       = int
  # parm5:    rcx:rcx   = 'java/security/ProtectionDomain'
  # parm6:    [sp+0xa0]   = 'java/lang/String'  (sp of caller)
  0x000001d387b4d3c0: 448b 5208 | 49bb 0000 | 008f d301 | 0000 4d03 | d349 3bc2 | 0f84 0600 

  0x000001d387b4d3d8: ;   {runtime_call ic_miss_stub}
  0x000001d387b4d3d8: 0000 e9a1 | 10a3 ff90 
[Verified Entry Point]
  0x000001d387b4d3e0: 8984 2400 | 80ff ff55 | 488b ec48 | 81ec 9000 | 0000 6690 | 4181 7f20 | 0400 0000 

  0x000001d387b4d3fc: ;   {runtime_call StubRoutines (final stubs)}
  0x000001d387b4d3fc: 7405 e8dd | b5a1 ff48 | 837d 1000 | 488d 4510 | 480f 4445 | 1048 8944 | 2440 4889 | 4c24 7048 
  0x000001d387b4d41c: 83f9 0048 | 8d44 2470 | 480f 4444 | 2470 4889 | 4424 3848 | 8974 2430 | 4889 7c24 | 284c 894c 
  0x000001d387b4d43c: 2458 4983 | f900 488d | 4424 5848 | 0f44 4424 | 5848 8944 | 2420 4c89 | 4424 5049 | 83f8 004c 
  0x000001d387b4d45c: 8d4c 2450 | 4c0f 444c | 2450 4889 | 5424 4848 | 83fa 004c | 8d44 2448 | 4c0f 4444 

  0x000001d387b4d478: ;   {oop(a 'java/lang/Class'{0x00000000800008d8} = 'java/lang/ClassLoader')}
  0x000001d387b4d478: 2448 49be | d808 0080 | 0000 0000 | 4c89 7424 | 784c 8d74 | 2478 498b | d6c5 f877 

  0x000001d387b4d494: ;   {internal_word}
  0x000001d387b4d494: 49ba 91d4 | b487 d301 | 0000 4d89 | 97a8 0300 | 0049 89a7 | a003 0000 

  0x000001d387b4d4ac: ;   {external_word}
  0x000001d387b4d4ac: 49ba c65c | 8cfa fd7f | 0000 4180 | 3a00 0f84 | 4e00 0000 | 5241 5041 

  0x000001d387b4d4c4: ;   {metadata({method} {0x000001d38f434f58} 'defineClass1' '(Ljava/lang/ClassLoader;Ljava/lang/String;[BIILjava/security/ProtectionDomain;Ljava/lang/String;)Ljava/lang/Class;' in 'java/lang/ClassLoader')}
  0x000001d387b4d4c4: 5148 ba50 | 4f43 8fd3 | 0100 0049 | 8bcf 4883 | ec20 40f6 | c40f 0f84 | 1900 0000 | 4883 ec08 
  0x000001d387b4d4e4: ;   {runtime_call}
  0x000001d387b4d4e4: 48b8 50e1 | 35fa fd7f | 0000 ffd0 | 4883 c408 | e90c 0000 

  0x000001d387b4d4f8: ;   {runtime_call}
  0x000001d387b4d4f8: 0048 b850 | e135 fafd | 7f00 00ff | d048 83c4 | 2041 5941 | 585a 498d | 8fc0 0300 | 0041 c787 
  0x000001d387b4d518: 4c04 0000 | 0400 0000 

  0x000001d387b4d520: ;   {runtime_call}
  0x000001d387b4d520: 48b8 ac16 | 9715 fe7f | 0000 ffd0 | c5f8 7741 | c787 4c04 | 0000 0500 | 0000 f083 | 4424 c000 
  0x000001d387b4d540: 493b af50 | 0400 000f | 870e 0000 | 0041 83bf | 4804 0000 | 000f 842b | 0000 00c5 | f877 4889 
  0x000001d387b4d560: 45f8 498b | cf4c 8be4 | 4883 ec20 | 4883 e4f0 

  0x000001d387b4d570: ;   {runtime_call}
  0x000001d387b4d570: 48b8 d052 | 01fa fd7f | 0000 ffd0 | 498b e44d | 33e4 488b | 45f8 41c7 | 874c 0400 | 0008 0000 
  0x000001d387b4d590: 0041 83bf | c804 0000 | 020f 84ca 

  0x000001d387b4d59c: ;   {external_word}
  0x000001d387b4d59c: 0000 0049 | bac6 5c8c | fafd 7f00 | 0041 803a | 000f 844c | 0000 0048 

  0x000001d387b4d5b4: ;   {metadata({method} {0x000001d38f434f58} 'defineClass1' '(Ljava/lang/ClassLoader;Ljava/lang/String;[BIILjava/security/ProtectionDomain;Ljava/lang/String;)Ljava/lang/Class;' in 'java/lang/ClassLoader')}
  0x000001d387b4d5b4: 8945 f848 | ba50 4f43 | 8fd3 0100 | 0049 8bcf | 4883 ec20 | 40f6 c40f | 0f84 1900 | 0000 4883 
  0x000001d387b4d5d4: ;   {runtime_call}
  0x000001d387b4d5d4: ec08 48b8 | 50e1 35fa | fd7f 0000 | ffd0 4883 | c408 e90c 

  0x000001d387b4d5e8: ;   {runtime_call}
  0x000001d387b4d5e8: 0000 0048 | b850 e135 | fafd 7f00 | 00ff d048 | 83c4 2048 | 8b45 f849 | c787 a003 | 0000 0000 
  0x000001d387b4d608: 0000 49c7 | 87a8 0300 | 0000 0000 | 00c5 f877 | 4885 c00f | 8425 0000 | 00a8 030f | 8508 0000 
  0x000001d387b4d628: 0048 8b00 | e915 0000 | 00a8 010f | 8509 0000 | 0048 8b40 | fee9 0400 | 0000 488b | 40ff 498b 
  0x000001d387b4d648: 8f30 0400 | 00c7 8100 | 0100 0000 | 0000 00c9 | 4983 7f08 | 000f 8501 | 0000 00c3 

  0x000001d387b4d664: ;   {runtime_call StubRoutines (initial stubs)}
  0x000001d387b4d664: e997 389e | ffc5 f877 | 4889 45f8 | 4c8b e448 | 83ec 2048 

  0x000001d387b4d678: ;   {runtime_call}
  0x000001d387b4d678: 83e4 f048 | b8a0 1836 | fafd 7f00 | 00ff d049 | 8be4 4d33 | e448 8b45 | f8e9 09ff | ffff f4f4 
[/MachCode]


Compiled method (c2) 81487 8003       4       java.lang.ClassLoader::defineClass (43 bytes)
 total in heap  [0x000001d387f62a10,0x000001d387f68ae0] = 24784
 relocation     [0x000001d387f62b70,0x000001d387f62f58] = 1000
 main code      [0x000001d387f62f60,0x000001d387f66470] = 13584
 stub code      [0x000001d387f66470,0x000001d387f66600] = 400
 oops           [0x000001d387f66600,0x000001d387f66618] = 24
 metadata       [0x000001d387f66618,0x000001d387f668c8] = 688
 scopes data    [0x000001d387f668c8,0x000001d387f67c80] = 5048
 scopes pcs     [0x000001d387f67c80,0x000001d387f68500] = 2176
 dependencies   [0x000001d387f68500,0x000001d387f685b0] = 176
 handler table  [0x000001d387f685b0,0x000001d387f689e8] = 1080
 nul chk table  [0x000001d387f689e8,0x000001d387f68ae0] = 248

[Constant Pool (empty)]

[MachCode]
[Entry Point]
  # {method} {0x000001d38f4352d8} 'defineClass' '(Ljava/lang/String;[BIILjava/security/ProtectionDomain;)Ljava/lang/Class;' in 'java/lang/ClassLoader'
  # this:     rdx:rdx   = 'java/lang/ClassLoader'
  # parm0:    r8:r8     = 'java/lang/String'
  # parm1:    r9:r9     = '[B'
  # parm2:    rdi       = int
  # parm3:    rsi       = int
  # parm4:    rcx:rcx   = 'java/security/ProtectionDomain'
  #           [sp+0xc0]  (sp of caller)
  0x000001d387f62f60: 448b 5208 | 49bb 0000 | 008f d301 | 0000 4d03 | d349 3bc2 

  0x000001d387f62f74: ;   {runtime_call ic_miss_stub}
  0x000001d387f62f74: 0f85 06b5 | 61ff 6690 | 0f1f 4000 
[Verified Entry Point]
  0x000001d387f62f80: 8984 2400 | 80ff ff55 | 4881 ecb0 | 0000 0090 | 4181 7f20 | 0400 0000 | 0f85 c434 | 0000 4889 
  0x000001d387f62fa0: 4c24 2089 | 7424 3c89 | 7c24 384c | 894c 2430 | 4889 5424 | 284c 8944 | 2440 4d85 | c00f 84a5 
  0x000001d387f62fc0: 1400 0041 | 8b68 1444 | 8b55 0c45 | 85d2 0f86 | f822 0000 | 450f be40 | 1045 85c0 | 0f85 f81c 
  0x000001d387f62fe0: 0000 c442 | 3af7 da45 | 3bda 450f | 4fda 4585 | db0f 8e94 | 1400 0045 | 3bd3 0f82 | 2423 0000 
  0x000001d387f63000: 4c8b d548 | 8d7d 1041 | 8bd3 b82f | 0000 0048 | 8bdf 83fa | 100f 8c79 | 0000 0083 | fa20 0f8c 
  0x000001d387f63020: 3600 0000 | c5f9 6ed0 | c4e2 7d78 | d2c5 fdef | c08b ca83 | e1e0 83e2 | 1fc5 fe6f | 0bc5 f574 
  0x000001d387f63040: cac4 e27d | 17c1 0f83 | 6900 0000 | 4883 c320 | 83e9 2075 | e4e9 0d00 | 0000 c5f9 | 6ed0 c5f9 
  0x000001d387f63060: efc0 c4e2 | 6900 d083 | fa10 0f8c | 2400 0000 

  0x000001d387f63070: ;   {no_reloc}
  0x000001d387f63070: 8bca 83e1 | f083 e20f | c5fa 6f0b | c5f1 74ca | c4e2 7917 | c10f 832a | 0000 0048 | 83c3 1083 
  0x000001d387f63090: e910 75e4 | 85d2 0f84 | 1200 0000 | 0fb6 0b3b | c174 1c48 | 83c3 0183 | ea01 7402 | ebee bbff 
  0x000001d387f630b0: ffff ffeb | 0dc5 fdd7 | c90f bcc1 | 4803 d848 | 2bdf 83fb | ff0f 858d | 2200 004c | 8b54 2440 
  0x000001d387f630d0: 458b 5a14 | 4180 7a10 | 000f 85c5 | 1300 0041 | 8b6b 0c85 | ed0f 86fd | 2100 0045 | 0fb6 5310 
  0x000001d387f630f0: 4183 fa5b | 0f84 5623 | 0000 4c8b | 5424 4041 | 8b6a 1444 | 8b55 0c4c | 8b5c 2440 | 450f be43 
  0x000001d387f63110: 10c4 423a | f7da 4183 | c3fb 4585 | db7c 6245 | 85c0 0f85 | e914 0000 | 4183 fa04 | 0f86 0e22 
  0x000001d387f63130: 0000 807d | 106a 7549 | 807d 1161 | 7543 807d | 1276 753d | 807d 1361 | 7537 440f | be5d 1441 
  0x000001d387f63150: 83fb 2e75 

  0x000001d387f63154: ;   {oop(a 'jdk/internal/loader/ClassLoaders$PlatformClassLoader'{0x00000000800033c8})}
  0x000001d387f63154: 2c49 bac8 | 3300 8000 | 0000 004c | 8b5c 2428 | 4d3b da0f | 852b 2a00 | 004c 8b54 

  0x000001d387f63170: ;   {oop(a 'jdk/internal/loader/ClassLoaders$PlatformClassLoader'{0x00000000800033c8})}
  0x000001d387f63170: 2440 48be | c833 0080 | 0000 0000 | 4d8b eaeb | 0a48 8b74 | 2428 4c8b | 6c24 404c | 8b54 2420 
  0x000001d387f63190: 4d85 d20f | 8463 1200 | 004c 8954 | 2448 4d85 | ed0f 8475 | 1200 004c | 8b54 2448 

  0x000001d387f631ac: ; implicit exception: dispatches to 0x000001d387f65f00
  0x000001d387f631ac: 458b 5a10 | 4489 5c24 | 5045 8b45 | 1441 8b50 | 0c45 0fbe | 4d10 c462 | 32f7 da41 | 8d6b ff45 
  0x000001d387f631cc: 85c9 0f85 | e821 0000 | 448d 52ff | 443b d544 | 0f4f d549 | 8be8 4585 | d20f 8c90 | 1200 0033 
  0x000001d387f631ec: c989 8c24 | 9000 0000 | 0f1f 8400 | 0000 0000 | 6666 6690 | 443b d20f | 835f 1d00 | 0043 807c 
  0x000001d387f6320c: 1010 2e74 | 184d 8b8f | 5804 0000 

  0x000001d387f63218: ; ImmutableOopMap {r8=NarrowOop rsi=Oop rbp=Oop r13=Oop [40]=Oop [48]=Oop [64]=Oop [72]=Oop [80]=NarrowOop }
                      ;*goto {reexecute=1 rethrow=0 return_oop=0}
                      ; - (reexecute) java.lang.StringLatin1::lastIndexOf@35
                      ; - java.lang.String::lastIndexOf@13
                      ; - java.lang.String::lastIndexOf@8
                      ; - java.lang.ClassLoader::checkCerts@3
                      ; - java.lang.ClassLoader::preDefineClass@113
                      ; - java.lang.ClassLoader::defineClass@4
                      ;   {poll}
  0x000001d387f63218: 41ff ca41 | 8501 4585 | d27d dd41 | baff ffff | ff41 83fa | ff0f 843d | 2200 0045 | 85d2 0f8c 
  0x000001d387f63238: cc21 0000 | 453b d30f | 8f6b 2200 | 0045 3bd3 | 0f84 c611 | 0000 4585 | d20f 843e | 1200 0049 
  0x000001d387f63258: 8b9f b801 | 0000 4c8b | db49 83c3 | 184d 3b9f | c801 0000 | 0f83 0c17 | 0000 4d89 | 9fb8 0100 
  0x000001d387f63278: 0041 0f0d | 8bc0 0000 | 0048 c703 | 0100 0000 

  0x000001d387f63288: ;   {metadata('java/lang/String')}
  0x000001d387f63288: c743 0878 | e800 0044 | 8963 0c4c | 8963 104d | 8d58 1044 | 3bd2 0f84 | de00 0000 | 4181 fa00 
  0x000001d387f632a8: 0010 000f | 87b3 2200 | 0048 89ac | 2498 0000 | 004d 63ca | 413b d28b | ea41 0f4f | ea3b d50f 
  0x000001d387f632c8: 8213 2300 | 0044 3bd5 | 0f82 0a23 | 0000 4983 | c117 4d8b | c149 83e0 | f841 81fa | 0000 1000 
  0x000001d387f632e8: 0f87 aa1b | 0000 4d8b | b7b8 0100 | 0049 8bce | 4903 c849 | 3b8f c801 | 0000 0f83 | 901b 0000 
  0x000001d387f63308: 4989 8fb8 | 0100 000f | 0d89 c000 | 0000 49c7 | 0601 0000 | 000f 0d89 | 0001 0000 

  0x000001d387f63324: ;   {metadata({type array byte})}
  0x000001d387f63324: 41c7 4608 | 1823 0000 | 4589 560c | 0f0d 8940 | 0100 000f | 0d89 8001 | 0000 498b | d648 83c2 
  0x000001d387f63344: 1049 c1e9 | 0385 ed0f | 8423 2200 | 0041 3bea | 0f8c 6e11 | 0000 4983 | c0f0 49c1 | e803 498b 
  0x000001d387f63364: cbc5 f877 | 49ba 6074 | 5687 d301 | 0000 41ff 

  0x000001d387f63374: ;   {other}
  0x000001d387f63374: d20f 1f84 | 0000 0000 | 00e9 9400 | 0000 4c63 | d281 fa00 | 0010 000f | 87b4 1900 | 004d 8bb7 
  0x000001d387f63394: b801 0000 | 4d8d 4a17 | 4983 e1f8 | 498b ce49 | 03c9 493b | 8fc8 0100 | 000f 8392 | 1900 0049 
  0x000001d387f633b4: 898f b801 | 0000 0f0d | 89c0 0000 | 0049 c706 | 0100 0000 | 0f0d 8900 

  0x000001d387f633cc: ;   {metadata({type array byte})}
  0x000001d387f633cc: 0100 0041 | c746 0818 | 2300 0041 | 8956 0c0f | 0d89 4001 | 0000 0f0d | 8980 0100 | 0049 8bd6 
  0x000001d387f633ec: 4883 c210 | 4983 c207 | 49c1 ea03 | 498b cb4d | 8bc2 c5f8 | 7749 ba60 | 7456 87d3 | 0100 0041 
  0x000001d387f6340c: ;   {other}
  0x000001d387f6340c: ffd2 0f1f | 8400 0000 | 0000 4488 | 6310 4d8b | de44 895b | 144c 8bd3 | 49c1 ea09 | 49bb 0000 
  0x000001d387f6342c: a1f6 d301 | 0000 4788 | 2413 448b | 5c24 5045 | 8b53 1445 | 85d2 0f85 | 3408 0000 | 458b 5b10 
  0x000001d387f6344c: 4585 db0f | 850c 1200 

  0x000001d387f63454: ;   {oop(a 'java/security/cert/Certificate'[0] {0x00000000800045b0})}
  0x000001d387f63454: 0048 bfb0 | 4500 8000 | 0000 0044 | 8b5e 2c45 | 85db 0f84 | 981e 0000 | 4889 7c24 | 504c 896c 
  0x000001d387f63474: 2420 488b | ee49 8bd3 | 4c8b c34c | 8bcf bf01 | 0000 0090 

  0x000001d387f63488: ;   {optimized virtual_call}
  0x000001d387f63488: c5f8 77e8 

  0x000001d387f6348c: ; ImmutableOopMap {rbp=Oop [32]=Oop [40]=Oop [48]=Oop [64]=Oop [72]=Oop [80]=Oop }
                      ;*invokevirtual putVal {reexecute=0 rethrow=0 return_oop=1}
                      ; - java.util.concurrent.ConcurrentHashMap::putIfAbsent@4
                      ; - java.lang.ClassLoader::checkCerts@62
                      ; - java.lang.ClassLoader::preDefineClass@113
                      ; - java.lang.ClassLoader::defineClass@4
  0x000001d387f6348c: 3035 5700 

  0x000001d387f63490: ;   {other}
  0x000001d387f63490: 0f1f 8400 | 800a 0001 | 4c8b d048 | 85c0 7430 | 448b 4008 

  0x000001d387f634a4: ;   {metadata('java/security/cert/Certificate'[])}
  0x000001d387f634a4: 4181 f820 | 2910 000f | 85f3 2700 | 004c 8b74 | 2450 458b | 5e0c 458b | 420c 4585 | db0f 874e 
  0x000001d387f634c4: 0900 0045 | 85c0 0f87 | 6020 0000 | 4c8b 5424 | 4845 8b5a | 1041 8b6b | 0c85 ed0f | 8428 0f00 
  0x000001d387f634e4: 0044 8b5d | 3845 8b53 | 0849 8bd3 

  0x000001d387f634f0: ;   {metadata('sun/net/www/protocol/file/Handler')}
  0x000001d387f634f0: 4c8b c541 | 81fa f831 | 2100 0f85 | e508 0000 

  0x000001d387f63500: ;   {optimized virtual_call}
  0x000001d387f63500: c5f8 77e8 

  0x000001d387f63504: ; ImmutableOopMap {[40]=Oop [48]=Oop [64]=Oop [72]=Oop }
                      ;*invokevirtual toExternalForm {reexecute=0 rethrow=0 return_oop=1}
                      ; - java.net.URL::toExternalForm@5
                      ; - java.net.URL::toString@1
                      ; - java.lang.ClassLoader::defineClassSourceLocation@22
                      ; - java.lang.ClassLoader::defineClass@12
  0x000001d387f63504: 38f5 f8ff 

  0x000001d387f63508: ;   {other}
  0x000001d387f63508: 0f1f 8400 | f80a 0002 | 488b 5424 | 284c 8b44 | 2440 4c8b | 4c24 308b | 7c24 388b | 7424 3c48 
  0x000001d387f63528: 8b4c 2448 | 4889 0424 

  0x000001d387f63530: ;   {static_call}
  0x000001d387f63530: c5f8 77e8 

  0x000001d387f63534: ; ImmutableOopMap {[40]=Oop [72]=Oop }
                      ;*invokestatic defineClass1 {reexecute=0 rethrow=0 return_oop=1}
                      ; - java.lang.ClassLoader::defineClass@27
  0x000001d387f63534: a89e beff 

  0x000001d387f63538: ;   {other}
  0x000001d387f63538: 0f1f 8400 | 280b 0003 | 4889 4424 | 2044 8b58 | 3c45 85db | 0f85 ce02 | 0000 4c8b | 5010 458b 
  0x000001d387f63558: 4208 4585 | c00f 8c81 | 1f00 0044 | 8b58 2c45 | 85db 0f84 | bc0e 0000 | 498b cb44 | 8b49 1445 
  0x000001d387f63578: 8b41 0c0f | be59 10c4 | c262 f7e8 | 448d 55ff | 85db 0f85 | 9c20 0000 | 4d8b d94c | 899c 2498 
  0x000001d387f63598: 0000 0045 | 8d58 ff45 | 3bda 450f | 4fda 4585 | db7c 2c0f | 1f44 0000 | 453b d80f | 8340 1c00 
  0x000001d387f635b8: 0043 807c | 1910 2e74 | 1c49 8b9f | 5804 0000 | 41ff cb4c 

  0x000001d387f635cc: ; ImmutableOopMap {r10=Oop r9=NarrowOop rcx=Oop [32]=Oop [40]=Oop [72]=Oop [152]=Oop }
                      ;*goto {reexecute=1 rethrow=0 return_oop=0}
                      ; - (reexecute) java.lang.StringLatin1::lastIndexOf@35
                      ; - java.lang.String::lastIndexOf@13
                      ; - java.lang.String::lastIndexOf@8
                      ; - java.lang.Class::getPackageName@47
                      ; - java.lang.ClassLoader::postDefineClass@2
                      ; - java.lang.ClassLoader::defineClass@37
  0x000001d387f635cc: 8b54 2420 

  0x000001d387f635d0: ;   {poll}
  0x000001d387f635d0: 8503 4585 | db7d d941 | bbff ffff | ff41 83fb | ff0f 84b9 | 2000 0045 | 85db 0f8c | 8020 0000 
  0x000001d387f635f0: 443b dd0f | 8fd3 2000 | 0044 3bdd | 0f84 710e | 0000 4585 | db0f 8458 | 0f00 0049 | 8b9f b801 
  0x000001d387f63610: 0000 4c8b | d349 83c2 | 184d 3b97 | c801 0000 | 0f83 ff17 | 0000 4d89 | 97b8 0100 | 0041 0f0d 
  0x000001d387f63630: 8ac0 0000 | 0048 c703 | 0100 0000 

  0x000001d387f6363c: ;   {metadata('java/lang/String')}
  0x000001d387f6363c: c743 0878 | e800 0044 | 8963 0c4c | 8963 104d | 8d51 1045 | 3bd8 0f84 | de00 0000 | 4181 fb00 
  0x000001d387f6365c: 0010 000f | 8797 2000 | 0049 63cb | 453b c341 | 8be8 410f | 4feb 443b | c50f 82f2 | 2000 0044 
  0x000001d387f6367c: 3bdd 0f82 | e920 0000 | 4883 c117 | 4c8b c949 | 83e1 f841 | 81fb 0000 | 1000 0f87 | 1c1a 0000 
  0x000001d387f6369c: 498b b7b8 | 0100 004c | 8bc6 4d03 | c14d 3b87 | c801 0000 | 0f83 021a | 0000 4d89 | 87b8 0100 
  0x000001d387f636bc: 0041 0f0d | 88c0 0000 | 0048 c706 | 0100 0000 | 410f 0d88 | 0001 0000 

  0x000001d387f636d4: ;   {metadata({type array byte})}
  0x000001d387f636d4: c746 0818 | 2300 0044 | 895e 0c41 | 0f0d 8840 | 0100 0041 | 0f0d 8880 | 0100 0048 | 8bd6 4883 
  0x000001d387f636f4: c210 48c1 | e903 85ed | 0f84 0220 | 0000 413b | eb0f 8c6e | 0e00 0049 | 83c1 f049 | c1e9 0349 
  0x000001d387f63714: 8bca 4d8b | c1c5 f877 | 49ba 6074 | 5687 d301 | 0000 41ff 

  0x000001d387f63728: ;   {other}
  0x000001d387f63728: d20f 1f84 | 0000 0000 | 00e9 9400 | 0000 4963 | f841 81f8 | 0000 1000 | 0f87 f918 | 0000 498b 
  0x000001d387f63748: b7b8 0100 | 004c 8d5f | 1749 83e3 | f848 8bce | 4903 cb49 | 3b8f c801 | 0000 0f83 | d718 0000 
  0x000001d387f63768: 4989 8fb8 | 0100 000f | 0d89 c000 | 0000 48c7 | 0601 0000 | 000f 0d89 | 0001 0000 

  0x000001d387f63784: ;   {metadata({type array byte})}
  0x000001d387f63784: c746 0818 | 2300 0044 | 8946 0c0f | 0d89 4001 | 0000 0f0d | 8980 0100 | 0048 8bd6 | 4883 c210 
  0x000001d387f637a4: 4883 c707 | 48c1 ef03 | 498b ca4c | 8bc7 c5f8 | 7749 ba60 | 7456 87d3 | 0100 0041 

  0x000001d387f637c0: ;   {other}
  0x000001d387f637c0: ffd2 0f1f | 8400 0000 | 0000 4488 | 6310 4c8b | d644 8953 | 144c 8bd3 | 49c1 ea09 | 49bb 0000 
  0x000001d387f637e0: a1f6 d301 | 0000 4788 | 2413 488b | d366 6690 

  0x000001d387f637f0: ;   {optimized virtual_call}
  0x000001d387f637f0: c5f8 77e8 

  0x000001d387f637f4: ; ImmutableOopMap {[32]=Oop [40]=Oop [72]=Oop }
                      ;*invokevirtual intern {reexecute=0 rethrow=0 return_oop=1}
                      ; - java.lang.Class::getPackageName@65
                      ; - java.lang.ClassLoader::postDefineClass@2
                      ; - java.lang.ClassLoader::defineClass@37
  0x000001d387f637f4: c8c0 b8ff 

  0x000001d387f637f8: ;   {other}
  0x000001d387f637f8: 0f1f 8400 | e80d 0005 | 4c8b d84c | 8b54 2420 | 4589 5a3c | 49c1 ea09 | 49bb 0000 | a1f6 d301 
  0x000001d387f63818: 0000 4788 | 2413 eb03 | 498b c34c | 8b54 2428 | 458b 5a38 | 4585 db0f | 847c 1a00 | 004c 8bc8 
  0x000001d387f63838: ; implicit exception: dispatches to 0x000001d387f65ea0
  0x000001d387f63838: 8b40 0c4c | 8b54 2420 | 458b 4230 | 85c0 0f84 | cc03 0000 | 418b 4b28 | 85c9 0f84 | 1b01 0000 
  0x000001d387f63858: 8b69 0c85 | ed0f 8615 | 1b00 0044 | 8bd0 41c1 | ea10 4433 | d0ff cd41 | 81e2 ffff | ff7f 4123 
  0x000001d387f63878: ea4c 63dd | 428b 4c99 | 1085 c90f | 84ea 0000 | 0044 8b59 | 0c48 8bd9 | 453b da0f | 84b8 0200 
  0x000001d387f63898: 0045 85db | 0f8c 0e17 | 0000 8b49 | 1885 c90f | 84c6 0000 | 0048 8bf9 | 8b5f 0c49 | 8b97 5804 
  0x000001d387f638b8: ; ImmutableOopMap {r8=NarrowOop r9=Oop rdi=Oop [32]=Oop [40]=Oop [72]=Oop }
                      ;*if_icmpne {reexecute=1 rethrow=0 return_oop=0}
                      ; - (reexecute) java.util.concurrent.ConcurrentHashMap::get@127
                      ; - java.lang.ClassLoader::getNamedPackage@5
                      ; - java.lang.ClassLoader::postDefineClass@9
                      ; - java.lang.ClassLoader::defineClass@37
                      ;   {poll}
  0x000001d387f638b8: 0000 8502 | 413b da74 | 108b 4f18 | 85c9 0f84 | a700 0000 | 488b f9eb | df8b 6f10 | 4c8b dd4d 
  0x000001d387f638d8: 3bd9 0f84 | 8800 0000 | 85ed 0f84 | 9221 0000 | 4889 7c24 | 6044 8954 | 2458 4489 | 4424 344c 
  0x000001d387f638f8: 894c 2450 | 4c8b 5424 | 204c 8954 | 2440 4c8b | 5424 484c | 8954 2438 | 4c8b 5424 | 284c 8954 
  0x000001d387f63918: 2420 4c8b | c549 8bd1 | 488b 6c24 | 4066 6690 

  0x000001d387f63928: ;   {optimized virtual_call}
  0x000001d387f63928: c5f8 77e8 

  0x000001d387f6392c: ; ImmutableOopMap {rbp=Oop [32]=Oop [52]=NarrowOop [56]=Oop [80]=Oop [96]=Oop }
                      ;*invokevirtual equals {reexecute=0 rethrow=0 return_oop=0}
                      ; - java.util.concurrent.ConcurrentHashMap::get@149
                      ; - java.lang.ClassLoader::getNamedPackage@5
                      ; - java.lang.ClassLoader::postDefineClass@9
                      ; - java.lang.ClassLoader::defineClass@37
  0x000001d387f6392c: 90c9 b7ff 

  0x000001d387f63930: ;   {other}
  0x000001d387f63930: 0f1f 8400 | 200f 0007 | 85c0 0f84 | 7021 0000 | 4c8b 5424 | 204c 8954 | 2428 4c8b | 5424 384c 
  0x000001d387f63950: 8954 2448 | 4889 6c24 | 204c 8b4c | 2450 448b | 4424 3448 | 8b7c 2460 | 8b6f 1485 | ed0f 853c 
  0x000001d387f63970: 0200 0049 | 8b87 b801 | 0000 4c8b | d049 83c2 | 184d 3b97 | c801 0000 | 0f83 8d13 | 0000 4d89 
  0x000001d387f63990: 97b8 0100 | 0041 0f0d | 8ac0 0000 | 0048 c700 | 0100 0000 

  0x000001d387f639a4: ;   {metadata('java/lang/NamedPackage')}
  0x000001d387f639a4: c740 08e8 | c001 0044 | 8960 0c4c | 8960 104c | 894c 2430 | 4489 4424 | 3848 8944 | 2440 488b 
  0x000001d387f639c4: 5424 3090 

  0x000001d387f639c8: ;   {optimized virtual_call}
  0x000001d387f639c8: c5f8 77e8 

  0x000001d387f639cc: ; ImmutableOopMap {[32]=Oop [40]=Oop [48]=Oop [56]=NarrowOop [64]=Oop [72]=Oop }
                      ;*invokevirtual isEmpty {reexecute=0 rethrow=0 return_oop=0}
                      ; - java.lang.NamedPackage::<init>@5
                      ; - java.lang.ClassLoader::getNamedPackage@22
                      ; - java.lang.ClassLoader::postDefineClass@9
                      ; - java.lang.ClassLoader::defineClass@37
  0x000001d387f639cc: 70fd beff 

  0x000001d387f639d0: ;   {other}
  0x000001d387f639d0: 0f1f 8400 | c00f 0008 | 85c0 0f84 | 6309 0000 | 448b 5424 | 3845 85d2 | 0f84 b619 | 0000 4c89 
  0x000001d387f639f0: 5424 5049 | 8bd2 6690 

  0x000001d387f639f8: ;   {optimized virtual_call}
  0x000001d387f639f8: c5f8 77e8 

  0x000001d387f639fc: ; ImmutableOopMap {[32]=Oop [40]=Oop [48]=Oop [56]=NarrowOop [64]=Oop [72]=Oop [80]=Oop }
                      ;*invokevirtual isNamed {reexecute=0 rethrow=0 return_oop=0}
                      ; - java.lang.NamedPackage::<init>@12
                      ; - java.lang.ClassLoader::getNamedPackage@22
                      ; - java.lang.ClassLoader::postDefineClass@9
                      ; - java.lang.ClassLoader::defineClass@37
  0x000001d387f639fc: 80ad 61ff 

  0x000001d387f63a00: ;   {other}
  0x000001d387f63a00: 0f1f 8400 | f00f 0009 | 85c0 0f84 | 3309 0000 | 498b 87b8 | 0100 004c | 8bd0 4983 | c228 4d3b 
  0x000001d387f63a20: 97c8 0100 | 000f 83bb | 1300 004d | 8997 b801 | 0000 410f | 0d8a c000 | 0000 48c7 | 0001 0000 
  0x000001d387f63a40: ;   {metadata('java/lang/InternalError')}
  0x000001d387f63a40: 00c7 4008 | 3807 0100 | 4489 600c | 4c89 6010 | 4c89 6018 | 4c89 6020 | 4889 4424 | 6849 8b87 
  0x000001d387f63a60: b801 0000 | 4c8b d049 | 83c2 184d | 3b97 c801 | 0000 0f83 | 8d13 0000 | 4d89 97b8 | 0100 0041 
  0x000001d387f63a80: 0f0d 8ac0 | 0000 0048 | c700 0100 

  0x000001d387f63a8c: ;   {metadata('java/lang/StringBuilder')}
  0x000001d387f63a8c: 0000 c740 | 0840 8000 | 0044 8960 | 0c4c 8960 | 1048 8be8 | 488b d590 

  0x000001d387f63aa4: ;   {optimized virtual_call}
  0x000001d387f63aa4: c5f8 77e8 

  0x000001d387f63aa8: ; ImmutableOopMap {rbp=Oop [32]=Oop [40]=Oop [48]=Oop [56]=NarrowOop [64]=Oop [72]=Oop [80]=Oop [104]=Oop }
                      ;*invokespecial <init> {reexecute=0 rethrow=0 return_oop=0}
                      ; - java.lang.NamedPackage::<init>@26
                      ; - java.lang.ClassLoader::getNamedPackage@22
                      ; - java.lang.ClassLoader::postDefineClass@9
                      ; - java.lang.ClassLoader::defineClass@37
  0x000001d387f63aa8: d4ac 61ff 

  0x000001d387f63aac: ;   {other}
  0x000001d387f63aac: 0f1f 8400 | 9c10 000a 

  0x000001d387f63ab4: ;   {oop("unnamed package in  "{0x0000000080004598})}
  0x000001d387f63ab4: 49b8 9845 | 0080 0000 | 0000 488b | d54c 8b54 | 2468 4c89 | 5424 6090 

  0x000001d387f63acc: ;   {optimized virtual_call}
  0x000001d387f63acc: c5f8 77e8 

  0x000001d387f63ad0: ; ImmutableOopMap {[32]=Oop [40]=Oop [48]=Oop [56]=NarrowOop [64]=Oop [72]=Oop [80]=Oop [96]=Oop [104]=Oop }
                      ;*invokevirtual append {reexecute=0 rethrow=0 return_oop=1}
                      ; - java.lang.NamedPackage::<init>@31
                      ; - java.lang.ClassLoader::getNamedPackage@22
                      ; - java.lang.ClassLoader::postDefineClass@9
                      ; - java.lang.ClassLoader::defineClass@37
  0x000001d387f63ad0: acac 61ff 

  0x000001d387f63ad4: ;   {other}
  0x000001d387f63ad4: 0f1f 8400 | c410 000b | 4885 c00f | 841b 1a00 | 0048 8bd0 | 4c8b 4424 | 504c 8b54 | 2460 4c89 
  0x000001d387f63af4: 5424 5090 

  0x000001d387f63af8: ;   {optimized virtual_call}
  0x000001d387f63af8: c5f8 77e8 

  0x000001d387f63afc: ; ImmutableOopMap {[32]=Oop [40]=Oop [48]=Oop [56]=NarrowOop [64]=Oop [72]=Oop [80]=Oop [96]=Oop }
                      ;*invokevirtual append {reexecute=0 rethrow=0 return_oop=1}
                      ; - java.lang.NamedPackage::<init>@35
                      ; - java.lang.ClassLoader::getNamedPackage@22
                      ; - java.lang.ClassLoader::postDefineClass@9
                      ; - java.lang.ClassLoader::defineClass@37
  0x000001d387f63afc: 80ac 61ff 

  0x000001d387f63b00: ;   {other}
  0x000001d387f63b00: 0f1f 8400 | f010 000c | 4885 c00f | 8407 1a00 | 0048 8bd0 

  0x000001d387f63b14: ;   {optimized virtual_call}
  0x000001d387f63b14: c5f8 77e8 

  0x000001d387f63b18: ; ImmutableOopMap {[32]=Oop [40]=Oop [48]=Oop [56]=NarrowOop [64]=Oop [72]=Oop [80]=Oop }
                      ;*invokevirtual toString {reexecute=0 rethrow=0 return_oop=1}
                      ; - java.lang.NamedPackage::<init>@38
                      ; - java.lang.ClassLoader::getNamedPackage@22
                      ; - java.lang.ClassLoader::postDefineClass@9
                      ; - java.lang.ClassLoader::defineClass@37
  0x000001d387f63b18: 64ac 61ff 

  0x000001d387f63b1c: ;   {other}
  0x000001d387f63b1c: 0f1f 8400 | 0c11 000d | 488b 5424 | 504c 8bc0 

  0x000001d387f63b2c: ;   {optimized virtual_call}
  0x000001d387f63b2c: c5f8 77e8 

  0x000001d387f63b30: ; ImmutableOopMap {[32]=Oop [40]=Oop [48]=Oop [56]=NarrowOop [64]=Oop [72]=Oop [80]=Oop }
                      ;*invokespecial <init> {reexecute=0 rethrow=0 return_oop=0}
                      ; - java.lang.NamedPackage::<init>@41
                      ; - java.lang.ClassLoader::getNamedPackage@22
                      ; - java.lang.ClassLoader::postDefineClass@9
                      ; - java.lang.ClassLoader::defineClass@37
  0x000001d387f63b30: 4cac 61ff 

  0x000001d387f63b34: ;   {other}
  0x000001d387f63b34: 0f1f 8400 | 2411 000e | 488b 5424 | 50c5 f877 | 4881 c4b0 | 0000 005d 

  0x000001d387f63b4c: ;   {runtime_call _rethrow_Java}
  0x000001d387f63b4c: e92f 476d | ff8b 6910 | 4c8b dd4d | 3bd9 7448 | 85ed 0f84 | 681c 0000 | 4889 5c24 | 5089 4c24 
  0x000001d387f63b6c: 4044 8954 | 243c 4489 | 4424 384c | 8bc5 498b | d149 8be9 

  0x000001d387f63b80: ;   {optimized virtual_call}
  0x000001d387f63b80: c5f8 77e8 

  0x000001d387f63b84: ; ImmutableOopMap {rbp=Oop [32]=Oop [40]=Oop [56]=NarrowOop [64]=NarrowOop [72]=Oop [80]=Oop }
                      ;*invokevirtual equals {reexecute=0 rethrow=0 return_oop=0}
                      ; - java.util.concurrent.ConcurrentHashMap::get@73
                      ; - java.lang.ClassLoader::getNamedPackage@5
                      ; - java.lang.ClassLoader::postDefineClass@9
                      ; - java.lang.ClassLoader::defineClass@37
  0x000001d387f63b84: 38c7 b7ff 

  0x000001d387f63b88: ;   {other}
  0x000001d387f63b88: 0f1f 8400 | 7811 000f | 85c0 0f84 | 2c11 0000 | 4c8b cd44 | 8b44 2438 | 8b4c 2440 | 8b69 1485 
  0x000001d387f63ba8: ed0f 84c4 | fdff ff44 | 8b5d 0849 | ba00 0000 | 8fd3 0100 | 004d 03d3 | 4d8b 5238 

  0x000001d387f63bc4: ;   {metadata('java/lang/NamedPackage')}
  0x000001d387f63bc4: 49bb e8c0 | 018f d301 | 0000 4d3b | d30f 8561 | 1800 004c | 8b54 2448 | 458b 5210 

  0x000001d387f63be0: ; implicit exception: dispatches to 0x000001d387f660d8
  0x000001d387f63be0: 458b 4a14 | 4585 c90f | 8535 0100 | 0045 8b42 | 1045 85c0 | 0f85 140e | 0000 488b | 4424 20c5 
  0x000001d387f63c00: f877 4881 | c4b0 0000 

  0x000001d387f63c08: ;   {poll_return}
  0x000001d387f63c08: 005d 493b | a750 0400 | 000f 8735 | 2800 00c3 | 450f b651 | 1145 85d2 | 0f85 4c09 | 0000 458b 
  0x000001d387f63c28: 5114 498b | eb49 8bd2 | 4180 7910 | 000f 8547 | 1000 0044 | 8944 243c | 4489 5c24 | 384c 894c 
  0x000001d387f63c48: 2430 6690 

  0x000001d387f63c4c: ;   {static_call}
  0x000001d387f63c4c: c5f8 77e8 

  0x000001d387f63c50: ; ImmutableOopMap {rbp=Oop [32]=Oop [40]=Oop [48]=Oop [56]=NarrowOop [60]=NarrowOop [72]=Oop }
                      ;*invokestatic hashCode {reexecute=0 rethrow=0 return_oop=0}
                      ; - java.lang.String::hashCode@27
                      ; - java.util.concurrent.ConcurrentHashMap::get@1
                      ; - java.lang.ClassLoader::getNamedPackage@5
                      ; - java.lang.ClassLoader::postDefineClass@9
                      ; - java.lang.ClassLoader::defineClass@37
  0x000001d387f63c50: ec28 baff 

  0x000001d387f63c54: ;   {other}
  0x000001d387f63c54: 0f1f 8400 | 4412 0010 | 85c0 0f84 | 4510 0000 | 4c8b 4c24 | 3041 8941 | 0c44 8b5c | 2438 448b 
  0x000001d387f63c74: 4424 3ce9 | d0fb ffff | 458b 5a0c | 458b 4208 | 4d63 cb49 | 8bea 49c1 | e102 4181 | fb00 0004 
  0x000001d387f63c94: 000f 87d9 | 1400 0049 | 8bbf b801 | 0000 498d | 4917 4883 | e1f8 488b | d748 03d1 | 493b 97c8 
  0x000001d387f63cb4: 0100 000f | 83b7 1400 | 0049 8997 | b801 0000 | 0f0d 8ac0 | 0000 0048 | c707 0100 | 0000 4489 
  0x000001d387f63cd4: 4708 4489 | 5f0c 0f0d | 8a00 0100 | 000f 0d8a | 4001 0000 | 0f0d 8a80 | 0100 0049 | 8d4a 1048 
  0x000001d387f63cf4: 8bd7 4883 | c210 4983 | c107 49c1 | e903 4d8b | c1c5 f877 | 49ba 6074 | 5687 d301 | 0000 41ff 
  0x000001d387f63d14: ;   {other}
  0x000001d387f63d14: d20f 1f84 | 0000 0000 | 00e9 3df7 | ffff 458b | 410c 418b | 7908 498b | e949 63f0 | 48c1 e602 
  0x000001d387f63d34: 4181 f800 | 0004 000f | 87eb 1400 | 0049 8b9f | b801 0000 | 4c8d 5617 | 4983 e2f8 | 4c8b db4d 
  0x000001d387f63d54: 03da 4d3b | 9fc8 0100 | 000f 83c9 | 1400 004d | 899f b801 | 0000 410f | 0d8b c000 | 0000 48c7 
  0x000001d387f63d74: 0301 0000 | 0089 7b08 | 4489 430c | 410f 0d8b | 0001 0000 | 410f 0d8b | 4001 0000 | 410f 0d8b 
  0x000001d387f63d94: 8001 0000 | 498d 4910 | 488b d348 | 83c2 1048 | 83c6 0748 | c1ee 034c | 8bc6 c5f8 | 7749 ba60 
  0x000001d387f63db4: 7456 87d3 | 0100 0041 

  0x000001d387f63dbc: ;   {other}
  0x000001d387f63dbc: ffd2 0f1f | 8400 0000 | 0000 488b | 5424 204c | 8bc3 6690 

  0x000001d387f63dd0: ;   {optimized virtual_call}
  0x000001d387f63dd0: c5f8 77e8 

  0x000001d387f63dd4: ; ImmutableOopMap {[32]=Oop }
                      ;*invokevirtual setSigners {reexecute=0 rethrow=0 return_oop=0}
                      ; - java.lang.ClassLoader::setSigners@2
                      ; - java.lang.ClassLoader::postDefineClass@35
                      ; - java.lang.ClassLoader::defineClass@37
  0x000001d387f63dd4: e8e1 beff 

  0x000001d387f63dd8: ;   {other}
  0x000001d387f63dd8: 0f1f 8400 | c813 0011 | e915 feff | ff90 c5f8 | 7748 b8f8 | 9d04 90d3 

  0x000001d387f63df0: ;   {virtual_call}
  0x000001d387f63df0: 0100 00e8 

  0x000001d387f63df4: ; ImmutableOopMap {[40]=Oop [48]=Oop [64]=Oop [72]=Oop }
                      ;*invokevirtual toExternalForm {reexecute=0 rethrow=0 return_oop=1}
                      ; - java.net.URL::toExternalForm@5
                      ; - java.net.URL::toString@1
                      ; - java.lang.ClassLoader::defineClassSourceLocation@22
                      ; - java.lang.ClassLoader::defineClass@12
  0x000001d387f63df4: 28ec f8ff 

  0x000001d387f63df8: ;   {other}
  0x000001d387f63df8: 0f1f 8400 | e813 0012 | e90b f7ff | ff41 ffc1 | 453b cb7c | 3745 33ed | e9af 0200 | 0045 3bd8 
  0x000001d387f63e18: 0f85 fa1a | 0000 458d | 4bff 453b | cb0f 83d5 | 1900 0045 | 85c0 0f86 | cc19 0000 | 418d 48ff 
  0x000001d387f63e38: 413b c80f | 83f7 1900 | 0045 33c9 | 438b 548e | 108b 7208 | 418b 5a10 | 3bd3 74b1 

  0x000001d387f63e54: ; implicit exception: dispatches to 0x000001d387f660f8
                      ;   {metadata('sun/security/x509/X509CertImpl')}
  0x000001d387f63e54: 8b7b 0881 | fef8 b005 | 010f 855d | 1e00 0048 | 8bca 8b49 | 20c5 f96e | c148 8beb 

  0x000001d387f63e70: ;   {metadata('sun/security/x509/X509CertImpl')}
  0x000001d387f63e70: 81ff f8b0 | 0501 0f85 | d41e 0000 | 8b7d 20c4 | e1f9 6ec9 | 488b f748 | 8bf9 483b | fe0f 84cb 
  0x000001d387f63e90: 0000 0048 | 85ff 0f84 | c900 0000 | 4885 f60f | 84c0 0000 | 008b 4f0c | 3b4e 0c0f | 85b4 0000 
  0x000001d387f63eb0: 0085 c90f | 84a5 0000 | 0048 8d7f | 1048 8d76 | 108b c183 | e01f 83e1 | e00f 844b | 0000 0048 
  0x000001d387f63ed0: 8d3c 0f48 | 8d34 0e48 | f7d9 c5fe | 6f1c 0fc5 | fe6f 140e | c5e5 efda | c4e2 7d17 | db0f 8572 
  0x000001d387f63ef0: 0000 0048 | 83c1 2075 | e185 c00f | 845d 0000 | 00c5 fe6f | 5c07 e0c5 | fe6f 5406 | e0c5 e5ef 
  0x000001d387f63f10: dac4 e27d | 17db 754d | eb44 8bc8 | 83e1 fc74 | 1948 8d3c | 0f48 8d34 | 0e48 f7d9 | 8b1c 0f3b 
  0x000001d387f63f30: 1c0e 7531 | 4883 c104 | 75f2 a802 | 7412 0fb7 | 1f0f b70e | 3bd9 751d | 488d 7f02 | 488d 7602 
  0x000001d387f63f50: a801 740a | 0fb6 1f0f | b60e 3bd9 | 7507 b801 | 0000 00eb | 0233 c0c5 | e5ef dbc5 

  0x000001d387f63f6c: ;   {no_reloc}
  0x000001d387f63f6c: edef d285 | c00f 858e | feff ffb9 | 0100 0000 | 413b c80f | 8deb 1800 | 0041 bd01 | 0000 000f 
  0x000001d387f63f8c: 1f44 0000 | 438b 4caa | 103b d10f | 8468 feff | ff8b 7908 

  0x000001d387f63fa0: ;   {metadata('sun/security/x509/X509CertImpl')}
  0x000001d387f63fa0: 488b e981 | fff8 b005 | 010f 85a4 | 1d00 008b | 4d20 488b | f1c4 e1f9 | 7ecf 483b | fe0f 84cb 
  0x000001d387f63fc0: 0000 0048 | 85ff 0f84 | c900 0000 | 4885 f60f | 84c0 0000 | 008b 4f0c | 3b4e 0c0f | 85b4 0000 
  0x000001d387f63fe0: 0085 c90f | 84a5 0000 | 0048 8d7f | 1048 8d76 | 108b c183 | e01f 83e1 | e00f 844b | 0000 0048 
  0x000001d387f64000: 8d3c 0f48 | 8d34 0e48 | f7d9 c5fe | 6f14 0fc5 | fe6f 1c0e | c5ed efd3 | c4e2 7d17 | d20f 8572 
  0x000001d387f64020: 0000 0048 | 83c1 2075 | e185 c00f | 845d 0000 | 00c5 fe6f | 5407 e0c5 | fe6f 5c06 | e0c5 edef 
  0x000001d387f64040: d3c4 e27d | 17d2 754d | eb44 8bc8 | 83e1 fc74 | 1948 8d3c | 0f48 8d34 | 0e48 f7d9 | 8b1c 0f3b 
  0x000001d387f64060: 1c0e 7531 | 4883 c104 | 75f2 a802 | 7412 0fb7 | 1f0f b70e | 3bd9 751d | 488d 7f02 | 488d 7602 
  0x000001d387f64080: a801 740a | 0fb6 1f0f | b60e 3bd9 | 7507 b801 | 0000 00eb | 0233 c0c5 | edef d2c5 | e5ef db85 
  0x000001d387f640a0: ;   {no_reloc}
  0x000001d387f640a0: c00f 855e | fdff ff41 | ffc5 453b | e80f 8cdd | feff ffe9 | be17 0000 | 41ff c545 | 3be8 0f8d 
  0x000001d387f640c0: 0cf4 ffff | 438b 54aa | 1044 8b4a | 0841 8b6e | 103b d574 | e38b 5d08 

  0x000001d387f640d8: ;   {metadata('sun/security/x509/X509CertImpl')}
  0x000001d387f640d8: 4181 f9f8 | b005 010f | 8533 1c00 | 0048 8bcd | 4c8b ca45 | 8b49 20c4 | c179 6ec9 

  0x000001d387f640f4: ;   {metadata('sun/security/x509/X509CertImpl')}
  0x000001d387f640f4: 81fb f8b0 | 0501 0f85 | 981c 0000 | 448b 4920 | c5f9 7ecb | 488b eb49 | 8bf1 488b | fd48 3bfe 
  0x000001d387f64114: 0f84 cb00 | 0000 4885 | ff0f 84c9 | 0000 0048 | 85f6 0f84 | c000 0000 | 8b4f 0c3b | 4e0c 0f85 
  0x000001d387f64134: b400 0000 | 85c9 0f84 | a500 0000 | 488d 7f10 | 488d 7610 | 8bc1 83e0 | 1f83 e1e0 | 0f84 4b00 
  0x000001d387f64154: 0000 488d | 3c0f 488d | 340e 48f7 | d9c5 fe6f | 140f c5fe | 6f04 0ec5 | edef d0c4 | e27d 17d2 
  0x000001d387f64174: 0f85 7200 | 0000 4883 | c120 75e1 | 85c0 0f84 | 5d00 0000 | c5fe 6f54 | 07e0 c5fe | 6f44 06e0 
  0x000001d387f64194: c5ed efd0 | c4e2 7d17 | d275 4deb | 448b c883 | e1fc 7419 | 488d 3c0f | 488d 340e | 48f7 d98b 
  0x000001d387f641b4: 1c0f 3b1c | 0e75 3148 | 83c1 0475 | f2a8 0274 | 120f b71f | 0fb7 0e3b | d975 1d48 | 8d7f 0248 
  0x000001d387f641d4: 8d76 02a8 | 0174 0a0f | b61f 0fb6 | 0e3b d975 | 07b8 0100 | 0000 eb02 | 33c0 c5ed 

  0x000001d387f641f0: ;   {no_reloc}
  0x000001d387f641f0: efd2 c5fd | efc0 85c0 | 0f85 bafe | ffff b901 | 0000 0041 | 3bcb 0f8d | b816 0000 | 41b9 0100 
  0x000001d387f64210: 0000 6666 | 0f1f 8400 | 0000 0000 | 6666 6690 | 438b 4c8e | 103b d10f | 848b feff | ff8b 5908 
  0x000001d387f64230: ;   {metadata('sun/security/x509/X509CertImpl')}
  0x000001d387f64230: 81fb f8b0 | 0501 0f85 | 5f1b 0000 | 8b49 2048 | 8bf1 488b | fd48 3bfe | 0f84 cb00 | 0000 4885 
  0x000001d387f64250: ff0f 84c9 | 0000 0048 | 85f6 0f84 | c000 0000 | 8b4f 0c3b | 4e0c 0f85 | b400 0000 | 85c9 0f84 
  0x000001d387f64270: a500 0000 | 488d 7f10 | 488d 7610 | 8bc1 83e0 | 1f83 e1e0 | 0f84 4b00 | 0000 488d | 3c0f 488d 
  0x000001d387f64290: 340e 48f7 | d9c5 fe6f | 040f c5fe | 6f14 0ec5 | fdef c2c4 | e27d 17c0 | 0f85 7200 | 0000 4883 
  0x000001d387f642b0: c120 75e1 | 85c0 0f84 | 5d00 0000 | c5fe 6f44 | 07e0 c5fe | 6f54 06e0 | c5fd efc2 | c4e2 7d17 
  0x000001d387f642d0: c075 4deb | 448b c883 | e1fc 7419 | 488d 3c0f | 488d 340e | 48f7 d98b | 1c0f 3b1c | 0e75 3148 
  0x000001d387f642f0: 83c1 0475 | f2a8 0274 | 120f b71f | 0fb7 0e3b | d975 1d48 | 8d7f 0248 | 8d76 02a8 | 0174 0a0f 
  0x000001d387f64310: b61f 0fb6 | 0e3b d975 | 07b8 0100 | 0000 eb02 | 33c0 c5fd | efc0 c5ed | efd2 85c0 

  0x000001d387f6432c: ;   {no_reloc}
  0x000001d387f6432c: 0f85 86fd | ffff 41ff | c145 3bcb | 0f8c e2fe | ffff e987 | 1500 0048 | 8b54 2430 

  0x000001d387f64348: ;   {optimized virtual_call}
  0x000001d387f64348: c5f8 77e8 

  0x000001d387f6434c: ; ImmutableOopMap {[32]=Oop [40]=Oop [48]=Oop [56]=NarrowOop [64]=Oop [72]=Oop }
                      ;*invokevirtual intern {reexecute=0 rethrow=0 return_oop=1}
                      ; - java.lang.NamedPackage::<init>@47
                      ; - java.lang.ClassLoader::getNamedPackage@22
                      ; - java.lang.ClassLoader::postDefineClass@9
                      ; - java.lang.ClassLoader::defineClass@37
  0x000001d387f6434c: 70b5 b8ff 

  0x000001d387f64350: ;   {other}
  0x000001d387f64350: 0f1f 8400 | 4019 0013 | 4c8b 4424 | 408b 4c24 | 3841 8948 | 104c 8bd0 | 4589 500c | 4d8b d049 
  0x000001d387f64370: c1ea 0949 | bb00 00a1 | f6d3 0100 | 0047 8824 | 134c 8b54 | 2428 458b | 5a38 4585 | db0f 8409 
  0x000001d387f64390: 1400 0049 | 8bd3 4c8b | 4424 304c | 8b4c 2440 

  0x000001d387f643a0: ;   {optimized virtual_call}
  0x000001d387f643a0: c5f8 77e8 

  0x000001d387f643a4: ; ImmutableOopMap {[32]=Oop [40]=Oop [56]=NarrowOop [64]=Oop [72]=Oop }
                      ;*invokevirtual putIfAbsent {reexecute=0 rethrow=0 return_oop=1}
                      ; - java.lang.ClassLoader::getNamedPackage@32
                      ; - java.lang.ClassLoader::postDefineClass@9
                      ; - java.lang.ClassLoader::defineClass@37
  0x000001d387f643a4: 1868 ceff 

  0x000001d387f643a8: ;   {other}
  0x000001d387f643a8: 0f1f 8400 | 9819 0014 | 4885 c00f | 841e f8ff | ff44 8b58 | 0849 ba00 | 0000 8fd3 | 0100 004d 
  0x000001d387f643c8: 03d3 4d8b 

  0x000001d387f643cc: ;   {metadata('java/lang/NamedPackage')}
  0x000001d387f643cc: 5238 49bb | e8c0 018f | d301 0000 | 4d3b d30f | 85d3 1300 | 0048 8be8 | ba54 ffff | ff66 6690 
  0x000001d387f643ec: ;   {runtime_call UncommonTrapBlob}
  0x000001d387f643ec: c5f8 77e8 

  0x000001d387f643f0: ; ImmutableOopMap {rbp=Oop [32]=Oop [40]=Oop [56]=NarrowOop [64]=Oop [72]=Oop }
                      ;*ifnull {reexecute=1 rethrow=0 return_oop=0}
                      ; - (reexecute) java.lang.ClassLoader::getNamedPackage@42
                      ; - java.lang.ClassLoader::postDefineClass@9
                      ; - java.lang.ClassLoader::defineClass@37
  0x000001d387f643f0: 0cf6 61ff 

  0x000001d387f643f4: ;   {other}
  0x000001d387f643f4: 0f1f 8400 | e419 0015 | 448b 5e34 | 4d8b d34c | 8954 2448 | e991 edff | ff33 c0e9 | fcf0 ffff 
  0x000001d387f64414: 498b dde9 | 1af0 ffff | 4533 db44 | 899c 2490 | 0000 00e9 | a4f0 ffff | 488b d048 | 8be8 6690 
  0x000001d387f64434: ;   {optimized virtual_call}
  0x000001d387f64434: c5f8 77e8 

  0x000001d387f64438: ; ImmutableOopMap {rbp=Oop [32]=Oop [40]=Oop [72]=Oop }
                      ;*invokevirtual initClassName {reexecute=0 rethrow=0 return_oop=1}
                      ; - java.lang.Class::getName@14
                      ; - java.lang.Class::getPackageName@40
                      ; - java.lang.ClassLoader::postDefineClass@2
                      ; - java.lang.ClassLoader::defineClass@37
  0x000001d387f64438: 8469 b9ff 

  0x000001d387f6443c: ;   {other}
  0x000001d387f6443c: 0f1f 8400 | 2c1a 0016 | 488b c848 | 85c0 0f85 | 23f1 ffff | baf6 ffff | ff66 6690 

  0x000001d387f64458: ;   {runtime_call UncommonTrapBlob}
  0x000001d387f64458: c5f8 77e8 

  0x000001d387f6445c: ; ImmutableOopMap {}
                      ;*invokevirtual lastIndexOf {reexecute=0 rethrow=0 return_oop=0}
                      ; - java.lang.Class::getPackageName@47
                      ; - java.lang.ClassLoader::postDefineClass@2
                      ; - java.lang.ClassLoader::defineClass@37
  0x000001d387f6445c: a0f5 61ff 

  0x000001d387f64460: ;   {other}
  0x000001d387f64460: 0f1f 8400 | 501a 0017 | 4533 ed48 | 8bf2 e918 | edff ff48 | 8bd9 e96f | f3ff ff45 | 33c9 4489 
  0x000001d387f64480: 8c24 9000 | 0000 e998 | edff ffbb | ffff ffff | e92d ecff 

  0x000001d387f64494: ;   {oop(""{0x00000000800018b0})}
  0x000001d387f64494: ff48 bbb0 | 1800 8000 | 0000 00e9 | 92ef ffff | 498b d345 | 33c0 488b | 6c24 2890 

  0x000001d387f644b0: ;   {static_call}
  0x000001d387f644b0: c5f8 77e8 

  0x000001d387f644b4: ; ImmutableOopMap {rbp=Oop [32]=Oop [40]=Oop [48]=Oop [64]=Oop }
                      ;*invokestatic charAt {reexecute=0 rethrow=0 return_oop=0}
                      ; - java.lang.String::charAt@21
                      ; - java.lang.ClassLoader::checkName@25
                      ; - java.lang.ClassLoader::preDefineClass@1
                      ; - java.lang.ClassLoader::defineClass@4
  0x000001d387f644b4: c8a8 61ff 

  0x000001d387f644b8: ;   {other}
  0x000001d387f644b8: 0f1f 8400 | a81a 0018 | 448b d0e9 | 28ec ffff | 4c63 c54d | 8d50 1049 | 8bca 4883 | e1f8 498b 
  0x000001d387f644d8: fe48 03f9 | 49c1 ea03 | 4d2b ca49 | 8bc9 4833 | c048 83f9 | 087f 1048 | ffc9 784f | 4889 04cf 
  0x000001d387f644f8: 48ff c97d | f7eb 44c5 | fdef c0e9 | 0d00 0000 | c5fe 7f07 | c5fe 7f47 | 2048 83c7 | 4048 83e9 
  0x000001d387f64518: 087d ed48 | 83c1 047c | 0cc5 fe7f | 0748 83c7 | 2048 83e9 | 0448 83c1 | 047e 1048 | ffc9 c5f9 
  0x000001d387f64538: d607 4883 | c708 48ff | c97d f349 | 8bcb c5f8 | 7749 bac0 | 6d56 87d3 | 0100 0041 

  0x000001d387f64554: ;   {other}
  0x000001d387f64554: ffd2 0f1f | 8400 0000 | 0000 e91a 

  0x000001d387f64560: ;   {oop(""{0x00000000800018b0})}
  0x000001d387f64560: eeff ff48 | bbb0 1800 | 8000 0000 | 00e9 78f2 | ffff 33c0 | e9d3 f2ff | ff4c 63c5 | 4d8d 5810 
  0x000001d387f64580: 4d8b cb49 | 83e1 f848 | 8bfe 4903 | f949 c1eb | 0349 2bcb | 4833 c048 | 83f9 087f | 1048 ffc9 
  0x000001d387f645a0: 784f 4889 | 04cf 48ff | c97d f7eb | 44c5 fdef | c0e9 0d00 | 0000 c5fe | 7f07 c5fe | 7f47 2048 
  0x000001d387f645c0: 83c7 4048 | 83e9 087d | ed48 83c1 | 047c 0cc5 | fe7f 0748 | 83c7 2048 | 83e9 0448 | 83c1 047e 
  0x000001d387f645e0: 1048 ffc9 | c5f9 d607 | 4883 c708 | 48ff c97d | f349 8bca | c5f8 7749 | bac0 6d56 | 87d3 0100 
  0x000001d387f64600: 0041 ffd2 

  0x000001d387f64604: ;   {other}
  0x000001d387f64604: 0f1f 8400 | 0000 0000 | e920 f1ff | ff44 0fb7 | 5d10 4183 | fb6a 0f85 | 61eb ffff | 440f b75d 
  0x000001d387f64624: 1241 83fb | 610f 8552 | ebff ff44 | 0fb7 5d14 | 4183 fb76 | 0f85 43eb | ffff 440f | b75d 1641 
  0x000001d387f64644: 83fb 610f | 8534 ebff | ff44 0fb7 | 5d18 4183 | fb2e 0f84 | f9ea ffff | e920 ebff | ff49 8b87 
  0x000001d387f64664: b801 0000 | 4c8b d049 | 83c2 1844 | 8b4c 2450 | 4d8b c14d | 3b97 c801 | 0000 0f83 | cc12 0000 
  0x000001d387f64684: 4d89 97b8 | 0100 0041 | 0f0d 8ac0 | 0000 0048 | c700 0100 

  0x000001d387f64698: ;   {metadata('java/util/ArrayList')}
  0x000001d387f64698: 0000 c740 | 08d0 890b | 0044 8960 | 0c44 8960 

  0x000001d387f646a8: ;   {oop(a 'java/lang/Object'[0] {0x0000000080000778})}
  0x000001d387f646a8: 10c7 4014 | 7807 0080 | 488b c845 | 8b53 0c45 | 85d2 0f86 | 0d01 0000 | 4533 c9eb | 4066 6666 
  0x000001d387f646c8: 0f1f 8400 | 0000 0000 | 4889 6c24 | 404c 8b54 | 2420 4c89 | 5424 2848 | 8b74 2458 | 4c8b 6c24 
  0x000001d387f646e8: 604c 8b54 | 2468 4c89 | 5424 4848 | 8b5c 2470 | 4c8b 4424 | 7848 8b8c | 2480 0000 | 0045 8b53 
  0x000001d387f64708: 0c45 3bca | 0f83 c614 | 0000 478b | 5c8b 1045 | 8b53 1045 | 8b5a 1044 | 894c 2454 | 4889 8c24 
  0x000001d387f64728: 8000 0000 | 4c89 4424 | 7848 895c | 2470 4c8b | 5424 484c | 8954 2468 | 4c89 6c24 | 6048 8974 
  0x000001d387f64748: 2458 4c8b | 5424 284c | 8954 2420 | 488b 6c24 | 404d 8bc3 | 488b d190 

  0x000001d387f64760: ;   {optimized virtual_call}
  0x000001d387f64760: c5f8 77e8 

  0x000001d387f64764: ; ImmutableOopMap {rbp=Oop [32]=Oop [48]=Oop [80]=NarrowOop [88]=Oop [96]=Oop [104]=Oop [112]=Oop [120]=Oop [128]=Oop }
                      ;*invokevirtual addAll {reexecute=0 rethrow=0 return_oop=0}
                      ; - java.security.CodeSource::getCertificates@57
                      ; - java.lang.ClassLoader::checkCerts@34
                      ; - java.lang.ClassLoader::preDefineClass@113
                      ; - java.lang.ClassLoader::defineClass@4
  0x000001d387f64764: 18a0 61ff 

  0x000001d387f64768: ;   {other}
  0x000001d387f64768: 0f1f 8400 | 581d 0019 | 4d8b 8758 | 0400 0044 | 8b54 2450 | 458b 5a10 | 448b 4c24 

  0x000001d387f64784: ; ImmutableOopMap {r11=NarrowOop rbp=Oop [32]=Oop [48]=Oop [80]=NarrowOop [88]=Oop [96]=Oop [104]=Oop [112]=Oop [120]=Oop [128]=Oop }
                      ;*goto {reexecute=1 rethrow=0 return_oop=0}
                      ; - (reexecute) java.security.CodeSource::getCertificates@64
                      ; - java.lang.ClassLoader::checkCerts@34
                      ; - java.lang.ClassLoader::preDefineClass@113
                      ; - java.lang.ClassLoader::defineClass@4
  0x000001d387f64784: 5441 ffc1 

  0x000001d387f64788: ;   {poll}
  0x000001d387f64788: 4185 0045 | 8b43 0c45 | 3bc8 0f8c | 38ff ffff | 4889 6c24 | 404c 8b54 | 2420 4c89 | 5424 2848 
  0x000001d387f647a8: 8b74 2458 | 4c8b 6c24 | 604c 8b54 | 2468 4c89 | 5424 4848 | 8b5c 2470 | 4c8b 4424 | 7848 8b8c 
  0x000001d387f647c8: 2480 0000 | 0049 8b87 | b801 0000 | 4c8b d049 | 83c2 104d | 3b97 c801 | 0000 0f83 | fd11 0000 
  0x000001d387f647e8: 4d89 97b8 | 0100 0041 | 0f0d 8ac0 | 0000 0048 | c700 0100 | 0000 410f | 0d8a 0001 

  0x000001d387f64804: ;   {metadata('java/security/cert/Certificate'[])}
  0x000001d387f64804: 0000 c740 | 0820 2910 | 0041 0f0d | 8a40 0100 | 0044 8960 | 0c41 0f0d | 8a80 0100 | 0048 8b6c 
  0x000001d387f64824: 2440 4c8b | 5424 284c | 8954 2420 | 448b 9c24 | 9000 0000 | 4489 5c24 | 5448 8974 | 2458 4c89 
  0x000001d387f64844: 6c24 6048 | 895c 2468 | 4c89 4424 | 7048 894c | 2478 4c8b | c048 8b54 | 2478 6690 

  0x000001d387f64860: ;   {optimized virtual_call}
  0x000001d387f64860: c5f8 77e8 

  0x000001d387f64864: ; ImmutableOopMap {rbp=Oop [32]=Oop [48]=Oop [72]=Oop [80]=NarrowOop [88]=Oop [96]=Oop [104]=Oop [112]=Oop }
                      ;*invokevirtual toArray {reexecute=0 rethrow=0 return_oop=1}
                      ; - java.security.CodeSource::getCertificates@73
                      ; - java.lang.ClassLoader::checkCerts@34
                      ; - java.lang.ClassLoader::preDefineClass@113
                      ; - java.lang.ClassLoader::defineClass@4
  0x000001d387f64864: 189f 61ff 

  0x000001d387f64868: ;   {other}
  0x000001d387f64868: 0f1f 8400 | 581e 001b | 488b c844 

  0x000001d387f64874: ;   {metadata('java/security/cert/Certificate'[])}
  0x000001d387f64874: 8b50 0841 | 81fa 2029 | 1000 0f85 | 7815 0000 | 448b 490c | 4c8b 5424 | 704d 63d9 | 49c1 ea09 
  0x000001d387f64894: 49b8 0000 | a1f6 d301 | 0000 4788 | 2410 49c1 | e302 4c8b | d144 8b44 | 2450 4589 | 5014 4181 
  0x000001d387f648b4: f900 0004 | 000f 8782 | 1100 0049 | 8b9f b801 | 0000 4d8d | 5317 4983 | e2f8 4c8b | c34d 03c2 
  0x000001d387f648d4: 4d3b 87c8 | 0100 000f | 8360 1100 | 004d 8987 | b801 0000 | 410f 0d88 | c000 0000 | 48c7 0301 
  0x000001d387f648f4: 0000 0041 | 0f0d 8800 

  0x000001d387f648fc: ;   {metadata('java/security/cert/Certificate'[])}
  0x000001d387f648fc: 0100 00c7 | 4308 2029 | 1000 4489 | 4b0c 410f | 0d88 4001 | 0000 410f | 0d88 8001 | 0000 4883 
  0x000001d387f6491c: c110 488b | d348 83c2 | 1049 83c3 | 0749 c1eb | 034d 8bc3 | c5f8 7749 | ba60 7456 | 87d3 0100 
  0x000001d387f6493c: 0041 ffd2 

  0x000001d387f64940: ;   {other}
  0x000001d387f64940: 0f1f 8400 | 0000 0000 | 4c8b d348 | 896c 2440 | 4c8b 5c24 | 204c 895c | 2428 448b | 4424 5444 
  0x000001d387f64960: 8984 2490 | 0000 0048 | 8b74 2458 | 4c8b 6c24 | 6048 8b5c | 2468 498b | fae9 e1ea | ffff 4489 
  0x000001d387f64980: 5424 7489 | 5424 7044 | 8944 246c | 448b 5c24 | 5044 895c | 2468 4c8b | 5424 484c | 8954 2460 
  0x000001d387f649a0: 4c89 6c24 | 5848 8974 | 2450 4c8b | 5424 404c | 8954 2420 

  0x000001d387f649b4: ;   {metadata('java/lang/String')}
  0x000001d387f649b4: 48ba 78e8 | 008f d301 | 0000 6690 

  0x000001d387f649c0: ;   {runtime_call _new_instance_Java}
  0x000001d387f649c0: c5f8 77e8 

  0x000001d387f649c4: ; ImmutableOopMap {rbp=Oop [32]=Oop [40]=Oop [48]=Oop [80]=Oop [88]=Oop [96]=Oop [104]=NarrowOop [108]=NarrowOop }
                      ;*new {reexecute=0 rethrow=0 return_oop=1}
                      ; - java.lang.StringLatin1::newString@7
                      ; - java.lang.String::substring@41
                      ; - java.lang.ClassLoader::checkCerts@21
                      ; - java.lang.ClassLoader::preDefineClass@113
                      ; - java.lang.ClassLoader::defineClass@4
  0x000001d387f649c4: 38af 63ff 

  0x000001d387f649c8: ;   {other}
  0x000001d387f649c8: 0f1f 8400 | b81f 001c | 4c8b 5424 | 204c 8954 | 2440 488b | 7424 504c | 8b6c 2458 | 4c8b 5424 
  0x000001d387f649e8: 604c 8954 | 2448 448b | 4424 6844 | 8944 2450 | 448b 4424 | 6c8b 5424 | 7044 8b54 | 2474 488b 
  0x000001d387f64a08: d8e9 89e8 | ffff 498b | 87b8 0100 | 004c 8bd8 | 4983 c318 | 498b ca4d | 3b9f c801 | 0000 0f83 
  0x000001d387f64a28: b410 0000 | 4d89 9fb8 | 0100 0041 | 0f0d 8bc0 | 0000 0048 | c700 0100 

  0x000001d387f64a40: ;   {metadata('java/util/ArrayList')}
  0x000001d387f64a40: 0000 c740 | 08d0 890b | 0044 8960 | 0c44 8960 | 1041 8b78 

  0x000001d387f64a54: ;   {oop(a 'java/lang/Object'[0] {0x0000000080000778})}
  0x000001d387f64a54: 0cc7 4014 | 7807 0080 | 4c8b c885 | ff0f 86b5 | 0000 0045 | 33db eb1d | 0f1f 4000 | 4889 6c24 
  0x000001d387f64a74: 2848 ff74 | 2430 488f | 4424 2048 | 8b4c 2440 | 4c8b 4c24 | 4841 8b78 | 0c44 3bdf | 0f83 ae11 
  0x000001d387f64a94: 0000 438b | 5c98 1044 | 8b43 1045 | 8b40 1044 | 895c 243c | 4c89 4c24 | 4848 894c | 2440 4489 
  0x000001d387f64ab4: 5424 3848 | ff74 2420 | 488f 4424 | 3048 8b6c | 2428 498b | d166 6690 

  0x000001d387f64acc: ;   {optimized virtual_call}
  0x000001d387f64acc: c5f8 77e8 

  0x000001d387f64ad0: ; ImmutableOopMap {rbp=Oop [48]=Oop [56]=NarrowOop [64]=Oop [72]=Oop }
                      ;*invokevirtual addAll {reexecute=0 rethrow=0 return_oop=0}
                      ; - java.security.CodeSource::getCertificates@57
                      ; - java.lang.ClassLoader::postDefineClass@24
                      ; - java.lang.ClassLoader::defineClass@37
  0x000001d387f64ad0: ac9c 61ff 

  0x000001d387f64ad4: ;   {other}
  0x000001d387f64ad4: 0f1f 8400 | c420 001d | 498b 8f58 | 0400 0044 | 8b54 2438 | 458b 4210 | 448b 5c24 

  0x000001d387f64af0: ; ImmutableOopMap {r10=NarrowOop r8=NarrowOop rbp=Oop [48]=Oop [64]=Oop [72]=Oop }
                      ;*goto {reexecute=1 rethrow=0 return_oop=0}
                      ; - (reexecute) java.security.CodeSource::getCertificates@64
                      ; - java.lang.ClassLoader::postDefineClass@24
                      ; - java.lang.ClassLoader::defineClass@37
  0x000001d387f64af0: 3c41 ffc3 

  0x000001d387f64af4: ;   {poll}
  0x000001d387f64af4: 8501 458b | 480c 453b | d90f 8c6d | ffff ff48 | 896c 2428 | 48ff 7424 | 3048 8f44 | 2420 488b 
  0x000001d387f64b14: 4c24 404c | 8b4c 2448 | 498b 87b8 | 0100 004c | 8bd8 4983 | c310 4d3b | 9fc8 0100 | 000f 8304 
  0x000001d387f64b34: 1000 004d | 899f b801 | 0000 410f | 0d8b c000 | 0000 48c7 | 0001 0000 | 0041 0f0d | 8b00 0100 
  0x000001d387f64b54: ;   {metadata('java/security/cert/Certificate'[])}
  0x000001d387f64b54: 00c7 4008 | 2029 1000 | 410f 0d8b | 4001 0000 | 4489 600c | 410f 0d8b | 8001 0000 | 4489 5424 
  0x000001d387f64b74: 3048 8be9 | 4c89 4c24 | 384c 8bc0 | 488b 5424 | 3866 6690 

  0x000001d387f64b88: ;   {optimized virtual_call}
  0x000001d387f64b88: c5f8 77e8 

  0x000001d387f64b8c: ; ImmutableOopMap {rbp=Oop [32]=Oop [40]=Oop [48]=NarrowOop }
                      ;*invokevirtual toArray {reexecute=0 rethrow=0 return_oop=1}
                      ; - java.security.CodeSource::getCertificates@73
                      ; - java.lang.ClassLoader::postDefineClass@24
                      ; - java.lang.ClassLoader::defineClass@37
  0x000001d387f64b8c: f09b 61ff 

  0x000001d387f64b90: ;   {other}
  0x000001d387f64b90: 0f1f 8400 | 8021 001f | 4c8b d044 

  0x000001d387f64b9c: ;   {metadata('java/security/cert/Certificate'[])}
  0x000001d387f64b9c: 8b40 0841 | 81f8 2029 | 1000 0f85 | a812 0000 | 4c89 5424 | 4045 8b5a | 0c4c 8bd5 | 4963 eb49 
  0x000001d387f64bbc: c1ea 0949 | b800 00a1 | f6d3 0100 | 0047 8824 | 1048 c1e5 | 024c 8b54 | 2440 4d8b | c244 8b4c 
  0x000001d387f64bdc: 2430 4589 | 4114 4181 | fb00 0004 | 000f 8782 | 0f00 0049 | 8b9f b801 | 0000 4c8d | 5517 4983 
  0x000001d387f64bfc: e2f8 4c8b | c34d 03c2 | 4d3b 87c8 | 0100 000f | 8360 0f00 | 004d 8987 | b801 0000 | 410f 0d88 
  0x000001d387f64c1c: c000 0000 | 48c7 0301 | 0000 0041 | 0f0d 8800 

  0x000001d387f64c2c: ;   {metadata('java/security/cert/Certificate'[])}
  0x000001d387f64c2c: 0100 00c7 | 4308 2029 | 1000 4489 | 5b0c 410f | 0d88 4001 | 0000 410f | 0d88 8001 | 0000 488b 
  0x000001d387f64c4c: 4c24 4048 | 83c1 1048 | 8bd3 4883 | c210 4883 | c507 48c1 | ed03 4c8b | c5c5 f877 | 49ba 6074 
  0x000001d387f64c6c: 5687 d301 | 0000 41ff 

  0x000001d387f64c74: ;   {other}
  0x000001d387f64c74: d20f 1f84 | 0000 0000 | 00e9 44f1 | ffff 4489 | 4424 3c44 | 895c 2438 | 4c89 4c24 | 3066 6690 
  0x000001d387f64c94: ;   {static_call}
  0x000001d387f64c94: c5f8 77e8 

  0x000001d387f64c98: ; ImmutableOopMap {rbp=Oop [32]=Oop [40]=Oop [48]=Oop [56]=NarrowOop [60]=NarrowOop [72]=Oop }
                      ;*invokestatic hashCode {reexecute=0 rethrow=0 return_oop=0}
                      ; - java.lang.String::hashCode@37
                      ; - java.util.concurrent.ConcurrentHashMap::get@1
                      ; - java.lang.ClassLoader::getNamedPackage@5
                      ; - java.lang.ClassLoader::postDefineClass@9
                      ; - java.lang.ClassLoader::defineClass@37
  0x000001d387f64c98: e4a0 61ff 

  0x000001d387f64c9c: ;   {other}
  0x000001d387f64c9c: 0f1f 8400 | 8c22 0020 | e9b3 efff | ff4c 8b4c | 2430 41c6 | 4111 0133 | c044 8b5c | 2438 448b 
  0x000001d387f64cbc: 4424 3ce9 | 88eb ffff | 4c8b cd44 | 8b44 2438 | 448b 5424 | 3c8b 4c24 | 40e9 c8eb | ffff 488b 
  0x000001d387f64cdc: 5424 4090 

  0x000001d387f64ce0: ;   {optimized virtual_call}
  0x000001d387f64ce0: c5f8 77e8 

  0x000001d387f64ce4: ; ImmutableOopMap {rbp=NarrowOop [32]=Oop [40]=Oop [48]=Oop [64]=Oop }
                      ;*invokevirtual length {reexecute=0 rethrow=0 return_oop=0}
                      ; - java.lang.String::indexOf@30
                      ; - java.lang.String::indexOf@3
                      ; - java.lang.ClassLoader::checkName@16
                      ; - java.lang.ClassLoader::preDefineClass@1
                      ; - java.lang.ClassLoader::defineClass@4
  0x000001d387f64ce4: 989a 61ff 

  0x000001d387f64ce8: ;   {other}
  0x000001d387f64ce8: 0f1f 8400 | d822 0021 | 488b d541 | b82f 0000 | 0045 33c9 | 8bf8 488b | 6c24 2890 

  0x000001d387f64d04: ;   {static_call}
  0x000001d387f64d04: c5f8 77e8 

  0x000001d387f64d08: ; ImmutableOopMap {rbp=Oop [32]=Oop [40]=Oop [48]=Oop [64]=Oop }
                      ;*invokestatic indexOf {reexecute=0 rethrow=0 return_oop=0}
                      ; - java.lang.String::indexOf@33
                      ; - java.lang.String::indexOf@3
                      ; - java.lang.ClassLoader::checkName@16
                      ; - java.lang.ClassLoader::preDefineClass@1
                      ; - java.lang.ClassLoader::defineClass@4
  0x000001d387f64d08: 74a0 61ff 

  0x000001d387f64d0c: ;   {other}
  0x000001d387f64d0c: 0f1f 8400 | fc22 0022 | 8bd8 e9a7 | e3ff ff44 | 8944 2438 | 4c89 4c24 

  0x000001d387f64d24: ;   {metadata('java/lang/NamedPackage')}
  0x000001d387f64d24: 3048 bae8 | c001 8fd3 | 0100 0090 

  0x000001d387f64d30: ;   {runtime_call _new_instance_Java}
  0x000001d387f64d30: c5f8 77e8 

  0x000001d387f64d34: ; ImmutableOopMap {[32]=Oop [40]=Oop [48]=Oop [56]=NarrowOop [72]=Oop }
                      ;*new {reexecute=0 rethrow=0 return_oop=1}
                      ; - java.lang.ClassLoader::getNamedPackage@16
                      ; - java.lang.ClassLoader::postDefineClass@9
                      ; - java.lang.ClassLoader::defineClass@37
  0x000001d387f64d34: c8ab 63ff 

  0x000001d387f64d38: ;   {other}
  0x000001d387f64d38: 0f1f 8400 | 2823 0023 | e978 ecff | ff4c 8994 | 2480 0000 | 004c 895c | 2478 4889 | 5c24 7044 
  0x000001d387f64d58: 8bda 4489 | 4424 6c44 | 8b44 2450 | 4489 4424 | 684c 8b54 | 2448 4c89 | 5424 604c | 896c 2458 
  0x000001d387f64d78: 4889 7424 | 504c 8b54 | 2440 4c89 

  0x000001d387f64d84: ;   {metadata({type array byte})}
  0x000001d387f64d84: 5424 2048 | ba18 2300 | 8fd3 0100 | 0045 8bc3 

  0x000001d387f64d94: ;   {runtime_call _new_array_nozero_Java}
  0x000001d387f64d94: c5f8 77e8 

  0x000001d387f64d98: ; ImmutableOopMap {rbp=Oop [120]=Derived_oop_rbp [32]=Oop [40]=Oop [48]=Oop [80]=Oop [88]=Oop [96]=Oop [104]=NarrowOop [108]=NarrowOop [112]=Oop }
                      ;*invokevirtual clone {reexecute=1 rethrow=0 return_oop=1}
                      ; - (reexecute) java.util.Arrays::copyOfRange@18
                      ; - java.lang.StringLatin1::newString@16
                      ; - java.lang.String::substring@41
                      ; - java.lang.ClassLoader::checkCerts@21
                      ; - java.lang.ClassLoader::preDefineClass@113
                      ; - java.lang.ClassLoader::defineClass@4
  0x000001d387f64d98: e4a4 63ff 

  0x000001d387f64d9c: ;   {other}
  0x000001d387f64d9c: 0f1f 8400 | 8c23 0024 | 4c8b 5424 | 204c 8954 | 2440 488b | 7424 504c | 8b6c 2458 | 4c8b 5424 
  0x000001d387f64dbc: 604c 8954 | 2448 448b | 5c24 6844 | 895c 2450 | 488b 5c24 | 704c 8b5c | 2478 4c8b | 9424 8000 
  0x000001d387f64ddc: 0000 4c8b | f0e9 03e6 

  0x000001d387f64de4: ;   {metadata('java/lang/InternalError')}
  0x000001d387f64de4: ffff 48ba | 3807 018f | d301 0000 

  0x000001d387f64df0: ;   {runtime_call _new_instance_Java}
  0x000001d387f64df0: c5f8 77e8 

  0x000001d387f64df4: ; ImmutableOopMap {[32]=Oop [40]=Oop [48]=Oop [56]=NarrowOop [64]=Oop [72]=Oop [80]=Oop }
                      ;*new {reexecute=0 rethrow=0 return_oop=1}
                      ; - java.lang.NamedPackage::<init>@18
                      ; - java.lang.ClassLoader::getNamedPackage@22
                      ; - java.lang.ClassLoader::postDefineClass@9
                      ; - java.lang.ClassLoader::defineClass@37
  0x000001d387f64df4: 08ab 63ff 

  0x000001d387f64df8: ;   {other}
  0x000001d387f64df8: 0f1f 8400 | e823 0025 | e953 ecff 

  0x000001d387f64e04: ;   {metadata('java/lang/StringBuilder')}
  0x000001d387f64e04: ff48 ba40 | 8000 8fd3 | 0100 0090 

  0x000001d387f64e10: ;   {runtime_call _new_instance_Java}
  0x000001d387f64e10: c5f8 77e8 

  0x000001d387f64e14: ; ImmutableOopMap {[32]=Oop [40]=Oop [48]=Oop [56]=NarrowOop [64]=Oop [72]=Oop [80]=Oop [104]=Oop }
                      ;*new {reexecute=0 rethrow=0 return_oop=1}
                      ; - java.lang.NamedPackage::<init>@22
                      ; - java.lang.ClassLoader::getNamedPackage@22
                      ; - java.lang.ClassLoader::postDefineClass@9
                      ; - java.lang.ClassLoader::defineClass@37
  0x000001d387f64e14: e8aa 63ff 

  0x000001d387f64e18: ;   {other}
  0x000001d387f64e18: 0f1f 8400 | 0824 0026 | e978 ecff | ff44 895c | 2450 4489 | 4424 4444 | 894c 2440 | 4c8b 5424 
  0x000001d387f64e38: 204c 8954 | 2438 4c8b | 5424 484c | 8954 2430 | 488b 6c24 

  0x000001d387f64e4c: ;   {metadata('java/lang/String')}
  0x000001d387f64e4c: 2848 ba78 | e800 8fd3 | 0100 0090 

  0x000001d387f64e58: ;   {runtime_call _new_instance_Java}
  0x000001d387f64e58: c5f8 77e8 

  0x000001d387f64e5c: ; ImmutableOopMap {rbp=Oop [48]=Oop [56]=Oop [64]=NarrowOop [152]=Oop }
                      ;*new {reexecute=0 rethrow=0 return_oop=1}
                      ; - java.lang.StringLatin1::newString@7
                      ; - java.lang.String::substring@41
                      ; - java.lang.Class::getPackageName@62
                      ; - java.lang.ClassLoader::postDefineClass@2
                      ; - java.lang.ClassLoader::defineClass@37
  0x000001d387f64e5c: a0aa 63ff 

  0x000001d387f64e60: ;   {other}
  0x000001d387f64e60: 0f1f 8400 | 5024 0027 | 4889 6c24 | 284c 8b5c | 2430 4c89 | 5c24 484c | 8b5c 2438 | 4c89 5c24 
  0x000001d387f64e80: 2044 8b4c | 2440 448b | 4424 4444 | 8b5c 2450 | 488b d8e9 | b3e7 ffff | 4c89 8424 | 8800 0000 
  0x000001d387f64ea0: 4c89 8c24 | 8000 0000 | 4c89 5c24 | 7848 895c | 2470 4489 | 5424 6c44 | 8b54 2450 | 4489 5424 
  0x000001d387f64ec0: 684c 8b54 | 2448 4c89 | 5424 604c | 896c 2458 | 4889 7424 | 5044 8b94 | 2490 0000 | 0044 8954 
  0x000001d387f64ee0: 2448 4c8b | 5424 404c | 8954 2420 

  0x000001d387f64eec: ;   {metadata({type array byte})}
  0x000001d387f64eec: 48ba 1823 | 008f d301 | 0000 448b | 4424 6c90 

  0x000001d387f64efc: ;   {runtime_call _new_array_nozero_Java}
  0x000001d387f64efc: c5f8 77e8 

  0x000001d387f64f00: ; ImmutableOopMap {[32]=Oop [40]=Oop [48]=Oop [80]=Oop [88]=Oop [96]=Oop [104]=NarrowOop [112]=Oop [152]=Oop [120]=Derived_oop_[152] }
                      ;*newarray {reexecute=0 rethrow=0 return_oop=1}
                      ; - java.util.Arrays::copyOfRangeByte@10
                      ; - java.util.Arrays::copyOfRange@13
                      ; - java.lang.StringLatin1::newString@16
                      ; - java.lang.String::substring@41
                      ; - java.lang.ClassLoader::checkCerts@21
                      ; - java.lang.ClassLoader::preDefineClass@113
                      ; - java.lang.ClassLoader::defineClass@4
  0x000001d387f64f00: 7ca3 63ff 

  0x000001d387f64f04: ;   {other}
  0x000001d387f64f04: 0f1f 8400 | f424 0028 | 4c8b 5424 | 204c 8954 | 2440 448b | 5c24 4844 | 899c 2490 | 0000 0048 
  0x000001d387f64f24: 8b74 2450 | 4c8b 6c24 | 584c 8b54 | 2460 4c89 | 5424 4844 | 8b5c 2468 | 4489 5c24 | 5044 8b54 
  0x000001d387f64f44: 246c 488b | 5c24 704c | 8b5c 2478 | 4c8b f04c | 8b8c 2480 | 0000 004c | 8b84 2488 | 0000 00e9 
  0x000001d387f64f64: d6e3 ffff | bae4 ffff | ff44 8954 | 2420 448b | 5424 3844 | 8954 2424 | 448b 5c24 | 3c44 895c 
  0x000001d387f64f84: 2438 4889 | 7424 584c | 896c 2460 | 448b 5c24 | 5044 895c | 243c 4489 | 4424 5490 

  0x000001d387f64fa0: ;   {runtime_call UncommonTrapBlob}
  0x000001d387f64fa0: c5f8 77e8 

  0x000001d387f64fa4: ; ImmutableOopMap {[40]=Oop [48]=Oop [60]=NarrowOop [64]=Oop [72]=Oop [84]=NarrowOop [88]=Oop [96]=Oop }
                      ;*baload {reexecute=0 rethrow=0 return_oop=0}
                      ; - java.lang.StringLatin1::lastIndexOf@24
                      ; - java.lang.String::lastIndexOf@13
                      ; - java.lang.String::lastIndexOf@8
                      ; - java.lang.ClassLoader::checkCerts@3
                      ; - java.lang.ClassLoader::preDefineClass@113
                      ; - java.lang.ClassLoader::defineClass@4
  0x000001d387f64fa4: 58ea 61ff 

  0x000001d387f64fa8: ;   {other}
  0x000001d387f64fa8: 0f1f 8400 | 9825 0029 | 448b 5908 

  0x000001d387f64fb4: ;   {metadata('java/util/concurrent/ConcurrentHashMap$ForwardingNode')}
  0x000001d387f64fb4: 4181 fb60 | 0318 000f | 85af 0c00 | 0045 8bda | 4489 4424 | 344c 894c | 2450 4c8b | 5424 204c 
  0x000001d387f64fd4: 8954 2440 | 4c8b 5424 | 484c 8954 | 2438 4c8b | 5424 284c | 8954 2420 | 488b d345 | 8bc3 488b 
  0x000001d387f64ff4: 6c24 4090 

  0x000001d387f64ff8: ;   {optimized virtual_call}
  0x000001d387f64ff8: c5f8 77e8 

  0x000001d387f64ffc: ; ImmutableOopMap {rbp=Oop [32]=Oop [52]=NarrowOop [56]=Oop [64]=Oop [80]=Oop }
                      ;*invokevirtual find {reexecute=0 rethrow=0 return_oop=1}
                      ; - java.util.concurrent.ConcurrentHashMap::get@93
                      ; - java.lang.ClassLoader::getNamedPackage@5
                      ; - java.lang.ClassLoader::postDefineClass@9
                      ; - java.lang.ClassLoader::defineClass@37
  0x000001d387f64ffc: 8097 61ff 

  0x000001d387f65000: ;   {other}
  0x000001d387f65000: 0f1f 8400 | f025 002a | 4885 c00f | 8473 0200 | 008b 6814 | 85ed 0f84 | 6802 0000 | 4c8b 5424 
  0x000001d387f65020: 204c 8954 | 2428 4c8b | 5424 384c | 8954 2448 | 4c8b 5424 | 404c 8954 | 2420 e970 | ebff ff48 
  0x000001d387f65040: 897c 2460 | 4c89 5424 | 5848 895c | 2450 4489 | 4c24 404c | 8b54 2420 | 4c89 5424 | 384c 8b54 
  0x000001d387f65060: 2448 4c89 | 5424 3048 | 8b6c 2428 

  0x000001d387f6506c: ;   {metadata({type array byte})}
  0x000001d387f6506c: 48ba 1823 | 008f d301 | 0000 6690 

  0x000001d387f65078: ;   {runtime_call _new_array_nozero_Java}
  0x000001d387f65078: c5f8 77e8 

  0x000001d387f6507c: ; ImmutableOopMap {rbp=Oop [48]=Oop [56]=Oop [64]=NarrowOop [80]=Oop [152]=Oop [88]=Derived_oop_[152] }
                      ;*invokevirtual clone {reexecute=1 rethrow=0 return_oop=1}
                      ; - (reexecute) java.util.Arrays::copyOfRange@18
                      ; - java.lang.StringLatin1::newString@16
                      ; - java.lang.String::substring@41
                      ; - java.lang.Class::getPackageName@62
                      ; - java.lang.ClassLoader::postDefineClass@2
                      ; - java.lang.ClassLoader::defineClass@37
  0x000001d387f6507c: 00a2 63ff 

  0x000001d387f65080: ;   {other}
  0x000001d387f65080: 0f1f 8400 | 7026 002b | 4889 6c24 | 284c 8b54 | 2430 4c89 | 5424 484c | 8b54 2438 | 4c89 5424 
  0x000001d387f650a0: 2048 8b5c | 2450 4c8b | 5424 5848 | 8b7c 2460 | 488b f0e9 | e5e6 ffff | 4c89 4c24 | 6848 894c 
  0x000001d387f650c0: 2460 4c89 | 5424 5848 | 895c 2450 | 4489 5c24 | 344c 8b54 | 2420 4c89 | 5424 404c | 8b54 2448 
  0x000001d387f650e0: 4c89 5424 | 3844 8b9c | 2490 0000 | 0044 895c | 2430 4c8b | 5424 284c | 8954 2420 

  0x000001d387f650fc: ;   {metadata({type array byte})}
  0x000001d387f650fc: 48ba 1823 | 008f d301 | 0000 448b | 4424 344c | 8b54 2440 | 4c89 5424 | 2866 6690 

  0x000001d387f65118: ;   {runtime_call _new_array_nozero_Java}
  0x000001d387f65118: c5f8 77e8 

  0x000001d387f6511c: ; ImmutableOopMap {[32]=Oop [40]=Oop [56]=Oop [64]=Oop [80]=Oop [152]=Oop [88]=Derived_oop_[152] }
                      ;*newarray {reexecute=0 rethrow=0 return_oop=1}
                      ; - java.util.Arrays::copyOfRangeByte@10
                      ; - java.util.Arrays::copyOfRange@13
                      ; - java.lang.StringLatin1::newString@16
                      ; - java.lang.String::substring@41
                      ; - java.lang.Class::getPackageName@62
                      ; - java.lang.ClassLoader::postDefineClass@2
                      ; - java.lang.ClassLoader::defineClass@37
  0x000001d387f6511c: 60a1 63ff 

  0x000001d387f65120: ;   {other}
  0x000001d387f65120: 0f1f 8400 | 1027 002c | 4c8b 5424 | 204c 8954 | 2428 448b | 5424 3044 | 8994 2490 | 0000 004c 
  0x000001d387f65140: 8b54 2438 | 4c89 5424 | 484c 8b54 | 2440 4c89 | 5424 2044 | 8b5c 2434 | 488b 5c24 | 504c 8b54 
  0x000001d387f65160: 2458 488b | f048 8b4c | 2460 4c8b | 4c24 68e9 | 7be5 ffff | 4c89 4c24 | 7845 8bcb | 4489 5424 
  0x000001d387f65180: 7048 895c | 2468 4c8b | 5424 484c | 8954 2460 | 4c89 6c24 | 5848 8974 | 2450 4c8b | 5424 404c 
  0x000001d387f651a0: 8954 2420 | 48ba 0000 | 008f d301 | 0000 4903 | d045 8bc1 

  0x000001d387f651b4: ;   {runtime_call _new_array_Java}
  0x000001d387f651b4: c5f8 77e8 

  0x000001d387f651b8: ; ImmutableOopMap {rbp=Oop [32]=Oop [40]=Oop [48]=Oop [80]=Oop [88]=Oop [96]=Oop [104]=Oop [112]=NarrowOop }
                      ;*invokevirtual clone {reexecute=1 rethrow=0 return_oop=1}
                      ; - (reexecute) java.security.CodeSource::getCertificates@11
                      ; - java.lang.ClassLoader::checkCerts@34
                      ; - java.lang.ClassLoader::preDefineClass@113
                      ; - java.lang.ClassLoader::defineClass@4
  0x000001d387f651b8: 44a4 63ff 

  0x000001d387f651bc: ;   {other}
  0x000001d387f651bc: 0f1f 8400 | ac27 002d | 4c8b 5424 | 204c 8954 | 2440 488b | 7424 504c | 8b6c 2458 | 4c8b 5424 
  0x000001d387f651dc: 604c 8954 | 2448 488b | 5c24 6844 | 8b54 2470 | 4c8b 4c24 | 7848 8bf8 | e9f6 eaff | ffba e4ff 
  0x000001d387f651fc: ffff 488b | 6c24 204c | 8b54 2448 | 4c89 5424 | 3848 894c | 2448 4489 | 4c24 5844 | 895c 245c 
  0x000001d387f6521c: ;   {runtime_call UncommonTrapBlob}
  0x000001d387f6521c: c5f8 77e8 

  0x000001d387f65220: ; ImmutableOopMap {rbp=Oop [40]=Oop [56]=Oop [72]=Oop [88]=NarrowOop }
                      ;*baload {reexecute=0 rethrow=0 return_oop=0}
                      ; - java.lang.StringLatin1::lastIndexOf@24
                      ; - java.lang.String::lastIndexOf@13
                      ; - java.lang.String::lastIndexOf@8
                      ; - java.lang.Class::getPackageName@47
                      ; - java.lang.ClassLoader::postDefineClass@2
                      ; - java.lang.ClassLoader::defineClass@37
  0x000001d387f65220: dce7 61ff 

  0x000001d387f65224: ;   {other}
  0x000001d387f65224: 0f1f 8400 | 1428 002e | 4889 7424 | 4044 894c | 2438 48ff | 7424 2048 | 8f44 2430 | 4c8b 5424 
  0x000001d387f65244: 284c 8954 | 2420 48ba | 0000 008f | d301 0000 | 4803 d790 

  0x000001d387f65258: ;   {runtime_call _new_array_Java}
  0x000001d387f65258: c5f8 77e8 

  0x000001d387f6525c: ; ImmutableOopMap {rbp=Oop [32]=Oop [48]=Oop [56]=NarrowOop }
                      ;*invokevirtual clone {reexecute=1 rethrow=0 return_oop=1}
                      ; - (reexecute) java.security.CodeSource::getCertificates@11
                      ; - java.lang.ClassLoader::postDefineClass@24
                      ; - java.lang.ClassLoader::defineClass@37
  0x000001d387f6525c: a0a3 63ff 

  0x000001d387f65260: ;   {other}
  0x000001d387f65260: 0f1f 8400 | 5028 002f | 48ff 7424 | 3048 8f44 | 2420 448b | 4c24 3848 | 8b74 2440 | 488b d8e9 
  0x000001d387f65280: 14eb ffff | 4c8b 5424 | 204c 8954 | 2428 4c8b | 5424 384c | 8954 2448 | 4c8b 5424 | 404c 8954 
  0x000001d387f652a0: 2420 4c8b | 4c24 5044 | 8b44 2434 | e9c2 e6ff | ffba f6ff | ffff 488b | e866 6690 

  0x000001d387f652bc: ;   {runtime_call UncommonTrapBlob}
  0x000001d387f652bc: c5f8 77e8 

  0x000001d387f652c0: ; ImmutableOopMap {rbp=Oop }
                      ;*invokevirtual get {reexecute=0 rethrow=0 return_oop=0}
                      ; - java.lang.ClassLoader::getNamedPackage@5
                      ; - java.lang.ClassLoader::postDefineClass@9
                      ; - java.lang.ClassLoader::defineClass@37
  0x000001d387f652c0: 3ce7 61ff 

  0x000001d387f652c4: ;   {other}
  0x000001d387f652c4: 0f1f 8400 | b428 0030 | ba45 ffff | ff48 8b6c | 2428 6690 

  0x000001d387f652d8: ;   {runtime_call UncommonTrapBlob}
  0x000001d387f652d8: c5f8 77e8 

  0x000001d387f652dc: ; ImmutableOopMap {rbp=Oop [32]=Oop [48]=Oop [64]=Oop }
                      ;*ifeq {reexecute=1 rethrow=0 return_oop=0}
                      ; - (reexecute) java.lang.ClassLoader::checkName@8
                      ; - java.lang.ClassLoader::preDefineClass@1
                      ; - java.lang.ClassLoader::defineClass@4
  0x000001d387f652dc: 20e7 61ff 

  0x000001d387f652e0: ;   {other}
  0x000001d387f652e0: 0f1f 8400 | d028 0031 | bae4 ffff | ff44 895c | 2458 6690 

  0x000001d387f652f4: ;   {runtime_call UncommonTrapBlob}
  0x000001d387f652f4: c5f8 77e8 

  0x000001d387f652f8: ; ImmutableOopMap {[32]=Oop [40]=Oop [48]=Oop [64]=Oop [88]=NarrowOop }
                      ;*invokestatic checkIndex {reexecute=0 rethrow=0 return_oop=0}
                      ; - java.lang.String::checkIndex@5
                      ; - java.lang.StringLatin1::charAt@3
                      ; - java.lang.String::charAt@12
                      ; - java.lang.ClassLoader::checkName@25
                      ; - java.lang.ClassLoader::preDefineClass@1
                      ; - java.lang.ClassLoader::defineClass@4
  0x000001d387f652f8: 04e7 61ff 

  0x000001d387f652fc: ;   {other}
  0x000001d387f652fc: 0f1f 8400 | ec28 0032 | baf6 ffff | ff48 8beb | 4889 7c24 | 2066 6690 

  0x000001d387f65314: ;   {runtime_call UncommonTrapBlob}
  0x000001d387f65314: c5f8 77e8 

  0x000001d387f65318: ; ImmutableOopMap {rbp=Oop [32]=Oop }
                      ;*invokevirtual putIfAbsent {reexecute=0 rethrow=0 return_oop=0}
                      ; - java.lang.ClassLoader::checkCerts@62
                      ; - java.lang.ClassLoader::preDefineClass@113
                      ; - java.lang.ClassLoader::defineClass@4
  0x000001d387f65318: e4e6 61ff 

  0x000001d387f6531c: ;   {other}
  0x000001d387f6531c: 0f1f 8400 | 0c29 0033 | bace ffff | ff44 895c | 2460 6690 

  0x000001d387f65330: ;   {runtime_call UncommonTrapBlob}
  0x000001d387f65330: c5f8 77e8 

  0x000001d387f65334: ; ImmutableOopMap {rbp=NarrowOop [32]=Oop [40]=Oop [48]=Oop [64]=Oop }
                      ;*invokestatic indexOfChar {reexecute=0 rethrow=0 return_oop=0}
                      ; - java.lang.StringLatin1::indexOf@33
                      ; - java.lang.String::indexOf@17
                      ; - java.lang.String::indexOf@3
                      ; - java.lang.ClassLoader::checkName@16
                      ; - java.lang.ClassLoader::preDefineClass@1
                      ; - java.lang.ClassLoader::defineClass@4
  0x000001d387f65334: c8e6 61ff 

  0x000001d387f65338: ;   {other}
  0x000001d387f65338: 0f1f 8400 | 2829 0034 | bae4 ffff | ff66 6690 

  0x000001d387f65348: ;   {runtime_call UncommonTrapBlob}
  0x000001d387f65348: c5f8 77e8 

  0x000001d387f6534c: ; ImmutableOopMap {rbp=NarrowOop [32]=Oop [40]=Oop [48]=Oop [64]=Oop }
                      ;*baload {reexecute=0 rethrow=0 return_oop=0}
                      ; - jdk.internal.util.ArraysSupport::mismatch@82
                      ; - java.lang.String::startsWith@70
                      ; - java.lang.String::startsWith@3
                      ; - java.lang.ClassLoader::preDefineClass@43
                      ; - java.lang.ClassLoader::defineClass@4
  0x000001d387f6534c: b0e6 61ff 

  0x000001d387f65350: ;   {other}
  0x000001d387f65350: 0f1f 8400 | 4029 0035 | ba45 ffff | ff48 8b6c | 2428 895c | 2450 6690 

  0x000001d387f65368: ;   {runtime_call UncommonTrapBlob}
  0x000001d387f65368: c5f8 77e8 

  0x000001d387f6536c: ; ImmutableOopMap {rbp=Oop [32]=Oop [48]=Oop [64]=Oop }
                      ;*if_icmpne {reexecute=1 rethrow=0 return_oop=0}
                      ; - (reexecute) java.lang.ClassLoader::checkName@20
                      ; - java.lang.ClassLoader::preDefineClass@1
                      ; - java.lang.ClassLoader::defineClass@4
  0x000001d387f6536c: 90e6 61ff 

  0x000001d387f65370: ;   {other}
  0x000001d387f65370: 0f1f 8400 | 6029 0036 | ba45 ffff | ff4c 8b54 | 2448 4c89 | 5424 384c | 894c 2448 | 4489 4424 
  0x000001d387f65390: 5066 6690 

  0x000001d387f65394: ;   {runtime_call UncommonTrapBlob}
  0x000001d387f65394: c5f8 77e8 

  0x000001d387f65398: ; ImmutableOopMap {[32]=Oop [40]=Oop [56]=Oop [72]=Oop [80]=NarrowOop }
                      ;*ifle {reexecute=1 rethrow=0 return_oop=0}
                      ; - (reexecute) java.util.concurrent.ConcurrentHashMap::get@23
                      ; - java.lang.ClassLoader::getNamedPackage@5
                      ; - java.lang.ClassLoader::postDefineClass@9
                      ; - java.lang.ClassLoader::defineClass@37
  0x000001d387f65398: 64e6 61ff 

  0x000001d387f6539c: ;   {other}
  0x000001d387f6539c: 0f1f 8400 | 8c29 0037 | baf6 ffff | ff66 6690 

  0x000001d387f653ac: ;   {runtime_call UncommonTrapBlob}
  0x000001d387f653ac: c5f8 77e8 

  0x000001d387f653b0: ; ImmutableOopMap {}
                      ;*invokevirtual isNamed {reexecute=0 rethrow=0 return_oop=0}
                      ; - java.lang.NamedPackage::<init>@12
                      ; - java.lang.ClassLoader::getNamedPackage@22
                      ; - java.lang.ClassLoader::postDefineClass@9
                      ; - java.lang.ClassLoader::defineClass@37
  0x000001d387f653b0: 4ce6 61ff 

  0x000001d387f653b4: ;   {other}
  0x000001d387f653b4: 0f1f 8400 | a429 0038 | 4533 d245 | 85c9 410f | 94c2 ba45 | ffff ff4c | 8b5c 2428 | 4c89 5c24 
  0x000001d387f653d4: 204c 8b5c | 2440 4c89 | 5c24 284c | 8b5c 2448 | 4c89 5c24 | 4048 8974 | 2448 4c89 | 6c24 6044 
  0x000001d387f653f4: 8954 2454 

  0x000001d387f653f8: ;   {runtime_call UncommonTrapBlob}
  0x000001d387f653f8: c5f8 77e8 

  0x000001d387f653fc: ; ImmutableOopMap {[32]=Oop [40]=Oop [48]=Oop [64]=Oop [72]=Oop [80]=NarrowOop [96]=Oop }
                      ;*ifeq {reexecute=1 rethrow=0 return_oop=0}
                      ; - (reexecute) java.lang.String::lastIndexOf@4
                      ; - java.lang.String::lastIndexOf@8
                      ; - java.lang.ClassLoader::checkCerts@3
                      ; - java.lang.ClassLoader::preDefineClass@113
                      ; - java.lang.ClassLoader::defineClass@4
  0x000001d387f653fc: 00e6 61ff 

  0x000001d387f65400: ;   {other}
  0x000001d387f65400: 0f1f 8400 | f029 0039 | ba45 ffff | ff44 8954 | 2420 4489 | 5424 2448 | 8974 2458 | 4c89 6c24 
  0x000001d387f65420: 6844 895c | 2470 6690 

  0x000001d387f65428: ;   {runtime_call UncommonTrapBlob}
  0x000001d387f65428: c5f8 77e8 

  0x000001d387f6542c: ; ImmutableOopMap {[40]=Oop [48]=Oop [64]=Oop [72]=Oop [80]=NarrowOop [88]=Oop [104]=Oop }
                      ;*if_icmpgt {reexecute=1 rethrow=0 return_oop=0}
                      ; - (reexecute) jdk.internal.util.Preconditions::checkFromToIndex@6
                      ; - java.lang.String::checkBoundsBeginEnd@6
                      ; - java.lang.String::substring@8
                      ; - java.lang.ClassLoader::checkCerts@21
                      ; - java.lang.ClassLoader::preDefineClass@113
                      ; - java.lang.ClassLoader::defineClass@4
  0x000001d387f6542c: d0e5 61ff 

  0x000001d387f65430: ;   {other}
  0x000001d387f65430: 0f1f 8400 | 202a 003a | bade ffff | ff66 6690 

  0x000001d387f65440: ;   {runtime_call UncommonTrapBlob}
  0x000001d387f65440: c5f8 77e8 

  0x000001d387f65444: ; ImmutableOopMap {rbp=NarrowOop }
                      ;*checkcast {reexecute=0 rethrow=0 return_oop=0}
                      ; - java.lang.ClassLoader::getNamedPackage@8
                      ; - java.lang.ClassLoader::postDefineClass@9
                      ; - java.lang.ClassLoader::defineClass@37
  0x000001d387f65444: b8e5 61ff 

  0x000001d387f65448: ;   {other}
  0x000001d387f65448: 0f1f 8400 | 382a 003b | ba45 ffff | ff48 8b6c | 2428 4489 | 5424 5090 

  0x000001d387f65460: ;   {runtime_call UncommonTrapBlob}
  0x000001d387f65460: c5f8 77e8 

  0x000001d387f65464: ; ImmutableOopMap {rbp=Oop [32]=Oop [48]=Oop [64]=Oop }
                      ;*if_icmpne {reexecute=1 rethrow=0 return_oop=0}
                      ; - (reexecute) java.lang.ClassLoader::checkName@30
                      ; - java.lang.ClassLoader::preDefineClass@1
                      ; - java.lang.ClassLoader::defineClass@4
  0x000001d387f65464: 98e5 61ff 

  0x000001d387f65468: ;   {other}
  0x000001d387f65468: 0f1f 8400 | 582a 003c | ba45 ffff | ff41 8bea | 4c8b 5424 | 284c 8954 | 2420 4c8b | 5424 404c 
  0x000001d387f65488: 8954 2428 | 4c8b 5424 | 484c 8954 | 2440 4889 | 7424 484c | 896c 2458 

  0x000001d387f654a0: ;   {runtime_call UncommonTrapBlob}
  0x000001d387f654a0: c5f8 77e8 

  0x000001d387f654a4: ; ImmutableOopMap {[32]=Oop [40]=Oop [48]=Oop [64]=Oop [72]=Oop [80]=NarrowOop [88]=Oop }
                      ;*if_icmpne {reexecute=1 rethrow=0 return_oop=0}
                      ; - (reexecute) java.lang.ClassLoader::checkCerts@9
                      ; - java.lang.ClassLoader::preDefineClass@113
                      ; - java.lang.ClassLoader::defineClass@4
  0x000001d387f654a4: 58e5 61ff 

  0x000001d387f654a8: ;   {other}
  0x000001d387f654a8: 0f1f 8400 | 982a 003d | ba45 ffff | ff44 8954 | 2420 4489 | 5424 2448 | 8974 2458 | 4c89 6c24 
  0x000001d387f654c8: 6844 895c | 2470 4489 | 5c24 7490 

  0x000001d387f654d4: ;   {runtime_call UncommonTrapBlob}
  0x000001d387f654d4: c5f8 77e8 

  0x000001d387f654d8: ; ImmutableOopMap {[40]=Oop [48]=Oop [64]=Oop [72]=Oop [80]=NarrowOop [88]=Oop [104]=Oop }
                      ;*if_icmple {reexecute=1 rethrow=0 return_oop=0}
                      ; - (reexecute) jdk.internal.util.Preconditions::checkFromToIndex@11
                      ; - java.lang.String::checkBoundsBeginEnd@6
                      ; - java.lang.String::substring@8
                      ; - java.lang.ClassLoader::checkCerts@21
                      ; - java.lang.ClassLoader::preDefineClass@113
                      ; - java.lang.ClassLoader::defineClass@4
  0x000001d387f654d8: 24e5 61ff 

  0x000001d387f654dc: ;   {other}
  0x000001d387f654dc: 0f1f 8400 | cc2a 003e | ba45 ffff | ff48 8944 | 2440 6690 

  0x000001d387f654f0: ;   {runtime_call UncommonTrapBlob}
  0x000001d387f654f0: c5f8 77e8 

  0x000001d387f654f4: ; ImmutableOopMap {[32]=Oop [40]=Oop [64]=Oop [72]=Oop }
                      ;*ifeq {reexecute=1 rethrow=0 return_oop=0}
                      ; - (reexecute) java.lang.Class::getPackageName@13
                      ; - java.lang.ClassLoader::postDefineClass@2
                      ; - java.lang.ClassLoader::defineClass@37
  0x000001d387f654f4: 08e5 61ff 

  0x000001d387f654f8: ;   {other}
  0x000001d387f654f8: 0f1f 8400 | e82a 003f | baf6 ffff | ff66 6690 

  0x000001d387f65508: ;   {runtime_call UncommonTrapBlob}
  0x000001d387f65508: c5f8 77e8 

  0x000001d387f6550c: ; ImmutableOopMap {[56]=NarrowOop }
                      ;*invokevirtual append {reexecute=0 rethrow=0 return_oop=0}
                      ; - java.lang.NamedPackage::<init>@35
                      ; - java.lang.ClassLoader::getNamedPackage@22
                      ; - java.lang.ClassLoader::postDefineClass@9
                      ; - java.lang.ClassLoader::defineClass@37
  0x000001d387f6550c: f0e4 61ff 

  0x000001d387f65510: ;   {other}
  0x000001d387f65510: 0f1f 8400 | 002b 0040 | baf6 ffff | ff66 6690 

  0x000001d387f65520: ;   {runtime_call UncommonTrapBlob}
  0x000001d387f65520: c5f8 77e8 

  0x000001d387f65524: ; ImmutableOopMap {}
                      ;*invokevirtual toString {reexecute=0 rethrow=0 return_oop=0}
                      ; - java.lang.NamedPackage::<init>@38
                      ; - java.lang.ClassLoader::getNamedPackage@22
                      ; - java.lang.ClassLoader::postDefineClass@9
                      ; - java.lang.ClassLoader::defineClass@37
  0x000001d387f65524: d8e4 61ff 

  0x000001d387f65528: ;   {other}
  0x000001d387f65528: 0f1f 8400 | 182b 0041 | ba45 ffff | ff48 8b6c | 2428 4c8b | 5424 404c | 8954 2428 | 4c8b 5424 
  0x000001d387f65548: 484c 8954 | 2440 4489 | 4424 4890 

  0x000001d387f65554: ;   {runtime_call UncommonTrapBlob}
  0x000001d387f65554: c5f8 77e8 

  0x000001d387f65558: ; ImmutableOopMap {rbp=Oop [32]=Oop [40]=Oop [48]=Oop [64]=Oop }
                      ;*ifne {reexecute=1 rethrow=0 return_oop=0}
                      ; - (reexecute) java.lang.ClassLoader::compareCerts@7
                      ; - java.lang.ClassLoader::checkCerts@80
                      ; - java.lang.ClassLoader::preDefineClass@113
                      ; - java.lang.ClassLoader::defineClass@4
  0x000001d387f65558: a4e4 61ff 

  0x000001d387f6555c: ;   {other}
  0x000001d387f6555c: 0f1f 8400 | 4c2b 0042 | 4889 ac24 | 9800 0000 | 4d63 cae9 | 48dd ffff | 4983 c1fe | 498b c948 
  0x000001d387f6557c: 8bfa 4833 | c048 83f9 | 087f 1048 | ffc9 784f | 4889 04cf | 48ff c97d | f7eb 44c5 | fdef c0e9 
  0x000001d387f6559c: 0d00 0000 | c5fe 7f07 | c5fe 7f47 | 2048 83c7 | 4048 83e9 | 087d ed48 | 83c1 047c | 0cc5 fe7f 
  0x000001d387f655bc: 0748 83c7 | 2048 83e9 | 0448 83c1 | 047e 1048 | ffc9 c5f9 | d607 4883 | c708 48ff | c97d f3e9 
  0x000001d387f655dc: 9ddd ffff | bacc ffff | ff44 8954 | 2420 448b | 5424 3844 | 8954 2424 | 448b 5c24 | 3c44 895c 
  0x000001d387f655fc: 2438 4889 | 7424 584c | 896c 2460 | 448b 5424 | 5044 8954 | 243c 4889 | 5c24 6844 | 8944 2470 
  0x000001d387f6561c: ;   {runtime_call UncommonTrapBlob}
  0x000001d387f6561c: c5f8 77e8 

  0x000001d387f65620: ; ImmutableOopMap {[40]=Oop [48]=Oop [60]=NarrowOop [64]=Oop [72]=Oop [88]=Oop [96]=Oop [104]=Oop [112]=NarrowOop }
                      ;*newarray {reexecute=1 rethrow=0 return_oop=0}
                      ; - (reexecute) java.util.Arrays::copyOfRangeByte@10
                      ; - java.util.Arrays::copyOfRange@13
                      ; - java.lang.StringLatin1::newString@16
                      ; - java.lang.String::substring@41
                      ; - java.lang.ClassLoader::checkCerts@21
                      ; - java.lang.ClassLoader::preDefineClass@113
                      ; - java.lang.ClassLoader::defineClass@4
  0x000001d387f65620: dce3 61ff 

  0x000001d387f65624: ;   {other}
  0x000001d387f65624: 0f1f 8400 | 142c 0043 | 85db 448b | 8424 9000 | 0000 410f | 94c0 ba45 | ffff ff48 | 8b6c 2420 
  0x000001d387f65644: 4c8b 5c24 | 484c 895c | 2438 4889 | 4c24 5044 | 8954 2458 | 4489 4424 | 5c66 6690 

  0x000001d387f65660: ;   {runtime_call UncommonTrapBlob}
  0x000001d387f65660: c5f8 77e8 

  0x000001d387f65664: ; ImmutableOopMap {rbp=Oop [40]=Oop [56]=Oop [80]=Oop }
                      ;*ifeq {reexecute=1 rethrow=0 return_oop=0}
                      ; - (reexecute) java.lang.String::lastIndexOf@4
                      ; - java.lang.String::lastIndexOf@8
                      ; - java.lang.Class::getPackageName@47
                      ; - java.lang.ClassLoader::postDefineClass@2
                      ; - java.lang.ClassLoader::defineClass@37
  0x000001d387f65664: 98e3 61ff 

  0x000001d387f65668: ;   {other}
  0x000001d387f65668: 0f1f 8400 | 582c 0044 | ba45 ffff | ff4c 8b54 | 2448 4c89 | 5424 4048 | 894c 2450 | 4489 5c24 
  0x000001d387f65688: 5c44 895c | 2464 6690 

  0x000001d387f65690: ;   {runtime_call UncommonTrapBlob}
  0x000001d387f65690: c5f8 77e8 

  0x000001d387f65694: ; ImmutableOopMap {[32]=Oop [40]=Oop [64]=Oop [80]=Oop }
                      ;*if_icmpgt {reexecute=1 rethrow=0 return_oop=0}
                      ; - (reexecute) jdk.internal.util.Preconditions::checkFromToIndex@6
                      ; - java.lang.String::checkBoundsBeginEnd@6
                      ; - java.lang.String::substring@8
                      ; - java.lang.Class::getPackageName@62
                      ; - java.lang.ClassLoader::postDefineClass@2
                      ; - java.lang.ClassLoader::defineClass@37
  0x000001d387f65694: 68e3 61ff 

  0x000001d387f65698: ;   {other}
  0x000001d387f65698: 0f1f 8400 | 882c 0045 | ba45 ffff | ff48 8b6c | 2420 4c8b | 5424 484c | 8954 2438 | 4489 5c24 
  0x000001d387f656b8: 4866 6690 

  0x000001d387f656bc: ;   {runtime_call UncommonTrapBlob}
  0x000001d387f656bc: c5f8 77e8 

  0x000001d387f656c0: ; ImmutableOopMap {rbp=Oop [40]=Oop [56]=Oop }
                      ;*if_icmpeq {reexecute=1 rethrow=0 return_oop=0}
                      ; - (reexecute) java.lang.Class::getPackageName@55
                      ; - java.lang.ClassLoader::postDefineClass@2
                      ; - java.lang.ClassLoader::defineClass@37
  0x000001d387f656c0: 3ce3 61ff 

  0x000001d387f656c4: ;   {other}
  0x000001d387f656c4: 0f1f 8400 | b42c 0046 | ba45 ffff | ff4c 8b54 | 2448 4c89 | 5424 4048 | 894c 2450 | 4489 5c24 
  0x000001d387f656e4: 5c44 895c | 2464 6690 

  0x000001d387f656ec: ;   {runtime_call UncommonTrapBlob}
  0x000001d387f656ec: c5f8 77e8 

  0x000001d387f656f0: ; ImmutableOopMap {[32]=Oop [40]=Oop [64]=Oop [80]=Oop }
                      ;*if_icmple {reexecute=1 rethrow=0 return_oop=0}
                      ; - (reexecute) jdk.internal.util.Preconditions::checkFromToIndex@11
                      ; - java.lang.String::checkBoundsBeginEnd@6
                      ; - java.lang.String::substring@8
                      ; - java.lang.Class::getPackageName@62
                      ; - java.lang.ClassLoader::postDefineClass@2
                      ; - java.lang.ClassLoader::defineClass@37
  0x000001d387f656f0: 0ce3 61ff 

  0x000001d387f656f4: ;   {other}
  0x000001d387f656f4: 0f1f 8400 | e42c 0047 | 4963 cbe9 | 64df ffff | 4883 c1fe | 488b fa48 | 33c0 4883 | f908 7f10 
  0x000001d387f65714: 48ff c978 | 4f48 8904 | cf48 ffc9 | 7df7 eb44 | c5fd efc0 | e90d 0000 | 00c5 fe7f | 07c5 fe7f 
  0x000001d387f65734: 4720 4883 | c740 4883 | e908 7ded | 4883 c104 | 7c0c c5fe | 7f07 4883 | c720 4883 | e904 4883 
  0x000001d387f65754: c104 7e10 | 48ff c9c5 | f9d6 0748 | 83c7 0848 | ffc9 7df3 | e9c4 dfff | ffba ccff | ffff 4c8b 
  0x000001d387f65774: 5424 484c | 8954 2438 | 4889 5c24 | 5044 894c | 2458 4489 | 5c24 6090 

  0x000001d387f6578c: ;   {runtime_call UncommonTrapBlob}
  0x000001d387f6578c: c5f8 77e8 

  0x000001d387f65790: ; ImmutableOopMap {[32]=Oop [40]=Oop [56]=Oop [80]=Oop [88]=NarrowOop }
                      ;*newarray {reexecute=1 rethrow=0 return_oop=0}
                      ; - (reexecute) java.util.Arrays::copyOfRangeByte@10
                      ; - java.util.Arrays::copyOfRange@13
                      ; - java.lang.StringLatin1::newString@16
                      ; - java.lang.String::substring@41
                      ; - java.lang.Class::getPackageName@62
                      ; - java.lang.ClassLoader::postDefineClass@2
                      ; - java.lang.ClassLoader::defineClass@37
  0x000001d387f65790: 6ce2 61ff 

  0x000001d387f65794: ;   {other}
  0x000001d387f65794: 0f1f 8400 | 842d 0048 | baf6 ffff | ff66 6690 

  0x000001d387f657a4: ;   {runtime_call UncommonTrapBlob}
  0x000001d387f657a4: c5f8 77e8 

  0x000001d387f657a8: ; ImmutableOopMap {[48]=Oop [64]=Oop }
                      ;*invokevirtual putIfAbsent {reexecute=0 rethrow=0 return_oop=0}
                      ; - java.lang.ClassLoader::getNamedPackage@32
                      ; - java.lang.ClassLoader::postDefineClass@9
                      ; - java.lang.ClassLoader::defineClass@37
  0x000001d387f657a8: 54e2 61ff 

  0x000001d387f657ac: ;   {other}
  0x000001d387f657ac: 0f1f 8400 | 9c2d 0049 | bade ffff | ff48 8be8 

  0x000001d387f657bc: ;   {runtime_call UncommonTrapBlob}
  0x000001d387f657bc: c5f8 77e8 

  0x000001d387f657c0: ; ImmutableOopMap {rbp=Oop }
                      ;*checkcast {reexecute=0 rethrow=0 return_oop=0}
                      ; - java.lang.ClassLoader::getNamedPackage@35
                      ; - java.lang.ClassLoader::postDefineClass@9
                      ; - java.lang.ClassLoader::defineClass@37
  0x000001d387f657c0: 3ce2 61ff 

  0x000001d387f657c4: ;   {other}
  0x000001d387f657c4: 0f1f 8400 | b42d 004a | ba45 ffff | ff4c 8b5c | 2448 4c89 | 5c24 3844 | 8944 2450 | 4c89 4c24 
  0x000001d387f657e4: 5889 4c24 | 5444 8954 | 2460 6690 

  0x000001d387f657f0: ;   {runtime_call UncommonTrapBlob}
  0x000001d387f657f0: c5f8 77e8 

  0x000001d387f657f4: ; ImmutableOopMap {rbp=NarrowOop [32]=Oop [40]=Oop [56]=Oop [80]=NarrowOop [84]=NarrowOop [88]=Oop }
                      ;*ifnull {reexecute=1 rethrow=0 return_oop=0}
                      ; - (reexecute) java.util.concurrent.ConcurrentHashMap::get@67
                      ; - java.lang.ClassLoader::getNamedPackage@5
                      ; - java.lang.ClassLoader::postDefineClass@9
                      ; - java.lang.ClassLoader::defineClass@37
  0x000001d387f657f4: 08e2 61ff 

  0x000001d387f657f8: ;   {other}
  0x000001d387f657f8: 0f1f 8400 | e82d 004b | ba76 ffff | ff48 8b6c | 2428 4c8b | 4424 404c | 8944 2428 | 4c8b 4424 
  0x000001d387f65818: 484c 8944 | 2440 4c89 | 5424 4844 | 895c 2464 

  0x000001d387f65828: ;   {runtime_call UncommonTrapBlob}
  0x000001d387f65828: c5f8 77e8 

  0x000001d387f6582c: ; ImmutableOopMap {rbp=Oop [32]=Oop [40]=Oop [48]=Oop [64]=Oop [72]=Oop [80]=Oop }
                      ;*if_icmpge {reexecute=1 rethrow=0 return_oop=0}
                      ; - (reexecute) java.lang.ClassLoader::compareCerts@40
                      ; - java.lang.ClassLoader::checkCerts@80
                      ; - java.lang.ClassLoader::preDefineClass@113
                      ; - java.lang.ClassLoader::defineClass@4
  0x000001d387f6582c: d0e1 61ff 

  0x000001d387f65830: ;   {other}
  0x000001d387f65830: 0f1f 8400 | 202e 004c | babe ffff | ff48 8b6c | 2428 4c8b | 4424 404c | 8944 2428 | 4c8b 4424 
  0x000001d387f65850: 484c 8944 | 2440 4c89 | 5424 4844 | 895c 2464 

  0x000001d387f65860: ;   {runtime_call UncommonTrapBlob}
  0x000001d387f65860: c5f8 77e8 

  0x000001d387f65864: ; ImmutableOopMap {rbp=Oop [32]=Oop [40]=Oop [48]=Oop [64]=Oop [72]=Oop [80]=Oop }
                      ;*if_icmpge {reexecute=1 rethrow=0 return_oop=0}
                      ; - (reexecute) java.lang.ClassLoader::compareCerts@40
                      ; - java.lang.ClassLoader::checkCerts@80
                      ; - java.lang.ClassLoader::preDefineClass@113
                      ; - java.lang.ClassLoader::defineClass@4
  0x000001d387f65864: 98e1 61ff 

  0x000001d387f65868: ;   {other}
  0x000001d387f65868: 0f1f 8400 | 582e 004d | 41bd 0100 | 0000 488b | 6c24 2848 | 8b4c 2440 | 4889 4c24 | 2848 8b4c 
  0x000001d387f65888: 2448 4889 | 4c24 404c | 8954 2448 | 4c89 7424 | 5844 895c | 2460 4489 | 4c24 6444 | 896c 2468 
  0x000001d387f658a8: 4489 4424 | 6cba 45ff | ffff 6690 

  0x000001d387f658b4: ;   {runtime_call UncommonTrapBlob}
  0x000001d387f658b4: c5f8 77e8 

  0x000001d387f658b8: ; ImmutableOopMap {rbp=Oop [32]=Oop [40]=Oop [48]=Oop [64]=Oop [72]=Oop [88]=Oop }
                      ;*if_icmpge {reexecute=1 rethrow=0 return_oop=0}
                      ; - (reexecute) java.lang.ClassLoader::compareCerts@67
                      ; - java.lang.ClassLoader::checkCerts@80
                      ; - java.lang.ClassLoader::preDefineClass@113
                      ; - java.lang.ClassLoader::defineClass@4
  0x000001d387f658b8: 44e1 61ff 

  0x000001d387f658bc: ;   {other}
  0x000001d387f658bc: 0f1f 8400 | ac2e 004e | 41b9 0100 | 0000 ba45 | ffff ff48 | 8b6c 2428 | 488b 4c24 | 4048 894c 
  0x000001d387f658dc: 2428 488b | 4c24 4848 | 894c 2440 | 4c89 7424 | 484c 8954 | 2450 4489 | 4424 5844 | 896c 245c 
  0x000001d387f658fc: 4489 4c24 | 6044 895c | 2464 6690 

  0x000001d387f65908: ;   {runtime_call UncommonTrapBlob}
  0x000001d387f65908: c5f8 77e8 

  0x000001d387f6590c: ; ImmutableOopMap {rbp=Oop [32]=Oop [40]=Oop [48]=Oop [64]=Oop [72]=Oop [80]=Oop }
                      ;*if_icmpge {reexecute=1 rethrow=0 return_oop=0}
                      ; - (reexecute) java.lang.ClassLoader::compareCerts@152
                      ; - java.lang.ClassLoader::checkCerts@80
                      ; - java.lang.ClassLoader::preDefineClass@113
                      ; - java.lang.ClassLoader::defineClass@4
  0x000001d387f6590c: f0e0 61ff 

  0x000001d387f65910: ;   {other}
  0x000001d387f65910: 0f1f 8400 | 002f 004f | ba45 ffff | ff48 8b6c | 2428 4c8b | 5424 404c | 8954 2428 | 4c8b 5424 
  0x000001d387f65930: 484c 8954 | 2440 4489 | 5c24 4844 | 8944 244c 

  0x000001d387f65940: ;   {runtime_call UncommonTrapBlob}
  0x000001d387f65940: c5f8 77e8 

  0x000001d387f65944: ; ImmutableOopMap {rbp=Oop [32]=Oop [40]=Oop [48]=Oop [64]=Oop }
                      ;*if_icmpeq {reexecute=1 rethrow=0 return_oop=0}
                      ; - (reexecute) java.lang.ClassLoader::compareCerts@20
                      ; - java.lang.ClassLoader::checkCerts@80
                      ; - java.lang.ClassLoader::preDefineClass@113
                      ; - java.lang.ClassLoader::defineClass@4
  0x000001d387f65944: b8e0 61ff 

  0x000001d387f65948: ;   {other}
  0x000001d387f65948: 0f1f 8400 | 382f 0050 | 4c89 4424 | 7844 895c | 246c 4889 | 5c24 7044 | 894c 2468 | 4c8b 5424 
  0x000001d387f65968: 484c 8954 | 2460 4c89 | 6c24 5848 | 8974 2450 | 4c8b 5424 | 284c 8954 | 2420 488b 

  0x000001d387f65984: ;   {metadata('java/util/ArrayList')}
  0x000001d387f65984: 6c24 4048 | bad0 890b | 8fd3 0100 | 0066 6690 

  0x000001d387f65994: ;   {runtime_call _new_instance_Java}
  0x000001d387f65994: c5f8 77e8 

  0x000001d387f65998: ; ImmutableOopMap {rbp=Oop [32]=Oop [48]=Oop [80]=Oop [88]=Oop [96]=Oop [104]=NarrowOop [108]=NarrowOop [112]=Oop [120]=Oop }
                      ;*new {reexecute=0 rethrow=0 return_oop=1}
                      ; - java.security.CodeSource::getCertificates@25
                      ; - java.lang.ClassLoader::checkCerts@34
                      ; - java.lang.ClassLoader::preDefineClass@113
                      ; - java.lang.ClassLoader::defineClass@4
  0x000001d387f65998: 649f 63ff 

  0x000001d387f6599c: ;   {other}
  0x000001d387f6599c: 0f1f 8400 | 8c2f 0051 | 4889 6c24 | 404c 8b54 | 2420 4c89 | 5424 2848 | 8b74 2450 | 4c8b 6c24 
  0x000001d387f659bc: 584c 8b54 | 2460 4c89 | 5424 4844 | 8b54 2468 | 4489 5424 | 5048 8b5c | 2470 448b | 5c24 6c4c 
  0x000001d387f659dc: 8b44 2478 | e9c4 ecff | ff48 894c | 2478 4c89 | 4424 7048 | 895c 2468 | 4c89 6c24 | 6048 8974 
  0x000001d387f659fc: 2458 448b | 9424 9000 | 0000 4489 | 5424 544c | 8b54 2428 | 4c89 5424 | 2048 8b6c 

  0x000001d387f65a18: ;   {metadata('java/security/cert/Certificate'[])}
  0x000001d387f65a18: 2440 48ba | 2029 108f | d301 0000 | 448b 8424 | 9000 0000 

  0x000001d387f65a2c: ;   {runtime_call _new_array_Java}
  0x000001d387f65a2c: c5f8 77e8 

  0x000001d387f65a30: ; ImmutableOopMap {rbp=Oop [32]=Oop [48]=Oop [72]=Oop [80]=NarrowOop [88]=Oop [96]=Oop [104]=Oop [112]=Oop [120]=Oop }
                      ;*anewarray {reexecute=0 rethrow=0 return_oop=1}
                      ; - java.security.CodeSource::getCertificates@70
                      ; - java.lang.ClassLoader::checkCerts@34
                      ; - java.lang.ClassLoader::preDefineClass@113
                      ; - java.lang.ClassLoader::defineClass@4
  0x000001d387f65a30: cc9b 63ff 

  0x000001d387f65a34: ;   {other}
  0x000001d387f65a34: 0f1f 8400 | 2430 0052 | e915 eeff | ff4c 895c | 2440 4889 

  0x000001d387f65a48: ;   {metadata('java/security/cert/Certificate'[])}
  0x000001d387f65a48: 4c24 2848 | ba20 2910 | 8fd3 0100 | 0045 8bc1 

  0x000001d387f65a58: ;   {runtime_call _new_array_Java}
  0x000001d387f65a58: c5f8 77e8 

  0x000001d387f65a5c: ; ImmutableOopMap {rbp=Oop [32]=Oop [40]=Oop [48]=Oop [72]=Oop [88]=Oop [96]=Oop [104]=Oop }
                      ;*invokevirtual clone {reexecute=1 rethrow=0 return_oop=1}
                      ; - (reexecute) java.security.CodeSource::getCertificates@86
                      ; - java.lang.ClassLoader::checkCerts@34
                      ; - java.lang.ClassLoader::preDefineClass@113
                      ; - java.lang.ClassLoader::defineClass@4
  0x000001d387f65a5c: a09b 63ff 

  0x000001d387f65a60: ;   {other}
  0x000001d387f65a60: 0f1f 8400 | 5030 0053 | 488b 4c24 | 284c 8b5c | 2440 488b | d8e9 a0ee | ffff ba45 | ffff ff4c 
  0x000001d387f65a80: 8b5c 2448 | 4c89 5c24 | 3844 8944 | 2450 4c89 | 4c24 5848 | 897c 2460 | 4489 5424 | 5466 6690 
  0x000001d387f65aa0: ;   {runtime_call UncommonTrapBlob}
  0x000001d387f65aa0: c5f8 77e8 

  0x000001d387f65aa4: ; ImmutableOopMap {rbp=NarrowOop [32]=Oop [40]=Oop [56]=Oop [80]=NarrowOop [88]=Oop [96]=Oop }
                      ;*ifnull {reexecute=1 rethrow=0 return_oop=0}
                      ; - (reexecute) java.util.concurrent.ConcurrentHashMap::get@143
                      ; - java.lang.ClassLoader::getNamedPackage@5
                      ; - java.lang.ClassLoader::postDefineClass@9
                      ; - java.lang.ClassLoader::defineClass@37
  0x000001d387f65aa4: 58df 61ff 

  0x000001d387f65aa8: ;   {other}
  0x000001d387f65aa8: 0f1f 8400 | 9830 0054 | ba45 ffff | ff44 8b54 | 2434 4489 | 5424 3044 | 8b44 2458 | 4489 4424 
  0x000001d387f65ac8: 3489 4424 | 5866 6690 

  0x000001d387f65ad0: ;   {runtime_call UncommonTrapBlob}
  0x000001d387f65ad0: c5f8 77e8 

  0x000001d387f65ad4: ; ImmutableOopMap {rbp=Oop [32]=Oop [48]=NarrowOop [56]=Oop [80]=Oop [96]=Oop }
                      ;*ifeq {reexecute=1 rethrow=0 return_oop=0}
                      ; - (reexecute) java.util.concurrent.ConcurrentHashMap::get@152
                      ; - java.lang.ClassLoader::getNamedPackage@5
                      ; - java.lang.ClassLoader::postDefineClass@9
                      ; - java.lang.ClassLoader::defineClass@37
  0x000001d387f65ad4: 28df 61ff 

  0x000001d387f65ad8: ;   {other}
  0x000001d387f65ad8: 0f1f 8400 | c830 0055 | 4889 4c24 | 4044 8944 | 243c 4489 | 5424 3848 | ff74 2420 | 488f 4424 
  0x000001d387f65af8: 3048 8b6c 

  0x000001d387f65afc: ;   {metadata('java/util/ArrayList')}
  0x000001d387f65afc: 2428 48ba | d089 0b8f | d301 0000 

  0x000001d387f65b08: ;   {runtime_call _new_instance_Java}
  0x000001d387f65b08: c5f8 77e8 

  0x000001d387f65b0c: ; ImmutableOopMap {rbp=Oop [48]=Oop [56]=NarrowOop [60]=NarrowOop [64]=Oop }
                      ;*new {reexecute=0 rethrow=0 return_oop=1}
                      ; - java.security.CodeSource::getCertificates@25
                      ; - java.lang.ClassLoader::postDefineClass@24
                      ; - java.lang.ClassLoader::defineClass@37
  0x000001d387f65b0c: f09d 63ff 

  0x000001d387f65b10: ;   {other}
  0x000001d387f65b10: 0f1f 8400 | 0031 0056 | 4889 6c24 | 2848 ff74 | 2430 488f | 4424 2044 | 8b54 2438 | 448b 4424 
  0x000001d387f65b30: 3c48 8b4c | 2440 e916 | efff ff4c | 894c 2438 | 488b e944 | 8954 2430 

  0x000001d387f65b48: ;   {metadata('java/security/cert/Certificate'[])}
  0x000001d387f65b48: 48ba 2029 | 108f d301 | 0000 448b | 8424 9000 | 0000 6690 

  0x000001d387f65b5c: ;   {runtime_call _new_array_Java}
  0x000001d387f65b5c: c5f8 77e8 

  0x000001d387f65b60: ; ImmutableOopMap {rbp=Oop [32]=Oop [40]=Oop [48]=NarrowOop [56]=Oop }
                      ;*anewarray {reexecute=0 rethrow=0 return_oop=1}
                      ; - java.security.CodeSource::getCertificates@70
                      ; - java.lang.ClassLoader::postDefineClass@24
                      ; - java.lang.ClassLoader::defineClass@37
  0x000001d387f65b60: 9c9a 63ff 

  0x000001d387f65b64: ;   {other}
  0x000001d387f65b64: 0f1f 8400 | 5431 0057 | e90c f0ff 

  0x000001d387f65b70: ;   {metadata('java/security/cert/Certificate'[])}
  0x000001d387f65b70: ff48 ba20 | 2910 8fd3 | 0100 0045 | 8bc3 6690 

  0x000001d387f65b80: ;   {runtime_call _new_array_Java}
  0x000001d387f65b80: c5f8 77e8 

  0x000001d387f65b84: ; ImmutableOopMap {[32]=Oop [40]=Oop [64]=Oop }
                      ;*invokevirtual clone {reexecute=1 rethrow=0 return_oop=1}
                      ; - (reexecute) java.security.CodeSource::getCertificates@86
                      ; - java.lang.ClassLoader::postDefineClass@24
                      ; - java.lang.ClassLoader::defineClass@37
  0x000001d387f65b84: 789a 63ff 

  0x000001d387f65b88: ;   {other}
  0x000001d387f65b88: 0f1f 8400 | 7831 0058 | 488b d8e9 | b2f0 ffff | ba37 0100 | 0049 8beb | 4c8b 5424 | 404c 8954 
  0x000001d387f65ba8: 2420 4c8b | 5424 304c | 8954 2428 | 448b 5424 | 3844 8954 | 2430 448b | 5c24 3c44 | 895c 2434 
  0x000001d387f65bc8: ;   {runtime_call UncommonTrapBlob}
  0x000001d387f65bc8: c5f8 77e8 

  0x000001d387f65bcc: ; ImmutableOopMap {rbp=Oop [32]=Oop [40]=Oop }
                      ;*new {reexecute=0 rethrow=0 return_oop=0}
                      ; - java.lang.ClassLoader::preDefineClass@56
                      ; - java.lang.ClassLoader::defineClass@4
  0x000001d387f65bcc: 30de 61ff 

  0x000001d387f65bd0: ;   {other}
  0x000001d387f65bd0: 0f1f 8400 | c031 0059 | bae4 ffff | ff48 8b6c | 2428 4c8b | 5424 404c | 8954 2420 | 4c8b 5424 
  0x000001d387f65bf0: 304c 8954 | 2428 448b | 4424 3844 | 8944 2430 | 448b 5424 | 3c44 8954 | 2434 4c8b | 5424 484c 
  0x000001d387f65c10: 8954 2438 | 4889 7424 | 404c 896c | 2448 4889 | 5c24 5848 | 894c 2468 | 4489 5c24 | 7044 894c 
  0x000001d387f65c30: 2474 6690 

  0x000001d387f65c34: ;   {runtime_call UncommonTrapBlob}
  0x000001d387f65c34: c5f8 77e8 

  0x000001d387f65c38: ; ImmutableOopMap {rbp=Oop [32]=Oop [40]=Oop [56]=Oop [64]=Oop [72]=Oop [80]=NarrowOop [88]=Oop [104]=Oop [112]=NarrowOop }
                      ;*aaload {reexecute=0 rethrow=0 return_oop=0}
                      ; - java.security.CodeSource::getCertificates@50
                      ; - java.lang.ClassLoader::checkCerts@34
                      ; - java.lang.ClassLoader::preDefineClass@113
                      ; - java.lang.ClassLoader::defineClass@4
  0x000001d387f65c38: c4dd 61ff 

  0x000001d387f65c3c: ;   {other}
  0x000001d387f65c3c: 0f1f 8400 | 2c32 005a | bae4 ffff | ff44 8954 | 2430 4c89 | 4c24 4044 | 8944 2448 | 4489 5c24 
  0x000001d387f65c5c: 4c66 6690 

  0x000001d387f65c60: ;   {runtime_call UncommonTrapBlob}
  0x000001d387f65c60: c5f8 77e8 

  0x000001d387f65c64: ; ImmutableOopMap {[32]=Oop [40]=Oop [48]=NarrowOop [64]=Oop [72]=NarrowOop }
                      ;*aaload {reexecute=0 rethrow=0 return_oop=0}
                      ; - java.security.CodeSource::getCertificates@50
                      ; - java.lang.ClassLoader::postDefineClass@24
                      ; - java.lang.ClassLoader::defineClass@37
  0x000001d387f65c64: 98dd 61ff 

  0x000001d387f65c68: ;   {other}
  0x000001d387f65c68: 0f1f 8400 | 5832 005b | bade ffff | ff4c 8b5c | 2448 4c89 | 5c24 3844 | 8944 2448 | 894c 244c 
  0x000001d387f65c88: 4489 5424 | 504c 894c | 2458 6690 

  0x000001d387f65c94: ;   {runtime_call UncommonTrapBlob}
  0x000001d387f65c94: c5f8 77e8 

  0x000001d387f65c98: ; ImmutableOopMap {[32]=Oop [40]=Oop [56]=Oop [72]=NarrowOop [76]=NarrowOop [88]=Oop }
                      ;*invokevirtual find {reexecute=0 rethrow=0 return_oop=0}
                      ; - java.util.concurrent.ConcurrentHashMap::get@93
                      ; - java.lang.ClassLoader::getNamedPackage@5
                      ; - java.lang.ClassLoader::postDefineClass@9
                      ; - java.lang.ClassLoader::defineClass@37
  0x000001d387f65c98: 64dd 61ff 

  0x000001d387f65c9c: ;   {other}
  0x000001d387f65c9c: 0f1f 8400 | 8c32 005c | bade ffff | ff48 8944 | 2458 6690 

  0x000001d387f65cb0: ;   {runtime_call UncommonTrapBlob}
  0x000001d387f65cb0: c5f8 77e8 

  0x000001d387f65cb4: ; ImmutableOopMap {rbp=Oop [32]=Oop [40]=Oop [48]=Oop [64]=Oop [72]=Oop [80]=Oop [88]=Oop }
                      ;*checkcast {reexecute=0 rethrow=0 return_oop=0}
                      ; - java.lang.ClassLoader::checkCerts@65
                      ; - java.lang.ClassLoader::preDefineClass@113
                      ; - java.lang.ClassLoader::defineClass@4
  0x000001d387f65cb4: 48dd 61ff 

  0x000001d387f65cb8: ;   {other}
  0x000001d387f65cb8: 0f1f 8400 | a832 005d | 488b 6c24 | 2848 8b4c | 2440 4889 | 4c24 2848 | 8b4c 2448 | 4889 4c24 
  0x000001d387f65cd8: 404c 8974 | 2458 4489 | 5c24 6044 | 894c 2464 | 4c89 5424 | 7044 8944 | 246c 895c | 2478 8954 
  0x000001d387f65cf8: 247c 8994 | 2480 0000 | 00ba 66ff | ffff 6690 

  0x000001d387f65d08: ;   {runtime_call UncommonTrapBlob}
  0x000001d387f65d08: c5f8 77e8 

  0x000001d387f65d0c: ; ImmutableOopMap {rbp=Oop [32]=Oop [40]=Oop [48]=Oop [64]=Oop [88]=Oop [112]=Oop [120]=NarrowOop [124]=NarrowOop [128]=NarrowOop }
                      ;*instanceof {reexecute=0 rethrow=0 return_oop=0}
                      ; - sun.security.x509.X509CertImpl::getEncodedInternal@1
                      ; - java.security.cert.Certificate::equals@17
                      ; - java.lang.ClassLoader::compareCerts@81
                      ; - java.lang.ClassLoader::checkCerts@80
                      ; - java.lang.ClassLoader::preDefineClass@113
                      ; - java.lang.ClassLoader::defineClass@4
  0x000001d387f65d0c: f0dc 61ff 

  0x000001d387f65d10: ;   {other}
  0x000001d387f65d10: 0f1f 8400 | 0033 005e | 4c89 5424 | 5844 8944 | 2460 4489 | 6c24 644c | 8974 2470 | 4489 5c24 
  0x000001d387f65d30: 6c89 5424 | 7889 5424 | 7cba 66ff | ffff 6690 

  0x000001d387f65d40: ;   {runtime_call UncommonTrapBlob}
  0x000001d387f65d40: c5f8 77e8 

  0x000001d387f65d44: ; ImmutableOopMap {rbp=NarrowOop [32]=Oop [40]=Oop [48]=Oop [64]=Oop [72]=Oop [88]=Oop [112]=Oop [120]=NarrowOop [124]=NarrowOop }
                      ;*instanceof {reexecute=0 rethrow=0 return_oop=0}
                      ; - sun.security.x509.X509CertImpl::getEncodedInternal@1
                      ; - java.security.cert.Certificate::equals@17
                      ; - java.lang.ClassLoader::compareCerts@166
                      ; - java.lang.ClassLoader::checkCerts@80
                      ; - java.lang.ClassLoader::preDefineClass@113
                      ; - java.lang.ClassLoader::defineClass@4
  0x000001d387f65d44: b8dc 61ff 

  0x000001d387f65d48: ;   {other}
  0x000001d387f65d48: 0f1f 8400 | 3833 005f | 4533 ed4c | 8974 2460 | 4489 5c24 | 6844 894c | 246c 8954 | 2470 4c89 
  0x000001d387f65d68: 5424 7844 | 8944 2474 | 4489 ac24 | 8000 0000 | c5fa 1184 | 2484 0000 | 00ba 66ff | ffff 6690 
  0x000001d387f65d88: ;   {runtime_call UncommonTrapBlob}
  0x000001d387f65d88: c5f8 77e8 

  0x000001d387f65d8c: ; ImmutableOopMap {rbp=Oop [32]=Oop [40]=Oop [48]=Oop [64]=Oop [72]=Oop [96]=Oop [112]=NarrowOop [120]=Oop [132]=NarrowOop }
                      ;*instanceof {reexecute=0 rethrow=0 return_oop=0}
                      ; - sun.security.x509.X509CertImpl::getEncodedInternal@1
                      ; - java.security.cert.Certificate::equals@25
                      ; - java.lang.ClassLoader::compareCerts@81
                      ; - java.lang.ClassLoader::checkCerts@80
                      ; - java.lang.ClassLoader::preDefineClass@113
                      ; - java.lang.ClassLoader::defineClass@4
  0x000001d387f65d8c: 70dc 61ff 

  0x000001d387f65d90: ;   {other}
  0x000001d387f65d90: 0f1f 8400 | 8033 0060 | 4533 c948 | 8b6c 2428 | 488b 5c24 | 4048 895c | 2428 488b | 5c24 4848 
  0x000001d387f65db0: 895c 2440 | 4c89 5424 | 5044 8944 | 2458 4489 | 6c24 5c89 | 5424 604c | 8974 2468 | 4489 5c24 
  0x000001d387f65dd0: 6444 894c | 2470 c5fa | 114c 2474 | 4889 8c24 | 8000 0000 | ba66 ffff | ff66 6690 

  0x000001d387f65dec: ;   {runtime_call UncommonTrapBlob}
  0x000001d387f65dec: c5f8 77e8 

  0x000001d387f65df0: ; ImmutableOopMap {rbp=Oop [32]=Oop [40]=Oop [48]=Oop [64]=Oop [80]=Oop [96]=NarrowOop [104]=Oop [116]=NarrowOop [128]=Oop }
                      ;*instanceof {reexecute=0 rethrow=0 return_oop=0}
                      ; - sun.security.x509.X509CertImpl::getEncodedInternal@1
                      ; - java.security.cert.Certificate::equals@25
                      ; - java.lang.ClassLoader::compareCerts@166
                      ; - java.lang.ClassLoader::checkCerts@80
                      ; - java.lang.ClassLoader::preDefineClass@113
                      ; - java.lang.ClassLoader::defineClass@4
  0x000001d387f65df0: 0cdc 61ff 

  0x000001d387f65df4: ;   {other}
  0x000001d387f65df4: 0f1f 8400 | e433 0061 | bade ffff | ff4c 8b54 | 2430 4c89 | 5424 2844 | 8b5c 2438 | 4489 5c24 
  0x000001d387f65e14: 3044 8b54 | 243c 4489 | 5424 344c | 8b54 2448 | 4c89 5424 | 384c 8b54 | 2458 4c89 | 5424 404c 
  0x000001d387f65e34: 8b54 2460 | 4c89 5424 | 4848 8944 | 2460 6690 

  0x000001d387f65e44: ;   {runtime_call UncommonTrapBlob}
  0x000001d387f65e44: c5f8 77e8 

  0x000001d387f65e48: ; ImmutableOopMap {rbp=Oop [32]=Oop [40]=Oop [56]=Oop [64]=Oop [72]=Oop [80]=NarrowOop [96]=Oop [104]=Oop }
                      ;*checkcast {reexecute=0 rethrow=0 return_oop=0}
                      ; - java.security.CodeSource::getCertificates@76
                      ; - java.lang.ClassLoader::checkCerts@34
                      ; - java.lang.ClassLoader::preDefineClass@113
                      ; - java.lang.ClassLoader::defineClass@4
  0x000001d387f65e48: b4db 61ff 

  0x000001d387f65e4c: ;   {other}
  0x000001d387f65e4c: 0f1f 8400 | 3c34 0062 | bade ffff | ff48 8944 | 2438 6690 

  0x000001d387f65e60: ;   {runtime_call UncommonTrapBlob}
  0x000001d387f65e60: c5f8 77e8 

  0x000001d387f65e64: ; ImmutableOopMap {[32]=Oop [40]=Oop [48]=NarrowOop [56]=Oop }
                      ;*checkcast {reexecute=0 rethrow=0 return_oop=0}
                      ; - java.security.CodeSource::getCertificates@76
                      ; - java.lang.ClassLoader::postDefineClass@24
                      ; - java.lang.ClassLoader::defineClass@37
  0x000001d387f65e64: 98db 61ff 

  0x000001d387f65e68: ;   {other}
  0x000001d387f65e68: 0f1f 8400 | 5834 0063 | baf6 ffff | ff66 6690 

  0x000001d387f65e78: ;   {runtime_call UncommonTrapBlob}
  0x000001d387f65e78: c5f8 77e8 

  0x000001d387f65e7c: ; ImmutableOopMap {}
                      ;*invokevirtual getCodeSource {reexecute=0 rethrow=0 return_oop=0}
                      ; - java.lang.ClassLoader::defineClassSourceLocation@1
                      ; - java.lang.ClassLoader::defineClass@12
  0x000001d387f65e7c: 80db 61ff 

  0x000001d387f65e80: ;   {other}
  0x000001d387f65e80: 0f1f 8400 | 7034 0064 | baf6 ffff | ff66 6690 

  0x000001d387f65e90: ;   {runtime_call UncommonTrapBlob}
  0x000001d387f65e90: c5f8 77e8 

  0x000001d387f65e94: ; ImmutableOopMap {}
                      ;*invokevirtual getPackageName {reexecute=0 rethrow=0 return_oop=0}
                      ; - java.lang.ClassLoader::postDefineClass@2
                      ; - java.lang.ClassLoader::defineClass@37
  0x000001d387f65e94: 68db 61ff 

  0x000001d387f65e98: ;   {other}
  0x000001d387f65e98: 0f1f 8400 | 8834 0065 | baf6 ffff | ff66 6690 

  0x000001d387f65ea8: ;   {runtime_call UncommonTrapBlob}
  0x000001d387f65ea8: c5f8 77e8 

  0x000001d387f65eac: ; ImmutableOopMap {}
                      ;*invokevirtual hashCode {reexecute=0 rethrow=0 return_oop=0}
                      ; - java.util.concurrent.ConcurrentHashMap::get@1
                      ; - java.lang.ClassLoader::getNamedPackage@5
                      ; - java.lang.ClassLoader::postDefineClass@9
                      ; - java.lang.ClassLoader::defineClass@37
  0x000001d387f65eac: 50db 61ff 

  0x000001d387f65eb0: ;   {other}
  0x000001d387f65eb0: 0f1f 8400 | a034 0066 | baf6 ffff | ff66 6690 

  0x000001d387f65ec0: ;   {runtime_call UncommonTrapBlob}
  0x000001d387f65ec0: c5f8 77e8 

  0x000001d387f65ec4: ; ImmutableOopMap {}
                      ;*arraylength {reexecute=0 rethrow=0 return_oop=0}
                      ; - java.lang.String::isEmpty@4
                      ; - java.lang.ClassLoader::checkName@5
                      ; - java.lang.ClassLoader::preDefineClass@1
                      ; - java.lang.ClassLoader::defineClass@4
  0x000001d387f65ec4: 38db 61ff 

  0x000001d387f65ec8: ;   {other}
  0x000001d387f65ec8: 0f1f 8400 | b834 0067 | baf6 ffff | ff66 6690 

  0x000001d387f65ed8: ;   {runtime_call UncommonTrapBlob}
  0x000001d387f65ed8: c5f8 77e8 

  0x000001d387f65edc: ; ImmutableOopMap {}
                      ;*arraylength {reexecute=0 rethrow=0 return_oop=0}
                      ; - java.lang.String::length@4
                      ; - java.lang.String::startsWith@6
                      ; - java.lang.String::startsWith@3
                      ; - java.lang.ClassLoader::preDefineClass@43
                      ; - java.lang.ClassLoader::defineClass@4
  0x000001d387f65edc: 20db 61ff 

  0x000001d387f65ee0: ;   {other}
  0x000001d387f65ee0: 0f1f 8400 | d034 0068 | baf6 ffff | ff66 6690 

  0x000001d387f65ef0: ;   {runtime_call UncommonTrapBlob}
  0x000001d387f65ef0: c5f8 77e8 

  0x000001d387f65ef4: ; ImmutableOopMap {}
                      ;*arraylength {reexecute=0 rethrow=0 return_oop=0}
                      ; - java.lang.StringLatin1::charAt@2
                      ; - java.lang.String::charAt@12
                      ; - java.lang.ClassLoader::checkName@25
                      ; - java.lang.ClassLoader::preDefineClass@1
                      ; - java.lang.ClassLoader::defineClass@4
  0x000001d387f65ef4: 08db 61ff 

  0x000001d387f65ef8: ;   {other}
  0x000001d387f65ef8: 0f1f 8400 | e834 0069 | baf6 ffff | ff66 6690 

  0x000001d387f65f08: ;   {runtime_call UncommonTrapBlob}
  0x000001d387f65f08: c5f8 77e8 

  0x000001d387f65f0c: ; ImmutableOopMap {}
                      ;*invokevirtual getCodeSource {reexecute=0 rethrow=0 return_oop=0}
                      ; - java.lang.ClassLoader::preDefineClass@110
                      ; - java.lang.ClassLoader::defineClass@4
  0x000001d387f65f0c: f0da 61ff 

  0x000001d387f65f10: ;   {other}
  0x000001d387f65f10: 0f1f 8400 | 0035 006a | baf6 ffff | ff66 6690 

  0x000001d387f65f20: ;   {runtime_call UncommonTrapBlob}
  0x000001d387f65f20: c5f8 77e8 

  0x000001d387f65f24: ; ImmutableOopMap {}
                      ;*arraylength {reexecute=0 rethrow=0 return_oop=0}
                      ; - java.lang.String::length@4
                      ; - java.lang.String::lastIndexOf@3
                      ; - java.lang.ClassLoader::checkCerts@3
                      ; - java.lang.ClassLoader::preDefineClass@113
                      ; - java.lang.ClassLoader::defineClass@4
  0x000001d387f65f24: d8da 61ff 

  0x000001d387f65f28: ;   {other}
  0x000001d387f65f28: 0f1f 8400 | 1835 006b | baf6 ffff | ff66 6690 

  0x000001d387f65f38: ;   {runtime_call UncommonTrapBlob}
  0x000001d387f65f38: c5f8 77e8 

  0x000001d387f65f3c: ; ImmutableOopMap {rbp=NarrowOop }
                      ;*invokevirtual toExternalForm {reexecute=0 rethrow=0 return_oop=0}
                      ; - java.net.URL::toExternalForm@5
                      ; - java.net.URL::toString@1
                      ; - java.lang.ClassLoader::defineClassSourceLocation@22
                      ; - java.lang.ClassLoader::defineClass@12
  0x000001d387f65f3c: c0da 61ff 

  0x000001d387f65f40: ;   {other}
  0x000001d387f65f40: 0f1f 8400 | 3035 006c | ba45 ffff | ff48 8b6c | 2428 4c8b | 5424 404c | 8954 2420 | 4c8b 5424 
  0x000001d387f65f60: 304c 8954 | 2428 448b | 5424 3844 | 8954 2430 | 448b 4424 | 3c44 8944 | 2434 4489 | 5c24 4490 
  0x000001d387f65f80: ;   {runtime_call UncommonTrapBlob}
  0x000001d387f65f80: c5f8 77e8 

  0x000001d387f65f84: ; ImmutableOopMap {rbp=Oop [32]=Oop [40]=Oop [68]=NarrowOop [72]=Oop }
                      ;*ifnull {reexecute=1 rethrow=0 return_oop=0}
                      ; - (reexecute) java.lang.ClassLoader::defineClassSourceLocation@8
                      ; - java.lang.ClassLoader::defineClass@12
  0x000001d387f65f84: 78da 61ff 

  0x000001d387f65f88: ;   {other}
  0x000001d387f65f88: 0f1f 8400 | 7835 006d | ba45 ffff | ff48 8b6c | 2428 4c8b | 5424 404c | 8954 2420 | 4c8b 5424 
  0x000001d387f65fa8: 304c 8954 | 2428 448b | 5424 3844 | 8954 2430 | 448b 5c24 | 3c44 895c | 2434 4c8b | 5424 484c 
  0x000001d387f65fc8: 8954 2438 | 4889 7424 | 404c 896c | 2448 4889 | 5c24 5890 

  0x000001d387f65fdc: ;   {runtime_call UncommonTrapBlob}
  0x000001d387f65fdc: c5f8 77e8 

  0x000001d387f65fe0: ; ImmutableOopMap {rbp=Oop [32]=Oop [40]=Oop [56]=Oop [64]=Oop [72]=Oop [80]=NarrowOop [88]=Oop }
                      ;*ifnull {reexecute=1 rethrow=0 return_oop=0}
                      ; - (reexecute) java.lang.ClassLoader::checkCerts@30
                      ; - java.lang.ClassLoader::preDefineClass@113
                      ; - java.lang.ClassLoader::defineClass@4
  0x000001d387f65fe0: 1cda 61ff 

  0x000001d387f65fe4: ;   {other}
  0x000001d387f65fe4: 0f1f 8400 | d435 006e | 4d85 d244 | 8b94 2490 | 0000 0041 | 0f94 c245 | 8bda ba45 | ffff ff4c 
  0x000001d387f66004: 8b54 2448 | 4c89 5424 | 3848 8944 | 2440 4489 | 5c24 4890 

  0x000001d387f66018: ;   {runtime_call UncommonTrapBlob}
  0x000001d387f66018: c5f8 77e8 

  0x000001d387f6601c: ; ImmutableOopMap {[32]=Oop [40]=Oop [56]=Oop [64]=Oop }
                      ;*ifeq {reexecute=1 rethrow=0 return_oop=0}
                      ; - (reexecute) java.lang.Class::getPackageName@29
                      ; - java.lang.ClassLoader::postDefineClass@2
                      ; - java.lang.ClassLoader::defineClass@37
  0x000001d387f6601c: e0d9 61ff 

  0x000001d387f66020: ;   {other}
  0x000001d387f66020: 0f1f 8400 | 1036 006f | baf6 ffff | ff66 6690 

  0x000001d387f66030: ;   {runtime_call UncommonTrapBlob}
  0x000001d387f66030: c5f8 77e8 

  0x000001d387f66034: ; ImmutableOopMap {}
                      ;*arraylength {reexecute=0 rethrow=0 return_oop=0}
                      ; - java.lang.String::length@4
                      ; - java.lang.String::lastIndexOf@3
                      ; - java.lang.Class::getPackageName@47
                      ; - java.lang.ClassLoader::postDefineClass@2
                      ; - java.lang.ClassLoader::defineClass@37
  0x000001d387f66034: c8d9 61ff 

  0x000001d387f66038: ;   {other}
  0x000001d387f66038: 0f1f 8400 | 2836 0070 | 488b 6c24 | 2848 8b4c | 2440 4889 | 4c24 2848 | 8b4c 2448 | 4889 4c24 
  0x000001d387f66058: 404c 8974 | 2458 4489 | 5c24 6044 | 894c 2464 | 8954 2468 | 4c89 5424 | 7044 8944 | 2478 ba76 
  0x000001d387f66078: ffff ff90 

  0x000001d387f6607c: ;   {runtime_call UncommonTrapBlob}
  0x000001d387f6607c: c5f8 77e8 

  0x000001d387f66080: ; ImmutableOopMap {rbp=Oop [32]=Oop [40]=Oop [48]=Oop [64]=Oop [88]=Oop [104]=NarrowOop [112]=Oop }
                      ;*if_icmpge {reexecute=1 rethrow=0 return_oop=0}
                      ; - (reexecute) java.lang.ClassLoader::compareCerts@67
                      ; - java.lang.ClassLoader::checkCerts@80
                      ; - java.lang.ClassLoader::preDefineClass@113
                      ; - java.lang.ClassLoader::defineClass@4
  0x000001d387f66080: 7cd9 61ff 

  0x000001d387f66084: ;   {other}
  0x000001d387f66084: 0f1f 8400 | 7436 0071 | 488b 6c24 | 284c 8b4c | 2440 4c89 | 4c24 284c | 8b4c 2448 | 4c89 4c24 
  0x000001d387f660a4: 404c 8954 | 2450 4489 | 4424 5844 | 896c 245c | 8954 2460 | 4c89 7424 | 6844 895c | 2470 ba76 
  0x000001d387f660c4: ffff ff90 

  0x000001d387f660c8: ;   {runtime_call UncommonTrapBlob}
  0x000001d387f660c8: c5f8 77e8 

  0x000001d387f660cc: ; ImmutableOopMap {rbp=Oop [32]=Oop [40]=Oop [48]=Oop [64]=Oop [80]=Oop [96]=NarrowOop [104]=Oop }
                      ;*if_icmpge {reexecute=1 rethrow=0 return_oop=0}
                      ; - (reexecute) java.lang.ClassLoader::compareCerts@152
                      ; - java.lang.ClassLoader::checkCerts@80
                      ; - java.lang.ClassLoader::preDefineClass@113
                      ; - java.lang.ClassLoader::defineClass@4
  0x000001d387f660cc: 30d9 61ff 

  0x000001d387f660d0: ;   {other}
  0x000001d387f660d0: 0f1f 8400 | c036 0072 | ba45 ffff | ff48 8b6c | 2420 4489 | 5424 2090 

  0x000001d387f660e8: ;   {runtime_call UncommonTrapBlob}
  0x000001d387f660e8: c5f8 77e8 

  0x000001d387f660ec: ; ImmutableOopMap {rbp=Oop [32]=NarrowOop }
                      ;*ifnull {reexecute=1 rethrow=0 return_oop=0}
                      ; - (reexecute) java.lang.ClassLoader::postDefineClass@17
                      ; - java.lang.ClassLoader::defineClass@37
  0x000001d387f660ec: 10d9 61ff 

  0x000001d387f660f0: ;   {other}
  0x000001d387f660f0: 0f1f 8400 | e036 0073 | 4533 ed48 | 8b6c 2428 | 488b 4c24 | 4048 894c | 2428 488b | 4c24 4848 
  0x000001d387f66110: 894c 2440 | 4c89 7424 | 5844 895c | 2460 4489 | 4c24 644c | 8954 2470 | 4489 4424 | 6c44 896c 
  0x000001d387f66130: 2478 8954 | 247c baf4 | ffff ff90 

  0x000001d387f6613c: ;   {runtime_call UncommonTrapBlob}
  0x000001d387f6613c: c5f8 77e8 

  0x000001d387f66140: ; ImmutableOopMap {rbp=Oop [32]=Oop [40]=Oop [48]=Oop [64]=Oop [88]=Oop [112]=Oop [124]=NarrowOop }
                      ;*instanceof {reexecute=0 rethrow=0 return_oop=0}
                      ; - java.security.cert.Certificate::equals@8
                      ; - java.lang.ClassLoader::compareCerts@81
                      ; - java.lang.ClassLoader::checkCerts@80
                      ; - java.lang.ClassLoader::preDefineClass@113
                      ; - java.lang.ClassLoader::defineClass@4
  0x000001d387f66140: bcd8 61ff 

  0x000001d387f66144: ;   {other}
  0x000001d387f66144: 0f1f 8400 | 3437 0074 | 4533 c948 | 8b6c 2428 | 488b 4c24 | 4048 894c | 2428 488b | 4c24 4848 
  0x000001d387f66164: 894c 2440 | 4c89 5424 | 5044 8944 | 2458 4489 | 6c24 5c4c | 8974 2468 | 4489 5c24 | 6444 894c 
  0x000001d387f66184: 2470 8954 | 2474 baf4 | ffff ff90 

  0x000001d387f66190: ;   {runtime_call UncommonTrapBlob}
  0x000001d387f66190: c5f8 77e8 

  0x000001d387f66194: ; ImmutableOopMap {rbp=Oop [32]=Oop [40]=Oop [48]=Oop [64]=Oop [80]=Oop [104]=Oop [116]=NarrowOop }
                      ;*instanceof {reexecute=0 rethrow=0 return_oop=0}
                      ; - java.security.cert.Certificate::equals@8
                      ; - java.lang.ClassLoader::compareCerts@166
                      ; - java.lang.ClassLoader::checkCerts@80
                      ; - java.lang.ClassLoader::preDefineClass@113
                      ; - java.lang.ClassLoader::defineClass@4
  0x000001d387f66194: 68d8 61ff 

  0x000001d387f66198: ;   {other}
  0x000001d387f66198: 0f1f 8400 | 8837 0075 | baf6 ffff | ff41 8be9 

  0x000001d387f661a8: ;   {runtime_call UncommonTrapBlob}
  0x000001d387f661a8: c5f8 77e8 

  0x000001d387f661ac: ; ImmutableOopMap {}
                      ;*aaload {reexecute=0 rethrow=0 return_oop=0}
                      ; - java.security.CodeSource::getCertificates@50
                      ; - java.lang.ClassLoader::checkCerts@34
                      ; - java.lang.ClassLoader::preDefineClass@113
                      ; - java.lang.ClassLoader::defineClass@4
  0x000001d387f661ac: 50d8 61ff 

  0x000001d387f661b0: ;   {other}
  0x000001d387f661b0: 0f1f 8400 | a037 0076 | baf6 ffff | ff66 6690 

  0x000001d387f661c0: ;   {runtime_call UncommonTrapBlob}
  0x000001d387f661c0: c5f8 77e8 

  0x000001d387f661c4: ; ImmutableOopMap {}
                      ;*invokevirtual getSignerCertPath {reexecute=0 rethrow=0 return_oop=0}
                      ; - java.security.CodeSource::getCertificates@51
                      ; - java.lang.ClassLoader::checkCerts@34
                      ; - java.lang.ClassLoader::preDefineClass@113
                      ; - java.lang.ClassLoader::defineClass@4
  0x000001d387f661c4: 38d8 61ff 

  0x000001d387f661c8: ;   {other}
  0x000001d387f661c8: 0f1f 8400 | b837 0077 | baf6 ffff | ff66 6690 

  0x000001d387f661d8: ;   {runtime_call UncommonTrapBlob}
  0x000001d387f661d8: c5f8 77e8 

  0x000001d387f661dc: ; ImmutableOopMap {}
                      ;*invokevirtual getCertificates {reexecute=0 rethrow=0 return_oop=0}
                      ; - java.security.CodeSource::getCertificates@54
                      ; - java.lang.ClassLoader::checkCerts@34
                      ; - java.lang.ClassLoader::preDefineClass@113
                      ; - java.lang.ClassLoader::defineClass@4
  0x000001d387f661dc: 20d8 61ff 

  0x000001d387f661e0: ;   {other}
  0x000001d387f661e0: 0f1f 8400 | d037 0078 | baf6 ffff | ff66 6690 

  0x000001d387f661f0: ;   {runtime_call UncommonTrapBlob}
  0x000001d387f661f0: c5f8 77e8 

  0x000001d387f661f4: ; ImmutableOopMap {}
                      ;*arraylength {reexecute=0 rethrow=0 return_oop=0}
                      ; - java.security.CodeSource::getCertificates@40
                      ; - java.lang.ClassLoader::checkCerts@34
                      ; - java.lang.ClassLoader::preDefineClass@113
                      ; - java.lang.ClassLoader::defineClass@4
  0x000001d387f661f4: 08d8 61ff 

  0x000001d387f661f8: ;   {other}
  0x000001d387f661f8: 0f1f 8400 | e837 0079 | ba97 ffff | ff48 8b6c | 2428 4c8b | 5424 304c | 8954 2428 | 448b 5424 
  0x000001d387f66218: 3844 8954 | 2430 448b | 5c24 3c44 | 895c 2434 | 4c8b 5424 | 604c 8954 | 2438 4c8b | 5424 504c 
  0x000001d387f66238: 8954 2440 | 4c8b 5424 | 584c 8954 | 2448 448b | 5c24 6844 | 895c 2450 | 4c8b 5424 | 704c 8954 
  0x000001d387f66258: 2460 6690 

  0x000001d387f6625c: ;   {runtime_call UncommonTrapBlob}
  0x000001d387f6625c: c5f8 77e8 

  0x000001d387f66260: ; ImmutableOopMap {rbp=Oop [32]=Oop [40]=Oop [56]=Oop [64]=Oop [72]=Oop [80]=NarrowOop [96]=Oop [108]=NarrowOop [112]=Oop }
                      ;*invokevirtual clone {reexecute=1 rethrow=0 return_oop=0}
                      ; - (reexecute) java.util.Arrays::copyOfRange@18
                      ; - java.lang.StringLatin1::newString@16
                      ; - java.lang.String::substring@41
                      ; - java.lang.ClassLoader::checkCerts@21
                      ; - java.lang.ClassLoader::preDefineClass@113
                      ; - java.lang.ClassLoader::defineClass@4
  0x000001d387f66260: 9cd7 61ff 

  0x000001d387f66264: ;   {other}
  0x000001d387f66264: 0f1f 8400 | 5438 007a | baf6 ffff | ff41 8beb 

  0x000001d387f66274: ;   {runtime_call UncommonTrapBlob}
  0x000001d387f66274: c5f8 77e8 

  0x000001d387f66278: ; ImmutableOopMap {}
                      ;*aaload {reexecute=0 rethrow=0 return_oop=0}
                      ; - java.security.CodeSource::getCertificates@50
                      ; - java.lang.ClassLoader::postDefineClass@24
                      ; - java.lang.ClassLoader::defineClass@37
  0x000001d387f66278: 84d7 61ff 

  0x000001d387f6627c: ;   {other}
  0x000001d387f6627c: 0f1f 8400 | 6c38 007b | baf6 ffff | ff66 6690 

  0x000001d387f6628c: ;   {runtime_call UncommonTrapBlob}
  0x000001d387f6628c: c5f8 77e8 

  0x000001d387f66290: ; ImmutableOopMap {}
                      ;*invokevirtual getSignerCertPath {reexecute=0 rethrow=0 return_oop=0}
                      ; - java.security.CodeSource::getCertificates@51
                      ; - java.lang.ClassLoader::postDefineClass@24
                      ; - java.lang.ClassLoader::defineClass@37
  0x000001d387f66290: 6cd7 61ff 

  0x000001d387f66294: ;   {other}
  0x000001d387f66294: 0f1f 8400 | 8438 007c | baf6 ffff | ff66 6690 

  0x000001d387f662a4: ;   {runtime_call UncommonTrapBlob}
  0x000001d387f662a4: c5f8 77e8 

  0x000001d387f662a8: ; ImmutableOopMap {}
                      ;*invokevirtual getCertificates {reexecute=0 rethrow=0 return_oop=0}
                      ; - java.security.CodeSource::getCertificates@54
                      ; - java.lang.ClassLoader::postDefineClass@24
                      ; - java.lang.ClassLoader::defineClass@37
  0x000001d387f662a8: 54d7 61ff 

  0x000001d387f662ac: ;   {other}
  0x000001d387f662ac: 0f1f 8400 | 9c38 007d | baf6 ffff | ff66 6690 

  0x000001d387f662bc: ;   {runtime_call UncommonTrapBlob}
  0x000001d387f662bc: c5f8 77e8 

  0x000001d387f662c0: ; ImmutableOopMap {}
                      ;*arraylength {reexecute=0 rethrow=0 return_oop=0}
                      ; - java.security.CodeSource::getCertificates@40
                      ; - java.lang.ClassLoader::postDefineClass@24
                      ; - java.lang.ClassLoader::defineClass@37
  0x000001d387f662c0: 3cd7 61ff 

  0x000001d387f662c4: ;   {other}
  0x000001d387f662c4: 0f1f 8400 | b438 007e | ba97 ffff | ff4c 8b54 | 2438 4c89 | 5424 2090 

  0x000001d387f662dc: ;   {runtime_call UncommonTrapBlob}
  0x000001d387f662dc: c5f8 77e8 

  0x000001d387f662e0: ; ImmutableOopMap {rbp=Oop [32]=Oop [48]=Oop [64]=NarrowOop [80]=Oop }
                      ;*invokevirtual clone {reexecute=1 rethrow=0 return_oop=0}
                      ; - (reexecute) java.util.Arrays::copyOfRange@18
                      ; - java.lang.StringLatin1::newString@16
                      ; - java.lang.String::substring@41
                      ; - java.lang.Class::getPackageName@62
                      ; - java.lang.ClassLoader::postDefineClass@2
                      ; - java.lang.ClassLoader::defineClass@37
  0x000001d387f662e0: 1cd7 61ff 

  0x000001d387f662e4: ;   {other}
  0x000001d387f662e4: 0f1f 8400 | d438 007f | baf4 ffff | ff4c 8b54 | 2430 4c89 | 5424 2844 | 8b5c 2438 | 4489 5c24 
  0x000001d387f66304: 3044 8b54 | 243c 4489 | 5424 344c | 8b54 2448 | 4c89 5424 | 384c 8b54 | 2458 4c89 | 5424 4090 
  0x000001d387f66324: ;   {runtime_call UncommonTrapBlob}
  0x000001d387f66324: c5f8 77e8 

  0x000001d387f66328: ; ImmutableOopMap {rbp=Oop [32]=Oop [40]=Oop [56]=Oop [64]=Oop [80]=NarrowOop [96]=Oop [104]=Oop }
                      ;*checkcast {reexecute=0 rethrow=0 return_oop=0}
                      ; - java.security.CodeSource::getCertificates@76
                      ; - java.lang.ClassLoader::checkCerts@34
                      ; - java.lang.ClassLoader::preDefineClass@113
                      ; - java.lang.ClassLoader::defineClass@4
  0x000001d387f66328: d4d6 61ff 

  0x000001d387f6632c: ;   {other}
  0x000001d387f6632c: 0f1f 8400 | 1c39 0080 | ba97 ffff | ff48 8b6c | 2428 4c8b | 5424 304c | 8954 2428 | 448b 5c24 
  0x000001d387f6634c: 3844 895c | 2430 448b | 5424 3c44 | 8954 2434 | 4c8b 5424 | 504c 8954 | 2440 4c8b | 5424 584c 
  0x000001d387f6636c: 8954 2448 

  0x000001d387f66370: ;   {runtime_call UncommonTrapBlob}
  0x000001d387f66370: c5f8 77e8 

  0x000001d387f66374: ; ImmutableOopMap {rbp=Oop [32]=Oop [40]=Oop [64]=Oop [72]=Oop [96]=Oop [104]=Oop [112]=NarrowOop }
                      ;*invokevirtual clone {reexecute=1 rethrow=0 return_oop=0}
                      ; - (reexecute) java.security.CodeSource::getCertificates@11
                      ; - java.lang.ClassLoader::checkCerts@34
                      ; - java.lang.ClassLoader::preDefineClass@113
                      ; - java.lang.ClassLoader::defineClass@4
  0x000001d387f66374: 88d6 61ff 

  0x000001d387f66378: ;   {other}
  0x000001d387f66378: 0f1f 8400 | 6839 0081 | baf4 ffff | ff66 6690 

  0x000001d387f66388: ;   {runtime_call UncommonTrapBlob}
  0x000001d387f66388: c5f8 77e8 

  0x000001d387f6638c: ; ImmutableOopMap {[32]=Oop [40]=Oop [48]=NarrowOop }
                      ;*checkcast {reexecute=0 rethrow=0 return_oop=0}
                      ; - java.security.CodeSource::getCertificates@76
                      ; - java.lang.ClassLoader::postDefineClass@24
                      ; - java.lang.ClassLoader::defineClass@37
  0x000001d387f6638c: 70d6 61ff 

  0x000001d387f66390: ;   {other}
  0x000001d387f66390: 0f1f 8400 | 8039 0082 | ba97 ffff | ff48 8b6c | 2430 6690 

  0x000001d387f663a4: ;   {runtime_call UncommonTrapBlob}
  0x000001d387f663a4: c5f8 77e8 

  0x000001d387f663a8: ; ImmutableOopMap {rbp=Oop [32]=Oop [56]=NarrowOop }
                      ;*invokevirtual clone {reexecute=1 rethrow=0 return_oop=0}
                      ; - (reexecute) java.security.CodeSource::getCertificates@11
                      ; - java.lang.ClassLoader::postDefineClass@24
                      ; - java.lang.ClassLoader::defineClass@37
  0x000001d387f663a8: 54d6 61ff 

  0x000001d387f663ac: ;   {other}
  0x000001d387f663ac: 0f1f 8400 | 9c39 0083 | ba97 ffff | ff4c 8b54 | 2448 4c89 | 5424 404c | 8b54 2458 | 4c89 5424 
  0x000001d387f663cc: 4866 6690 

  0x000001d387f663d0: ;   {runtime_call UncommonTrapBlob}
  0x000001d387f663d0: c5f8 77e8 

  0x000001d387f663d4: ; ImmutableOopMap {rbp=Oop [32]=Oop [40]=Oop [48]=Oop [64]=Oop [72]=Oop [96]=Oop [104]=Oop }
                      ;*invokevirtual clone {reexecute=1 rethrow=0 return_oop=0}
                      ; - (reexecute) java.security.CodeSource::getCertificates@86
                      ; - java.lang.ClassLoader::checkCerts@34
                      ; - java.lang.ClassLoader::preDefineClass@113
                      ; - java.lang.ClassLoader::defineClass@4
  0x000001d387f663d4: 28d6 61ff 

  0x000001d387f663d8: ;   {other}
  0x000001d387f663d8: 0f1f 8400 | c839 0084 | ba97 ffff | ff66 6690 

  0x000001d387f663e8: ;   {runtime_call UncommonTrapBlob}
  0x000001d387f663e8: c5f8 77e8 

  0x000001d387f663ec: ; ImmutableOopMap {[32]=Oop [40]=Oop [64]=Oop }
                      ;*invokevirtual clone {reexecute=1 rethrow=0 return_oop=0}
                      ; - (reexecute) java.security.CodeSource::getCertificates@86
                      ; - java.lang.ClassLoader::postDefineClass@24
                      ; - java.lang.ClassLoader::defineClass@37
  0x000001d387f663ec: 10d6 61ff 

  0x000001d387f663f0: ;   {other}
  0x000001d387f663f0: 0f1f 8400 | e039 0085 | eb4a eb48 | eb46 eb44 | eb42 eb40 | eb3e eb3c | eb3a eb38 | eb36 eb34 
  0x000001d387f66410: eb32 eb30 | eb2e eb2c | eb2a eb28 | eb26 eb24 | eb22 eb20 | eb1e eb1c | eb1a eb18 | eb16 eb14 
  0x000001d387f66430: eb12 eb10 | eb0e eb0c | eb0a eb08 | eb06 eb04 | eb02 eb00 | 488b d0e9 | f5d6 ffff 

  0x000001d387f6644c: ;   {internal_word}
  0x000001d387f6644c: 49ba 0a3c | f687 d301 | 0000 4d89 | 9768 0400 

  0x000001d387f6645c: ;   {runtime_call SafepointBlob}
  0x000001d387f6645c: 00e9 9ee6 

  0x000001d387f66460: ;   {runtime_call StubRoutines (final stubs)}
  0x000001d387f66460: 61ff e879 | 2560 ffe9 | 32cb ffff | f4f4 f4f4 
[Stub Code]
  0x000001d387f66470: ;   {no_reloc}
  0x000001d387f66470: 48bb 0000 | 0000 0000 

  0x000001d387f66478: ;   {runtime_call nmethod}
  0x000001d387f66478: 0000 e9fb 

  0x000001d387f6647c: ;   {static_stub}
  0x000001d387f6647c: ffff ff48 | bb00 0000 | 0000 0000 

  0x000001d387f66488: ;   {runtime_call nmethod}
  0x000001d387f66488: 00e9 fbff 

  0x000001d387f6648c: ;   {static_stub}
  0x000001d387f6648c: ffff 48bb | 0000 0000 | 0000 0000 

  0x000001d387f66498: ;   {runtime_call nmethod}
  0x000001d387f66498: e9fb ffff 

  0x000001d387f6649c: ;   {static_stub}
  0x000001d387f6649c: ff48 bb00 | 0000 0000 

  0x000001d387f664a4: ;   {runtime_call nmethod}
  0x000001d387f664a4: 0000 00e9 | fbff ffff 

  0x000001d387f664ac: ;   {static_stub}
  0x000001d387f664ac: 48bb 0000 | 0000 0000 

  0x000001d387f664b4: ;   {runtime_call nmethod}
  0x000001d387f664b4: 0000 e9fb 

  0x000001d387f664b8: ;   {static_stub}
  0x000001d387f664b8: ffff ff48 | bb00 0000 | 0000 0000 

  0x000001d387f664c4: ;   {runtime_call nmethod}
  0x000001d387f664c4: 00e9 fbff 

  0x000001d387f664c8: ;   {static_stub}
  0x000001d387f664c8: ffff 48bb | 0000 0000 | 0000 0000 

  0x000001d387f664d4: ;   {runtime_call nmethod}
  0x000001d387f664d4: e9fb ffff 

  0x000001d387f664d8: ;   {static_stub}
  0x000001d387f664d8: ff48 bb00 | 0000 0000 

  0x000001d387f664e0: ;   {runtime_call nmethod}
  0x000001d387f664e0: 0000 00e9 | fbff ffff 

  0x000001d387f664e8: ;   {static_stub}
  0x000001d387f664e8: 48bb 0000 | 0000 0000 

  0x000001d387f664f0: ;   {runtime_call nmethod}
  0x000001d387f664f0: 0000 e9fb 

  0x000001d387f664f4: ;   {static_stub}
  0x000001d387f664f4: ffff ff48 | bb00 0000 | 0000 0000 

  0x000001d387f66500: ;   {runtime_call nmethod}
  0x000001d387f66500: 00e9 fbff 

  0x000001d387f66504: ;   {static_stub}
  0x000001d387f66504: ffff 48bb | 0000 0000 | 0000 0000 

  0x000001d387f66510: ;   {runtime_call nmethod}
  0x000001d387f66510: e9fb ffff 

  0x000001d387f66514: ;   {static_stub}
  0x000001d387f66514: ff48 bb00 | 0000 0000 

  0x000001d387f6651c: ;   {runtime_call nmethod}
  0x000001d387f6651c: 0000 00e9 | fbff ffff 

  0x000001d387f66524: ;   {static_stub}
  0x000001d387f66524: 48bb 0000 | 0000 0000 

  0x000001d387f6652c: ;   {runtime_call nmethod}
  0x000001d387f6652c: 0000 e9fb 

  0x000001d387f66530: ;   {static_stub}
  0x000001d387f66530: ffff ff48 | bb00 0000 | 0000 0000 

  0x000001d387f6653c: ;   {runtime_call nmethod}
  0x000001d387f6653c: 00e9 fbff 

  0x000001d387f66540: ;   {static_stub}
  0x000001d387f66540: ffff 48bb | 0000 0000 | 0000 0000 

  0x000001d387f6654c: ;   {runtime_call nmethod}
  0x000001d387f6654c: e9fb ffff 

  0x000001d387f66550: ;   {static_stub}
  0x000001d387f66550: ff48 bb00 | 0000 0000 

  0x000001d387f66558: ;   {runtime_call nmethod}
  0x000001d387f66558: 0000 00e9 | fbff ffff 

  0x000001d387f66560: ;   {static_stub}
  0x000001d387f66560: 48bb 0000 | 0000 0000 

  0x000001d387f66568: ;   {runtime_call nmethod}
  0x000001d387f66568: 0000 e9fb 

  0x000001d387f6656c: ;   {static_stub}
  0x000001d387f6656c: ffff ff48 | bb00 0000 | 0000 0000 

  0x000001d387f66578: ;   {runtime_call nmethod}
  0x000001d387f66578: 00e9 fbff 

  0x000001d387f6657c: ;   {static_stub}
  0x000001d387f6657c: ffff 48bb | 0000 0000 | 0000 0000 

  0x000001d387f66588: ;   {runtime_call nmethod}
  0x000001d387f66588: e9fb ffff 

  0x000001d387f6658c: ;   {static_stub}
  0x000001d387f6658c: ff48 bb00 | 0000 0000 

  0x000001d387f66594: ;   {runtime_call nmethod}
  0x000001d387f66594: 0000 00e9 | fbff ffff 

  0x000001d387f6659c: ;   {static_stub}
  0x000001d387f6659c: 48bb 0000 | 0000 0000 

  0x000001d387f665a4: ;   {runtime_call nmethod}
  0x000001d387f665a4: 0000 e9fb 

  0x000001d387f665a8: ;   {static_stub}
  0x000001d387f665a8: ffff ff48 | bb00 0000 | 0000 0000 

  0x000001d387f665b4: ;   {runtime_call nmethod}
  0x000001d387f665b4: 00e9 fbff 

  0x000001d387f665b8: ;   {static_stub}
  0x000001d387f665b8: ffff 48bb | 0000 0000 | 0000 0000 

  0x000001d387f665c4: ;   {runtime_call nmethod}
  0x000001d387f665c4: e9fb ffff 

  0x000001d387f665c8: ;   {static_stub}
  0x000001d387f665c8: ff48 bb00 | 0000 0000 

  0x000001d387f665d0: ;   {runtime_call nmethod}
  0x000001d387f665d0: 0000 00e9 | fbff ffff 

  0x000001d387f665d8: ;   {static_stub}
  0x000001d387f665d8: 48bb 0000 | 0000 0000 

  0x000001d387f665e0: ;   {runtime_call nmethod}
  0x000001d387f665e0: 0000 e9fb 

  0x000001d387f665e4: ;   {runtime_call ExceptionBlob}
  0x000001d387f665e4: ffff ffe9 | 1496 63ff 
[Deopt Handler Code]
  0x000001d387f665ec: e800 0000 | 0048 832c 

  0x000001d387f665f4: ;   {runtime_call DeoptimizationBlob}
  0x000001d387f665f4: 2405 e9a5 | d761 fff4 | f4f4 f4f4 
[/MachCode]


Compiled method (c1) 81988 1775       3       java.security.SecureClassLoader::defineClass (16 bytes)
 total in heap  [0x000001d380312d90,0x000001d380313190] = 1024
 relocation     [0x000001d380312ef0,0x000001d380312f40] = 80
 main code      [0x000001d380312f40,0x000001d380313098] = 344
 stub code      [0x000001d380313098,0x000001d3803130e8] = 80
 metadata       [0x000001d3803130e8,0x000001d3803130f0] = 8
 scopes data    [0x000001d3803130f0,0x000001d380313138] = 72
 scopes pcs     [0x000001d380313138,0x000001d380313188] = 80
 dependencies   [0x000001d380313188,0x000001d380313190] = 8

[Constant Pool (empty)]

[MachCode]
[Entry Point]
  # {method} {0x000001d38f04e0e8} 'defineClass' '(Ljava/lang/String;[BIILjava/security/CodeSource;)Ljava/lang/Class;' in 'java/security/SecureClassLoader'
  # this:     rdx:rdx   = 'java/security/SecureClassLoader'
  # parm0:    r8:r8     = 'java/lang/String'
  # parm1:    r9:r9     = '[B'
  # parm2:    rdi       = int
  # parm3:    rsi       = int
  # parm4:    rcx:rcx   = 'java/security/CodeSource'
  #           [sp+0x80]  (sp of caller)
  0x000001d380312f40: 448b 5208 | 49bb 0000 | 008f d301 | 0000 4d03 | d34c 3bd0 

  0x000001d380312f54: ;   {runtime_call ic_miss_stub}
  0x000001d380312f54: 0f85 26b5 | 2607 660f | 1f44 0000 
[Verified Entry Point]
  0x000001d380312f60: 8984 2400 | 80ff ff55 | 4883 ec70 | 4181 7f20 | 0400 0000 

  0x000001d380312f74: ;   {runtime_call StubRoutines (final stubs)}
  0x000001d380312f74: 7405 e865 

  0x000001d380312f78: ;   {metadata(method data for {method} {0x000001d38f04e0e8} 'defineClass' '(Ljava/lang/String;[BIILjava/security/CodeSource;)Ljava/lang/Class;' in 'java/security/SecureClassLoader')}
  0x000001d380312f78: 5a25 0748 | bb40 e43b | d0d3 0100 | 008b 83cc | 0000 0083 | c002 8983 | cc00 0000 | 25fe 0700 
  0x000001d380312f98: 0085 c00f | 8496 0000 | 0089 7424 | 5c89 7c24 | 584c 894c | 2450 4c89 | 4424 4848 

  0x000001d380312fb4: ;   {metadata(method data for {method} {0x000001d38f04e0e8} 'defineClass' '(Ljava/lang/String;[BIILjava/security/CodeSource;)Ljava/lang/Class;' in 'java/security/SecureClassLoader')}
  0x000001d380312fb4: 8bda 48b8 | 40e4 3bd0 | d301 0000 | 4883 8010 | 0100 0001 | 4c8b c148 | 8bc2 488b | d048 8944 
  0x000001d380312fd4: ;   {optimized virtual_call}
  0x000001d380312fd4: 2440 90e8 

  0x000001d380312fd8: ; ImmutableOopMap {[64]=Oop [72]=Oop [80]=Oop }
                      ;*invokevirtual getProtectionDomain {reexecute=0 rethrow=0 return_oop=0}
                      ; - java.security.SecureClassLoader::defineClass@9
  0x000001d380312fd8: 4448 3e00 

  0x000001d380312fdc: ;   {other}
  0x000001d380312fdc: 0f1f 8400 | 4c02 0000 | 488b 5424 

  0x000001d380312fe8: ;   {metadata(method data for {method} {0x000001d38f04e0e8} 'defineClass' '(Ljava/lang/String;[BIILjava/security/CodeSource;)Ljava/lang/Class;' in 'java/security/SecureClassLoader')}
  0x000001d380312fe8: 4049 b840 | e43b d0d3 | 0100 0049 | 8380 4801 | 0000 014c | 8b44 2448 | 4c8b 4c24 | 508b 7c24 
  0x000001d380313008: 588b 7424 | 5c48 8bc8 | 488b 5424 

  0x000001d380313014: ;   {optimized virtual_call}
  0x000001d380313014: 4066 90e8 

  0x000001d380313018: ; ImmutableOopMap {}
                      ;*invokevirtual defineClass {reexecute=0 rethrow=0 return_oop=0}
                      ; - java.security.SecureClassLoader::defineClass@12
  0x000001d380313018: 64ff c407 

  0x000001d38031301c: ;   {other}
  0x000001d38031301c: 0f1f 8400 | 8c02 0001 | 4883 c470 

  0x000001d380313028: ;   {poll_return}
  0x000001d380313028: 5d49 3ba7 | 5004 0000 | 0f87 2200 

  0x000001d380313034: ;   {metadata({method} {0x000001d38f04e0e8} 'defineClass' '(Ljava/lang/String;[BIILjava/security/CodeSource;)Ljava/lang/Class;' in 'java/security/SecureClassLoader')}
  0x000001d380313034: 0000 c349 | bae0 e004 | 8fd3 0100 | 004c 8954 | 2408 48c7 | 0424 ffff 

  0x000001d38031304c: ;   {runtime_call counter_overflow Runtime1 stub}
  0x000001d38031304c: ffff e8ad 

  0x000001d380313050: ; ImmutableOopMap {rdx=Oop r8=Oop r9=Oop rcx=Oop }
                      ;*synchronization entry
                      ; - java.security.SecureClassLoader::defineClass@-1
  0x000001d380313050: 3e32 07e9 | 49ff ffff 

  0x000001d380313058: ;   {internal_word}
  0x000001d380313058: 49ba 2930 | 3180 d301 | 0000 4d89 | 9768 0400 

  0x000001d380313068: ;   {runtime_call SafepointBlob}
  0x000001d380313068: 00e9 921a | 2707 498b | 8700 0500 | 0049 c787 | 0005 0000 | 0000 0000 | 49c7 8708 | 0500 0000 
  0x000001d380313088: 0000 0048 | 83c4 705d 

  0x000001d380313090: ;   {runtime_call unwind_exception Runtime1 stub}
  0x000001d380313090: e96b fe28 | 07f4 f4f4 
[Stub Code]
  0x000001d380313098: ;   {no_reloc}
  0x000001d380313098: 48bb 30e0 | 048f d301 

  0x000001d3803130a0: ;   {runtime_call I2C/C2I adapters}
  0x000001d3803130a0: 0000 e9c0 

  0x000001d3803130a4: ;   {static_stub}
  0x000001d3803130a4: 0627 0748 | bbd0 5243 | 8fd3 0100 

  0x000001d3803130b0: ;   {runtime_call I2C/C2I adapters}
  0x000001d3803130b0: 00e9 3f19 

  0x000001d3803130b4: ;   {runtime_call handle_exception_from_callee Runtime1 stub}
  0x000001d3803130b4: 2607 e845 

  0x000001d3803130b8: ;   {external_word}
  0x000001d3803130b8: ed31 0748 | b940 5362 | fafd 7f00 | 0048 83e4 

  0x000001d3803130c8: ;   {runtime_call}
  0x000001d3803130c8: f048 b8b0 | c324 fafd | 7f00 00ff 

  0x000001d3803130d4: ;   {section_word}
  0x000001d3803130d4: d0f4 49ba | d630 3180 | d301 0000 

  0x000001d3803130e0: ;   {runtime_call DeoptimizationBlob}
  0x000001d3803130e0: 4152 e9b9 | 0c27 07f4 
[/MachCode]


---------------  P R O C E S S  ---------------

Threads class SMR info:
_java_thread_list=0x000001d3d759a0b0, length=88, elements={
0x000001d3f1dee1e0, 0x000001d3fbac9050, 0x000001d3fbacb710, 0x000001d3fcd45850,
0x000001d3fcd487a0, 0x000001d3fcd4caa0, 0x000001d3fcd4d500, 0x000001d3fcd56970,
0x000001d3fcdc0fd0, 0x000001d3fcfe88e0, 0x000001d3fd09cd30, 0x000001d3fe4babe0,
0x000001d3fcec8f80, 0x000001d3fcfc1450, 0x000001d3fcfc1ac0, 0x000001d3fed08190,
0x000001d3fedad280, 0x000001d3fe45f950, 0x000001d3fcfb4260, 0x000001d3fcfb4f80,
0x000001d3fcfb48f0, 0x000001d3fcfb5610, 0x000001d3fcfb3540, 0x000001d3fcfb3bd0,
0x000001d3fcfb5ca0, 0x000001d3fcfb2820, 0x000001d3d5086bb0, 0x000001d3d5083730,
0x000001d3d5085e90, 0x000001d3d5086520, 0x000001d3d5087240, 0x000001d3d5083dc0,
0x000001d3d50878d0, 0x000001d3d5084450, 0x000001d3d5085170, 0x000001d3d5087f60,
0x000001d3d5084ae0, 0x000001d3d50885f0, 0x000001d3d5088c80, 0x000001d3d5085800,
0x000001d3d508a030, 0x000001d3d50899a0, 0x000001d3d508ad50, 0x000001d3d5142460,
0x000001d3d5142af0, 0x000001d3d51410b0, 0x000001d3d5141740, 0x000001d3d5140a20,
0x000001d3d5143810, 0x000001d3d5143ea0, 0x000001d3d5143180, 0x000001d3d5144530,
0x000001d3d5144bc0, 0x000001d3d5148040, 0x000001d3d6cee490, 0x000001d3d6cede00,
0x000001d3d6cef840, 0x000001d3d6ced0e0, 0x000001d3d6ceeb20, 0x000001d3d6ced770,
0x000001d3d6cef1b0, 0x000001d3d6cefed0, 0x000001d3d6cf0560, 0x000001d3fe96b800,
0x000001d3fe96a450, 0x000001d3fe96aae0, 0x000001d3fe96e5f0, 0x000001d3fe96df60,
0x000001d3fe96cbb0, 0x000001d3fe96d240, 0x000001d3fe96d8d0, 0x000001d3fe96c520,
0x000001d3fe96b170, 0x000001d3fe96ec80, 0x000001d3fe96f310, 0x000001d3fe96f9a0,
0x000001d3fe9706c0, 0x000001d3fe970030, 0x000001d3fe970d50, 0x000001d3fe9713e0,
0x000001d3d49f76f0, 0x000001d3d49f9130, 0x000001d3d49f8aa0, 0x000001d3d49f7060,
0x000001d3d49f7d80, 0x000001d3d49f9e50, 0x000001d3d49f97c0, 0x000001d3d49fcc40
}

Java Threads: ( => current thread )
  0x000001d3f1dee1e0 JavaThread "main"                              [_thread_blocked, id=15104, stack(0x000000bd13700000,0x000000bd13800000) (1024K)]
  0x000001d3fbac9050 JavaThread "Reference Handler"          daemon [_thread_blocked, id=15496, stack(0x000000bd13b00000,0x000000bd13c00000) (1024K)]
  0x000001d3fbacb710 JavaThread "Finalizer"                  daemon [_thread_blocked, id=1628, stack(0x000000bd13c00000,0x000000bd13d00000) (1024K)]
  0x000001d3fcd45850 JavaThread "Signal Dispatcher"          daemon [_thread_blocked, id=11740, stack(0x000000bd13d00000,0x000000bd13e00000) (1024K)]
  0x000001d3fcd487a0 JavaThread "Attach Listener"            daemon [_thread_blocked, id=3600, stack(0x000000bd13e00000,0x000000bd13f00000) (1024K)]
  0x000001d3fcd4caa0 JavaThread "Service Thread"             daemon [_thread_blocked, id=12388, stack(0x000000bd13f00000,0x000000bd14000000) (1024K)]
  0x000001d3fcd4d500 JavaThread "Monitor Deflation Thread"   daemon [_thread_blocked, id=24196, stack(0x000000bd14000000,0x000000bd14100000) (1024K)]
  0x000001d3fcd56970 JavaThread "C2 CompilerThread0"         daemon [_thread_blocked, id=14588, stack(0x000000bd14100000,0x000000bd14200000) (1024K)]
  0x000001d3fcdc0fd0 JavaThread "C1 CompilerThread0"         daemon [_thread_blocked, id=23664, stack(0x000000bd14200000,0x000000bd14300000) (1024K)]
  0x000001d3fcfe88e0 JavaThread "Common-Cleaner"             daemon [_thread_blocked, id=1980, stack(0x000000bd14300000,0x000000bd14400000) (1024K)]
  0x000001d3fd09cd30 JavaThread "Notification Thread"        daemon [_thread_blocked, id=11528, stack(0x000000bd14400000,0x000000bd14500000) (1024K)]
  0x000001d3fe4babe0 JavaThread "Active Thread: Equinox Container: 7ce21efc-d075-46aa-865b-5cf3f355a718"        [_thread_blocked, id=10644, stack(0x000000bd14b00000,0x000000bd14c00000) (1024K)]
  0x000001d3fcec8f80 JavaThread "Refresh Thread: Equinox Container: 7ce21efc-d075-46aa-865b-5cf3f355a718" daemon [_thread_blocked, id=16624, stack(0x000000bd14d00000,0x000000bd14e00000) (1024K)]
  0x000001d3fcfc1450 JavaThread "Framework Event Dispatcher: Equinox Container: 7ce21efc-d075-46aa-865b-5cf3f355a718" daemon [_thread_blocked, id=1460, stack(0x000000bd14e00000,0x000000bd14f00000) (1024K)]
  0x000001d3fcfc1ac0 JavaThread "Start Level: Equinox Container: 7ce21efc-d075-46aa-865b-5cf3f355a718" daemon [_thread_blocked, id=6440, stack(0x000000bd14f00000,0x000000bd15000000) (1024K)]
  0x000001d3fed08190 JavaThread "Bundle File Closer"         daemon [_thread_blocked, id=2084, stack(0x000000bd15300000,0x000000bd15400000) (1024K)]
  0x000001d3fedad280 JavaThread "SCR Component Actor"        daemon [_thread_blocked, id=16528, stack(0x000000bd15000000,0x000000bd15100000) (1024K)]
  0x000001d3fe45f950 JavaThread "Worker-JM"                         [_thread_blocked, id=17376, stack(0x000000bd15500000,0x000000bd15600000) (1024K)]
  0x000001d3fcfb4260 JavaThread "JNA Cleaner"                daemon [_thread_blocked, id=15264, stack(0x000000bd15700000,0x000000bd15800000) (1024K)]
  0x000001d3fcfb4f80 JavaThread "Worker-0"                          [_thread_blocked, id=5916, stack(0x000000bd15600000,0x000000bd15700000) (1024K)]
  0x000001d3fcfb48f0 JavaThread "Worker-1: Initialize workspace"        [_thread_blocked, id=5100, stack(0x000000bd15800000,0x000000bd15900000) (1024K)]
  0x000001d3fcfb5610 JavaThread "Worker-2"                          [_thread_blocked, id=14976, stack(0x000000bd15900000,0x000000bd15a00000) (1024K)]
  0x000001d3fcfb3540 JavaThread "Worker-3"                          [_thread_blocked, id=23072, stack(0x000000bd15a00000,0x000000bd15b00000) (1024K)]
  0x000001d3fcfb3bd0 JavaThread "Java indexing"              daemon [_thread_blocked, id=18788, stack(0x000000bd15c00000,0x000000bd15d00000) (1024K)]
  0x000001d3fcfb5ca0 JavaThread "Worker-4"                          [_thread_blocked, id=18320, stack(0x000000bd15f00000,0x000000bd16000000) (1024K)]
  0x000001d3fcfb2820 JavaThread "Worker-5"                          [_thread_blocked, id=19420, stack(0x000000bd16000000,0x000000bd16100000) (1024K)]
  0x000001d3d5086bb0 JavaThread "Thread-1"                   daemon [_thread_in_native, id=2648, stack(0x000000bd16100000,0x000000bd16200000) (1024K)]
  0x000001d3d5083730 JavaThread "Thread-2"                   daemon [_thread_in_native, id=6396, stack(0x000000bd16200000,0x000000bd16300000) (1024K)]
  0x000001d3d5085e90 JavaThread "Thread-3"                   daemon [_thread_in_native, id=17396, stack(0x000000bd16300000,0x000000bd16400000) (1024K)]
  0x000001d3d5086520 JavaThread "Thread-4"                   daemon [_thread_in_native, id=18536, stack(0x000000bd16400000,0x000000bd16500000) (1024K)]
  0x000001d3d5087240 JavaThread "Thread-5"                   daemon [_thread_in_native, id=22832, stack(0x000000bd16500000,0x000000bd16600000) (1024K)]
  0x000001d3d5083dc0 JavaThread "Thread-6"                   daemon [_thread_in_native, id=10536, stack(0x000000bd16600000,0x000000bd16700000) (1024K)]
  0x000001d3d50878d0 JavaThread "Thread-7"                   daemon [_thread_in_native, id=6704, stack(0x000000bd16700000,0x000000bd16800000) (1024K)]
  0x000001d3d5084450 JavaThread "Thread-8"                   daemon [_thread_in_native, id=14000, stack(0x000000bd16800000,0x000000bd16900000) (1024K)]
  0x000001d3d5085170 JavaThread "Thread-9"                   daemon [_thread_in_native, id=19172, stack(0x000000bd16900000,0x000000bd16a00000) (1024K)]
  0x000001d3d5087f60 JavaThread "Thread-10"                  daemon [_thread_in_native, id=17680, stack(0x000000bd16a00000,0x000000bd16b00000) (1024K)]
  0x000001d3d5084ae0 JavaThread "Thread-11"                  daemon [_thread_in_native, id=22432, stack(0x000000bd16b00000,0x000000bd16c00000) (1024K)]
  0x000001d3d50885f0 JavaThread "Thread-12"                  daemon [_thread_in_native, id=17860, stack(0x000000bd16c00000,0x000000bd16d00000) (1024K)]
  0x000001d3d5088c80 JavaThread "Thread-13"                  daemon [_thread_in_native, id=14736, stack(0x000000bd16d00000,0x000000bd16e00000) (1024K)]
  0x000001d3d5085800 JavaThread "pool-2-thread-1"                   [_thread_blocked, id=18020, stack(0x000000bd16e00000,0x000000bd16f00000) (1024K)]
  0x000001d3d508a030 JavaThread "WorkspaceEventsHandler"            [_thread_blocked, id=12144, stack(0x000000bd16f00000,0x000000bd17000000) (1024K)]
  0x000001d3d50899a0 JavaThread "pool-1-thread-1"                   [_thread_blocked, id=24316, stack(0x000000bd17000000,0x000000bd17100000) (1024K)]
  0x000001d3d508ad50 JavaThread "ForkJoinPool.commonPool-worker-1" daemon [_thread_blocked, id=16824, stack(0x000000bd15b00000,0x000000bd15c00000) (1024K)]
  0x000001d3d5142460 JavaThread "ForkJoinPool.commonPool-worker-2" daemon [_thread_blocked, id=18104, stack(0x000000bd17100000,0x000000bd17200000) (1024K)]
  0x000001d3d5142af0 JavaThread "ForkJoinPool.commonPool-worker-3" daemon [_thread_blocked, id=15852, stack(0x000000bd17200000,0x000000bd17300000) (1024K)]
  0x000001d3d51410b0 JavaThread "ForkJoinPool.commonPool-worker-4" daemon [_thread_blocked, id=8948, stack(0x000000bd17300000,0x000000bd17400000) (1024K)]
  0x000001d3d5141740 JavaThread "ForkJoinPool.commonPool-worker-5" daemon [_thread_blocked, id=11904, stack(0x000000bd17400000,0x000000bd17500000) (1024K)]
  0x000001d3d5140a20 JavaThread "ForkJoinPool.commonPool-worker-6" daemon [_thread_blocked, id=12712, stack(0x000000bd17500000,0x000000bd17600000) (1024K)]
  0x000001d3d5143810 JavaThread "ForkJoinPool.commonPool-worker-7" daemon [_thread_blocked, id=22092, stack(0x000000bd17600000,0x000000bd17700000) (1024K)]
  0x000001d3d5143ea0 JavaThread "ForkJoinPool.commonPool-worker-8" daemon [_thread_blocked, id=10344, stack(0x000000bd17700000,0x000000bd17800000) (1024K)]
  0x000001d3d5143180 JavaThread "ForkJoinPool.commonPool-worker-9" daemon [_thread_blocked, id=2820, stack(0x000000bd17800000,0x000000bd17900000) (1024K)]
  0x000001d3d5144530 JavaThread "ForkJoinPool.commonPool-worker-10" daemon [_thread_blocked, id=21692, stack(0x000000bd17900000,0x000000bd17a00000) (1024K)]
  0x000001d3d5144bc0 JavaThread "ForkJoinPool.commonPool-worker-11" daemon [_thread_blocked, id=1808, stack(0x000000bd17a00000,0x000000bd17b00000) (1024K)]
  0x000001d3d5148040 JavaThread "LocalFile Deleter"          daemon [_thread_blocked, id=19304, stack(0x000000bd13400000,0x000000bd13500000) (1024K)]
  0x000001d3d6cee490 JavaThread "LocalFile Deleter"          daemon [_thread_blocked, id=19180, stack(0x000000bd13500000,0x000000bd13600000) (1024K)]
  0x000001d3d6cede00 JavaThread "LocalFile Deleter"          daemon [_thread_blocked, id=4760, stack(0x000000bd13600000,0x000000bd13700000) (1024K)]
  0x000001d3d6cef840 JavaThread "LocalFile Deleter"          daemon [_thread_blocked, id=5984, stack(0x000000bd17c00000,0x000000bd17d00000) (1024K)]
  0x000001d3d6ced0e0 JavaThread "LocalFile Deleter"          daemon [_thread_blocked, id=14352, stack(0x000000bd17e00000,0x000000bd17f00000) (1024K)]
  0x000001d3d6ceeb20 JavaThread "LocalFile Deleter"          daemon [_thread_blocked, id=23500, stack(0x000000bd17f00000,0x000000bd18000000) (1024K)]
  0x000001d3d6ced770 JavaThread "LocalFile Deleter"          daemon [_thread_blocked, id=24204, stack(0x000000bd18000000,0x000000bd18100000) (1024K)]
  0x000001d3d6cef1b0 JavaThread "LocalFile Deleter"          daemon [_thread_blocked, id=9544, stack(0x000000bd18100000,0x000000bd18200000) (1024K)]
  0x000001d3d6cefed0 JavaThread "LocalFile Deleter"          daemon [_thread_blocked, id=14508, stack(0x000000bd18200000,0x000000bd18300000) (1024K)]
  0x000001d3d6cf0560 JavaThread "LocalFile Deleter"          daemon [_thread_blocked, id=24032, stack(0x000000bd18300000,0x000000bd18400000) (1024K)]
  0x000001d3fe96b800 JavaThread "LocalFile Deleter"          daemon [_thread_blocked, id=21124, stack(0x000000bd18400000,0x000000bd18500000) (1024K)]
  0x000001d3fe96a450 JavaThread "LocalFile Deleter"          daemon [_thread_blocked, id=17000, stack(0x000000bd18500000,0x000000bd18600000) (1024K)]
  0x000001d3fe96aae0 JavaThread "Compiler Source File Reader" daemon [_thread_blocked, id=6352, stack(0x000000bd18600000,0x000000bd18700000) (1024K)]
  0x000001d3fe96e5f0 JavaThread "Compiler Source File Reader" daemon [_thread_blocked, id=17340, stack(0x000000bd18700000,0x000000bd18800000) (1024K)]
  0x000001d3fe96df60 JavaThread "Compiler Source File Reader" daemon [_thread_blocked, id=23600, stack(0x000000bd18800000,0x000000bd18900000) (1024K)]
  0x000001d3fe96cbb0 JavaThread "Compiler Source File Reader" daemon [_thread_blocked, id=5716, stack(0x000000bd18900000,0x000000bd18a00000) (1024K)]
  0x000001d3fe96d240 JavaThread "Compiler Source File Reader" daemon [_thread_blocked, id=1412, stack(0x000000bd18a00000,0x000000bd18b00000) (1024K)]
  0x000001d3fe96d8d0 JavaThread "Compiler Source File Reader" daemon [_thread_blocked, id=18408, stack(0x000000bd18b00000,0x000000bd18c00000) (1024K)]
  0x000001d3fe96c520 JavaThread "Compiler Source File Reader" daemon [_thread_blocked, id=11244, stack(0x000000bd18c00000,0x000000bd18d00000) (1024K)]
  0x000001d3fe96b170 JavaThread "Compiler Source File Reader" daemon [_thread_blocked, id=10132, stack(0x000000bd18d00000,0x000000bd18e00000) (1024K)]
  0x000001d3fe96ec80 JavaThread "Compiler Source File Reader" daemon [_thread_blocked, id=20152, stack(0x000000bd18e00000,0x000000bd18f00000) (1024K)]
  0x000001d3fe96f310 JavaThread "Compiler Source File Reader" daemon [_thread_blocked, id=17644, stack(0x000000bd18f00000,0x000000bd19000000) (1024K)]
  0x000001d3fe96f9a0 JavaThread "Worker-6"                          [_thread_blocked, id=23040, stack(0x000000bd19000000,0x000000bd19100000) (1024K)]
  0x000001d3fe9706c0 JavaThread "Compiler Processing Task"   daemon [_thread_blocked, id=18980, stack(0x000000bd19100000,0x000000bd19200000) (1024K)]
  0x000001d3fe970030 JavaThread "Compiler Class File Writer" daemon [_thread_blocked, id=8868, stack(0x000000bd19200000,0x000000bd19300000) (1024K)]
  0x000001d3fe970d50 JavaThread "Compiler Class File Writer" daemon [_thread_blocked, id=8280, stack(0x000000bd19300000,0x000000bd19400000) (1024K)]
  0x000001d3fe9713e0 JavaThread "Compiler Class File Writer" daemon [_thread_blocked, id=20988, stack(0x000000bd19400000,0x000000bd19500000) (1024K)]
  0x000001d3d49f76f0 JavaThread "Compiler Class File Writer" daemon [_thread_blocked, id=5420, stack(0x000000bd19500000,0x000000bd19600000) (1024K)]
  0x000001d3d49f9130 JavaThread "Compiler Class File Writer" daemon [_thread_blocked, id=8228, stack(0x000000bd19600000,0x000000bd19700000) (1024K)]
  0x000001d3d49f8aa0 JavaThread "Compiler Class File Writer" daemon [_thread_blocked, id=5156, stack(0x000000bd19700000,0x000000bd19800000) (1024K)]
  0x000001d3d49f7060 JavaThread "Compiler Class File Writer" daemon [_thread_blocked, id=1120, stack(0x000000bd19800000,0x000000bd19900000) (1024K)]
  0x000001d3d49f7d80 JavaThread "Compiler Class File Writer" daemon [_thread_blocked, id=11720, stack(0x000000bd19900000,0x000000bd19a00000) (1024K)]
  0x000001d3d49f9e50 JavaThread "Compiler Class File Writer" daemon [_thread_blocked, id=16392, stack(0x000000bd19a00000,0x000000bd19b00000) (1024K)]
  0x000001d3d49f97c0 JavaThread "Compiler Class File Writer" daemon [_thread_blocked, id=16796, stack(0x000000bd19b00000,0x000000bd19c00000) (1024K)]
=>0x000001d3d49fcc40 JavaThread "Connection worker"                 [_thread_in_vm, id=7952, stack(0x000000bd15400000,0x000000bd15500000) (1024K)]
Total: 88

Other Threads:
  0x000001d3fcd42640 VMThread "VM Thread"                           [id=20248, stack(0x000000bd13a00000,0x000000bd13b00000) (1024K)]
  0x000001d3f2419f80 WatcherThread "VM Periodic Task Thread"        [id=24332, stack(0x000000bd13900000,0x000000bd13a00000) (1024K)]
  0x000001d3f23c7130 WorkerThread "GC Thread#0"                     [id=12500, stack(0x000000bd13800000,0x000000bd13900000) (1024K)]
  0x000001d3fdef00d0 WorkerThread "GC Thread#1"                     [id=22820, stack(0x000000bd14500000,0x000000bd14600000) (1024K)]
  0x000001d3fdef0830 WorkerThread "GC Thread#2"                     [id=14280, stack(0x000000bd14600000,0x000000bd14700000) (1024K)]
  0x000001d3fdef0be0 WorkerThread "GC Thread#3"                     [id=24356, stack(0x000000bd14700000,0x000000bd14800000) (1024K)]
  0x000001d3fdef1aa0 WorkerThread "GC Thread#4"                     [id=3300, stack(0x000000bd14800000,0x000000bd14900000) (1024K)]
  0x000001d3fdef0480 WorkerThread "GC Thread#5"                     [id=22648, stack(0x000000bd14900000,0x000000bd14a00000) (1024K)]
  0x000001d3fdef1340 WorkerThread "GC Thread#6"                     [id=8560, stack(0x000000bd14a00000,0x000000bd14b00000) (1024K)]
  0x000001d3fcec4a60 WorkerThread "GC Thread#7"                     [id=23452, stack(0x000000bd14c00000,0x000000bd14d00000) (1024K)]
  0x000001d3fcec4e10 WorkerThread "GC Thread#8"                     [id=7004, stack(0x000000bd15100000,0x000000bd15200000) (1024K)]
  0x000001d3fcec51c0 WorkerThread "GC Thread#9"                     [id=1172, stack(0x000000bd15200000,0x000000bd15300000) (1024K)]
Total: 12

Threads with active compile tasks:
Total: 0

VM state: not at safepoint (normal execution)

VM Mutex/Monitor currently owned by a thread:  ([mutex/lock_event])
[0x00007ffdfa8dc4e0] Metaspace_lock - owner thread: 0x000001d3d49fcc40

Heap address: 0x0000000080000000, size: 2048 MB, Compressed Oops mode: 32-bit

CDS archive(s) mapped at: [0x000001d38f000000-0x000001d38fba0000-0x000001d38fba0000), size 12189696, SharedBaseAddress: 0x000001d38f000000, ArchiveRelocationMode: 1.
Compressed class space mapped at: 0x000001d390000000-0x000001d3d0000000, reserved size: 1073741824
Narrow klass base: 0x000001d38f000000, Narrow klass shift: 0, Narrow klass range: 0x100000000

GC Precious Log:
 CardTable entry size: 512
 CPUs: 12 total, 12 available
 Memory: 16068M
 Large Page Support: Disabled
 NUMA Support: Disabled
 Compressed Oops: Enabled (32-bit)
 Alignments: Space 512K, Generation 512K, Heap 2M
 Heap Min Capacity: 100M
 Heap Initial Capacity: 100M
 Heap Max Capacity: 2G
 Pre-touch: Disabled
 Parallel Workers: 10

Heap:
 PSYoungGen      total 1536K, used 909K [0x00000000d5580000, 0x00000000d5800000, 0x0000000100000000)
  eden space 1024K, 60% used [0x00000000d5580000,0x00000000d561b458,0x00000000d5680000)
  from space 512K, 56% used [0x00000000d5780000,0x00000000d57c8000,0x00000000d5800000)
  to   space 512K, 0% used [0x00000000d5680000,0x00000000d5680000,0x00000000d5700000)
 ParOldGen       total 273408K, used 273325K [0x0000000080000000, 0x0000000090b00000, 0x00000000d5580000)
  object space 273408K, 99% used [0x0000000080000000,0x0000000090aeb548,0x0000000090b00000)
 Metaspace       used 82537K, committed 84160K, reserved 1179648K
  class space    used 9498K, committed 10176K, reserved 1048576K

Card table byte_map: [0x000001d3f6e10000,0x000001d3f7220000] _byte_map_base: 0x000001d3f6a10000

Marking Bits: (ParMarkBitMap*) 0x00007ffdfa8e3450
 Begin Bits: [0x000001d3f74d0000, 0x000001d3f94d0000)
 End Bits:   [0x000001d3f94d0000, 0x000001d3fb4d0000)

Polling page: 0x000001d3f2050000

Metaspace:

Usage:
  Non-class:     71.33 MB used.
      Class:      9.28 MB used.
       Both:     80.60 MB used.

Virtual space:
  Non-class space:      128.00 MB reserved,      72.25 MB ( 56%) committed,  2 nodes.
      Class space:        1.00 GB reserved,       9.94 MB ( <1%) committed,  1 nodes.
             Both:        1.12 GB reserved,      82.19 MB (  7%) committed. 

Chunk freelists:
   Non-Class:  7.11 MB
       Class:  5.97 MB
        Both:  13.08 MB

MaxMetaspaceSize: unlimited
CompressedClassSpaceSize: 1.00 GB
Initial GC threshold: 21.00 MB
Current GC threshold: 97.31 MB
CDS: on
 - commit_granule_bytes: 65536.
 - commit_granule_words: 8192.
 - virtual_space_node_default_size: 8388608.
 - enlarge_chunks_in_place: 1.
 - use_allocation_guard: 0.


Internal statistics:

num_allocs_failed_limit: 9.
num_arena_births: 1520.
num_arena_deaths: 14.
num_vsnodes_births: 3.
num_vsnodes_deaths: 0.
num_space_committed: 1315.
num_space_uncommitted: 0.
num_chunks_returned_to_freelist: 23.
num_chunks_taken_from_freelist: 5135.
num_chunk_merges: 12.
num_chunk_splits: 3237.
num_chunks_enlarged: 1970.
num_inconsistent_stats: 0.

CodeHeap 'non-profiled nmethods': size=120000Kb used=11120Kb max_used=11120Kb free=108879Kb
 bounds [0x000001d387ad0000, 0x000001d3885b0000, 0x000001d38f000000]
CodeHeap 'profiled nmethods': size=120000Kb used=32145Kb max_used=32145Kb free=87855Kb
 bounds [0x000001d380000000, 0x000001d381f70000, 0x000001d387530000]
CodeHeap 'non-nmethods': size=5760Kb used=1487Kb max_used=1575Kb free=4272Kb
 bounds [0x000001d387530000, 0x000001d3877a0000, 0x000001d387ad0000]
CodeCache: size=245760Kb, used=44752Kb, max_used=44840Kb, free=201006Kb
 total_blobs=14827, nmethods=14027, adapters=702, full_count=0
Compilation: enabled, stopped_count=0, restarted_count=0

Compilation events (20 events):
Event: 81.334 Thread 0x000001d3fcd56970 14947       4       jdk.internal.org.objectweb.asm.Attribute::computeAttributesSize (62 bytes)
Event: 81.336 Thread 0x000001d3fcd56970 nmethod 14947 0x000001d3885a9010 code [0x000001d3885a91a0, 0x000001d3885a9290]
Event: 81.336 Thread 0x000001d3fcd56970 14950   !   4       java.lang.invoke.BoundMethodHandle$Species_L::copyWithExtendL (31 bytes)
Event: 81.348 Thread 0x000001d3fcd56970 nmethod 14950 0x000001d3885a9390 code [0x000001d3885a9560, 0x000001d3885a98a8]
Event: 81.348 Thread 0x000001d3fcd56970 14949       4       java.lang.invoke.BoundMethodHandle::makeReinvoker (27 bytes)
Event: 81.352 Thread 0x000001d3fcd56970 nmethod 14949 0x000001d3885a9c90 code [0x000001d3885a9e60, 0x000001d3885aa0e0]
Event: 81.352 Thread 0x000001d3fcd56970 14948       4       jdk.internal.org.objectweb.asm.AnnotationWriter::computeAnnotationsSize (66 bytes)
Event: 81.353 Thread 0x000001d3fcd56970 nmethod 14948 0x000001d3885aa410 code [0x000001d3885aa5a0, 0x000001d3885aa6c0]
Event: 81.361 Thread 0x000001d3fcd56970 14951       4       java.lang.invoke.MethodType::isConvertibleTo (164 bytes)
Event: 81.370 Thread 0x000001d3fcd56970 nmethod 14951 0x000001d3885aa810 code [0x000001d3885aa9e0, 0x000001d3885aacd8]
Event: 81.370 Thread 0x000001d3fcd56970 14952       4       java.lang.invoke.MethodHandleImpl::makePairwiseConvert (22 bytes)
Event: 81.372 Thread 0x000001d3fcd56970 nmethod 14952 0x000001d3885aaf90 code [0x000001d3885ab120, 0x000001d3885ab1f0]
Event: 81.374 Thread 0x000001d3fcd56970 14953       4       java.lang.invoke.MethodHandle::asTypeUncached (54 bytes)
Event: 81.377 Thread 0x000001d3fcdc0fd0 14954       3       com.google.common.base.Preconditions::checkArgument (13 bytes)
Event: 81.378 Thread 0x000001d3fcdc0fd0 nmethod 14954 0x000001d381f63b90 code [0x000001d381f63d40, 0x000001d381f63f20]
Event: 81.380 Thread 0x000001d3fcd56970 nmethod 14953 0x000001d3885ab310 code [0x000001d3885ab500, 0x000001d3885ab910]
Event: 81.381 Thread 0x000001d3fcd56970 14955       4       java.lang.invoke.InvokerBytecodeGenerator::getInternalName (103 bytes)
Event: 81.381 Thread 0x000001d3fcdc0fd0 14956       3       java.security.Permission::<init> (10 bytes)
Event: 81.381 Thread 0x000001d3fcdc0fd0 nmethod 14956 0x000001d381f64010 code [0x000001d381f641c0, 0x000001d381f64348]
Event: 81.383 Thread 0x000001d3fcd56970 nmethod 14955 0x000001d3885abd10 code [0x000001d3885abec0, 0x000001d3885ac0c0]

GC Heap History (20 events):
Event: 81.182 GC heap before
{Heap before GC invocations=974 (full 3):
 PSYoungGen      total 1536K, used 1248K [0x00000000d5580000, 0x00000000d5800000, 0x0000000100000000)
  eden space 1024K, 100% used [0x00000000d5580000,0x00000000d5680000,0x00000000d5680000)
  from space 512K, 43% used [0x00000000d5780000,0x00000000d57b8000,0x00000000d5800000)
  to   space 512K, 0% used [0x00000000d5680000,0x00000000d5680000,0x00000000d5700000)
 ParOldGen       total 272896K, used 272437K [0x0000000080000000, 0x0000000090a80000, 0x00000000d5580000)
  object space 272896K, 99% used [0x0000000080000000,0x0000000090a0d528,0x0000000090a80000)
 Metaspace       used 81414K, committed 83072K, reserved 1179648K
  class space    used 9316K, committed 9984K, reserved 1048576K
}
Event: 81.184 GC heap after
{Heap after GC invocations=974 (full 3):
 PSYoungGen      total 1536K, used 288K [0x00000000d5580000, 0x00000000d5800000, 0x0000000100000000)
  eden space 1024K, 0% used [0x00000000d5580000,0x00000000d5580000,0x00000000d5680000)
  from space 512K, 56% used [0x00000000d5680000,0x00000000d56c8000,0x00000000d5700000)
  to   space 512K, 0% used [0x00000000d5780000,0x00000000d5780000,0x00000000d5800000)
 ParOldGen       total 272896K, used 272525K [0x0000000080000000, 0x0000000090a80000, 0x00000000d5580000)
  object space 272896K, 99% used [0x0000000080000000,0x0000000090a23528,0x0000000090a80000)
 Metaspace       used 81414K, committed 83072K, reserved 1179648K
  class space    used 9316K, committed 9984K, reserved 1048576K
}
Event: 81.204 GC heap before
{Heap before GC invocations=975 (full 3):
 PSYoungGen      total 1536K, used 1312K [0x00000000d5580000, 0x00000000d5800000, 0x0000000100000000)
  eden space 1024K, 100% used [0x00000000d5580000,0x00000000d5680000,0x00000000d5680000)
  from space 512K, 56% used [0x00000000d5680000,0x00000000d56c8000,0x00000000d5700000)
  to   space 512K, 0% used [0x00000000d5780000,0x00000000d5780000,0x00000000d5800000)
 ParOldGen       total 272896K, used 272525K [0x0000000080000000, 0x0000000090a80000, 0x00000000d5580000)
  object space 272896K, 99% used [0x0000000080000000,0x0000000090a23528,0x0000000090a80000)
 Metaspace       used 81506K, committed 83136K, reserved 1179648K
  class space    used 9334K, committed 9984K, reserved 1048576K
}
Event: 81.206 GC heap after
{Heap after GC invocations=975 (full 3):
 PSYoungGen      total 1536K, used 320K [0x00000000d5580000, 0x00000000d5800000, 0x0000000100000000)
  eden space 1024K, 0% used [0x00000000d5580000,0x00000000d5580000,0x00000000d5680000)
  from space 512K, 62% used [0x00000000d5780000,0x00000000d57d0000,0x00000000d5800000)
  to   space 512K, 0% used [0x00000000d5680000,0x00000000d5680000,0x00000000d5700000)
 ParOldGen       total 272896K, used 272653K [0x0000000080000000, 0x0000000090a80000, 0x00000000d5580000)
  object space 272896K, 99% used [0x0000000080000000,0x0000000090a43548,0x0000000090a80000)
 Metaspace       used 81506K, committed 83136K, reserved 1179648K
  class space    used 9334K, committed 9984K, reserved 1048576K
}
Event: 81.231 GC heap before
{Heap before GC invocations=976 (full 3):
 PSYoungGen      total 1536K, used 1344K [0x00000000d5580000, 0x00000000d5800000, 0x0000000100000000)
  eden space 1024K, 100% used [0x00000000d5580000,0x00000000d5680000,0x00000000d5680000)
  from space 512K, 62% used [0x00000000d5780000,0x00000000d57d0000,0x00000000d5800000)
  to   space 512K, 0% used [0x00000000d5680000,0x00000000d5680000,0x00000000d5700000)
 ParOldGen       total 272896K, used 272653K [0x0000000080000000, 0x0000000090a80000, 0x00000000d5580000)
  object space 272896K, 99% used [0x0000000080000000,0x0000000090a43548,0x0000000090a80000)
 Metaspace       used 81627K, committed 83200K, reserved 1179648K
  class space    used 9355K, committed 9984K, reserved 1048576K
}
Event: 81.233 GC heap after
{Heap after GC invocations=976 (full 3):
 PSYoungGen      total 1536K, used 288K [0x00000000d5580000, 0x00000000d5800000, 0x0000000100000000)
  eden space 1024K, 0% used [0x00000000d5580000,0x00000000d5580000,0x00000000d5680000)
  from space 512K, 56% used [0x00000000d5680000,0x00000000d56c8000,0x00000000d5700000)
  to   space 512K, 0% used [0x00000000d5780000,0x00000000d5780000,0x00000000d5800000)
 ParOldGen       total 272896K, used 272725K [0x0000000080000000, 0x0000000090a80000, 0x00000000d5580000)
  object space 272896K, 99% used [0x0000000080000000,0x0000000090a55548,0x0000000090a80000)
 Metaspace       used 81627K, committed 83200K, reserved 1179648K
  class space    used 9355K, committed 9984K, reserved 1048576K
}
Event: 81.255 GC heap before
{Heap before GC invocations=977 (full 3):
 PSYoungGen      total 1536K, used 1312K [0x00000000d5580000, 0x00000000d5800000, 0x0000000100000000)
  eden space 1024K, 100% used [0x00000000d5580000,0x00000000d5680000,0x00000000d5680000)
  from space 512K, 56% used [0x00000000d5680000,0x00000000d56c8000,0x00000000d5700000)
  to   space 512K, 0% used [0x00000000d5780000,0x00000000d5780000,0x00000000d5800000)
 ParOldGen       total 272896K, used 272725K [0x0000000080000000, 0x0000000090a80000, 0x00000000d5580000)
  object space 272896K, 99% used [0x0000000080000000,0x0000000090a55548,0x0000000090a80000)
 Metaspace       used 81742K, committed 83392K, reserved 1179648K
  class space    used 9372K, committed 10048K, reserved 1048576K
}
Event: 81.256 GC heap after
{Heap after GC invocations=977 (full 3):
 PSYoungGen      total 1536K, used 320K [0x00000000d5580000, 0x00000000d5800000, 0x0000000100000000)
  eden space 1024K, 0% used [0x00000000d5580000,0x00000000d5580000,0x00000000d5680000)
  from space 512K, 62% used [0x00000000d5780000,0x00000000d57d0000,0x00000000d5800000)
  to   space 512K, 0% used [0x00000000d5680000,0x00000000d5680000,0x00000000d5700000)
 ParOldGen       total 272896K, used 272805K [0x0000000080000000, 0x0000000090a80000, 0x00000000d5580000)
  object space 272896K, 99% used [0x0000000080000000,0x0000000090a69548,0x0000000090a80000)
 Metaspace       used 81742K, committed 83392K, reserved 1179648K
  class space    used 9372K, committed 10048K, reserved 1048576K
}
Event: 81.276 GC heap before
{Heap before GC invocations=978 (full 3):
 PSYoungGen      total 1536K, used 1344K [0x00000000d5580000, 0x00000000d5800000, 0x0000000100000000)
  eden space 1024K, 100% used [0x00000000d5580000,0x00000000d5680000,0x00000000d5680000)
  from space 512K, 62% used [0x00000000d5780000,0x00000000d57d0000,0x00000000d5800000)
  to   space 512K, 0% used [0x00000000d5680000,0x00000000d5680000,0x00000000d5700000)
 ParOldGen       total 272896K, used 272805K [0x0000000080000000, 0x0000000090a80000, 0x00000000d5580000)
  object space 272896K, 99% used [0x0000000080000000,0x0000000090a69548,0x0000000090a80000)
 Metaspace       used 81871K, committed 83520K, reserved 1179648K
  class space    used 9390K, committed 10048K, reserved 1048576K
}
Event: 81.278 GC heap after
{Heap after GC invocations=978 (full 3):
 PSYoungGen      total 1536K, used 224K [0x00000000d5580000, 0x00000000d5800000, 0x0000000100000000)
  eden space 1024K, 0% used [0x00000000d5580000,0x00000000d5580000,0x00000000d5680000)
  from space 512K, 43% used [0x00000000d5680000,0x00000000d56b8000,0x00000000d5700000)
  to   space 512K, 0% used [0x00000000d5780000,0x00000000d5780000,0x00000000d5800000)
 ParOldGen       total 273408K, used 272917K [0x0000000080000000, 0x0000000090b00000, 0x00000000d5580000)
  object space 273408K, 99% used [0x0000000080000000,0x0000000090a85548,0x0000000090b00000)
 Metaspace       used 81871K, committed 83520K, reserved 1179648K
  class space    used 9390K, committed 10048K, reserved 1048576K
}
Event: 81.290 GC heap before
{Heap before GC invocations=979 (full 3):
 PSYoungGen      total 1536K, used 1248K [0x00000000d5580000, 0x00000000d5800000, 0x0000000100000000)
  eden space 1024K, 100% used [0x00000000d5580000,0x00000000d5680000,0x00000000d5680000)
  from space 512K, 43% used [0x00000000d5680000,0x00000000d56b8000,0x00000000d5700000)
  to   space 512K, 0% used [0x00000000d5780000,0x00000000d5780000,0x00000000d5800000)
 ParOldGen       total 273408K, used 272917K [0x0000000080000000, 0x0000000090b00000, 0x00000000d5580000)
  object space 273408K, 99% used [0x0000000080000000,0x0000000090a85548,0x0000000090b00000)
 Metaspace       used 81994K, committed 83584K, reserved 1179648K
  class space    used 9410K, committed 10048K, reserved 1048576K
}
Event: 81.292 GC heap after
{Heap after GC invocations=979 (full 3):
 PSYoungGen      total 1536K, used 256K [0x00000000d5580000, 0x00000000d5800000, 0x0000000100000000)
  eden space 1024K, 0% used [0x00000000d5580000,0x00000000d5580000,0x00000000d5680000)
  from space 512K, 50% used [0x00000000d5780000,0x00000000d57c0000,0x00000000d5800000)
  to   space 512K, 0% used [0x00000000d5680000,0x00000000d5680000,0x00000000d5700000)
 ParOldGen       total 273408K, used 272989K [0x0000000080000000, 0x0000000090b00000, 0x00000000d5580000)
  object space 273408K, 99% used [0x0000000080000000,0x0000000090a97548,0x0000000090b00000)
 Metaspace       used 81994K, committed 83584K, reserved 1179648K
  class space    used 9410K, committed 10048K, reserved 1048576K
}
Event: 81.309 GC heap before
{Heap before GC invocations=980 (full 3):
 PSYoungGen      total 1536K, used 1280K [0x00000000d5580000, 0x00000000d5800000, 0x0000000100000000)
  eden space 1024K, 100% used [0x00000000d5580000,0x00000000d5680000,0x00000000d5680000)
  from space 512K, 50% used [0x00000000d5780000,0x00000000d57c0000,0x00000000d5800000)
  to   space 512K, 0% used [0x00000000d5680000,0x00000000d5680000,0x00000000d5700000)
 ParOldGen       total 273408K, used 272989K [0x0000000080000000, 0x0000000090b00000, 0x00000000d5580000)
  object space 273408K, 99% used [0x0000000080000000,0x0000000090a97548,0x0000000090b00000)
 Metaspace       used 82071K, committed 83712K, reserved 1179648K
  class space    used 9429K, committed 10112K, reserved 1048576K
}
Event: 81.311 GC heap after
{Heap after GC invocations=980 (full 3):
 PSYoungGen      total 1536K, used 320K [0x00000000d5580000, 0x00000000d5800000, 0x0000000100000000)
  eden space 1024K, 0% used [0x00000000d5580000,0x00000000d5580000,0x00000000d5680000)
  from space 512K, 62% used [0x00000000d5680000,0x00000000d56d0000,0x00000000d5700000)
  to   space 512K, 0% used [0x00000000d5780000,0x00000000d5780000,0x00000000d5800000)
 ParOldGen       total 273408K, used 273069K [0x0000000080000000, 0x0000000090b00000, 0x00000000d5580000)
  object space 273408K, 99% used [0x0000000080000000,0x0000000090aab548,0x0000000090b00000)
 Metaspace       used 82071K, committed 83712K, reserved 1179648K
  class space    used 9429K, committed 10112K, reserved 1048576K
}
Event: 81.345 GC heap before
{Heap before GC invocations=981 (full 3):
 PSYoungGen      total 1536K, used 1344K [0x00000000d5580000, 0x00000000d5800000, 0x0000000100000000)
  eden space 1024K, 100% used [0x00000000d5580000,0x00000000d5680000,0x00000000d5680000)
  from space 512K, 62% used [0x00000000d5680000,0x00000000d56d0000,0x00000000d5700000)
  to   space 512K, 0% used [0x00000000d5780000,0x00000000d5780000,0x00000000d5800000)
 ParOldGen       total 273408K, used 273069K [0x0000000080000000, 0x0000000090b00000, 0x00000000d5580000)
  object space 273408K, 99% used [0x0000000080000000,0x0000000090aab548,0x0000000090b00000)
 Metaspace       used 82208K, committed 83840K, reserved 1179648K
  class space    used 9450K, committed 10112K, reserved 1048576K
}
Event: 81.347 GC heap after
{Heap after GC invocations=981 (full 3):
 PSYoungGen      total 1536K, used 288K [0x00000000d5580000, 0x00000000d5800000, 0x0000000100000000)
  eden space 1024K, 0% used [0x00000000d5580000,0x00000000d5580000,0x00000000d5680000)
  from space 512K, 56% used [0x00000000d5780000,0x00000000d57c8000,0x00000000d5800000)
  to   space 512K, 0% used [0x00000000d5680000,0x00000000d5680000,0x00000000d5700000)
 ParOldGen       total 273408K, used 273157K [0x0000000080000000, 0x0000000090b00000, 0x00000000d5580000)
  object space 273408K, 99% used [0x0000000080000000,0x0000000090ac1548,0x0000000090b00000)
 Metaspace       used 82208K, committed 83840K, reserved 1179648K
  class space    used 9450K, committed 10112K, reserved 1048576K
}
Event: 81.369 GC heap before
{Heap before GC invocations=982 (full 3):
 PSYoungGen      total 1536K, used 1312K [0x00000000d5580000, 0x00000000d5800000, 0x0000000100000000)
  eden space 1024K, 100% used [0x00000000d5580000,0x00000000d5680000,0x00000000d5680000)
  from space 512K, 56% used [0x00000000d5780000,0x00000000d57c8000,0x00000000d5800000)
  to   space 512K, 0% used [0x00000000d5680000,0x00000000d5680000,0x00000000d5700000)
 ParOldGen       total 273408K, used 273157K [0x0000000080000000, 0x0000000090b00000, 0x00000000d5580000)
  object space 273408K, 99% used [0x0000000080000000,0x0000000090ac1548,0x0000000090b00000)
 Metaspace       used 82351K, committed 83968K, reserved 1179648K
  class space    used 9470K, committed 10112K, reserved 1048576K
}
Event: 81.370 GC heap after
{Heap after GC invocations=982 (full 3):
 PSYoungGen      total 1536K, used 288K [0x00000000d5580000, 0x00000000d5800000, 0x0000000100000000)
  eden space 1024K, 0% used [0x00000000d5580000,0x00000000d5580000,0x00000000d5680000)
  from space 512K, 56% used [0x00000000d5680000,0x00000000d56c8000,0x00000000d5700000)
  to   space 512K, 0% used [0x00000000d5780000,0x00000000d5780000,0x00000000d5800000)
 ParOldGen       total 273408K, used 273253K [0x0000000080000000, 0x0000000090b00000, 0x00000000d5580000)
  object space 273408K, 99% used [0x0000000080000000,0x0000000090ad9548,0x0000000090b00000)
 Metaspace       used 82351K, committed 83968K, reserved 1179648K
  class space    used 9470K, committed 10112K, reserved 1048576K
}
Event: 81.389 GC heap before
{Heap before GC invocations=983 (full 3):
 PSYoungGen      total 1536K, used 1312K [0x00000000d5580000, 0x00000000d5800000, 0x0000000100000000)
  eden space 1024K, 100% used [0x00000000d5580000,0x00000000d5680000,0x00000000d5680000)
  from space 512K, 56% used [0x00000000d5680000,0x00000000d56c8000,0x00000000d5700000)
  to   space 512K, 0% used [0x00000000d5780000,0x00000000d5780000,0x00000000d5800000)
 ParOldGen       total 273408K, used 273253K [0x0000000080000000, 0x0000000090b00000, 0x00000000d5580000)
  object space 273408K, 99% used [0x0000000080000000,0x0000000090ad9548,0x0000000090b00000)
 Metaspace       used 82468K, committed 84160K, reserved 1179648K
  class space    used 9491K, committed 10176K, reserved 1048576K
}
Event: 81.391 GC heap after
{Heap after GC invocations=983 (full 3):
 PSYoungGen      total 1536K, used 288K [0x00000000d5580000, 0x00000000d5800000, 0x0000000100000000)
  eden space 1024K, 0% used [0x00000000d5580000,0x00000000d5580000,0x00000000d5680000)
  from space 512K, 56% used [0x00000000d5780000,0x00000000d57c8000,0x00000000d5800000)
  to   space 512K, 0% used [0x00000000d5680000,0x00000000d5680000,0x00000000d5700000)
 ParOldGen       total 273408K, used 273325K [0x0000000080000000, 0x0000000090b00000, 0x00000000d5580000)
  object space 273408K, 99% used [0x0000000080000000,0x0000000090aeb548,0x0000000090b00000)
 Metaspace       used 82468K, committed 84160K, reserved 1179648K
  class space    used 9491K, committed 10176K, reserved 1048576K
}

Dll operation events (16 events):
Event: 0.099 Loaded shared library c:\Users\Nandhitha_R\.antigravity\extensions\redhat.java-1.54.0-win32-x64\jre\21.0.10-win32-x86_64\bin\java.dll
Event: 0.572 Loaded shared library c:\Users\Nandhitha_R\.antigravity\extensions\redhat.java-1.54.0-win32-x64\jre\21.0.10-win32-x86_64\bin\zip.dll
Event: 0.688 Loaded shared library C:\Users\Nandhitha_R\.antigravity\extensions\redhat.java-1.54.0-win32-x64\jre\21.0.10-win32-x86_64\bin\instrument.dll
Event: 0.740 Loaded shared library C:\Users\Nandhitha_R\.antigravity\extensions\redhat.java-1.54.0-win32-x64\jre\21.0.10-win32-x86_64\bin\net.dll
Event: 0.759 Loaded shared library C:\Users\Nandhitha_R\.antigravity\extensions\redhat.java-1.54.0-win32-x64\jre\21.0.10-win32-x86_64\bin\nio.dll
Event: 0.777 Loaded shared library C:\Users\Nandhitha_R\.antigravity\extensions\redhat.java-1.54.0-win32-x64\jre\21.0.10-win32-x86_64\bin\zip.dll
Event: 0.871 Loaded shared library C:\Users\Nandhitha_R\.antigravity\extensions\redhat.java-1.54.0-win32-x64\jre\21.0.10-win32-x86_64\bin\jimage.dll
Event: 1.466 Loaded shared library c:\Users\Nandhitha_R\.antigravity\extensions\redhat.java-1.54.0-win32-x64\jre\21.0.10-win32-x86_64\bin\verify.dll
Event: 14.137 Loaded shared library C:\Users\Nandhitha_R\AppData\Roaming\Antigravity\User\globalStorage\redhat.java\1.54.0\config_win\org.eclipse.equinox.launcher\org.eclipse.equinox.launcher.win32.win32.x86_64_1.3.0.v20260203-2149\eclipse_11919.dll
Event: 21.996 Loaded shared library C:\Users\Nandhitha_R\AppData\Local\Temp\jna-1848106422\jna1988550433371373345.dll
Event: 44.443 Loaded shared library C:\Users\Nandhitha_R\.antigravity\extensions\redhat.java-1.54.0-win32-x64\jre\21.0.10-win32-x86_64\bin\sunmscapi.dll
Event: 44.668 Loaded shared library C:\Users\Nandhitha_R\.antigravity\extensions\redhat.java-1.54.0-win32-x64\jre\21.0.10-win32-x86_64\bin\extnet.dll
Event: 75.218 Loaded shared library C:\Users\Nandhitha_R\.gradle\native\1def1411415f61bf3af743bc5b6707747c0891f09f0c88961ee8f79bc544acac\windows-amd64\native-platform.dll
Event: 78.092 Loaded shared library C:\Users\Nandhitha_R\.antigravity\extensions\redhat.java-1.54.0-win32-x64\jre\21.0.10-win32-x86_64\bin\management.dll
Event: 78.099 Loaded shared library C:\Users\Nandhitha_R\.antigravity\extensions\redhat.java-1.54.0-win32-x64\jre\21.0.10-win32-x86_64\bin\management_ext.dll
Event: 79.267 Loaded shared library C:\Users\Nandhitha_R\.gradle\native\c067742578af261105cb4f569cf0c3c89f3d7b1fecec35dd04571415982c5e48\windows-amd64\native-platform.dll

Deoptimization events (20 events):
Event: 78.994 Thread 0x000001d3d49fcc40 DEOPT PACKING pc=0x000001d387c9e43c sp=0x000000bd154fd4b0
Event: 78.994 Thread 0x000001d3d49fcc40 DEOPT UNPACKING pc=0x000001d387583aa2 sp=0x000000bd154fd3d8 mode 2
Event: 79.131 Thread 0x000001d3d49fcc40 Uncommon trap: trap_request=0xffffffbe fr.pc=0x000001d38858b878 relative=0x0000000000000298
Event: 79.131 Thread 0x000001d3d49fcc40 Uncommon trap: reason=profile_predicate action=maybe_recompile pc=0x000001d38858b878 method=java.util.regex.Pattern$BnM.optimize(Ljava/util/regex/Pattern$Node;)Ljava/util/regex/Pattern$Node; @ 67 c2
Event: 79.131 Thread 0x000001d3d49fcc40 DEOPT PACKING pc=0x000001d38858b878 sp=0x000000bd154fd6e0
Event: 79.131 Thread 0x000001d3d49fcc40 DEOPT UNPACKING pc=0x000001d387583aa2 sp=0x000000bd154fd668 mode 2
Event: 79.131 Thread 0x000001d3d49fcc40 Uncommon trap: trap_request=0xffffffbe fr.pc=0x000001d38858b878 relative=0x0000000000000298
Event: 79.131 Thread 0x000001d3d49fcc40 Uncommon trap: reason=profile_predicate action=maybe_recompile pc=0x000001d38858b878 method=java.util.regex.Pattern$BnM.optimize(Ljava/util/regex/Pattern$Node;)Ljava/util/regex/Pattern$Node; @ 67 c2
Event: 79.131 Thread 0x000001d3d49fcc40 DEOPT PACKING pc=0x000001d38858b878 sp=0x000000bd154fd6e0
Event: 79.131 Thread 0x000001d3d49fcc40 DEOPT UNPACKING pc=0x000001d387583aa2 sp=0x000000bd154fd668 mode 2
Event: 79.597 Thread 0x000001d3d49fcc40 Uncommon trap: trap_request=0xffffffbe fr.pc=0x000001d38858b878 relative=0x0000000000000298
Event: 79.597 Thread 0x000001d3d49fcc40 Uncommon trap: reason=profile_predicate action=maybe_recompile pc=0x000001d38858b878 method=java.util.regex.Pattern$BnM.optimize(Ljava/util/regex/Pattern$Node;)Ljava/util/regex/Pattern$Node; @ 67 c2
Event: 79.597 Thread 0x000001d3d49fcc40 DEOPT PACKING pc=0x000001d38858b878 sp=0x000000bd154fd410
Event: 79.597 Thread 0x000001d3d49fcc40 DEOPT UNPACKING pc=0x000001d387583aa2 sp=0x000000bd154fd398 mode 2
Event: 79.603 Thread 0x000001d3d49fcc40 Uncommon trap: trap_request=0xffffffbe fr.pc=0x000001d38858b878 relative=0x0000000000000298
Event: 79.603 Thread 0x000001d3d49fcc40 Uncommon trap: reason=profile_predicate action=maybe_recompile pc=0x000001d38858b878 method=java.util.regex.Pattern$BnM.optimize(Ljava/util/regex/Pattern$Node;)Ljava/util/regex/Pattern$Node; @ 67 c2
Event: 79.604 Thread 0x000001d3d49fcc40 DEOPT PACKING pc=0x000001d38858b878 sp=0x000000bd154fd1c0
Event: 79.604 Thread 0x000001d3d49fcc40 DEOPT UNPACKING pc=0x000001d387583aa2 sp=0x000000bd154fd148 mode 2
Event: 79.801 Thread 0x000001d3d49fcc40 DEOPT PACKING pc=0x000001d381eb797c sp=0x000000bd154fd400
Event: 79.801 Thread 0x000001d3d49fcc40 DEOPT UNPACKING pc=0x000001d387584242 sp=0x000000bd154fc8c8 mode 0

Classes loaded (20 events):
Event: 78.620 Loading class java/lang/ProcessBuilder
Event: 78.621 Loading class java/lang/ProcessBuilder done
Event: 78.624 Loading class java/lang/ProcessImpl
Event: 78.626 Loading class java/lang/ProcessImpl done
Event: 78.675 Loading class java/lang/ProcessImpl$2
Event: 78.676 Loading class java/lang/ProcessImpl$2 done
Event: 78.676 Loading class java/lang/Process$PipeInputStream
Event: 78.676 Loading class java/lang/Process$PipeInputStream done
Event: 78.682 Loading class java/lang/ProcessBuilder$NullInputStream
Event: 78.682 Loading class java/lang/ProcessBuilder$NullInputStream done
Event: 78.682 Loading class jdk/internal/event/ProcessStartEvent
Event: 78.682 Loading class jdk/internal/event/ProcessStartEvent done
Event: 78.688 Loading class java/util/Scanner
Event: 78.691 Loading class java/util/Scanner done
Event: 78.692 Loading class java/util/Scanner$PatternLRUCache
Event: 78.692 Loading class java/util/Scanner$PatternLRUCache done
Event: 78.761 Loading class java/util/regex/Matcher$ImmutableMatchResult
Event: 78.761 Loading class java/util/regex/Matcher$ImmutableMatchResult done
Event: 78.848 Loading class java/util/concurrent/ConcurrentLinkedQueue$Itr
Event: 78.848 Loading class java/util/concurrent/ConcurrentLinkedQueue$Itr done

Classes unloaded (7 events):
Event: 24.434 Thread 0x000001d3fcd42640 Unloading class 0x000001d3901a8c00 'java/lang/invoke/LambdaForm$MH+0x000001d3901a8c00'
Event: 24.434 Thread 0x000001d3fcd42640 Unloading class 0x000001d3901a8800 'java/lang/invoke/LambdaForm$MH+0x000001d3901a8800'
Event: 24.434 Thread 0x000001d3fcd42640 Unloading class 0x000001d3901a8400 'java/lang/invoke/LambdaForm$MH+0x000001d3901a8400'
Event: 24.434 Thread 0x000001d3fcd42640 Unloading class 0x000001d3901a8000 'java/lang/invoke/LambdaForm$MH+0x000001d3901a8000'
Event: 24.434 Thread 0x000001d3fcd42640 Unloading class 0x000001d3901a7c00 'java/lang/invoke/LambdaForm$BMH+0x000001d3901a7c00'
Event: 24.434 Thread 0x000001d3fcd42640 Unloading class 0x000001d3901a7800 'java/lang/invoke/LambdaForm$DMH+0x000001d3901a7800'
Event: 24.434 Thread 0x000001d3fcd42640 Unloading class 0x000001d3901a6400 'java/lang/invoke/LambdaForm$DMH+0x000001d3901a6400'

Classes redefined (0 events):
No events

Internal exceptions (20 events):
Event: 74.533 Thread 0x000001d3fcfb5610 Exception <a 'sun/nio/fs/WindowsException'{0x00000000d561df90}> (0x00000000d561df90) 
thrown [s\src\hotspot\share\prims\jni.cpp, line 520]
Event: 74.552 Thread 0x000001d3fcfb5610 Exception <a 'sun/nio/fs/WindowsException'{0x00000000d56579f0}> (0x00000000d56579f0) 
thrown [s\src\hotspot\share\prims\jni.cpp, line 520]
Event: 74.552 Thread 0x000001d3fcfb5610 Exception <a 'sun/nio/fs/WindowsException'{0x00000000d5658020}> (0x00000000d5658020) 
thrown [s\src\hotspot\share\prims\jni.cpp, line 520]
Event: 74.554 Thread 0x000001d3fcfb5610 Exception <a 'sun/nio/fs/WindowsException'{0x00000000d5658f80}> (0x00000000d5658f80) 
thrown [s\src\hotspot\share\prims\jni.cpp, line 520]
Event: 74.554 Thread 0x000001d3fcfb5610 Exception <a 'sun/nio/fs/WindowsException'{0x00000000d5659698}> (0x00000000d5659698) 
thrown [s\src\hotspot\share\prims\jni.cpp, line 520]
Event: 74.556 Thread 0x000001d3fcfb5610 Exception <a 'sun/nio/fs/WindowsException'{0x00000000d5660988}> (0x00000000d5660988) 
thrown [s\src\hotspot\share\prims\jni.cpp, line 520]
Event: 74.556 Thread 0x000001d3fcfb5610 Exception <a 'sun/nio/fs/WindowsException'{0x00000000d56610a0}> (0x00000000d56610a0) 
thrown [s\src\hotspot\share\prims\jni.cpp, line 520]
Event: 74.558 Thread 0x000001d3fcfb5610 Exception <a 'sun/nio/fs/WindowsException'{0x00000000d5661cf0}> (0x00000000d5661cf0) 
thrown [s\src\hotspot\share\prims\jni.cpp, line 520]
Event: 74.558 Thread 0x000001d3fcfb5610 Exception <a 'sun/nio/fs/WindowsException'{0x00000000d5662408}> (0x00000000d5662408) 
thrown [s\src\hotspot\share\prims\jni.cpp, line 520]
Event: 77.608 Thread 0x000001d3d49fc5b0 Exception <a 'java/lang/NoSuchMethodError'{0x00000000d55cfb38}: 'java.lang.Object java.lang.invoke.DirectMethodHandle$Holder.invokeVirtual(java.lang.Object, java.lang.Object, java.lang.Object, java.lang.Object, java.lang.Object, java.lang.Object)'> (0x00000000d55cfb38) 
thrown [s\src\hotspot\share\interpreter\linkResolver.cpp, line 773]
Event: 77.722 Thread 0x000001d3d49fc5b0 Exception <a 'java/lang/NoSuchMethodError'{0x00000000d5645a38}: 'java.lang.Object java.lang.invoke.DirectMethodHandle$Holder.invokeVirtual(java.lang.Object, java.lang.Object, java.lang.Object, java.lang.Object, java.lang.Object, java.lang.Object, java.lang.Object)'> (0x00000000d5645a38) 
thrown [s\src\hotspot\share\interpreter\linkResolver.cpp, line 773]
Event: 77.850 Thread 0x000001d3d49fc5b0 Exception <a 'java/lang/NoSuchMethodError'{0x00000000d558e870}: 'java.lang.Object java.lang.invoke.DirectMethodHandle$Holder.invokeVirtual(java.lang.Object, java.lang.Object, java.lang.Object, java.lang.Object, java.lang.Object, java.lang.Object, java.lang.Object, java.lang.Object)'> (0x00000000d558e870) 
thrown [s\src\hotspot\share\interpreter\linkResolver.cpp, line 773]
Event: 77.938 Thread 0x000001d3d49fc5b0 Exception <a 'java/lang/NoSuchMethodError'{0x00000000d561dfb0}: 'java.lang.Object java.lang.invoke.DirectMethodHandle$Holder.invokeVirtual(java.lang.Object, java.lang.Object, java.lang.Object, java.lang.Object, java.lang.Object, java.lang.Object, java.lang.Object, java.lang.Object, java.lang.Object, java.lang.Object, java.lang.Object, java.lang.Object)'> (0x00000000d561dfb0) 
thrown [s\src\hotspot\share\interpreter\linkResolver.cpp, line 773]
Event: 77.948 Thread 0x000001d3d49fc5b0 Exception <a 'java/lang/NoSuchMethodError'{0x00000000d566d918}: 'java.lang.Object java.lang.invoke.DirectMethodHandle$Holder.invokeStatic(java.lang.Object, java.lang.Object, java.lang.Object, java.lang.Object, java.lang.Object, java.lang.Object, java.lang.Object, java.lang.Object, java.lang.Object, java.lang.Object, java.lang.Object, java.lang.Object, java.lang.Object)'> (0x00000000d566d918) 
thrown [s\src\hotspot\share\interpreter\linkResolver.cpp, line 773]
Event: 77.953 Thread 0x000001d3d49fc5b0 Exception <a 'java/lang/NoSuchMethodError'{0x00000000d5691330}: 'java.lang.Object java.lang.invoke.DirectMethodHandle$Holder.invokeStatic(java.lang.Object, java.lang.Object, java.lang.Object, java.lang.Object, java.lang.Object, java.lang.Object, java.lang.Object, java.lang.Object, java.lang.Object, java.lang.Object, java.lang.Object, java.lang.Object, java.lang.Object, java.lang.Object)'> (0x00000000d5691330) 
thrown [s\src\hotspot\share\interpreter\linkResolver.cpp, line 773]
Event: 78.352 Thread 0x000001d3d49fc5b0 Exception <a 'java/lang/NoSuchMethodError'{0x00000000d566a7c0}: 'java.lang.Object java.lang.invoke.DirectMethodHandle$Holder.invokeVirtual(java.lang.Object, java.lang.Object, java.lang.Object, java.lang.Object, java.lang.Object, java.lang.Object, java.lang.Object, java.lang.Object, java.lang.Object)'> (0x00000000d566a7c0) 
thrown [s\src\hotspot\share\interpreter\linkResolver.cpp, line 773]
Event: 78.425 Thread 0x000001d3d49fc5b0 Exception <a 'java/lang/NoSuchMethodError'{0x00000000d563b788}: 'long java.lang.invoke.DirectMethodHandle$Holder.invokeVirtual(java.lang.Object, java.lang.Object)'> (0x00000000d563b788) 
thrown [s\src\hotspot\share\interpreter\linkResolver.cpp, line 773]
Event: 78.425 Thread 0x000001d3d49fc5b0 Exception <a 'java/lang/NoSuchMethodError'{0x00000000d563edc8}: 'long java.lang.invoke.DelegatingMethodHandle$Holder.reinvoke_L(java.lang.Object, java.lang.Object)'> (0x00000000d563edc8) 
thrown [s\src\hotspot\share\interpreter\linkResolver.cpp, line 773]
Event: 78.675 Thread 0x000001d3d49fdff0 Exception <a 'java/lang/NoSuchMethodError'{0x00000000d56ca490}: 'void java.lang.invoke.DirectMethodHandle$Holder.invokeStatic(java.lang.Object, long)'> (0x00000000d56ca490) 
thrown [s\src\hotspot\share\interpreter\linkResolver.cpp, line 773]
Event: 81.367 Thread 0x000001d3d49fcc40 Exception <a 'java/lang/NoClassDefFoundError'{0x00000000d5664960}: org/slf4j/impl/StaticMarkerBinder> (0x00000000d5664960) 
thrown [s\src\hotspot\share\classfile\systemDictionary.cpp, line 301]

ZGC Phase Switch (0 events):
No events

VM Operations (20 events):
Event: 81.182 Executing safepoint VM operation: ParallelGCFailedAllocation (Allocation Failure)
Event: 81.184 Executing safepoint VM operation: ParallelGCFailedAllocation (Allocation Failure) done
Event: 81.204 Executing safepoint VM operation: ParallelGCFailedAllocation (Allocation Failure)
Event: 81.206 Executing safepoint VM operation: ParallelGCFailedAllocation (Allocation Failure) done
Event: 81.231 Executing safepoint VM operation: ParallelGCFailedAllocation (Allocation Failure)
Event: 81.233 Executing safepoint VM operation: ParallelGCFailedAllocation (Allocation Failure) done
Event: 81.254 Executing safepoint VM operation: ParallelGCFailedAllocation (Allocation Failure)
Event: 81.256 Executing safepoint VM operation: ParallelGCFailedAllocation (Allocation Failure) done
Event: 81.276 Executing safepoint VM operation: ParallelGCFailedAllocation (Allocation Failure)
Event: 81.278 Executing safepoint VM operation: ParallelGCFailedAllocation (Allocation Failure) done
Event: 81.290 Executing safepoint VM operation: ParallelGCFailedAllocation (Allocation Failure)
Event: 81.292 Executing safepoint VM operation: ParallelGCFailedAllocation (Allocation Failure) done
Event: 81.309 Executing safepoint VM operation: ParallelGCFailedAllocation (Allocation Failure)
Event: 81.311 Executing safepoint VM operation: ParallelGCFailedAllocation (Allocation Failure) done
Event: 81.345 Executing safepoint VM operation: ParallelGCFailedAllocation (Allocation Failure)
Event: 81.347 Executing safepoint VM operation: ParallelGCFailedAllocation (Allocation Failure) done
Event: 81.369 Executing safepoint VM operation: ParallelGCFailedAllocation (Allocation Failure)
Event: 81.370 Executing safepoint VM operation: ParallelGCFailedAllocation (Allocation Failure) done
Event: 81.389 Executing safepoint VM operation: ParallelGCFailedAllocation (Allocation Failure)
Event: 81.391 Executing safepoint VM operation: ParallelGCFailedAllocation (Allocation Failure) done

Memory protections (0 events):
No events

Nmethod flushes (20 events):
Event: 56.462 Thread 0x000001d3fcd42640 flushing  nmethod 0x000001d38091ae90
Event: 56.462 Thread 0x000001d3fcd42640 flushing  nmethod 0x000001d38091dd10
Event: 56.462 Thread 0x000001d3fcd42640 flushing  nmethod 0x000001d380926390
Event: 56.462 Thread 0x000001d3fcd42640 flushing  nmethod 0x000001d38092b190
Event: 56.462 Thread 0x000001d3fcd42640 flushing  nmethod 0x000001d38092c410
Event: 56.462 Thread 0x000001d3fcd42640 flushing  nmethod 0x000001d380935290
Event: 56.462 Thread 0x000001d3fcd42640 flushing  nmethod 0x000001d380939810
Event: 56.462 Thread 0x000001d3fcd42640 flushing  nmethod 0x000001d38093a110
Event: 56.462 Thread 0x000001d3fcd42640 flushing  nmethod 0x000001d38093b310
Event: 56.462 Thread 0x000001d3fcd42640 flushing  nmethod 0x000001d38093b690
Event: 56.462 Thread 0x000001d3fcd42640 flushing  nmethod 0x000001d38093bf10
Event: 56.462 Thread 0x000001d3fcd42640 flushing  nmethod 0x000001d38093c390
Event: 56.462 Thread 0x000001d3fcd42640 flushing  nmethod 0x000001d38093cd90
Event: 56.462 Thread 0x000001d3fcd42640 flushing  nmethod 0x000001d38093d290
Event: 56.462 Thread 0x000001d3fcd42640 flushing  nmethod 0x000001d38093ee10
Event: 56.462 Thread 0x000001d3fcd42640 flushing  nmethod 0x000001d380940810
Event: 56.462 Thread 0x000001d3fcd42640 flushing  nmethod 0x000001d380946a90
Event: 56.462 Thread 0x000001d3fcd42640 flushing  nmethod 0x000001d38096dd10
Event: 56.462 Thread 0x000001d3fcd42640 flushing  nmethod 0x000001d380971c90
Event: 56.462 Thread 0x000001d3fcd42640 flushing  nmethod 0x000001d380987d10

Events (20 events):
Event: 65.825 Thread 0x000001d3fcfb5610 Thread added: 0x000001d3d49f7d80
Event: 65.826 Thread 0x000001d3fcfb5610 Thread added: 0x000001d3d49f9e50
Event: 65.826 Thread 0x000001d3fcfb5610 Thread added: 0x000001d3d49f97c0
Event: 73.611 Thread 0x000001d3fcfb48f0 Thread added: 0x000001d3d49fc5b0
Event: 75.159 Thread 0x000001d3fcf67240 Thread exited: 0x000001d3fcf67240
Event: 76.229 Thread 0x000001d3fcf69450 Thread exited: 0x000001d3fcf69450
Event: 77.955 Thread 0x000001d3fcdc0fd0 Thread added: 0x000001d3d624f590
Event: 78.447 Thread 0x000001d3d49fc5b0 Thread added: 0x000001d3d49fcc40
Event: 78.591 Thread 0x000001d3d624f590 Thread exited: 0x000001d3d624f590
Event: 78.619 Thread 0x000001d3d49fc5b0 Thread added: 0x000001d3d49fdff0
Event: 78.684 Thread 0x000001d3d49fdff0 Thread added: 0x000001d3d49fe680
Event: 78.685 Thread 0x000001d3d49fe680 Thread exited: 0x000001d3d49fe680
Event: 78.688 Thread 0x000001d3d49fdff0 Thread added: 0x000001d3d49fe680
Event: 78.846 Thread 0x000001d3d49fdff0 Thread exited: 0x000001d3d49fdff0
Event: 78.846 Thread 0x000001d3d49fe680 Thread exited: 0x000001d3d49fe680
Event: 78.848 Thread 0x000001d3d49fcc40 Thread exited: 0x000001d3d49fcc40
Event: 78.852 Thread 0x000001d3d49fc5b0 Thread exited: 0x000001d3d49fc5b0
Event: 78.865 Thread 0x000001d3fcfb48f0 Thread added: 0x000001d3d49fcc40
Event: 78.997 Thread 0x000001d3fcd56970 Thread added: 0x000001d3d624c5e0
Event: 79.162 Thread 0x000001d3d624c5e0 Thread exited: 0x000001d3d624c5e0


Dynamic libraries:
0x00007ff70e350000 - 0x00007ff70e35e000 	c:\Users\Nandhitha_R\.antigravity\extensions\redhat.java-1.54.0-win32-x64\jre\21.0.10-win32-x86_64\bin\java.exe
0x00007ffe8a2a0000 - 0x00007ffe8a507000 	C:\Windows\SYSTEM32\ntdll.dll
0x00007ffe89c30000 - 0x00007ffe89cf9000 	C:\Windows\System32\KERNEL32.DLL
0x00007ffe87c20000 - 0x00007ffe88017000 	C:\Windows\System32\KERNELBASE.dll
0x00007ffe55b70000 - 0x00007ffe55bdc000 	C:\Program Files (x86)\K7 Computing\K7TSecurity\K7CrvrEx64.dll
0x00007ffe89990000 - 0x00007ffe89a46000 	C:\Windows\System32\ADVAPI32.dll
0x00007ffe88cf0000 - 0x00007ffe88d99000 	C:\Windows\System32\msvcrt.dll
0x00007ffe88260000 - 0x00007ffe88307000 	C:\Windows\System32\sechost.dll
0x00007ffe89a50000 - 0x00007ffe89b68000 	C:\Windows\System32\RPCRT4.dll
0x00007ffe55ac0000 - 0x00007ffe55b1c000 	C:\Program Files (x86)\K7 Computing\K7TSecurity\K7Crvr64.dll
0x00007ffe86d90000 - 0x00007ffe86edb000 	C:\Windows\System32\ucrtbase.dll
0x00007ffe159b0000 - 0x00007ffe159c8000 	c:\Users\Nandhitha_R\.antigravity\extensions\redhat.java-1.54.0-win32-x64\jre\21.0.10-win32-x86_64\bin\jli.dll
0x00007ffe8a030000 - 0x00007ffe8a1f6000 	C:\Windows\System32\USER32.dll
0x00007ffe87910000 - 0x00007ffe87937000 	C:\Windows\System32\win32u.dll
0x00007ffe89b70000 - 0x00007ffe89b9b000 	C:\Windows\System32\GDI32.dll
0x00007ffe86ee0000 - 0x00007ffe8700c000 	C:\Windows\System32\gdi32full.dll
0x00007ffe87b70000 - 0x00007ffe87c13000 	C:\Windows\System32\msvcp_win.dll
0x00007ffe6a770000 - 0x00007ffe6aa02000 	C:\Windows\WinSxS\amd64_microsoft.windows.common-controls_6595b64144ccf1df_6.0.26100.8457_none_3e0b2faee331e92d\COMCTL32.dll
0x00007ffe17650000 - 0x00007ffe1766e000 	c:\Users\Nandhitha_R\.antigravity\extensions\redhat.java-1.54.0-win32-x64\jre\21.0.10-win32-x86_64\bin\VCRUNTIME140.dll
0x00007ffe89f50000 - 0x00007ffe89f82000 	C:\Windows\System32\IMM32.DLL
0x00007ffe83b90000 - 0x00007ffe83b9c000 	c:\Users\Nandhitha_R\.antigravity\extensions\redhat.java-1.54.0-win32-x64\jre\21.0.10-win32-x86_64\bin\vcruntime140_1.dll
0x00007ffe0a7c0000 - 0x00007ffe0a84d000 	c:\Users\Nandhitha_R\.antigravity\extensions\redhat.java-1.54.0-win32-x64\jre\21.0.10-win32-x86_64\bin\msvcp140.dll
0x00007ffdf9c20000 - 0x00007ffdfa9c1000 	c:\Users\Nandhitha_R\.antigravity\extensions\redhat.java-1.54.0-win32-x64\jre\21.0.10-win32-x86_64\bin\server\jvm.dll
0x00007ffe89f90000 - 0x00007ffe8a010000 	C:\Windows\System32\WS2_32.dll
0x00007ffe86b30000 - 0x00007ffe86b8e000 	C:\Windows\SYSTEM32\POWRPROF.dll
0x00007ffe83cf0000 - 0x00007ffe83d26000 	C:\Windows\SYSTEM32\WINMM.dll
0x00007ffe73230000 - 0x00007ffe7323b000 	C:\Windows\SYSTEM32\VERSION.dll
0x00007ffe86b10000 - 0x00007ffe86b24000 	C:\Windows\SYSTEM32\UMPDC.dll
0x00007ffe85a60000 - 0x00007ffe85a7b000 	C:\Windows\SYSTEM32\kernel.appcore.dll
0x00007ffe45070000 - 0x00007ffe4507a000 	c:\Users\Nandhitha_R\.antigravity\extensions\redhat.java-1.54.0-win32-x64\jre\21.0.10-win32-x86_64\bin\jimage.dll
0x00007ffe84b00000 - 0x00007ffe84d42000 	C:\Windows\SYSTEM32\DBGHELP.DLL
0x00007ffe894a0000 - 0x00007ffe89823000 	C:\Windows\System32\combase.dll
0x00007ffe880c0000 - 0x00007ffe88199000 	C:\Windows\System32\OLEAUT32.dll
0x00007ffe65e50000 - 0x00007ffe65e8b000 	C:\Windows\SYSTEM32\dbgcore.DLL
0x00007ffe87940000 - 0x00007ffe879e8000 	C:\Windows\System32\bcryptPrimitives.dll
0x00007ffe13790000 - 0x00007ffe1379f000 	c:\Users\Nandhitha_R\.antigravity\extensions\redhat.java-1.54.0-win32-x64\jre\21.0.10-win32-x86_64\bin\instrument.dll
0x00007ffe15970000 - 0x00007ffe15990000 	c:\Users\Nandhitha_R\.antigravity\extensions\redhat.java-1.54.0-win32-x64\jre\21.0.10-win32-x86_64\bin\java.dll
0x00007ffe88320000 - 0x00007ffe88a8e000 	C:\Windows\System32\SHELL32.dll
0x00007ffe87010000 - 0x00007ffe8787c000 	C:\Windows\System32\windows.storage.dll
0x00007ffe88ba0000 - 0x00007ffe88c96000 	C:\Windows\System32\SHCORE.dll
0x00007ffe88050000 - 0x00007ffe880b6000 	C:\Windows\System32\shlwapi.dll
0x00007ffe86bf0000 - 0x00007ffe86c19000 	C:\Windows\SYSTEM32\profapi.dll
0x00007ffe15990000 - 0x00007ffe159a8000 	c:\Users\Nandhitha_R\.antigravity\extensions\redhat.java-1.54.0-win32-x64\jre\21.0.10-win32-x86_64\bin\zip.dll
0x00007ffe17480000 - 0x00007ffe17490000 	C:\Users\Nandhitha_R\.antigravity\extensions\redhat.java-1.54.0-win32-x64\jre\21.0.10-win32-x86_64\bin\net.dll
0x00007ffe7cd90000 - 0x00007ffe7ceb9000 	C:\Windows\SYSTEM32\WINHTTP.dll
0x00007ffe85fd0000 - 0x00007ffe8603c000 	C:\Windows\system32\mswsock.dll
0x00007ffe137a0000 - 0x00007ffe137b6000 	C:\Users\Nandhitha_R\.antigravity\extensions\redhat.java-1.54.0-win32-x64\jre\21.0.10-win32-x86_64\bin\nio.dll
0x00007ffe13780000 - 0x00007ffe13790000 	c:\Users\Nandhitha_R\.antigravity\extensions\redhat.java-1.54.0-win32-x64\jre\21.0.10-win32-x86_64\bin\verify.dll
0x00007ffe4cad0000 - 0x00007ffe4cb15000 	C:\Users\Nandhitha_R\AppData\Roaming\Antigravity\User\globalStorage\redhat.java\1.54.0\config_win\org.eclipse.equinox.launcher\org.eclipse.equinox.launcher.win32.win32.x86_64_1.3.0.v20260203-2149\eclipse_11919.dll
0x00007ffe89d00000 - 0x00007ffe89e97000 	C:\Windows\System32\ole32.dll
0x00007ffe862b0000 - 0x00007ffe862cb000 	C:\Windows\SYSTEM32\CRYPTSP.dll
0x00007ffe859c0000 - 0x00007ffe859f9000 	C:\Windows\system32\rsaenh.dll
0x00007ffe86080000 - 0x00007ffe860b3000 	C:\Windows\SYSTEM32\USERENV.dll
0x00007ffe86bc0000 - 0x00007ffe86bea000 	C:\Windows\SYSTEM32\bcrypt.dll
0x00007ffe862d0000 - 0x00007ffe862dc000 	C:\Windows\SYSTEM32\CRYPTBASE.dll
0x00007ffe85480000 - 0x00007ffe854b2000 	C:\Windows\SYSTEM32\IPHLPAPI.DLL
0x00007ffe88310000 - 0x00007ffe8831a000 	C:\Windows\System32\NSI.dll
0x00007ffe39eb0000 - 0x00007ffe39ef9000 	C:\Users\Nandhitha_R\AppData\Local\Temp\jna-1848106422\jna1988550433371373345.dll
0x00007ffe88da0000 - 0x00007ffe88da8000 	C:\Windows\System32\PSAPI.DLL
0x00007ffe7e370000 - 0x00007ffe7e38d000 	C:\Windows\SYSTEM32\dhcpcsvc6.DLL
0x00007ffe7e020000 - 0x00007ffe7e045000 	C:\Windows\SYSTEM32\dhcpcsvc.DLL
0x00007ffe13770000 - 0x00007ffe1377e000 	C:\Users\Nandhitha_R\.antigravity\extensions\redhat.java-1.54.0-win32-x64\jre\21.0.10-win32-x86_64\bin\sunmscapi.dll
0x000001d3d7f40000 - 0x000001d3d80b8000 	C:\Windows\System32\CRYPT32.dll
0x00007ffe864d0000 - 0x00007ffe86500000 	C:\Windows\SYSTEM32\ncrypt.dll
0x00007ffe86480000 - 0x00007ffe864bf000 	C:\Windows\SYSTEM32\NTASN1.dll
0x00007ffe85520000 - 0x00007ffe85652000 	C:\Windows\SYSTEM32\DNSAPI.dll
0x00007ffe7b4a0000 - 0x00007ffe7b4ab000 	C:\Windows\System32\rasadhlp.dll
0x00007ffe7e760000 - 0x00007ffe7e7e6000 	C:\Windows\System32\fwpuclnt.dll
0x00007ffe72040000 - 0x00007ffe72049000 	C:\Users\Nandhitha_R\.antigravity\extensions\redhat.java-1.54.0-win32-x64\jre\21.0.10-win32-x86_64\bin\extnet.dll
0x00007ffe47940000 - 0x00007ffe47967000 	C:\Users\Nandhitha_R\.gradle\native\1def1411415f61bf3af743bc5b6707747c0891f09f0c88961ee8f79bc544acac\windows-amd64\native-platform.dll
0x00007ffe71e60000 - 0x00007ffe71e6a000 	C:\Users\Nandhitha_R\.antigravity\extensions\redhat.java-1.54.0-win32-x64\jre\21.0.10-win32-x86_64\bin\management.dll
0x00007ffe65640000 - 0x00007ffe6564c000 	C:\Users\Nandhitha_R\.antigravity\extensions\redhat.java-1.54.0-win32-x64\jre\21.0.10-win32-x86_64\bin\management_ext.dll
0x00007ffe81c70000 - 0x00007ffe81c97000 	C:\Users\Nandhitha_R\.gradle\native\c067742578af261105cb4f569cf0c3c89f3d7b1fecec35dd04571415982c5e48\windows-amd64\native-platform.dll

JVMTI agents:
c:\Users\Nandhitha_R\.antigravity\extensions\redhat.java-1.54.0-win32-x64\lombok\lombok-1.18.39-4050.jar path:c:\Users\Nandhitha_R\.antigravity\extensions\redhat.java-1.54.0-win32-x64\jre\21.0.10-win32-x86_64\bin\instrument.dll, loaded, initialized, instrumentlib options:none

dbghelp: loaded successfully - version: 4.0.5 - missing functions: none
symbol engine: initialized successfully - sym options: 0x614 - pdb path: .;c:\Users\Nandhitha_R\.antigravity\extensions\redhat.java-1.54.0-win32-x64\jre\21.0.10-win32-x86_64\bin;C:\Windows\SYSTEM32;C:\Program Files (x86)\K7 Computing\K7TSecurity;C:\Windows\WinSxS\amd64_microsoft.windows.common-controls_6595b64144ccf1df_6.0.26100.8457_none_3e0b2faee331e92d;c:\Users\Nandhitha_R\.antigravity\extensions\redhat.java-1.54.0-win32-x64\jre\21.0.10-win32-x86_64\bin\server;C:\Users\Nandhitha_R\AppData\Roaming\Antigravity\User\globalStorage\redhat.java\1.54.0\config_win\org.eclipse.equinox.launcher\org.eclipse.equinox.launcher.win32.win32.x86_64_1.3.0.v20260203-2149;C:\Users\Nandhitha_R\AppData\Local\Temp\jna-1848106422;C:\Users\Nandhitha_R\.gradle\native\1def1411415f61bf3af743bc5b6707747c0891f09f0c88961ee8f79bc544acac\windows-amd64;C:\Users\Nandhitha_R\.gradle\native\c067742578af261105cb4f569cf0c3c89f3d7b1fecec35dd04571415982c5e48\windows-amd64

VM Arguments:
jvm_args: --add-modules=ALL-SYSTEM --add-opens=java.base/java.util=ALL-UNNAMED --add-opens=java.base/java.lang=ALL-UNNAMED --add-opens=java.base/sun.nio.fs=ALL-UNNAMED -Declipse.application=org.eclipse.jdt.ls.core.id1 -Dosgi.bundles.defaultStartLevel=4 -Declipse.product=org.eclipse.jdt.ls.core.product -Djava.import.generatesMetadataFilesAtProjectRoot=false -DDetectVMInstallationsJob.disabled=true -Dfile.encoding=utf8 -XX:+UseParallelGC -XX:GCTimeRatio=4 -XX:AdaptiveSizePolicyWeight=90 -Dsun.zip.disableMemoryMapping=true -Xmx2G -Xms100m -Xlog:disable -javaagent:c:\Users\Nandhitha_R\.antigravity\extensions\redhat.java-1.54.0-win32-x64\lombok\lombok-1.18.39-4050.jar -XX:+HeapDumpOnOutOfMemoryError -XX:HeapDumpPath=c:\Users\Nandhitha_R\AppData\Roaming\Antigravity\User\workspaceStorage\d1813b88bfc1f25a629c97800f39de93\redhat.java -Daether.dependencyCollector.impl=bf 
java_command: c:\Users\Nandhitha_R\.antigravity\extensions\redhat.java-1.54.0-win32-x64\server\plugins\org.eclipse.equinox.launcher_1.7.100.v20251111-0406.jar -configuration c:\Users\Nandhitha_R\AppData\Roaming\Antigravity\User\globalStorage\redhat.java\1.54.0\config_win -data c:\Users\Nandhitha_R\AppData\Roaming\Antigravity\User\workspaceStorage\d1813b88bfc1f25a629c97800f39de93\redhat.java\jdt_ws --pipe=\\.\pipe\lsp-9badd7af309acca9892dc5f6c9c97ed9-sock
java_class_path (initial): c:\Users\Nandhitha_R\.antigravity\extensions\redhat.java-1.54.0-win32-x64\server\plugins\org.eclipse.equinox.launcher_1.7.100.v20251111-0406.jar
Launcher Type: SUN_STANDARD

[Global flags]
    uintx AdaptiveSizePolicyWeight                 = 90                                        {product} {command line}
     intx CICompilerCount                          = 4                                         {product} {ergonomic}
    uintx GCTimeRatio                              = 4                                         {product} {command line}
     bool HeapDumpOnOutOfMemoryError               = true                                   {manageable} {command line}
    ccstr HeapDumpPath                             = c:\Users\Nandhitha_R\AppData\Roaming\Antigravity\User\workspaceStorage\d1813b88bfc1f25a629c97800f39de93\redhat.java         {manageable} {command line}
   size_t InitialHeapSize                          = 104857600                                 {product} {command line}
   size_t MaxHeapSize                              = 2147483648                                {product} {command line}
   size_t MaxNewSize                               = 715653120                                 {product} {ergonomic}
   size_t MinHeapDeltaBytes                        = 524288                                    {product} {ergonomic}
   size_t MinHeapSize                              = 104857600                                 {product} {command line}
   size_t NewSize                                  = 34603008                                  {product} {ergonomic}
    uintx NonNMethodCodeHeapSize                   = 5839372                                {pd product} {ergonomic}
    uintx NonProfiledCodeHeapSize                  = 122909434                              {pd product} {ergonomic}
   size_t OldSize                                  = 70254592                                  {product} {ergonomic}
    uintx ProfiledCodeHeapSize                     = 122909434                              {pd product} {ergonomic}
    uintx ReservedCodeCacheSize                    = 251658240                              {pd product} {ergonomic}
     bool SegmentedCodeCache                       = true                                      {product} {ergonomic}
   size_t SoftMaxHeapSize                          = 2147483648                             {manageable} {ergonomic}
     bool UseCompressedOops                        = true                           {product lp64_product} {ergonomic}
     bool UseLargePagesIndividualAllocation        = false                                  {pd product} {ergonomic}
     bool UseParallelGC                            = true                                      {product} {command line}

Logging:
Log output configuration:
 #0: stdout all=off uptime,level,tags foldmultilines=false
 #1: stderr all=off uptime,level,tags foldmultilines=false

Release file:
JAVA_VERSION="21.0.10" 
MODULES="java.base java.compiler java.datatransfer java.xml java.prefs java.desktop java.instrument java.logging java.management java.security.sasl java.naming java.rmi java.management.rmi java.net.http java.scripting java.security.jgss java.transaction.xa java.sql java.sql.rowset java.xml.crypto java.se java.smartcardio jdk.accessibility jdk.internal.jvmstat jdk.attach jdk.charsets jdk.internal.opt jdk.zipfs jdk.compiler jdk.crypto.ec jdk.crypto.cryptoki jdk.crypto.mscapi jdk.dynalink jdk.internal.ed jdk.editpad jdk.hotspot.agent jdk.httpserver jdk.internal.le jdk.internal.vm.ci jdk.internal.vm.compiler jdk.internal.vm.compiler.management jdk.jartool jdk.javadoc jdk.jcmd jdk.management jdk.management.agent jdk.jconsole jdk.jdeps jdk.jdwp.agent jdk.jdi jdk.jfr jdk.jshell jdk.jsobject jdk.jstatd jdk.localedata jdk.management.jfr jdk.naming.dns jdk.naming.rmi jdk.net jdk.nio.mapmode jdk.random jdk.sctp jdk.security.auth jdk.security.jgss jdk.unsupported jdk.unsupported.desktop jdk.xml.dom" 

Environment Variables:
JAVA_HOME=C:\Program Files\Eclipse Adoptium\jdk-17.0.18.8-hotspot
PATH=C:\Program Files\Python312\Scripts\;C:\Program Files\Python312\;C:\Windows\System32;C:\Program Files\Git\cmd;C:\Program Files\Eclipse Adoptium\jdk-17.0.18.8-hotspot\bin;C:\Program Files\nodejs\;C:\Users\Nandhitha_R\AppData\Local\Android\Sdk\platform-tools;C:\Users\Nandhitha_R\AppData\Local\Android\Sdk\emulator;C:\Program Files\Eclipse Adoptium\jdk-17.0.18.8-hotspot\bin;C:\Users\Nandhitha_R\AppData\Local\Programs\Python\Python312;C:\Program Files\MongoDB\Server\7.0\bin;C:\Users\Nandhitha_R\AppData\Local\Programs\Python\Launcher\;C:\Users\Nandhitha_R\AppData\Roaming\npm;C:\Users\Nandhitha_R\AppData\Local\Programs\Microsoft VS Code\bin;D:\Program Files\Antigravity\bin
USERNAME=Nandhitha_R
OS=Windows_NT
PROCESSOR_IDENTIFIER=Intel64 Family 6 Model 154 Stepping 4, GenuineIntel
TMP=C:\Users\NANDHI~1\AppData\Local\Temp
TEMP=C:\Users\NANDHI~1\AppData\Local\Temp




Periodic native trim disabled

---------------  S Y S T E M  ---------------

OS:
 Windows 11 , 64 bit Build 26100 (10.0.26100.8328)
OS uptime: 0 days 13:27 hours
Hyper-V role detected

CPU: total 12 (initial active 12) (6 cores per cpu, 2 threads per core) family 6 model 154 stepping 4 microcode 0x43b, cx8, cmov, fxsr, ht, mmx, 3dnowpref, sse, sse2, sse3, ssse3, sse4.1, sse4.2, popcnt, lzcnt, tsc, tscinvbit, avx, avx2, aes, erms, clmul, bmi1, bmi2, adx, sha, fma, vzeroupper, clflush, clflushopt, clwb, hv, serialize, rdtscp, rdpid, fsrm, f16c, cet_ibt, cet_ss
Processor Information for the first 12 processors :
  Max Mhz: 1300, Current Mhz: 1300, Mhz Limit: 1300

Memory: 4k page, system-wide physical 16068M (1331M free)
TotalPageFile size 22350M (AvailPageFile size 8M)
current process WorkingSet (physical memory assigned to process): 543M, peak: 543M
current process commit charge ("private bytes"): 618M, peak: 618M

vm_info: OpenJDK 64-Bit Server VM (21.0.10+7-LTS) for windows-amd64 JRE (21.0.10+7-LTS), built on 2026-01-20T00:00:00Z by "admin" with MS VC++ 17.12 (VS2022)

END.
