#
# There is insufficient memory for the Java Runtime Environment to continue.
# Native memory allocation (malloc) failed to allocate 1918240 bytes. Error detail: Chunk::new
# Possible reasons:
#   The system is out of physical RAM or swap space
#   This process is running with CompressedOops enabled, and the Java Heap may be blocking the growth of the native heap
# Possible solutions:
#   Reduce memory load on the system
#   Increase physical memory or swap space
#   Check if swap backing store is full
#   Decrease Java heap size (-Xmx/-Xms)
#   Decrease number of Java threads
#   Decrease Java thread stack sizes (-Xss)
#   Set larger code cache with -XX:ReservedCodeCacheSize=
#   JVM is running with Unscaled Compressed Oops mode in which the Java heap is
#     placed in the first 4GB address space. The Java Heap base address is the
#     maximum limit for the native heap growth. Please use -XX:HeapBaseMinAddress
#     to set the Java Heap base and to place the Java Heap above 4GB virtual address.
# This output file may be truncated or incomplete.
#
#  Out of Memory Error (arena.cpp:168), pid=21872, tid=21848
#
# JRE version: OpenJDK Runtime Environment Temurin-21.0.10+7 (21.0.10+7) (build 21.0.10+7-LTS)
# Java VM: OpenJDK 64-Bit Server VM Temurin-21.0.10+7 (21.0.10+7-LTS, mixed mode, sharing, tiered, compressed oops, compressed class ptrs, g1 gc, windows-amd64)
# No core dump will be written. Minidumps are not enabled by default on client versions of Windows
#

---------------  S U M M A R Y ------------

Command Line: --add-opens=java.base/java.util=ALL-UNNAMED --add-opens=java.base/java.lang=ALL-UNNAMED --add-opens=java.base/java.lang.invoke=ALL-UNNAMED --add-opens=java.prefs/java.util.prefs=ALL-UNNAMED --add-exports=jdk.compiler/com.sun.tools.javac.api=ALL-UNNAMED --add-exports=jdk.compiler/com.sun.tools.javac.util=ALL-UNNAMED --add-opens=java.base/java.nio.charset=ALL-UNNAMED --add-opens=java.base/java.net=ALL-UNNAMED --add-opens=java.base/java.util.concurrent.atomic=ALL-UNNAMED -XX:MaxMetaspaceSize=384m -XX:+HeapDumpOnOutOfMemoryError -Xms256m -Xmx512m -Dfile.encoding=utf8 -Duser.country=IN -Duser.language=en -Duser.variant -javaagent:C:\Users\Nandhitha_R\.gradle\wrapper\dists\gradle-8.9-bin\90cnw93cvbtalezasaz0blq0a\gradle-8.9\lib\agents\gradle-instrumentation-agent-8.9.jar org.gradle.launcher.daemon.bootstrap.GradleDaemon 8.9

Host: 12th Gen Intel(R) Core(TM) i5-1235U, 12 cores, 15G,  Windows 11 , 64 bit Build 26100 (10.0.26100.8328)
Time: Thu May 21 16:56:33 2026 India Standard Time elapsed time: 1270.166485 seconds (0d 0h 21m 10s)

---------------  T H R E A D  ---------------

Current thread (0x0000012519737a30):  JavaThread "C2 CompilerThread0" daemon [_thread_in_native, id=21848, stack(0x0000001540d00000,0x0000001540e00000) (1024K)]


Current CompileTask:
C2:1270166 13614       4       org.gradle.internal.execution.impl.DefaultInputFingerprinter::fingerprintInputProperties (41 bytes)

Stack: [0x0000001540d00000,0x0000001540e00000]
Native frames: (J=compiled Java code, j=interpreted, Vv=VM code, C=native code)
V  [jvm.dll+0x6d7a39]
V  [jvm.dll+0x8b4b26]
V  [jvm.dll+0x8b70de]
V  [jvm.dll+0x8b77c3]
V  [jvm.dll+0x284346]
V  [jvm.dll+0xc66ed]
V  [jvm.dll+0xc6c31]
V  [jvm.dll+0x3bec3b]
V  [jvm.dll+0x38b162]
V  [jvm.dll+0x38a5aa]
V  [jvm.dll+0x24c560]
V  [jvm.dll+0x24bb40]
V  [jvm.dll+0x1cb34e]
V  [jvm.dll+0x25b85d]
V  [jvm.dll+0x259dea]
V  [jvm.dll+0x3f857e]
V  [jvm.dll+0x85f59d]
V  [jvm.dll+0x6d626d]
C  [ucrtbase.dll+0x37b0]
C  [KERNEL32.DLL+0x2e957]
C  [ntdll.dll+0x427c]


---------------  P R O C E S S  ---------------

Threads class SMR info:
_java_thread_list=0x0000012539b36ca0, length=80, elements={
0x00000125039837a0, 0x0000012519724260, 0x0000012519724cc0, 0x0000012519727730,
0x00000125197282c0, 0x0000012519728f80, 0x000001251972ac70, 0x0000012519737a30,
0x000001251973b9d0, 0x00000125199b33e0, 0x00000125199b0190, 0x0000012534808310,
0x0000012534807c80, 0x00000125348089a0, 0x00000125347b3320, 0x00000125347b39b0,
0x00000125347b1f70, 0x00000125347b5a80, 0x00000125347b2c90, 0x00000125347b67a0,
0x00000125347b7b50, 0x00000125347b9590, 0x0000012535782420, 0x00000125374841e0,
0x00000125374813f0, 0x0000012535784b80, 0x0000012536353770, 0x0000012536350980,
0x0000012534806f60, 0x0000012534809d50, 0x00000125356f1f60, 0x00000125356f74b0,
0x0000012537485c20, 0x00000125347b4d60, 0x0000012534809030, 0x000001253480a3e0,
0x00000125348096c0, 0x000001253786c250, 0x000001253786aea0, 0x000001253786b530,
0x000001253786a810, 0x000001253786bbc0, 0x0000012537868dd0, 0x0000012537869af0,
0x000001253786a180, 0x000001253684ae10, 0x000001253684c280, 0x0000012537869460,
0x000001253786c8e0, 0x000001253786dc90, 0x000001253786e9b0, 0x00000125378703f0,
0x000001253786e320, 0x000001253786cf70, 0x000001253786f040, 0x000001253786f6d0,
0x000001253786d600, 0x000001253786fd60, 0x000001253f33f500, 0x000001253f341c60,
0x000001253f33fb90, 0x000001253f340220, 0x000001253f3408b0, 0x000001253f3415d0,
0x000001253f3422f0, 0x000001253f33ee70, 0x000001253f342980, 0x000001253f340f40,
0x000001253f346490, 0x000001253f344a50, 0x000001253f343010, 0x000001253f3436a0,
0x000001253f345770, 0x000001253f343d30, 0x000001253f3443c0, 0x000001253f3450e0,
0x000001253f345e00, 0x00000125349ea670, 0x00000125349e92c0, 0x00000125349ecdd0
}

Java Threads: ( => current thread )
  0x00000125039837a0 JavaThread "main"                              [_thread_blocked, id=21988, stack(0x000000153ff00000,0x0000001540000000) (1024K)]
  0x0000012519724260 JavaThread "Reference Handler"          daemon [_thread_blocked, id=15880, stack(0x0000001540700000,0x0000001540800000) (1024K)]
  0x0000012519724cc0 JavaThread "Finalizer"                  daemon [_thread_blocked, id=21020, stack(0x0000001540800000,0x0000001540900000) (1024K)]
  0x0000012519727730 JavaThread "Signal Dispatcher"          daemon [_thread_blocked, id=23568, stack(0x0000001540900000,0x0000001540a00000) (1024K)]
  0x00000125197282c0 JavaThread "Attach Listener"            daemon [_thread_blocked, id=22920, stack(0x0000001540a00000,0x0000001540b00000) (1024K)]
  0x0000012519728f80 JavaThread "Service Thread"             daemon [_thread_blocked, id=9504, stack(0x0000001540b00000,0x0000001540c00000) (1024K)]
  0x000001251972ac70 JavaThread "Monitor Deflation Thread"   daemon [_thread_blocked, id=22748, stack(0x0000001540c00000,0x0000001540d00000) (1024K)]
=>0x0000012519737a30 JavaThread "C2 CompilerThread0"         daemon [_thread_in_native, id=21848, stack(0x0000001540d00000,0x0000001540e00000) (1024K)]
  0x000001251973b9d0 JavaThread "C1 CompilerThread0"         daemon [_thread_blocked, id=2424, stack(0x0000001540e00000,0x0000001540f00000) (1024K)]
  0x00000125199b33e0 JavaThread "Common-Cleaner"             daemon [_thread_blocked, id=12768, stack(0x0000001540f00000,0x0000001541000000) (1024K)]
  0x00000125199b0190 JavaThread "Notification Thread"        daemon [_thread_blocked, id=4500, stack(0x0000001541000000,0x0000001541100000) (1024K)]
  0x0000012534808310 JavaThread "Daemon health stats"               [_thread_blocked, id=19996, stack(0x0000001541100000,0x0000001541200000) (1024K)]
  0x0000012534807c80 JavaThread "Incoming local TCP Connector on port 55966"        [_thread_in_native, id=2300, stack(0x0000001541700000,0x0000001541800000) (1024K)]
  0x00000125348089a0 JavaThread "Daemon periodic checks"            [_thread_blocked, id=19688, stack(0x0000001541c00000,0x0000001541d00000) (1024K)]
  0x00000125347b3320 JavaThread "Cache worker for journal cache (C:\Users\Nandhitha_R\.gradle\caches\journal-1)"        [_thread_blocked, id=23748, stack(0x0000001542400000,0x0000001542500000) (1024K)]
  0x00000125347b39b0 JavaThread "File lock request listener"        [_thread_in_native, id=8700, stack(0x0000001542500000,0x0000001542600000) (1024K)]
  0x00000125347b1f70 JavaThread "Cache worker for file hash cache (C:\Users\Nandhitha_R\.gradle\caches\8.9\fileHashes)"        [_thread_blocked, id=23636, stack(0x0000001542600000,0x0000001542700000) (1024K)]
  0x00000125347b5a80 JavaThread "File watcher server"        daemon [_thread_in_native, id=9288, stack(0x0000001542e00000,0x0000001542f00000) (1024K)]
  0x00000125347b2c90 JavaThread "File watcher consumer"      daemon [_thread_blocked, id=21928, stack(0x0000001542f00000,0x0000001543000000) (1024K)]
  0x00000125347b67a0 JavaThread "Cache worker for file content cache (C:\Users\Nandhitha_R\.gradle\caches\8.9\fileContent)"        [_thread_blocked, id=9224, stack(0x0000001543000000,0x0000001543100000) (1024K)]
  0x00000125347b7b50 JavaThread "jar transforms"                    [_thread_blocked, id=23796, stack(0x0000001543300000,0x0000001543400000) (1024K)]
  0x00000125347b9590 JavaThread "jar transforms Thread 2"           [_thread_blocked, id=14212, stack(0x0000001543400000,0x0000001543500000) (1024K)]
  0x0000012535782420 JavaThread "jar transforms Thread 3"           [_thread_blocked, id=21352, stack(0x0000001542700000,0x0000001542800000) (1024K)]
  0x00000125374841e0 JavaThread "jar transforms Thread 4"           [_thread_blocked, id=10796, stack(0x0000001545800000,0x0000001545900000) (1024K)]
  0x00000125374813f0 JavaThread "Memory manager"                    [_thread_blocked, id=11760, stack(0x0000001544000000,0x0000001544100000) (1024K)]
  0x0000012535784b80 JavaThread "jar transforms Thread 5"           [_thread_blocked, id=21844, stack(0x0000001543600000,0x0000001543700000) (1024K)]
  0x0000012536353770 JavaThread "jar transforms Thread 6"           [_thread_blocked, id=20032, stack(0x0000001545d00000,0x0000001545e00000) (1024K)]
  0x0000012536350980 JavaThread "jar transforms Thread 7"           [_thread_blocked, id=22520, stack(0x0000001543700000,0x0000001543800000) (1024K)]
  0x0000012534806f60 JavaThread "jar transforms Thread 8"           [_thread_blocked, id=8420, stack(0x0000001545f00000,0x0000001546000000) (1024K)]
  0x0000012534809d50 JavaThread "jar transforms Thread 9"           [_thread_blocked, id=9708, stack(0x0000001546000000,0x0000001546100000) (1024K)]
  0x00000125356f1f60 JavaThread "jar transforms Thread 10"          [_thread_blocked, id=20812, stack(0x0000001546100000,0x0000001546200000) (1024K)]
  0x00000125356f74b0 JavaThread "jar transforms Thread 11"          [_thread_blocked, id=23640, stack(0x0000001543800000,0x0000001543900000) (1024K)]
  0x0000012537485c20 JavaThread "jar transforms Thread 12"          [_thread_blocked, id=19704, stack(0x0000001546400000,0x0000001546500000) (1024K)]
  0x00000125347b4d60 JavaThread "Daemon Thread 2"                   [_thread_blocked, id=12952, stack(0x000000153fd00000,0x000000153fe00000) (1024K)]
  0x0000012534809030 JavaThread "Handler for socket connection from /127.0.0.1:55966 to /127.0.0.1:61723"        [_thread_in_native, id=10844, stack(0x000000153fe00000,0x000000153ff00000) (1024K)]
  0x000001253480a3e0 JavaThread "Cancel handler"                    [_thread_blocked, id=22456, stack(0x0000001541d00000,0x0000001541e00000) (1024K)]
  0x00000125348096c0 JavaThread "Daemon worker Thread 2"            [_thread_in_native, id=3332, stack(0x0000001541e00000,0x0000001541f00000) (1024K)]
  0x000001253786c250 JavaThread "Asynchronous log dispatcher for DefaultDaemonConnection: socket connection from /127.0.0.1:55966 to /127.0.0.1:61723"        [_thread_blocked, id=21644, stack(0x0000001541f00000,0x0000001542000000) (1024K)]
  0x000001253786aea0 JavaThread "Stdin handler"                     [_thread_blocked, id=15644, stack(0x0000001542000000,0x0000001542100000) (1024K)]
  0x000001253786b530 JavaThread "Daemon client event forwarder"        [_thread_blocked, id=6552, stack(0x0000001542100000,0x0000001542200000) (1024K)]
  0x000001253786a810 JavaThread "Cache worker for file hash cache (D:\apps\caltims mobile app\frontend\node_modules\@react-native-async-storage\async-storage\android\.gradle\8.9\fileHashes)"        [_thread_blocked, id=12216, stack(0x0000001542200000,0x0000001542300000) (1024K)]
  0x000001253786bbc0 Thread "Unknown thread"                        [id=23900, stack(0x0000001542300000,0x0000001542400000) (1024K)]
  0x0000012537868dd0 JavaThread "Cache worker for checksums cache (D:\apps\caltims mobile app\frontend\node_modules\@react-native-async-storage\async-storage\android\.gradle\8.9\checksums)"        [_thread_blocked, id=5432, stack(0x0000001542800000,0x0000001542900000) (1024K)]
  0x0000012537869af0 Thread "Unknown thread"                        [id=11596, stack(0x0000001542900000,0x0000001542a00000) (1024K)]
  0x000001253684ae10 JavaThread "C2 CompilerThread1"         daemon [_thread_in_native, id=22716, stack(0x0000001542d00000,0x0000001542e00000) (1024K)]
  0x000001253684c280 JavaThread "C2 CompilerThread2"         daemon [_thread_in_native, id=5368, stack(0x0000001543100000,0x0000001543200000) (1024K)]
  0x0000012537869460 JavaThread "Unconstrained build operations"        [_thread_blocked, id=16076, stack(0x0000001543200000,0x0000001543300000) (1024K)]
  0x000001253786c8e0 JavaThread "Unconstrained build operations Thread 2"        [_thread_blocked, id=11316, stack(0x0000001543500000,0x0000001543600000) (1024K)]
  0x000001253786dc90 JavaThread "Unconstrained build operations Thread 3"        [_thread_blocked, id=22944, stack(0x0000001543900000,0x0000001543a00000) (1024K)]
  0x000001253786e9b0 JavaThread "Unconstrained build operations Thread 4"        [_thread_blocked, id=16292, stack(0x0000001543a00000,0x0000001543b00000) (1024K)]
  0x00000125378703f0 JavaThread "Unconstrained build operations Thread 5"        [_thread_blocked, id=20956, stack(0x0000001543b00000,0x0000001543c00000) (1024K)]
  0x000001253786e320 JavaThread "Unconstrained build operations Thread 6"        [_thread_blocked, id=21760, stack(0x0000001543c00000,0x0000001543d00000) (1024K)]
  0x000001253786cf70 JavaThread "Unconstrained build operations Thread 7"        [_thread_blocked, id=3684, stack(0x0000001543d00000,0x0000001543e00000) (1024K)]
  0x000001253786f040 JavaThread "Unconstrained build operations Thread 8"        [_thread_blocked, id=17132, stack(0x0000001543e00000,0x0000001543f00000) (1024K)]
  0x000001253786f6d0 JavaThread "Unconstrained build operations Thread 9"        [_thread_blocked, id=20216, stack(0x0000001543f00000,0x0000001544000000) (1024K)]
  0x000001253786d600 JavaThread "Unconstrained build operations Thread 10"        [_thread_blocked, id=20320, stack(0x0000001544100000,0x0000001544200000) (1024K)]
  0x000001253786fd60 JavaThread "Unconstrained build operations Thread 11"        [_thread_blocked, id=16044, stack(0x0000001544200000,0x0000001544300000) (1024K)]
  0x000001253f33f500 JavaThread "Unconstrained build operations Thread 12"        [_thread_blocked, id=16560, stack(0x0000001544300000,0x0000001544400000) (1024K)]
  0x000001253f341c60 JavaThread "Unconstrained build operations Thread 13"        [_thread_blocked, id=22404, stack(0x0000001544400000,0x0000001544500000) (1024K)]
  0x000001253f33fb90 JavaThread "Unconstrained build operations Thread 14"        [_thread_blocked, id=6368, stack(0x0000001544500000,0x0000001544600000) (1024K)]
  0x000001253f340220 JavaThread "Unconstrained build operations Thread 15"        [_thread_blocked, id=20164, stack(0x0000001544600000,0x0000001544700000) (1024K)]
  0x000001253f3408b0 JavaThread "Unconstrained build operations Thread 16"        [_thread_blocked, id=14752, stack(0x0000001544700000,0x0000001544800000) (1024K)]
  0x000001253f3415d0 JavaThread "Unconstrained build operations Thread 17"        [_thread_blocked, id=21132, stack(0x0000001544800000,0x0000001544900000) (1024K)]
  0x000001253f3422f0 JavaThread "Unconstrained build operations Thread 18"        [_thread_blocked, id=16948, stack(0x0000001544900000,0x0000001544a00000) (1024K)]
  0x000001253f33ee70 JavaThread "Unconstrained build operations Thread 19"        [_thread_blocked, id=5048, stack(0x0000001544a00000,0x0000001544b00000) (1024K)]
  0x000001253f342980 JavaThread "Unconstrained build operations Thread 20"        [_thread_blocked, id=8988, stack(0x0000001544b00000,0x0000001544c00000) (1024K)]
  0x000001253f340f40 JavaThread "Unconstrained build operations Thread 21"        [_thread_blocked, id=23248, stack(0x0000001544c00000,0x0000001544d00000) (1024K)]
  0x000001253f346490 JavaThread "Unconstrained build operations Thread 22"        [_thread_blocked, id=10876, stack(0x0000001544d00000,0x0000001544e00000) (1024K)]
  0x000001253f344a50 JavaThread "Unconstrained build operations Thread 23"        [_thread_blocked, id=23032, stack(0x0000001544e00000,0x0000001544f00000) (1024K)]
  0x000001253f343010 JavaThread "Unconstrained build operations Thread 24"        [_thread_blocked, id=21140, stack(0x0000001544f00000,0x0000001545000000) (1024K)]
  0x000001253f3436a0 JavaThread "Unconstrained build operations Thread 25"        [_thread_blocked, id=4556, stack(0x0000001545000000,0x0000001545100000) (1024K)]
  0x000001253f345770 JavaThread "Unconstrained build operations Thread 26"        [_thread_blocked, id=19892, stack(0x0000001545100000,0x0000001545200000) (1024K)]
  0x000001253f343d30 JavaThread "Unconstrained build operations Thread 27"        [_thread_blocked, id=2432, stack(0x0000001545200000,0x0000001545300000) (1024K)]
  0x000001253f3443c0 JavaThread "Unconstrained build operations Thread 28"        [_thread_blocked, id=3544, stack(0x0000001545300000,0x0000001545400000) (1024K)]
  0x000001253f3450e0 JavaThread "Unconstrained build operations Thread 29"        [_thread_blocked, id=4484, stack(0x0000001545400000,0x0000001545500000) (1024K)]
  0x000001253f345e00 JavaThread "Unconstrained build operations Thread 30"        [_thread_blocked, id=3656, stack(0x0000001545500000,0x0000001545600000) (1024K)]
  0x00000125349ea670 JavaThread "Unconstrained build operations Thread 31"        [_thread_blocked, id=10980, stack(0x0000001545600000,0x0000001545700000) (1024K)]
  0x00000125349e92c0 JavaThread "Unconstrained build operations Thread 32"        [_thread_blocked, id=1492, stack(0x0000001545700000,0x0000001545800000) (1024K)]
  0x00000125349ecdd0 JavaThread "Unconstrained build operations Thread 33"        [_thread_blocked, id=9184, stack(0x0000001545900000,0x0000001545a00000) (1024K)]
Total: 79

Other Threads:
  0x000001251970b000 VMThread "VM Thread"                           [id=2416, stack(0x0000001540600000,0x0000001540700000) (1024K)]
  0x00000125197f19e0 WatcherThread "VM Periodic Task Thread"        [id=22060, stack(0x0000001540500000,0x0000001540600000) (1024K)]
  0x00000125039aeec0 WorkerThread "GC Thread#0"                     [id=16436, stack(0x0000001540000000,0x0000001540100000) (1024K)]
  0x00000125336f9f70 WorkerThread "GC Thread#1"                     [id=22328, stack(0x0000001541200000,0x0000001541300000) (1024K)]
  0x00000125331e15a0 WorkerThread "GC Thread#2"                     [id=24532, stack(0x0000001541300000,0x0000001541400000) (1024K)]
  0x0000012533184d70 WorkerThread "GC Thread#3"                     [id=12512, stack(0x0000001541400000,0x0000001541500000) (1024K)]
  0x0000012533185120 WorkerThread "GC Thread#4"                     [id=8652, stack(0x0000001541500000,0x0000001541600000) (1024K)]
  0x00000125331854d0 WorkerThread "GC Thread#5"                     [id=22588, stack(0x0000001541600000,0x0000001541700000) (1024K)]
  0x0000012533ae5220 WorkerThread "GC Thread#6"                     [id=23336, stack(0x0000001541800000,0x0000001541900000) (1024K)]
  0x0000012533dcd090 WorkerThread "GC Thread#7"                     [id=15136, stack(0x0000001541900000,0x0000001541a00000) (1024K)]
  0x0000012533aa4a00 WorkerThread "GC Thread#8"                     [id=6816, stack(0x0000001541a00000,0x0000001541b00000) (1024K)]
  0x0000012533aa5160 WorkerThread "GC Thread#9"                     [id=3840, stack(0x0000001541b00000,0x0000001541c00000) (1024K)]
  0x00000125039b45d0 ConcurrentGCThread "G1 Main Marker"            [id=5592, stack(0x0000001540100000,0x0000001540200000) (1024K)]
  0x00000125039b5e70 WorkerThread "G1 Conc#0"                       [id=10912, stack(0x0000001540200000,0x0000001540300000) (1024K)]
  0x0000012536b40490 WorkerThread "G1 Conc#1"                       [id=24028, stack(0x0000001542b00000,0x0000001542c00000) (1024K)]
  0x0000012536b40840 WorkerThread "G1 Conc#2"                       [id=19088, stack(0x0000001542c00000,0x0000001542d00000) (1024K)]
  0x0000012519646ac0 ConcurrentGCThread "G1 Refine#0"               [id=18280, stack(0x0000001540300000,0x0000001540400000) (1024K)]
  0x0000012519648300 ConcurrentGCThread "G1 Service"                [id=9120, stack(0x0000001540400000,0x0000001540500000) (1024K)]
Total: 18

Threads with active compile tasks:
C2 CompilerThread0  1270305 13614       4       org.gradle.internal.execution.impl.DefaultInputFingerprinter::fingerprintInputProperties (41 bytes)
C1 CompilerThread0  1270305 13643   !   3       sun.nio.ch.SocketChannelImpl::write (190 bytes)
C2 CompilerThread1  1270306 13618       4       org.gradle.internal.execution.steps.IdentifyStep::createIdentityContextInternal (78 bytes)
C2 CompilerThread2  1270306 13638  s!   4       org.gradle.internal.service.DefaultServiceRegistry$ManagedObjectServiceProvider::stop (59 bytes)
Total: 4

VM state: not at safepoint (normal execution)

VM Mutex/Monitor currently owned by a thread: None

Heap address: 0x00000000e0000000, size: 512 MB, Compressed Oops mode: 32-bit

CDS archive(s) mapped at: [0x000001251a000000-0x000001251aba0000-0x000001251aba0000), size 12189696, SharedBaseAddress: 0x000001251a000000, ArchiveRelocationMode: 1.
Compressed class space mapped at: 0x000001251b000000-0x000001252f000000, reserved size: 335544320
Narrow klass base: 0x000001251a000000, Narrow klass shift: 0, Narrow klass range: 0x100000000

GC Precious Log:
 CardTable entry size: 512
 Card Set container configuration: InlinePtr #cards 5 size 8 Array Of Cards #cards 12 size 40 Howl #buckets 4 coarsen threshold 1843 Howl Bitmap #cards 512 size 80 coarsen threshold 460 Card regions per heap region 1 cards per card region 2048
 CPUs: 12 total, 12 available
 Memory: 16068M
 Large Page Support: Disabled
 NUMA Support: Disabled
 Compressed Oops: Enabled (32-bit)
 Heap Region Size: 1M
 Heap Min Capacity: 256M
 Heap Initial Capacity: 256M
 Heap Max Capacity: 512M
 Pre-touch: Disabled
 Parallel Workers: 10
 Concurrent Workers: 3
 Concurrent Refinement Workers: 10
 Periodic GC: Disabled

Heap:
 garbage-first heap   total 269312K, used 227997K [0x00000000e0000000, 0x0000000100000000)
  region size 1024K, 93 young (95232K), 12 survivors (12288K)
 Metaspace       used 88769K, committed 92928K, reserved 458752K
  class space    used 12380K, committed 14016K, reserved 327680K

Heap Regions: E=young(eden), S=young(survivor), O=old, HS=humongous(starts), HC=humongous(continues), CS=collection set, F=free, TAMS=top-at-mark-start, PB=parsable bottom
|   0|0x00000000e0000000, 0x00000000e0100000, 0x00000000e0100000|100%|HS|  |TAMS 0x00000000e0000000| PB 0x00000000e0000000| Complete 
|   1|0x00000000e0100000, 0x00000000e0200000, 0x00000000e0200000|100%|HC|  |TAMS 0x00000000e0100000| PB 0x00000000e0100000| Complete 
|   2|0x00000000e0200000, 0x00000000e0300000, 0x00000000e0300000|100%|HC|  |TAMS 0x00000000e0200000| PB 0x00000000e0200000| Complete 
|   3|0x00000000e0300000, 0x00000000e0400000, 0x00000000e0400000|100%|HC|  |TAMS 0x00000000e0300000| PB 0x00000000e0300000| Complete 
|   4|0x00000000e0400000, 0x00000000e0500000, 0x00000000e0500000|100%|HS|  |TAMS 0x00000000e0400000| PB 0x00000000e0400000| Complete 
|   5|0x00000000e0500000, 0x00000000e0600000, 0x00000000e0600000|100%| O|  |TAMS 0x00000000e0500000| PB 0x00000000e0500000| Untracked 
|   6|0x00000000e0600000, 0x00000000e0700000, 0x00000000e0700000|100%| O|  |TAMS 0x00000000e0600000| PB 0x00000000e0600000| Untracked 
|   7|0x00000000e0700000, 0x00000000e0800000, 0x00000000e0800000|100%| O|  |TAMS 0x00000000e0700000| PB 0x00000000e0700000| Untracked 
|   8|0x00000000e0800000, 0x00000000e0900000, 0x00000000e0900000|100%| O|  |TAMS 0x00000000e0800000| PB 0x00000000e0800000| Untracked 
|   9|0x00000000e0900000, 0x00000000e0a00000, 0x00000000e0a00000|100%| O|  |TAMS 0x00000000e0900000| PB 0x00000000e0900000| Untracked 
|  10|0x00000000e0a00000, 0x00000000e0b00000, 0x00000000e0b00000|100%|HS|  |TAMS 0x00000000e0a00000| PB 0x00000000e0a00000| Complete 
|  11|0x00000000e0b00000, 0x00000000e0c00000, 0x00000000e0c00000|100%| O|  |TAMS 0x00000000e0b00000| PB 0x00000000e0b00000| Untracked 
|  12|0x00000000e0c00000, 0x00000000e0d00000, 0x00000000e0d00000|100%| O|  |TAMS 0x00000000e0c00000| PB 0x00000000e0c00000| Untracked 
|  13|0x00000000e0d00000, 0x00000000e0e00000, 0x00000000e0e00000|100%| O|  |TAMS 0x00000000e0d00000| PB 0x00000000e0d00000| Untracked 
|  14|0x00000000e0e00000, 0x00000000e0f00000, 0x00000000e0f00000|100%| O|  |TAMS 0x00000000e0e00000| PB 0x00000000e0e00000| Untracked 
|  15|0x00000000e0f00000, 0x00000000e1000000, 0x00000000e1000000|100%| O|  |TAMS 0x00000000e0f00000| PB 0x00000000e0f00000| Untracked 
|  16|0x00000000e1000000, 0x00000000e1100000, 0x00000000e1100000|100%| O|  |TAMS 0x00000000e1000000| PB 0x00000000e1000000| Untracked 
|  17|0x00000000e1100000, 0x00000000e1200000, 0x00000000e1200000|100%| O|  |TAMS 0x00000000e1100000| PB 0x00000000e1100000| Untracked 
|  18|0x00000000e1200000, 0x00000000e1300000, 0x00000000e1300000|100%| O|  |TAMS 0x00000000e1200000| PB 0x00000000e1200000| Untracked 
|  19|0x00000000e1300000, 0x00000000e1400000, 0x00000000e1400000|100%| O|  |TAMS 0x00000000e1300000| PB 0x00000000e1300000| Untracked 
|  20|0x00000000e1400000, 0x00000000e1500000, 0x00000000e1500000|100%| O|  |TAMS 0x00000000e1400000| PB 0x00000000e1400000| Untracked 
|  21|0x00000000e1500000, 0x00000000e1600000, 0x00000000e1600000|100%| O|  |TAMS 0x00000000e1500000| PB 0x00000000e1500000| Untracked 
|  22|0x00000000e1600000, 0x00000000e1700000, 0x00000000e1700000|100%| O|  |TAMS 0x00000000e1600000| PB 0x00000000e1600000| Untracked 
|  23|0x00000000e1700000, 0x00000000e1800000, 0x00000000e1800000|100%| O|  |TAMS 0x00000000e1700000| PB 0x00000000e1700000| Untracked 
|  24|0x00000000e1800000, 0x00000000e1900000, 0x00000000e1900000|100%|HS|  |TAMS 0x00000000e1800000| PB 0x00000000e1800000| Complete 
|  25|0x00000000e1900000, 0x00000000e1a00000, 0x00000000e1a00000|100%| O|  |TAMS 0x00000000e1900000| PB 0x00000000e1900000| Untracked 
|  26|0x00000000e1a00000, 0x00000000e1b00000, 0x00000000e1b00000|100%|HS|  |TAMS 0x00000000e1a00000| PB 0x00000000e1a00000| Complete 
|  27|0x00000000e1b00000, 0x00000000e1c00000, 0x00000000e1c00000|100%|HS|  |TAMS 0x00000000e1b00000| PB 0x00000000e1b00000| Complete 
|  28|0x00000000e1c00000, 0x00000000e1d00000, 0x00000000e1d00000|100%|HC|  |TAMS 0x00000000e1c00000| PB 0x00000000e1c00000| Complete 
|  29|0x00000000e1d00000, 0x00000000e1e00000, 0x00000000e1e00000|100%|HS|  |TAMS 0x00000000e1d00000| PB 0x00000000e1d00000| Complete 
|  30|0x00000000e1e00000, 0x00000000e1f00000, 0x00000000e1f00000|100%| O|  |TAMS 0x00000000e1e00000| PB 0x00000000e1e00000| Untracked 
|  31|0x00000000e1f00000, 0x00000000e2000000, 0x00000000e2000000|100%| O|  |TAMS 0x00000000e1f00000| PB 0x00000000e1f00000| Untracked 
|  32|0x00000000e2000000, 0x00000000e2100000, 0x00000000e2100000|100%| O|  |TAMS 0x00000000e2000000| PB 0x00000000e2000000| Untracked 
|  33|0x00000000e2100000, 0x00000000e2200000, 0x00000000e2200000|100%| O|  |TAMS 0x00000000e2100000| PB 0x00000000e2100000| Untracked 
|  34|0x00000000e2200000, 0x00000000e2300000, 0x00000000e2300000|100%| O|  |TAMS 0x00000000e2200000| PB 0x00000000e2200000| Untracked 
|  35|0x00000000e2300000, 0x00000000e2400000, 0x00000000e2400000|100%| O|  |TAMS 0x00000000e2300000| PB 0x00000000e2300000| Untracked 
|  36|0x00000000e2400000, 0x00000000e2500000, 0x00000000e2500000|100%| O|  |TAMS 0x00000000e2400000| PB 0x00000000e2400000| Untracked 
|  37|0x00000000e2500000, 0x00000000e2600000, 0x00000000e2600000|100%| O|  |TAMS 0x00000000e2500000| PB 0x00000000e2500000| Untracked 
|  38|0x00000000e2600000, 0x00000000e2700000, 0x00000000e2700000|100%| O|Cm|TAMS 0x00000000e2600000| PB 0x00000000e2600000| Complete 
|  39|0x00000000e2700000, 0x00000000e2800000, 0x00000000e2800000|100%| O|  |TAMS 0x00000000e2700000| PB 0x00000000e2700000| Untracked 
|  40|0x00000000e2800000, 0x00000000e2900000, 0x00000000e2900000|100%| O|  |TAMS 0x00000000e2800000| PB 0x00000000e2800000| Untracked 
|  41|0x00000000e2900000, 0x00000000e2a00000, 0x00000000e2a00000|100%| O|Cm|TAMS 0x00000000e2900000| PB 0x00000000e2900000| Complete 
|  42|0x00000000e2a00000, 0x00000000e2b00000, 0x00000000e2b00000|100%| O|  |TAMS 0x00000000e2a00000| PB 0x00000000e2a00000| Untracked 
|  43|0x00000000e2b00000, 0x00000000e2c00000, 0x00000000e2c00000|100%| O|  |TAMS 0x00000000e2b00000| PB 0x00000000e2b00000| Untracked 
|  44|0x00000000e2c00000, 0x00000000e2d00000, 0x00000000e2d00000|100%| O|  |TAMS 0x00000000e2c00000| PB 0x00000000e2c00000| Untracked 
|  45|0x00000000e2d00000, 0x00000000e2e00000, 0x00000000e2e00000|100%| O|  |TAMS 0x00000000e2d00000| PB 0x00000000e2d00000| Untracked 
|  46|0x00000000e2e00000, 0x00000000e2f00000, 0x00000000e2f00000|100%| O|  |TAMS 0x00000000e2e00000| PB 0x00000000e2e00000| Untracked 
|  47|0x00000000e2f00000, 0x00000000e3000000, 0x00000000e3000000|100%| O|  |TAMS 0x00000000e2f00000| PB 0x00000000e2f00000| Untracked 
|  48|0x00000000e3000000, 0x00000000e3100000, 0x00000000e3100000|100%| O|  |TAMS 0x00000000e3000000| PB 0x00000000e3000000| Untracked 
|  49|0x00000000e3100000, 0x00000000e3200000, 0x00000000e3200000|100%| O|  |TAMS 0x00000000e3100000| PB 0x00000000e3100000| Untracked 
|  50|0x00000000e3200000, 0x00000000e3300000, 0x00000000e3300000|100%| O|  |TAMS 0x00000000e3200000| PB 0x00000000e3200000| Untracked 
|  51|0x00000000e3300000, 0x00000000e3400000, 0x00000000e3400000|100%| O|  |TAMS 0x00000000e3300000| PB 0x00000000e3300000| Untracked 
|  52|0x00000000e3400000, 0x00000000e3500000, 0x00000000e3500000|100%| O|  |TAMS 0x00000000e3400000| PB 0x00000000e3400000| Untracked 
|  53|0x00000000e3500000, 0x00000000e3600000, 0x00000000e3600000|100%| O|  |TAMS 0x00000000e3500000| PB 0x00000000e3500000| Untracked 
|  54|0x00000000e3600000, 0x00000000e3700000, 0x00000000e3700000|100%| O|Cm|TAMS 0x00000000e3600000| PB 0x00000000e3600000| Complete 
|  55|0x00000000e3700000, 0x00000000e3800000, 0x00000000e3800000|100%| O|Cm|TAMS 0x00000000e3700000| PB 0x00000000e3700000| Complete 
|  56|0x00000000e3800000, 0x00000000e3900000, 0x00000000e3900000|100%| O|  |TAMS 0x00000000e3800000| PB 0x00000000e3800000| Untracked 
|  57|0x00000000e3900000, 0x00000000e3900000, 0x00000000e3a00000|  0%| F|  |TAMS 0x00000000e3900000| PB 0x00000000e3900000| Untracked 
|  58|0x00000000e3a00000, 0x00000000e3b00000, 0x00000000e3b00000|100%| O|Cm|TAMS 0x00000000e3a00000| PB 0x00000000e3a00000| Complete 
|  59|0x00000000e3b00000, 0x00000000e3c00000, 0x00000000e3c00000|100%| O|  |TAMS 0x00000000e3b00000| PB 0x00000000e3b00000| Untracked 
|  60|0x00000000e3c00000, 0x00000000e3d00000, 0x00000000e3d00000|100%| O|  |TAMS 0x00000000e3c00000| PB 0x00000000e3c00000| Untracked 
|  61|0x00000000e3d00000, 0x00000000e3e00000, 0x00000000e3e00000|100%| O|  |TAMS 0x00000000e3d00000| PB 0x00000000e3d00000| Untracked 
|  62|0x00000000e3e00000, 0x00000000e3f00000, 0x00000000e3f00000|100%| O|  |TAMS 0x00000000e3e00000| PB 0x00000000e3e00000| Untracked 
|  63|0x00000000e3f00000, 0x00000000e4000000, 0x00000000e4000000|100%| O|  |TAMS 0x00000000e3f00000| PB 0x00000000e3f00000| Untracked 
|  64|0x00000000e4000000, 0x00000000e4100000, 0x00000000e4100000|100%| O|Cm|TAMS 0x00000000e4000000| PB 0x00000000e4000000| Complete 
|  65|0x00000000e4100000, 0x00000000e4200000, 0x00000000e4200000|100%| O|Cm|TAMS 0x00000000e4100000| PB 0x00000000e4100000| Complete 
|  66|0x00000000e4200000, 0x00000000e4300000, 0x00000000e4300000|100%|HS|  |TAMS 0x00000000e4200000| PB 0x00000000e4200000| Complete 
|  67|0x00000000e4300000, 0x00000000e4400000, 0x00000000e4400000|100%|HC|  |TAMS 0x00000000e4300000| PB 0x00000000e4300000| Complete 
|  68|0x00000000e4400000, 0x00000000e4500000, 0x00000000e4500000|100%| O|Cm|TAMS 0x00000000e4400000| PB 0x00000000e4400000| Complete 
|  69|0x00000000e4500000, 0x00000000e4600000, 0x00000000e4600000|100%| O|Cm|TAMS 0x00000000e4500000| PB 0x00000000e4500000| Complete 
|  70|0x00000000e4600000, 0x00000000e4700000, 0x00000000e4700000|100%| O|Cm|TAMS 0x00000000e4600000| PB 0x00000000e4600000| Complete 
|  71|0x00000000e4700000, 0x00000000e4800000, 0x00000000e4800000|100%| O|Cm|TAMS 0x00000000e4700000| PB 0x00000000e4700000| Complete 
|  72|0x00000000e4800000, 0x00000000e4900000, 0x00000000e4900000|100%| O|Cm|TAMS 0x00000000e4800000| PB 0x00000000e4800000| Complete 
|  73|0x00000000e4900000, 0x00000000e4a00000, 0x00000000e4a00000|100%| O|Cm|TAMS 0x00000000e4900000| PB 0x00000000e4900000| Complete 
|  74|0x00000000e4a00000, 0x00000000e4b00000, 0x00000000e4b00000|100%| O|  |TAMS 0x00000000e4a00000| PB 0x00000000e4a00000| Untracked 
|  75|0x00000000e4b00000, 0x00000000e4c00000, 0x00000000e4c00000|100%| O|Cm|TAMS 0x00000000e4b00000| PB 0x00000000e4b00000| Complete 
|  76|0x00000000e4c00000, 0x00000000e4d00000, 0x00000000e4d00000|100%| O|  |TAMS 0x00000000e4c00000| PB 0x00000000e4c00000| Untracked 
|  77|0x00000000e4d00000, 0x00000000e4e00000, 0x00000000e4e00000|100%| O|  |TAMS 0x00000000e4d00000| PB 0x00000000e4d00000| Untracked 
|  78|0x00000000e4e00000, 0x00000000e4f00000, 0x00000000e4f00000|100%| O|  |TAMS 0x00000000e4e00000| PB 0x00000000e4e00000| Untracked 
|  79|0x00000000e4f00000, 0x00000000e5000000, 0x00000000e5000000|100%| O|  |TAMS 0x00000000e4f00000| PB 0x00000000e4f00000| Untracked 
|  80|0x00000000e5000000, 0x00000000e5100000, 0x00000000e5100000|100%| O|  |TAMS 0x00000000e5000000| PB 0x00000000e5000000| Untracked 
|  81|0x00000000e5100000, 0x00000000e5100000, 0x00000000e5200000|  0%| F|  |TAMS 0x00000000e5100000| PB 0x00000000e5100000| Untracked 
|  82|0x00000000e5200000, 0x00000000e5200000, 0x00000000e5300000|  0%| F|  |TAMS 0x00000000e5200000| PB 0x00000000e5200000| Untracked 
|  83|0x00000000e5300000, 0x00000000e5400000, 0x00000000e5400000|100%|HS|  |TAMS 0x00000000e5300000| PB 0x00000000e5300000| Complete 
|  84|0x00000000e5400000, 0x00000000e5500000, 0x00000000e5500000|100%|HS|  |TAMS 0x00000000e5400000| PB 0x00000000e5400000| Complete 
|  85|0x00000000e5500000, 0x00000000e5600000, 0x00000000e5600000|100%|HC|  |TAMS 0x00000000e5500000| PB 0x00000000e5500000| Complete 
|  86|0x00000000e5600000, 0x00000000e5700000, 0x00000000e5700000|100%|HC|  |TAMS 0x00000000e5600000| PB 0x00000000e5600000| Complete 
|  87|0x00000000e5700000, 0x00000000e5800000, 0x00000000e5800000|100%|HC|  |TAMS 0x00000000e5700000| PB 0x00000000e5700000| Complete 
|  88|0x00000000e5800000, 0x00000000e5900000, 0x00000000e5900000|100%|HS|  |TAMS 0x00000000e5800000| PB 0x00000000e5800000| Complete 
|  89|0x00000000e5900000, 0x00000000e5900000, 0x00000000e5a00000|  0%| F|  |TAMS 0x00000000e5900000| PB 0x00000000e5900000| Untracked 
|  90|0x00000000e5a00000, 0x00000000e5a00000, 0x00000000e5b00000|  0%| F|  |TAMS 0x00000000e5a00000| PB 0x00000000e5a00000| Untracked 
|  91|0x00000000e5b00000, 0x00000000e5c00000, 0x00000000e5c00000|100%| O|Cm|TAMS 0x00000000e5b00000| PB 0x00000000e5b00000| Complete 
|  92|0x00000000e5c00000, 0x00000000e5d00000, 0x00000000e5d00000|100%|HS|  |TAMS 0x00000000e5c00000| PB 0x00000000e5c00000| Complete 
|  93|0x00000000e5d00000, 0x00000000e5e00000, 0x00000000e5e00000|100%|HS|  |TAMS 0x00000000e5d00000| PB 0x00000000e5d00000| Complete 
|  94|0x00000000e5e00000, 0x00000000e5f00000, 0x00000000e5f00000|100%|HS|  |TAMS 0x00000000e5e00000| PB 0x00000000e5e00000| Complete 
|  95|0x00000000e5f00000, 0x00000000e6000000, 0x00000000e6000000|100%|HS|  |TAMS 0x00000000e5f00000| PB 0x00000000e5f00000| Complete 
|  96|0x00000000e6000000, 0x00000000e6100000, 0x00000000e6100000|100%|HS|  |TAMS 0x00000000e6000000| PB 0x00000000e6000000| Complete 
|  97|0x00000000e6100000, 0x00000000e6200000, 0x00000000e6200000|100%| O|  |TAMS 0x00000000e6100000| PB 0x00000000e6100000| Untracked 
|  98|0x00000000e6200000, 0x00000000e6300000, 0x00000000e6300000|100%| O|  |TAMS 0x00000000e6200000| PB 0x00000000e6200000| Untracked 
|  99|0x00000000e6300000, 0x00000000e6400000, 0x00000000e6400000|100%| O|  |TAMS 0x00000000e6300000| PB 0x00000000e6300000| Untracked 
| 100|0x00000000e6400000, 0x00000000e6500000, 0x00000000e6500000|100%| O|  |TAMS 0x00000000e6400000| PB 0x00000000e6400000| Untracked 
| 101|0x00000000e6500000, 0x00000000e6600000, 0x00000000e6600000|100%| O|  |TAMS 0x00000000e6500000| PB 0x00000000e6500000| Untracked 
| 102|0x00000000e6600000, 0x00000000e6700000, 0x00000000e6700000|100%| O|  |TAMS 0x00000000e6600000| PB 0x00000000e6600000| Untracked 
| 103|0x00000000e6700000, 0x00000000e6800000, 0x00000000e6800000|100%| O|Cm|TAMS 0x00000000e6700000| PB 0x00000000e6700000| Complete 
| 104|0x00000000e6800000, 0x00000000e6900000, 0x00000000e6900000|100%| O|Cm|TAMS 0x00000000e6800000| PB 0x00000000e6800000| Complete 
| 105|0x00000000e6900000, 0x00000000e6a00000, 0x00000000e6a00000|100%| O|Cm|TAMS 0x00000000e6900000| PB 0x00000000e6900000| Complete 
| 106|0x00000000e6a00000, 0x00000000e6b00000, 0x00000000e6b00000|100%| O|Cm|TAMS 0x00000000e6a00000| PB 0x00000000e6a00000| Complete 
| 107|0x00000000e6b00000, 0x00000000e6c00000, 0x00000000e6c00000|100%|HS|  |TAMS 0x00000000e6b00000| PB 0x00000000e6b00000| Complete 
| 108|0x00000000e6c00000, 0x00000000e6d00000, 0x00000000e6d00000|100%|HS|  |TAMS 0x00000000e6c00000| PB 0x00000000e6c00000| Complete 
| 109|0x00000000e6d00000, 0x00000000e6e00000, 0x00000000e6e00000|100%|HS|  |TAMS 0x00000000e6d00000| PB 0x00000000e6d00000| Complete 
| 110|0x00000000e6e00000, 0x00000000e6f00000, 0x00000000e6f00000|100%|HS|  |TAMS 0x00000000e6e00000| PB 0x00000000e6e00000| Complete 
| 111|0x00000000e6f00000, 0x00000000e6f00000, 0x00000000e7000000|  0%| F|  |TAMS 0x00000000e6f00000| PB 0x00000000e6f00000| Untracked 
| 112|0x00000000e7000000, 0x00000000e7100000, 0x00000000e7100000|100%| O|  |TAMS 0x00000000e7000000| PB 0x00000000e7000000| Untracked 
| 113|0x00000000e7100000, 0x00000000e7200000, 0x00000000e7200000|100%|HS|  |TAMS 0x00000000e7100000| PB 0x00000000e7100000| Complete 
| 114|0x00000000e7200000, 0x00000000e7300000, 0x00000000e7300000|100%|HC|  |TAMS 0x00000000e7200000| PB 0x00000000e7200000| Complete 
| 115|0x00000000e7300000, 0x00000000e7400000, 0x00000000e7400000|100%|HC|  |TAMS 0x00000000e7300000| PB 0x00000000e7300000| Complete 
| 116|0x00000000e7400000, 0x00000000e7500000, 0x00000000e7500000|100%| O|  |TAMS 0x00000000e7400000| PB 0x00000000e7400000| Untracked 
| 117|0x00000000e7500000, 0x00000000e7600000, 0x00000000e7600000|100%| O|  |TAMS 0x00000000e7500000| PB 0x00000000e7500000| Untracked 
| 118|0x00000000e7600000, 0x00000000e7700000, 0x00000000e7700000|100%| O|  |TAMS 0x00000000e7600000| PB 0x00000000e7600000| Untracked 
| 119|0x00000000e7700000, 0x00000000e7800000, 0x00000000e7800000|100%| O|  |TAMS 0x00000000e7700000| PB 0x00000000e7700000| Untracked 
| 120|0x00000000e7800000, 0x00000000e7900000, 0x00000000e7900000|100%| O|  |TAMS 0x00000000e7800000| PB 0x00000000e7800000| Untracked 
| 121|0x00000000e7900000, 0x00000000e7a00000, 0x00000000e7a00000|100%| O|  |TAMS 0x00000000e7900000| PB 0x00000000e7900000| Untracked 
| 122|0x00000000e7a00000, 0x00000000e7b00000, 0x00000000e7b00000|100%| O|Cm|TAMS 0x00000000e7a00000| PB 0x00000000e7a00000| Complete 
| 123|0x00000000e7b00000, 0x00000000e7c00000, 0x00000000e7c00000|100%| O|  |TAMS 0x00000000e7b00000| PB 0x00000000e7b00000| Untracked 
| 124|0x00000000e7c00000, 0x00000000e7d00000, 0x00000000e7d00000|100%| O|  |TAMS 0x00000000e7c00000| PB 0x00000000e7c00000| Untracked 
| 125|0x00000000e7d00000, 0x00000000e7e00000, 0x00000000e7e00000|100%| O|  |TAMS 0x00000000e7d00000| PB 0x00000000e7d00000| Untracked 
| 126|0x00000000e7e00000, 0x00000000e7f00000, 0x00000000e7f00000|100%| O|  |TAMS 0x00000000e7e00000| PB 0x00000000e7e00000| Untracked 
| 127|0x00000000e7f00000, 0x00000000e8000000, 0x00000000e8000000|100%| O|  |TAMS 0x00000000e7f00000| PB 0x00000000e7f00000| Untracked 
| 128|0x00000000e8000000, 0x00000000e8100000, 0x00000000e8100000|100%| O|  |TAMS 0x00000000e8000000| PB 0x00000000e8000000| Untracked 
| 129|0x00000000e8100000, 0x00000000e8200000, 0x00000000e8200000|100%| O|  |TAMS 0x00000000e8100000| PB 0x00000000e8100000| Untracked 
| 130|0x00000000e8200000, 0x00000000e8300000, 0x00000000e8300000|100%| O|  |TAMS 0x00000000e8200000| PB 0x00000000e8200000| Untracked 
| 131|0x00000000e8300000, 0x00000000e8300000, 0x00000000e8400000|  0%| F|  |TAMS 0x00000000e8300000| PB 0x00000000e8300000| Untracked 
| 132|0x00000000e8400000, 0x00000000e8400000, 0x00000000e8500000|  0%| F|  |TAMS 0x00000000e8400000| PB 0x00000000e8400000| Untracked 
| 133|0x00000000e8500000, 0x00000000e8500000, 0x00000000e8600000|  0%| F|  |TAMS 0x00000000e8500000| PB 0x00000000e8500000| Untracked 
| 134|0x00000000e8600000, 0x00000000e8600000, 0x00000000e8700000|  0%| F|  |TAMS 0x00000000e8600000| PB 0x00000000e8600000| Untracked 
| 135|0x00000000e8700000, 0x00000000e8700000, 0x00000000e8800000|  0%| F|  |TAMS 0x00000000e8700000| PB 0x00000000e8700000| Untracked 
| 136|0x00000000e8800000, 0x00000000e8800000, 0x00000000e8900000|  0%| F|  |TAMS 0x00000000e8800000| PB 0x00000000e8800000| Untracked 
| 137|0x00000000e8900000, 0x00000000e8900000, 0x00000000e8a00000|  0%| F|  |TAMS 0x00000000e8900000| PB 0x00000000e8900000| Untracked 
| 138|0x00000000e8a00000, 0x00000000e8b00000, 0x00000000e8b00000|100%| S|CS|TAMS 0x00000000e8a00000| PB 0x00000000e8a00000| Complete 
| 139|0x00000000e8b00000, 0x00000000e8c00000, 0x00000000e8c00000|100%| S|CS|TAMS 0x00000000e8b00000| PB 0x00000000e8b00000| Complete 
| 140|0x00000000e8c00000, 0x00000000e8d00000, 0x00000000e8d00000|100%| S|CS|TAMS 0x00000000e8c00000| PB 0x00000000e8c00000| Complete 
| 141|0x00000000e8d00000, 0x00000000e8e00000, 0x00000000e8e00000|100%| S|CS|TAMS 0x00000000e8d00000| PB 0x00000000e8d00000| Complete 
| 142|0x00000000e8e00000, 0x00000000e8f00000, 0x00000000e8f00000|100%| S|CS|TAMS 0x00000000e8e00000| PB 0x00000000e8e00000| Complete 
| 143|0x00000000e8f00000, 0x00000000e9000000, 0x00000000e9000000|100%| O|  |TAMS 0x00000000e8f00000| PB 0x00000000e8f00000| Untracked 
| 144|0x00000000e9000000, 0x00000000e9100000, 0x00000000e9100000|100%| O|  |TAMS 0x00000000e9000000| PB 0x00000000e9000000| Untracked 
| 145|0x00000000e9100000, 0x00000000e9200000, 0x00000000e9200000|100%| O|  |TAMS 0x00000000e9100000| PB 0x00000000e9100000| Untracked 
| 146|0x00000000e9200000, 0x00000000e92a74a0, 0x00000000e9300000| 65%| O|  |TAMS 0x00000000e9200000| PB 0x00000000e9200000| Untracked 
| 147|0x00000000e9300000, 0x00000000e9400000, 0x00000000e9400000|100%| S|CS|TAMS 0x00000000e9300000| PB 0x00000000e9300000| Complete 
| 148|0x00000000e9400000, 0x00000000e9500000, 0x00000000e9500000|100%| S|CS|TAMS 0x00000000e9400000| PB 0x00000000e9400000| Complete 
| 149|0x00000000e9500000, 0x00000000e9600000, 0x00000000e9600000|100%| S|CS|TAMS 0x00000000e9500000| PB 0x00000000e9500000| Complete 
| 150|0x00000000e9600000, 0x00000000e9700000, 0x00000000e9700000|100%| S|CS|TAMS 0x00000000e9600000| PB 0x00000000e9600000| Complete 
| 151|0x00000000e9700000, 0x00000000e9700000, 0x00000000e9800000|  0%| F|  |TAMS 0x00000000e9700000| PB 0x00000000e9700000| Untracked 
| 152|0x00000000e9800000, 0x00000000e9800000, 0x00000000e9900000|  0%| F|  |TAMS 0x00000000e9800000| PB 0x00000000e9800000| Untracked 
| 153|0x00000000e9900000, 0x00000000e9900000, 0x00000000e9a00000|  0%| F|  |TAMS 0x00000000e9900000| PB 0x00000000e9900000| Untracked 
| 154|0x00000000e9a00000, 0x00000000e9a00000, 0x00000000e9b00000|  0%| F|  |TAMS 0x00000000e9a00000| PB 0x00000000e9a00000| Untracked 
| 155|0x00000000e9b00000, 0x00000000e9b00000, 0x00000000e9c00000|  0%| F|  |TAMS 0x00000000e9b00000| PB 0x00000000e9b00000| Untracked 
| 156|0x00000000e9c00000, 0x00000000e9c00000, 0x00000000e9d00000|  0%| F|  |TAMS 0x00000000e9c00000| PB 0x00000000e9c00000| Untracked 
| 157|0x00000000e9d00000, 0x00000000e9d00000, 0x00000000e9e00000|  0%| F|  |TAMS 0x00000000e9d00000| PB 0x00000000e9d00000| Untracked 
| 158|0x00000000e9e00000, 0x00000000e9e00000, 0x00000000e9f00000|  0%| F|  |TAMS 0x00000000e9e00000| PB 0x00000000e9e00000| Untracked 
| 159|0x00000000e9f00000, 0x00000000ea000000, 0x00000000ea000000|100%| S|CS|TAMS 0x00000000e9f00000| PB 0x00000000e9f00000| Complete 
| 160|0x00000000ea000000, 0x00000000ea100000, 0x00000000ea100000|100%| S|CS|TAMS 0x00000000ea000000| PB 0x00000000ea000000| Complete 
| 161|0x00000000ea100000, 0x00000000ea200000, 0x00000000ea200000|100%| S|CS|TAMS 0x00000000ea100000| PB 0x00000000ea100000| Complete 
| 162|0x00000000ea200000, 0x00000000ea200000, 0x00000000ea300000|  0%| F|  |TAMS 0x00000000ea200000| PB 0x00000000ea200000| Untracked 
| 163|0x00000000ea300000, 0x00000000ea300000, 0x00000000ea400000|  0%| F|  |TAMS 0x00000000ea300000| PB 0x00000000ea300000| Untracked 
| 164|0x00000000ea400000, 0x00000000ea400000, 0x00000000ea500000|  0%| F|  |TAMS 0x00000000ea400000| PB 0x00000000ea400000| Untracked 
| 165|0x00000000ea500000, 0x00000000ea500000, 0x00000000ea600000|  0%| F|  |TAMS 0x00000000ea500000| PB 0x00000000ea500000| Untracked 
| 166|0x00000000ea600000, 0x00000000ea600000, 0x00000000ea700000|  0%| F|  |TAMS 0x00000000ea600000| PB 0x00000000ea600000| Untracked 
| 167|0x00000000ea700000, 0x00000000ea700000, 0x00000000ea800000|  0%| F|  |TAMS 0x00000000ea700000| PB 0x00000000ea700000| Untracked 
| 168|0x00000000ea800000, 0x00000000ea800000, 0x00000000ea900000|  0%| F|  |TAMS 0x00000000ea800000| PB 0x00000000ea800000| Untracked 
| 169|0x00000000ea900000, 0x00000000ea900000, 0x00000000eaa00000|  0%| F|  |TAMS 0x00000000ea900000| PB 0x00000000ea900000| Untracked 
| 170|0x00000000eaa00000, 0x00000000eaa00000, 0x00000000eab00000|  0%| F|  |TAMS 0x00000000eaa00000| PB 0x00000000eaa00000| Untracked 
| 171|0x00000000eab00000, 0x00000000eab00000, 0x00000000eac00000|  0%| F|  |TAMS 0x00000000eab00000| PB 0x00000000eab00000| Untracked 
| 172|0x00000000eac00000, 0x00000000eac00000, 0x00000000ead00000|  0%| F|  |TAMS 0x00000000eac00000| PB 0x00000000eac00000| Untracked 
| 173|0x00000000ead00000, 0x00000000ead00000, 0x00000000eae00000|  0%| F|  |TAMS 0x00000000ead00000| PB 0x00000000ead00000| Untracked 
| 174|0x00000000eae00000, 0x00000000eae00000, 0x00000000eaf00000|  0%| F|  |TAMS 0x00000000eae00000| PB 0x00000000eae00000| Untracked 
| 175|0x00000000eaf00000, 0x00000000eaf00000, 0x00000000eb000000|  0%| F|  |TAMS 0x00000000eaf00000| PB 0x00000000eaf00000| Untracked 
| 176|0x00000000eb000000, 0x00000000eb000000, 0x00000000eb100000|  0%| F|  |TAMS 0x00000000eb000000| PB 0x00000000eb000000| Untracked 
| 177|0x00000000eb100000, 0x00000000eb100000, 0x00000000eb200000|  0%| F|  |TAMS 0x00000000eb100000| PB 0x00000000eb100000| Untracked 
| 178|0x00000000eb200000, 0x00000000eb200000, 0x00000000eb300000|  0%| F|  |TAMS 0x00000000eb200000| PB 0x00000000eb200000| Untracked 
| 179|0x00000000eb300000, 0x00000000eb3ae1b0, 0x00000000eb400000| 68%| E|  |TAMS 0x00000000eb300000| PB 0x00000000eb300000| Complete 
| 180|0x00000000eb400000, 0x00000000eb500000, 0x00000000eb500000|100%| E|CS|TAMS 0x00000000eb400000| PB 0x00000000eb400000| Complete 
| 181|0x00000000eb500000, 0x00000000eb600000, 0x00000000eb600000|100%| E|CS|TAMS 0x00000000eb500000| PB 0x00000000eb500000| Complete 
| 182|0x00000000eb600000, 0x00000000eb700000, 0x00000000eb700000|100%| E|CS|TAMS 0x00000000eb600000| PB 0x00000000eb600000| Complete 
| 183|0x00000000eb700000, 0x00000000eb800000, 0x00000000eb800000|100%| E|CS|TAMS 0x00000000eb700000| PB 0x00000000eb700000| Complete 
| 184|0x00000000eb800000, 0x00000000eb900000, 0x00000000eb900000|100%| E|CS|TAMS 0x00000000eb800000| PB 0x00000000eb800000| Complete 
| 185|0x00000000eb900000, 0x00000000eba00000, 0x00000000eba00000|100%| E|CS|TAMS 0x00000000eb900000| PB 0x00000000eb900000| Complete 
| 186|0x00000000eba00000, 0x00000000ebb00000, 0x00000000ebb00000|100%| E|CS|TAMS 0x00000000eba00000| PB 0x00000000eba00000| Complete 
| 187|0x00000000ebb00000, 0x00000000ebc00000, 0x00000000ebc00000|100%| E|CS|TAMS 0x00000000ebb00000| PB 0x00000000ebb00000| Complete 
| 188|0x00000000ebc00000, 0x00000000ebd00000, 0x00000000ebd00000|100%| E|CS|TAMS 0x00000000ebc00000| PB 0x00000000ebc00000| Complete 
| 189|0x00000000ebd00000, 0x00000000ebe00000, 0x00000000ebe00000|100%| E|CS|TAMS 0x00000000ebd00000| PB 0x00000000ebd00000| Complete 
| 190|0x00000000ebe00000, 0x00000000ebf00000, 0x00000000ebf00000|100%| E|CS|TAMS 0x00000000ebe00000| PB 0x00000000ebe00000| Complete 
| 191|0x00000000ebf00000, 0x00000000ec000000, 0x00000000ec000000|100%| E|CS|TAMS 0x00000000ebf00000| PB 0x00000000ebf00000| Complete 
| 192|0x00000000ec000000, 0x00000000ec100000, 0x00000000ec100000|100%| E|CS|TAMS 0x00000000ec000000| PB 0x00000000ec000000| Complete 
| 193|0x00000000ec100000, 0x00000000ec200000, 0x00000000ec200000|100%| E|  |TAMS 0x00000000ec100000| PB 0x00000000ec100000| Complete 
| 194|0x00000000ec200000, 0x00000000ec300000, 0x00000000ec300000|100%| E|CS|TAMS 0x00000000ec200000| PB 0x00000000ec200000| Complete 
| 195|0x00000000ec300000, 0x00000000ec400000, 0x00000000ec400000|100%| E|CS|TAMS 0x00000000ec300000| PB 0x00000000ec300000| Complete 
| 196|0x00000000ec400000, 0x00000000ec500000, 0x00000000ec500000|100%| E|CS|TAMS 0x00000000ec400000| PB 0x00000000ec400000| Complete 
| 197|0x00000000ec500000, 0x00000000ec600000, 0x00000000ec600000|100%| E|CS|TAMS 0x00000000ec500000| PB 0x00000000ec500000| Complete 
| 198|0x00000000ec600000, 0x00000000ec700000, 0x00000000ec700000|100%| E|CS|TAMS 0x00000000ec600000| PB 0x00000000ec600000| Complete 
| 199|0x00000000ec700000, 0x00000000ec800000, 0x00000000ec800000|100%| E|CS|TAMS 0x00000000ec700000| PB 0x00000000ec700000| Complete 
| 200|0x00000000ec800000, 0x00000000ec900000, 0x00000000ec900000|100%| E|CS|TAMS 0x00000000ec800000| PB 0x00000000ec800000| Complete 
| 201|0x00000000ec900000, 0x00000000eca00000, 0x00000000eca00000|100%| E|CS|TAMS 0x00000000ec900000| PB 0x00000000ec900000| Complete 
| 202|0x00000000eca00000, 0x00000000ecb00000, 0x00000000ecb00000|100%| E|CS|TAMS 0x00000000eca00000| PB 0x00000000eca00000| Complete 
| 203|0x00000000ecb00000, 0x00000000ecc00000, 0x00000000ecc00000|100%| E|CS|TAMS 0x00000000ecb00000| PB 0x00000000ecb00000| Complete 
| 204|0x00000000ecc00000, 0x00000000ecd00000, 0x00000000ecd00000|100%| E|CS|TAMS 0x00000000ecc00000| PB 0x00000000ecc00000| Complete 
| 205|0x00000000ecd00000, 0x00000000ece00000, 0x00000000ece00000|100%| E|CS|TAMS 0x00000000ecd00000| PB 0x00000000ecd00000| Complete 
| 206|0x00000000ece00000, 0x00000000ecf00000, 0x00000000ecf00000|100%| E|CS|TAMS 0x00000000ece00000| PB 0x00000000ece00000| Complete 
| 207|0x00000000ecf00000, 0x00000000ed000000, 0x00000000ed000000|100%| E|CS|TAMS 0x00000000ecf00000| PB 0x00000000ecf00000| Complete 
| 208|0x00000000ed000000, 0x00000000ed100000, 0x00000000ed100000|100%| E|CS|TAMS 0x00000000ed000000| PB 0x00000000ed000000| Complete 
| 209|0x00000000ed100000, 0x00000000ed200000, 0x00000000ed200000|100%| E|CS|TAMS 0x00000000ed100000| PB 0x00000000ed100000| Complete 
| 210|0x00000000ed200000, 0x00000000ed300000, 0x00000000ed300000|100%| E|CS|TAMS 0x00000000ed200000| PB 0x00000000ed200000| Complete 
| 211|0x00000000ed300000, 0x00000000ed400000, 0x00000000ed400000|100%| E|CS|TAMS 0x00000000ed300000| PB 0x00000000ed300000| Complete 
| 212|0x00000000ed400000, 0x00000000ed500000, 0x00000000ed500000|100%| E|CS|TAMS 0x00000000ed400000| PB 0x00000000ed400000| Complete 
| 213|0x00000000ed500000, 0x00000000ed600000, 0x00000000ed600000|100%| E|CS|TAMS 0x00000000ed500000| PB 0x00000000ed500000| Complete 
| 214|0x00000000ed600000, 0x00000000ed700000, 0x00000000ed700000|100%| E|CS|TAMS 0x00000000ed600000| PB 0x00000000ed600000| Complete 
| 215|0x00000000ed700000, 0x00000000ed800000, 0x00000000ed800000|100%| E|CS|TAMS 0x00000000ed700000| PB 0x00000000ed700000| Complete 
| 216|0x00000000ed800000, 0x00000000ed900000, 0x00000000ed900000|100%| E|CS|TAMS 0x00000000ed800000| PB 0x00000000ed800000| Complete 
| 217|0x00000000ed900000, 0x00000000eda00000, 0x00000000eda00000|100%| E|CS|TAMS 0x00000000ed900000| PB 0x00000000ed900000| Complete 
| 218|0x00000000eda00000, 0x00000000edb00000, 0x00000000edb00000|100%| E|CS|TAMS 0x00000000eda00000| PB 0x00000000eda00000| Complete 
| 219|0x00000000edb00000, 0x00000000edc00000, 0x00000000edc00000|100%| E|CS|TAMS 0x00000000edb00000| PB 0x00000000edb00000| Complete 
| 220|0x00000000edc00000, 0x00000000edd00000, 0x00000000edd00000|100%| E|CS|TAMS 0x00000000edc00000| PB 0x00000000edc00000| Complete 
| 221|0x00000000edd00000, 0x00000000ede00000, 0x00000000ede00000|100%| E|CS|TAMS 0x00000000edd00000| PB 0x00000000edd00000| Complete 
| 222|0x00000000ede00000, 0x00000000edf00000, 0x00000000edf00000|100%| E|CS|TAMS 0x00000000ede00000| PB 0x00000000ede00000| Complete 
| 223|0x00000000edf00000, 0x00000000ee000000, 0x00000000ee000000|100%| E|CS|TAMS 0x00000000edf00000| PB 0x00000000edf00000| Complete 
| 224|0x00000000ee000000, 0x00000000ee100000, 0x00000000ee100000|100%| E|CS|TAMS 0x00000000ee000000| PB 0x00000000ee000000| Complete 
| 225|0x00000000ee100000, 0x00000000ee200000, 0x00000000ee200000|100%| E|CS|TAMS 0x00000000ee100000| PB 0x00000000ee100000| Complete 
| 226|0x00000000ee200000, 0x00000000ee300000, 0x00000000ee300000|100%| E|CS|TAMS 0x00000000ee200000| PB 0x00000000ee200000| Complete 
| 227|0x00000000ee300000, 0x00000000ee400000, 0x00000000ee400000|100%| E|CS|TAMS 0x00000000ee300000| PB 0x00000000ee300000| Complete 
| 228|0x00000000ee400000, 0x00000000ee500000, 0x00000000ee500000|100%| E|CS|TAMS 0x00000000ee400000| PB 0x00000000ee400000| Complete 
| 229|0x00000000ee500000, 0x00000000ee600000, 0x00000000ee600000|100%| E|CS|TAMS 0x00000000ee500000| PB 0x00000000ee500000| Complete 
| 230|0x00000000ee600000, 0x00000000ee700000, 0x00000000ee700000|100%| E|CS|TAMS 0x00000000ee600000| PB 0x00000000ee600000| Complete 
| 231|0x00000000ee700000, 0x00000000ee800000, 0x00000000ee800000|100%| E|CS|TAMS 0x00000000ee700000| PB 0x00000000ee700000| Complete 
| 232|0x00000000ee800000, 0x00000000ee900000, 0x00000000ee900000|100%| E|CS|TAMS 0x00000000ee800000| PB 0x00000000ee800000| Complete 
| 233|0x00000000ee900000, 0x00000000eea00000, 0x00000000eea00000|100%| E|CS|TAMS 0x00000000ee900000| PB 0x00000000ee900000| Complete 
| 234|0x00000000eea00000, 0x00000000eeb00000, 0x00000000eeb00000|100%| E|CS|TAMS 0x00000000eea00000| PB 0x00000000eea00000| Complete 
| 235|0x00000000eeb00000, 0x00000000eec00000, 0x00000000eec00000|100%| E|CS|TAMS 0x00000000eeb00000| PB 0x00000000eeb00000| Complete 
| 236|0x00000000eec00000, 0x00000000eed00000, 0x00000000eed00000|100%| E|CS|TAMS 0x00000000eec00000| PB 0x00000000eec00000| Complete 
| 237|0x00000000eed00000, 0x00000000eee00000, 0x00000000eee00000|100%| E|CS|TAMS 0x00000000eed00000| PB 0x00000000eed00000| Complete 
| 238|0x00000000eee00000, 0x00000000eef00000, 0x00000000eef00000|100%| E|CS|TAMS 0x00000000eee00000| PB 0x00000000eee00000| Complete 
| 239|0x00000000eef00000, 0x00000000ef000000, 0x00000000ef000000|100%| E|CS|TAMS 0x00000000eef00000| PB 0x00000000eef00000| Complete 
| 240|0x00000000ef000000, 0x00000000ef100000, 0x00000000ef100000|100%| E|CS|TAMS 0x00000000ef000000| PB 0x00000000ef000000| Complete 
| 241|0x00000000ef100000, 0x00000000ef200000, 0x00000000ef200000|100%| E|CS|TAMS 0x00000000ef100000| PB 0x00000000ef100000| Complete 
| 242|0x00000000ef200000, 0x00000000ef300000, 0x00000000ef300000|100%| E|CS|TAMS 0x00000000ef200000| PB 0x00000000ef200000| Complete 
| 243|0x00000000ef300000, 0x00000000ef400000, 0x00000000ef400000|100%| E|CS|TAMS 0x00000000ef300000| PB 0x00000000ef300000| Complete 
| 244|0x00000000ef400000, 0x00000000ef500000, 0x00000000ef500000|100%| E|CS|TAMS 0x00000000ef400000| PB 0x00000000ef400000| Complete 
| 245|0x00000000ef500000, 0x00000000ef600000, 0x00000000ef600000|100%| E|CS|TAMS 0x00000000ef500000| PB 0x00000000ef500000| Complete 
| 246|0x00000000ef600000, 0x00000000ef700000, 0x00000000ef700000|100%| E|CS|TAMS 0x00000000ef600000| PB 0x00000000ef600000| Complete 
| 247|0x00000000ef700000, 0x00000000ef800000, 0x00000000ef800000|100%| E|CS|TAMS 0x00000000ef700000| PB 0x00000000ef700000| Complete 
| 248|0x00000000ef800000, 0x00000000ef900000, 0x00000000ef900000|100%| E|CS|TAMS 0x00000000ef800000| PB 0x00000000ef800000| Complete 
| 249|0x00000000ef900000, 0x00000000efa00000, 0x00000000efa00000|100%| E|CS|TAMS 0x00000000ef900000| PB 0x00000000ef900000| Complete 
| 250|0x00000000efa00000, 0x00000000efb00000, 0x00000000efb00000|100%| E|CS|TAMS 0x00000000efa00000| PB 0x00000000efa00000| Complete 
| 251|0x00000000efb00000, 0x00000000efc00000, 0x00000000efc00000|100%| E|CS|TAMS 0x00000000efb00000| PB 0x00000000efb00000| Complete 
| 252|0x00000000efc00000, 0x00000000efd00000, 0x00000000efd00000|100%| E|CS|TAMS 0x00000000efc00000| PB 0x00000000efc00000| Complete 
| 253|0x00000000efd00000, 0x00000000efe00000, 0x00000000efe00000|100%| E|CS|TAMS 0x00000000efd00000| PB 0x00000000efd00000| Complete 
| 254|0x00000000efe00000, 0x00000000eff00000, 0x00000000eff00000|100%| E|CS|TAMS 0x00000000efe00000| PB 0x00000000efe00000| Complete 
| 255|0x00000000eff00000, 0x00000000f0000000, 0x00000000f0000000|100%| E|CS|TAMS 0x00000000eff00000| PB 0x00000000eff00000| Complete 
| 256|0x00000000f0000000, 0x00000000f0100000, 0x00000000f0100000|100%| E|CS|TAMS 0x00000000f0000000| PB 0x00000000f0000000| Complete 
| 257|0x00000000f0100000, 0x00000000f0200000, 0x00000000f0200000|100%| E|CS|TAMS 0x00000000f0100000| PB 0x00000000f0100000| Complete 
| 258|0x00000000f0200000, 0x00000000f0300000, 0x00000000f0300000|100%| E|CS|TAMS 0x00000000f0200000| PB 0x00000000f0200000| Complete 
| 259|0x00000000f0300000, 0x00000000f0400000, 0x00000000f0400000|100%| E|CS|TAMS 0x00000000f0300000| PB 0x00000000f0300000| Complete 
| 509|0x00000000ffd00000, 0x00000000ffe00000, 0x00000000ffe00000|100%| O|  |TAMS 0x00000000ffd00000| PB 0x00000000ffd00000| Untracked 
| 510|0x00000000ffe00000, 0x00000000fff00000, 0x00000000fff00000|100%| O|Cm|TAMS 0x00000000ffe00000| PB 0x00000000ffe00000| Complete 
| 511|0x00000000fff00000, 0x0000000100000000, 0x0000000100000000|100%| O|  |TAMS 0x00000000fff00000| PB 0x00000000fff00000| Untracked 

Card table byte_map: [0x00000125161c0000,0x00000125162c0000] _byte_map_base: 0x0000012515ac0000

Marking Bits: (CMBitMap*) 0x00000125039afcf0
 Bits: [0x00000125162c0000, 0x0000012516ac0000)

Polling page: 0x0000012501720000

Metaspace:

Usage:
  Non-class:     74.60 MB used.
      Class:     12.09 MB used.
       Both:     86.70 MB used.

Virtual space:
  Non-class space:      128.00 MB reserved,      77.06 MB ( 60%) committed,  2 nodes.
      Class space:      320.00 MB reserved,      13.69 MB (  4%) committed,  1 nodes.
             Both:      448.00 MB reserved,      90.75 MB ( 20%) committed. 

Chunk freelists:
   Non-Class:  4.27 MB
       Class:  3.18 MB
        Both:  7.45 MB

MaxMetaspaceSize: 384.00 MB
CompressedClassSpaceSize: 320.00 MB
Initial GC threshold: 21.00 MB
Current GC threshold: 151.25 MB
CDS: on
 - commit_granule_bytes: 65536.
 - commit_granule_words: 8192.
 - virtual_space_node_default_size: 8388608.
 - enlarge_chunks_in_place: 1.
 - use_allocation_guard: 0.


Internal statistics:

num_allocs_failed_limit: 15.
num_arena_births: 3874.
num_arena_deaths: 2010.
num_vsnodes_births: 3.
num_vsnodes_deaths: 0.
num_space_committed: 1452.
num_space_uncommitted: 0.
num_chunks_returned_to_freelist: 2264.
num_chunks_taken_from_freelist: 8141.
num_chunk_merges: 813.
num_chunk_splits: 5311.
num_chunks_enlarged: 3378.
num_inconsistent_stats: 0.

CodeHeap 'non-profiled nmethods': size=120000Kb used=8885Kb max_used=8885Kb free=111114Kb
 bounds [0x000001250e640000, 0x000001250eef0000, 0x0000012515b70000]
CodeHeap 'profiled nmethods': size=120000Kb used=20361Kb max_used=20831Kb free=99638Kb
 bounds [0x0000012506b70000, 0x0000012507fd0000, 0x000001250e0a0000]
CodeHeap 'non-nmethods': size=5760Kb used=2675Kb max_used=2739Kb free=3085Kb
 bounds [0x000001250e0a0000, 0x000001250e370000, 0x000001250e640000]
CodeCache: size=245760Kb, used=31921Kb, max_used=32455Kb, free=213837Kb
 total_blobs=12276, nmethods=11339, adapters=841, full_count=0
Compilation: enabled, stopped_count=0, restarted_count=0

Compilation events (20 events):
Event: 1269.852 Thread 0x000001253684ae10 nmethod 13616 0x000001250eeddb90 code [0x000001250eeddd80, 0x000001250eede530]
Event: 1269.852 Thread 0x000001253684ae10 13618       4       org.gradle.internal.execution.steps.IdentifyStep::createIdentityContextInternal (78 bytes)
Event: 1269.950 Thread 0x000001253684c280 nmethod 13617 0x000001250eede810 code [0x000001250eedeb80, 0x000001250eee13a0]
Event: 1269.951 Thread 0x000001253684c280 13622   !   4       sun.nio.fs.WindowsNativeDispatcher::FindFirstFile (75 bytes)
Event: 1270.001 Thread 0x000001253684c280 nmethod 13622 0x000001250eee2390 code [0x000001250eee26a0, 0x000001250eee3928]
Event: 1270.002 Thread 0x000001253684c280 13619   !   4       org.gradle.internal.execution.impl.DefaultInputFingerprinter$InputCollectingVisitor::visitInputFileProperty (135 bytes)
Event: 1270.055 Thread 0x000001251973b9d0 13625       3       java.util.Optional::flatMap (38 bytes)
Event: 1270.056 Thread 0x000001251973b9d0 nmethod 13625 0x00000125079fca90 code [0x00000125079fcca0, 0x00000125079fd380]
Event: 1270.056 Thread 0x000001251973b9d0 13626       1       org.gradle.api.internal.changedetection.state.ResourceFilter$1::shouldBeIgnored (2 bytes)
Event: 1270.056 Thread 0x000001251973b9d0 nmethod 13626 0x000001250eee4690 code [0x000001250eee4820, 0x000001250eee48e8]
Event: 1270.056 Thread 0x000001251973b9d0 13627       1       org.gradle.internal.snapshot.RelativePathTracker::getSegments (5 bytes)
Event: 1270.056 Thread 0x000001251973b9d0 nmethod 13627 0x000001250eee4990 code [0x000001250eee4b20, 0x000001250eee4be8]
Event: 1270.066 Thread 0x000001251973b9d0 13628       3       sun.nio.fs.WindowsPath::normalize (5 bytes)
Event: 1270.066 Thread 0x000001251973b9d0 nmethod 13628 0x000001250760f310 code [0x000001250760f4c0, 0x000001250760f680]
Event: 1270.069 Thread 0x000001251973b9d0 13629       3       org.gradle.internal.instantiation.generator.AsmBackedClassGenerator$NoOpBuilder::applyConventionMappingToGetter (1 bytes)
Event: 1270.069 Thread 0x000001251973b9d0 nmethod 13629 0x00000125074bdd10 code [0x00000125074bdea0, 0x00000125074bdfa8]
Event: 1270.084 Thread 0x000001251973b9d0 13630       3       org.codehaus.groovy.reflection.ParameterTypes::correctArguments (72 bytes)
Event: 1270.086 Thread 0x000001251973b9d0 nmethod 13630 0x00000125075fff10 code [0x0000012507600180, 0x0000012507600bd8]
Event: 1270.086 Thread 0x000001251973b9d0 13631       3       org.codehaus.groovy.reflection.ParameterTypes::isVargsMethod (77 bytes)
Event: 1270.087 Thread 0x000001251973b9d0 nmethod 13631 0x0000012507727490 code [0x0000012507727680, 0x0000012507727c10]

GC Heap History (20 events):
Event: 21.210 GC heap before
{Heap before GC invocations=11 (full 0):
 garbage-first heap   total 262144K, used 146208K [0x00000000e0000000, 0x0000000100000000)
  region size 1024K, 99 young (101376K), 14 survivors (14336K)
 Metaspace       used 59667K, committed 61376K, reserved 393216K
  class space    used 8464K, committed 9344K, reserved 327680K
}
Event: 21.219 GC heap after
{Heap after GC invocations=12 (full 0):
 garbage-first heap   total 262144K, used 65184K [0x00000000e0000000, 0x0000000100000000)
  region size 1024K, 5 young (5120K), 5 survivors (5120K)
 Metaspace       used 59667K, committed 61376K, reserved 393216K
  class space    used 8464K, committed 9344K, reserved 327680K
}
Event: 25.050 GC heap before
{Heap before GC invocations=13 (full 0):
 garbage-first heap   total 262144K, used 216736K [0x00000000e0000000, 0x0000000100000000)
  region size 1024K, 153 young (156672K), 5 survivors (5120K)
 Metaspace       used 69356K, committed 71232K, reserved 393216K
  class space    used 9934K, committed 10880K, reserved 327680K
}
Event: 25.058 GC heap after
{Heap after GC invocations=14 (full 0):
 garbage-first heap   total 262144K, used 74744K [0x00000000e0000000, 0x0000000100000000)
  region size 1024K, 14 young (14336K), 14 survivors (14336K)
 Metaspace       used 69356K, committed 71232K, reserved 393216K
  class space    used 9934K, committed 10880K, reserved 327680K
}
Event: 28.567 GC heap before
{Heap before GC invocations=14 (full 0):
 garbage-first heap   total 262144K, used 217080K [0x00000000e0000000, 0x0000000100000000)
  region size 1024K, 153 young (156672K), 14 survivors (14336K)
 Metaspace       used 72873K, committed 74880K, reserved 393216K
  class space    used 10473K, committed 11456K, reserved 327680K
}
Event: 28.583 GC heap after
{Heap after GC invocations=15 (full 0):
 garbage-first heap   total 262144K, used 86638K [0x00000000e0000000, 0x0000000100000000)
  region size 1024K, 20 young (20480K), 20 survivors (20480K)
 Metaspace       used 72873K, committed 74880K, reserved 393216K
  class space    used 10473K, committed 11456K, reserved 327680K
}
Event: 28.977 GC heap before
{Heap before GC invocations=15 (full 0):
 garbage-first heap   total 262144K, used 150126K [0x00000000e0000000, 0x0000000100000000)
  region size 1024K, 82 young (83968K), 20 survivors (20480K)
 Metaspace       used 72906K, committed 74880K, reserved 393216K
  class space    used 10476K, committed 11456K, reserved 327680K
}
Event: 28.994 GC heap after
{Heap after GC invocations=16 (full 0):
 garbage-first heap   total 262144K, used 93558K [0x00000000e0000000, 0x0000000100000000)
  region size 1024K, 6 young (6144K), 6 survivors (6144K)
 Metaspace       used 72906K, committed 74880K, reserved 393216K
  class space    used 10476K, committed 11456K, reserved 327680K
}
Event: 31.384 GC heap before
{Heap before GC invocations=17 (full 0):
 garbage-first heap   total 262144K, used 241014K [0x00000000e0000000, 0x0000000100000000)
  region size 1024K, 143 young (146432K), 6 survivors (6144K)
 Metaspace       used 74531K, committed 76544K, reserved 458752K
  class space    used 10657K, committed 11648K, reserved 327680K
}
Event: 31.393 GC heap after
{Heap after GC invocations=18 (full 0):
 garbage-first heap   total 262144K, used 110966K [0x00000000e0000000, 0x0000000100000000)
  region size 1024K, 15 young (15360K), 15 survivors (15360K)
 Metaspace       used 74531K, committed 76544K, reserved 458752K
  class space    used 10657K, committed 11648K, reserved 327680K
}
Event: 34.242 GC heap before
{Heap before GC invocations=18 (full 0):
 garbage-first heap   total 262144K, used 241014K [0x00000000e0000000, 0x0000000100000000)
  region size 1024K, 136 young (139264K), 15 survivors (15360K)
 Metaspace       used 76049K, committed 78208K, reserved 458752K
  class space    used 10900K, committed 11968K, reserved 327680K
}
Event: 34.256 GC heap after
{Heap after GC invocations=19 (full 0):
 garbage-first heap   total 269312K, used 126066K [0x00000000e0000000, 0x0000000100000000)
  region size 1024K, 17 young (17408K), 17 survivors (17408K)
 Metaspace       used 76049K, committed 78208K, reserved 458752K
  class space    used 10900K, committed 11968K, reserved 327680K
}
Event: 35.203 GC heap before
{Heap before GC invocations=19 (full 0):
 garbage-first heap   total 269312K, used 234610K [0x00000000e0000000, 0x0000000100000000)
  region size 1024K, 124 young (126976K), 17 survivors (17408K)
 Metaspace       used 76147K, committed 78272K, reserved 458752K
  class space    used 10904K, committed 11968K, reserved 327680K
}
Event: 35.211 GC heap after
{Heap after GC invocations=20 (full 0):
 garbage-first heap   total 269312K, used 126994K [0x00000000e0000000, 0x0000000100000000)
  region size 1024K, 6 young (6144K), 6 survivors (6144K)
 Metaspace       used 76147K, committed 78272K, reserved 458752K
  class space    used 10904K, committed 11968K, reserved 327680K
}
Event: 40.290 GC heap before
{Heap before GC invocations=21 (full 0):
 garbage-first heap   total 269312K, used 241682K [0x00000000e0000000, 0x0000000100000000)
  region size 1024K, 116 young (118784K), 6 survivors (6144K)
 Metaspace       used 76331K, committed 78464K, reserved 458752K
  class space    used 10920K, committed 11968K, reserved 327680K
}
Event: 40.299 GC heap after
{Heap after GC invocations=22 (full 0):
 garbage-first heap   total 269312K, used 137767K [0x00000000e0000000, 0x0000000100000000)
  region size 1024K, 13 young (13312K), 13 survivors (13312K)
 Metaspace       used 76331K, committed 78464K, reserved 458752K
  class space    used 10920K, committed 11968K, reserved 327680K
}
Event: 42.682 GC heap before
{Heap before GC invocations=22 (full 0):
 garbage-first heap   total 269312K, used 242215K [0x00000000e0000000, 0x0000000100000000)
  region size 1024K, 114 young (116736K), 13 survivors (13312K)
 Metaspace       used 85498K, committed 87680K, reserved 458752K
  class space    used 12056K, committed 13120K, reserved 327680K
}
Event: 42.692 GC heap after
{Heap after GC invocations=23 (full 0):
 garbage-first heap   total 269312K, used 142558K [0x00000000e0000000, 0x0000000100000000)
  region size 1024K, 8 young (8192K), 8 survivors (8192K)
 Metaspace       used 85498K, committed 87680K, reserved 458752K
  class space    used 12056K, committed 13120K, reserved 327680K
}
Event: 395.883 GC heap before
{Heap before GC invocations=23 (full 0):
 garbage-first heap   total 269312K, used 242910K [0x00000000e0000000, 0x0000000100000000)
  region size 1024K, 106 young (108544K), 8 survivors (8192K)
 Metaspace       used 90674K, committed 92928K, reserved 458752K
  class space    used 12864K, committed 14016K, reserved 327680K
}
Event: 395.907 GC heap after
{Heap after GC invocations=24 (full 0):
 garbage-first heap   total 269312K, used 147101K [0x00000000e0000000, 0x0000000100000000)
  region size 1024K, 12 young (12288K), 12 survivors (12288K)
 Metaspace       used 90674K, committed 92928K, reserved 458752K
  class space    used 12864K, committed 14016K, reserved 327680K
}

Dll operation events (14 events):
Event: 0.023 Loaded shared library C:\Users\Nandhitha_R\.trae\extensions\redhat.java-1.54.0-win32-x64\jre\21.0.10-win32-x86_64\bin\java.dll
Event: 0.109 Loaded shared library C:\Users\Nandhitha_R\.trae\extensions\redhat.java-1.54.0-win32-x64\jre\21.0.10-win32-x86_64\bin\zip.dll
Event: 0.152 Loaded shared library C:\Users\Nandhitha_R\.trae\extensions\redhat.java-1.54.0-win32-x64\jre\21.0.10-win32-x86_64\bin\instrument.dll
Event: 0.163 Loaded shared library C:\Users\Nandhitha_R\.trae\extensions\redhat.java-1.54.0-win32-x64\jre\21.0.10-win32-x86_64\bin\net.dll
Event: 0.169 Loaded shared library C:\Users\Nandhitha_R\.trae\extensions\redhat.java-1.54.0-win32-x64\jre\21.0.10-win32-x86_64\bin\nio.dll
Event: 0.175 Loaded shared library C:\Users\Nandhitha_R\.trae\extensions\redhat.java-1.54.0-win32-x64\jre\21.0.10-win32-x86_64\bin\zip.dll
Event: 0.749 Loaded shared library C:\Users\Nandhitha_R\.trae\extensions\redhat.java-1.54.0-win32-x64\jre\21.0.10-win32-x86_64\bin\jimage.dll
Event: 1.085 Loaded shared library C:\Users\Nandhitha_R\.trae\extensions\redhat.java-1.54.0-win32-x64\jre\21.0.10-win32-x86_64\bin\verify.dll
Event: 1.367 Loaded shared library C:\Users\Nandhitha_R\.gradle\native\c067742578af261105cb4f569cf0c3c89f3d7b1fecec35dd04571415982c5e48\windows-amd64\native-platform.dll
Event: 1.413 Loaded shared library C:\Users\Nandhitha_R\.gradle\native\100fb08df4bc3b14c8652ba06237920a3bd2aa13389f12d3474272988ae205f9\windows-amd64\native-platform-file-events.dll
Event: 4.612 Loaded shared library C:\Users\Nandhitha_R\.trae\extensions\redhat.java-1.54.0-win32-x64\jre\21.0.10-win32-x86_64\bin\management.dll
Event: 4.620 Loaded shared library C:\Users\Nandhitha_R\.trae\extensions\redhat.java-1.54.0-win32-x64\jre\21.0.10-win32-x86_64\bin\management_ext.dll
Event: 5.170 Loaded shared library C:\Users\Nandhitha_R\.trae\extensions\redhat.java-1.54.0-win32-x64\jre\21.0.10-win32-x86_64\bin\extnet.dll
Event: 5.482 Loaded shared library C:\Users\Nandhitha_R\.trae\extensions\redhat.java-1.54.0-win32-x64\jre\21.0.10-win32-x86_64\bin\sunmscapi.dll

Deoptimization events (20 events):
Event: 1269.100 Thread 0x00000125348096c0 DEOPT PACKING pc=0x000001250e818dc4 sp=0x0000001541ef6600
Event: 1269.100 Thread 0x00000125348096c0 DEOPT UNPACKING pc=0x000001250e0f4422 sp=0x0000001541ef6550 mode 2
Event: 1269.100 Thread 0x00000125348096c0 Uncommon trap: trap_request=0xffffff45 fr.pc=0x000001250ee06628 relative=0x0000000000000e08
Event: 1269.100 Thread 0x00000125348096c0 Uncommon trap: reason=unstable_if action=reinterpret pc=0x000001250ee06628 method=java.lang.ref.SoftReference.get()Ljava/lang/Object; @ 6 c2
Event: 1269.100 Thread 0x00000125348096c0 DEOPT PACKING pc=0x000001250ee06628 sp=0x0000001541ef72b0
Event: 1269.100 Thread 0x00000125348096c0 DEOPT UNPACKING pc=0x000001250e0f4422 sp=0x0000001541ef7078 mode 2
Event: 1269.102 Thread 0x00000125348096c0 DEOPT PACKING pc=0x0000012507abdcac sp=0x0000001541ef7420
Event: 1269.102 Thread 0x00000125348096c0 DEOPT UNPACKING pc=0x000001250e0f4bc2 sp=0x0000001541ef68d0 mode 0
Event: 1269.137 Thread 0x00000125348096c0 Uncommon trap: trap_request=0xffffff45 fr.pc=0x000001250eaf7150 relative=0x0000000000003450
Event: 1269.137 Thread 0x00000125348096c0 Uncommon trap: reason=unstable_if action=reinterpret pc=0x000001250eaf7150 method=java.lang.ref.SoftReference.get()Ljava/lang/Object; @ 6 c2
Event: 1269.137 Thread 0x00000125348096c0 DEOPT PACKING pc=0x000001250eaf7150 sp=0x0000001541ef97a0
Event: 1269.137 Thread 0x00000125348096c0 DEOPT UNPACKING pc=0x000001250e0f4422 sp=0x0000001541ef9630 mode 2
Event: 1269.674 Thread 0x00000125348096c0 Uncommon trap: trap_request=0xffffffd6 fr.pc=0x000001250ed78358 relative=0x00000000000010f8
Event: 1269.674 Thread 0x00000125348096c0 Uncommon trap: reason=array_check action=maybe_recompile pc=0x000001250ed78358 method=java.util.ComparableTimSort.binarySort([Ljava/lang/Object;III)V @ 215 c2
Event: 1269.674 Thread 0x00000125348096c0 DEOPT PACKING pc=0x000001250ed78358 sp=0x0000001541ef86d0
Event: 1269.674 Thread 0x00000125348096c0 DEOPT UNPACKING pc=0x000001250e0f4422 sp=0x0000001541ef86b0 mode 2
Event: 1269.721 Thread 0x00000125348096c0 Uncommon trap: trap_request=0xffffff45 fr.pc=0x000001250e7fa01c relative=0x0000000000001a3c
Event: 1269.721 Thread 0x00000125348096c0 Uncommon trap: reason=unstable_if action=reinterpret pc=0x000001250e7fa01c method=sun.nio.ch.Util$BufferCache.get(I)Ljava/nio/ByteBuffer; @ 47 c2
Event: 1269.721 Thread 0x00000125348096c0 DEOPT PACKING pc=0x000001250e7fa01c sp=0x0000001541ef7d90
Event: 1269.721 Thread 0x00000125348096c0 DEOPT UNPACKING pc=0x000001250e0f4422 sp=0x0000001541ef7b30 mode 2

Classes loaded (20 events):
Event: 42.788 Loading class java/lang/BooleanCustomizer
Event: 42.788 Loading class java/lang/BooleanCustomizer done
Event: 42.789 Loading class java/lang/BooleanCustomizer
Event: 42.789 Loading class java/lang/BooleanCustomizer done
Event: 1269.103 Loading class java/lang/StringBeanInfo
Event: 1269.103 Loading class java/lang/StringBeanInfo done
Event: 1269.103 Loading class java/lang/StringBeanInfo
Event: 1269.103 Loading class java/lang/StringBeanInfo done
Event: 1269.104 Loading class java/lang/StringCustomizer
Event: 1269.104 Loading class java/lang/StringCustomizer done
Event: 1269.104 Loading class java/lang/StringCustomizer
Event: 1269.104 Loading class java/lang/StringCustomizer done
Event: 1269.143 Loading class java/util/LinkedHashMapBeanInfo
Event: 1269.143 Loading class java/util/LinkedHashMapBeanInfo done
Event: 1269.145 Loading class java/util/LinkedHashMapBeanInfo
Event: 1269.145 Loading class java/util/LinkedHashMapBeanInfo done
Event: 1269.146 Loading class java/util/LinkedHashMapCustomizer
Event: 1269.146 Loading class java/util/LinkedHashMapCustomizer done
Event: 1269.147 Loading class java/util/LinkedHashMapCustomizer
Event: 1269.147 Loading class java/util/LinkedHashMapCustomizer done

Classes unloaded (20 events):
Event: 396.071 Thread 0x000001251970b000 Unloading class 0x000001251b0e5800 'java/lang/invoke/LambdaForm$MH+0x000001251b0e5800'
Event: 396.071 Thread 0x000001251970b000 Unloading class 0x000001251b0e5400 'java/lang/invoke/LambdaForm$MH+0x000001251b0e5400'
Event: 396.071 Thread 0x000001251970b000 Unloading class 0x000001251b0e5000 'java/lang/invoke/LambdaForm$MH+0x000001251b0e5000'
Event: 396.071 Thread 0x000001251970b000 Unloading class 0x000001251b0dc800 'java/lang/invoke/LambdaForm$MH+0x000001251b0dc800'
Event: 396.071 Thread 0x000001251970b000 Unloading class 0x000001251b0dc400 'java/lang/invoke/LambdaForm$MH+0x000001251b0dc400'
Event: 396.071 Thread 0x000001251970b000 Unloading class 0x000001251b0dc000 'java/lang/invoke/LambdaForm$BMH+0x000001251b0dc000'
Event: 396.071 Thread 0x000001251970b000 Unloading class 0x000001251b0d4800 'java/lang/invoke/LambdaForm$MH+0x000001251b0d4800'
Event: 396.071 Thread 0x000001251970b000 Unloading class 0x000001251b0a9400 'java/lang/invoke/LambdaForm$MH+0x000001251b0a9400'
Event: 396.071 Thread 0x000001251970b000 Unloading class 0x000001251b0a9000 'java/lang/invoke/LambdaForm$MH+0x000001251b0a9000'
Event: 396.071 Thread 0x000001251970b000 Unloading class 0x000001251b0a8c00 'java/lang/invoke/LambdaForm$MH+0x000001251b0a8c00'
Event: 396.071 Thread 0x000001251970b000 Unloading class 0x000001251b098400 'java/lang/invoke/LambdaForm$MH+0x000001251b098400'
Event: 396.071 Thread 0x000001251970b000 Unloading class 0x000001251b098000 'java/lang/invoke/LambdaForm$MH+0x000001251b098000'
Event: 396.071 Thread 0x000001251970b000 Unloading class 0x000001251b080000 'java/lang/invoke/LambdaForm$DMH+0x000001251b080000'
Event: 396.071 Thread 0x000001251970b000 Unloading class 0x000001251b02a400 'java/lang/invoke/LambdaForm$MH+0x000001251b02a400'
Event: 396.071 Thread 0x000001251970b000 Unloading class 0x000001251b02a000 'java/lang/invoke/LambdaForm$MH+0x000001251b02a000'
Event: 396.071 Thread 0x000001251970b000 Unloading class 0x000001251b028400 'java/lang/invoke/LambdaForm$MH+0x000001251b028400'
Event: 396.071 Thread 0x000001251970b000 Unloading class 0x000001251b002400 'java/lang/invoke/LambdaForm$MH+0x000001251b002400'
Event: 396.071 Thread 0x000001251970b000 Unloading class 0x000001251b002000 'java/lang/invoke/LambdaForm$MH+0x000001251b002000'
Event: 396.071 Thread 0x000001251970b000 Unloading class 0x000001251b001c00 'java/lang/invoke/LambdaForm$MH+0x000001251b001c00'
Event: 396.071 Thread 0x000001251970b000 Unloading class 0x000001251b001400 'java/lang/invoke/LambdaForm$MH+0x000001251b001400'

Classes redefined (0 events):
No events

Internal exceptions (20 events):
Event: 44.409 Thread 0x000001253480a3e0 Exception <a 'java/lang/ClassNotFoundException'{0x00000000ec3a0320}: com/android/build/gradle/internal/api/LibraryVariantOutputImpl_DecoratedCustomizer> (0x00000000ec3a0320) 
thrown [s\src\hotspot\share\classfile\systemDictionary.cpp, line 312]
Event: 44.417 Thread 0x000001253480a3e0 Exception <a 'java/lang/NoClassDefFoundError'{0x00000000ec2005b8}: org/jetbrains/kotlin/gradle/plugin/KotlinBasePluginWrapper> (0x00000000ec2005b8) 
thrown [s\src\hotspot\share\classfile\systemDictionary.cpp, line 301]
Event: 1268.898 Thread 0x00000125348096c0 Exception <a 'sun/nio/fs/WindowsException'{0x00000000edc62e48}> (0x00000000edc62e48) 
thrown [s\src\hotspot\share\prims\jni.cpp, line 520]
Event: 1268.901 Thread 0x00000125348096c0 Exception <a 'sun/nio/fs/WindowsException'{0x00000000edc64338}> (0x00000000edc64338) 
thrown [s\src\hotspot\share\prims\jni.cpp, line 520]
Event: 1268.903 Thread 0x00000125348096c0 Exception <a 'sun/nio/fs/WindowsException'{0x00000000edc65818}> (0x00000000edc65818) 
thrown [s\src\hotspot\share\prims\jni.cpp, line 520]
Event: 1268.904 Thread 0x00000125348096c0 Exception <a 'sun/nio/fs/WindowsException'{0x00000000edc668f8}> (0x00000000edc668f8) 
thrown [s\src\hotspot\share\prims\jni.cpp, line 520]
Event: 1269.014 Thread 0x00000125348096c0 Exception <a 'java/lang/ClassNotFoundException'{0x00000000edbe5140}: build_exp595uwn03xwvmzhfgl1msezBeanInfo> (0x00000000edbe5140) 
thrown [s\src\hotspot\share\classfile\systemDictionary.cpp, line 312]
Event: 1269.015 Thread 0x00000125348096c0 Exception <a 'java/lang/ClassNotFoundException'{0x00000000edbebaf8}: build_exp595uwn03xwvmzhfgl1msezCustomizer> (0x00000000edbebaf8) 
thrown [s\src\hotspot\share\classfile\systemDictionary.cpp, line 312]
Event: 1269.078 Thread 0x00000125348096c0 Exception <a 'java/lang/ClassNotFoundException'{0x00000000edaedfc8}: config_kdmtx4ktk4edrnv3v4bh4z0zBeanInfo> (0x00000000edaedfc8) 
thrown [s\src\hotspot\share\classfile\systemDictionary.cpp, line 312]
Event: 1269.079 Thread 0x00000125348096c0 Exception <a 'java/lang/ClassNotFoundException'{0x00000000edaf52a0}: config_kdmtx4ktk4edrnv3v4bh4z0zCustomizer> (0x00000000edaf52a0) 
thrown [s\src\hotspot\share\classfile\systemDictionary.cpp, line 312]
Event: 1269.097 Thread 0x00000125348096c0 Implicit null exception at 0x000001250e734fc2 to 0x000001250e735430
Event: 1269.097 Thread 0x00000125348096c0 Implicit null exception at 0x000001250eb94b4a to 0x000001250eb95354
Event: 1269.100 Thread 0x00000125348096c0 Implicit null exception at 0x000001250e818b72 to 0x000001250e818dac
Event: 1269.104 Thread 0x00000125348096c0 Exception <a 'java/lang/ClassNotFoundException'{0x00000000ed85a458}: java/lang/StringBeanInfo> (0x00000000ed85a458) 
thrown [s\src\hotspot\share\classfile\systemDictionary.cpp, line 312]
Event: 1269.104 Thread 0x00000125348096c0 Exception <a 'java/lang/ClassNotFoundException'{0x00000000ed860b40}: java/lang/StringCustomizer> (0x00000000ed860b40) 
thrown [s\src\hotspot\share\classfile\systemDictionary.cpp, line 312]
Event: 1269.137 Thread 0x00000125348096c0 Implicit null exception at 0x000001250eaf3f02 to 0x000001250eaf711c
Event: 1269.145 Thread 0x00000125348096c0 Exception <a 'java/lang/ClassNotFoundException'{0x00000000ed713f30}: java/util/LinkedHashMapBeanInfo> (0x00000000ed713f30) 
thrown [s\src\hotspot\share\classfile\systemDictionary.cpp, line 312]
Event: 1269.147 Thread 0x00000125348096c0 Exception <a 'java/lang/ClassNotFoundException'{0x00000000ed7190c0}: java/util/LinkedHashMapCustomizer> (0x00000000ed7190c0) 
thrown [s\src\hotspot\share\classfile\systemDictionary.cpp, line 312]
Event: 1270.074 Thread 0x00000125348096c0 Exception <a 'java/lang/ClassNotFoundException'{0x00000000eb9af620}: build_exp595uwn03xwvmzhfgl1msezBeanInfo> (0x00000000eb9af620) 
thrown [s\src\hotspot\share\classfile\systemDictionary.cpp, line 312]
Event: 1270.075 Thread 0x00000125348096c0 Exception <a 'java/lang/ClassNotFoundException'{0x00000000eb9b61b0}: build_exp595uwn03xwvmzhfgl1msezCustomizer> (0x00000000eb9b61b0) 
thrown [s\src\hotspot\share\classfile\systemDictionary.cpp, line 312]

ZGC Phase Switch (0 events):
No events

VM Operations (20 events):
Event: 815.888 Executing safepoint VM operation: Cleanup
Event: 815.888 Executing safepoint VM operation: Cleanup done
Event: 876.432 Executing safepoint VM operation: Cleanup
Event: 876.432 Executing safepoint VM operation: Cleanup done
Event: 935.846 Executing safepoint VM operation: Cleanup
Event: 935.846 Executing safepoint VM operation: Cleanup done
Event: 986.214 Executing safepoint VM operation: Cleanup
Event: 986.214 Executing safepoint VM operation: Cleanup done
Event: 1026.527 Executing safepoint VM operation: Cleanup
Event: 1026.527 Executing safepoint VM operation: Cleanup done
Event: 1062.919 Executing safepoint VM operation: Cleanup
Event: 1062.919 Executing safepoint VM operation: Cleanup done
Event: 1106.255 Executing safepoint VM operation: Cleanup
Event: 1106.255 Executing safepoint VM operation: Cleanup done
Event: 1185.863 Executing safepoint VM operation: Cleanup
Event: 1185.864 Executing safepoint VM operation: Cleanup done
Event: 1251.496 Executing safepoint VM operation: Cleanup
Event: 1251.496 Executing safepoint VM operation: Cleanup done
Event: 1269.652 Executing safepoint VM operation: Cleanup
Event: 1269.652 Executing safepoint VM operation: Cleanup done

Memory protections (0 events):
No events

Nmethod flushes (20 events):
Event: 396.128 Thread 0x000001251970b000 flushing  nmethod 0x0000012507626710
Event: 396.128 Thread 0x000001251970b000 flushing  nmethod 0x000001250788d910
Event: 396.128 Thread 0x000001251970b000 flushing  nmethod 0x0000012507aefe10
Event: 396.128 Thread 0x000001251970b000 flushing osr nmethod 0x0000012507c04790
Event: 396.128 Thread 0x000001251970b000 flushing  nmethod 0x000001250e9b1d90
Event: 396.128 Thread 0x000001251970b000 flushing  nmethod 0x000001250eb99210
Event: 396.128 Thread 0x000001251970b000 flushing  nmethod 0x0000012506ba3d90
Event: 396.128 Thread 0x000001251970b000 flushing  nmethod 0x0000012506bf1f90
Event: 396.128 Thread 0x000001251970b000 flushing  nmethod 0x0000012506d18490
Event: 396.128 Thread 0x000001251970b000 flushing  nmethod 0x0000012506dea490
Event: 396.128 Thread 0x000001251970b000 flushing  nmethod 0x0000012506dec010
Event: 396.128 Thread 0x000001251970b000 flushing  nmethod 0x0000012506fd9a10
Event: 396.128 Thread 0x000001251970b000 flushing  nmethod 0x000001250710c210
Event: 396.128 Thread 0x000001251970b000 flushing  nmethod 0x0000012507669510
Event: 396.128 Thread 0x000001251970b000 flushing  nmethod 0x000001250766bb10
Event: 396.128 Thread 0x000001251970b000 flushing  nmethod 0x0000012507675d90
Event: 396.128 Thread 0x000001251970b000 flushing  nmethod 0x0000012507a0da10
Event: 396.128 Thread 0x000001251970b000 flushing  nmethod 0x0000012507be3e10
Event: 396.129 Thread 0x000001251970b000 flushing  nmethod 0x0000012507cb3f10
Event: 396.129 Thread 0x000001251970b000 flushing  nmethod 0x0000012507cde410

Events (20 events):
Event: 1269.599 Thread 0x00000125348096c0 Thread added: 0x000001253f33fb90
Event: 1269.609 Thread 0x00000125348096c0 Thread added: 0x000001253f340220
Event: 1269.610 Thread 0x00000125348096c0 Thread added: 0x000001253f3408b0
Event: 1269.610 Thread 0x00000125348096c0 Thread added: 0x000001253f3415d0
Event: 1269.611 Thread 0x00000125348096c0 Thread added: 0x000001253f3422f0
Event: 1269.613 Thread 0x00000125348096c0 Thread added: 0x000001253f33ee70
Event: 1269.614 Thread 0x00000125348096c0 Thread added: 0x000001253f342980
Event: 1269.615 Thread 0x00000125348096c0 Thread added: 0x000001253f340f40
Event: 1269.616 Thread 0x00000125348096c0 Thread added: 0x000001253f346490
Event: 1269.676 Thread 0x00000125348096c0 Thread added: 0x000001253f344a50
Event: 1269.678 Thread 0x00000125348096c0 Thread added: 0x000001253f343010
Event: 1269.680 Thread 0x00000125348096c0 Thread added: 0x000001253f3436a0
Event: 1269.682 Thread 0x00000125348096c0 Thread added: 0x000001253f345770
Event: 1269.684 Thread 0x00000125348096c0 Thread added: 0x000001253f343d30
Event: 1269.686 Thread 0x00000125348096c0 Thread added: 0x000001253f3443c0
Event: 1269.688 Thread 0x00000125348096c0 Thread added: 0x000001253f3450e0
Event: 1269.689 Thread 0x00000125348096c0 Thread added: 0x000001253f345e00
Event: 1269.689 Thread 0x00000125348096c0 Thread added: 0x00000125349ea670
Event: 1269.692 Thread 0x00000125348096c0 Thread added: 0x00000125349e92c0
Event: 1269.694 Thread 0x00000125348096c0 Thread added: 0x00000125349ecdd0


Dynamic libraries:
0x00007ff6cce50000 - 0x00007ff6cce5e000 	C:\Users\Nandhitha_R\.trae\extensions\redhat.java-1.54.0-win32-x64\jre\21.0.10-win32-x86_64\bin\java.exe
0x00007ffe35ec0000 - 0x00007ffe36127000 	C:\Windows\SYSTEM32\ntdll.dll
0x00007ffe35500000 - 0x00007ffe355c9000 	C:\Windows\System32\KERNEL32.DLL
0x00007ffe32a70000 - 0x00007ffe32e67000 	C:\Windows\System32\KERNELBASE.dll
0x00007ffe2f910000 - 0x00007ffe2f9b0000 	C:\Windows\SYSTEM32\apphelp.dll
0x00007ffe32ff0000 - 0x00007ffe3313b000 	C:\Windows\System32\ucrtbase.dll
0x00007ffde85a0000 - 0x00007ffde85be000 	C:\Users\Nandhitha_R\.trae\extensions\redhat.java-1.54.0-win32-x64\jre\21.0.10-win32-x86_64\bin\VCRUNTIME140.dll
0x00007ffdc1f90000 - 0x00007ffdc1fa8000 	C:\Users\Nandhitha_R\.trae\extensions\redhat.java-1.54.0-win32-x64\jre\21.0.10-win32-x86_64\bin\jli.dll
0x00007ffe357b0000 - 0x00007ffe35976000 	C:\Windows\System32\USER32.dll
0x00007ffe32e70000 - 0x00007ffe32e97000 	C:\Windows\System32\win32u.dll
0x00007ffe14b90000 - 0x00007ffe14e22000 	C:\Windows\WinSxS\amd64_microsoft.windows.common-controls_6595b64144ccf1df_6.0.26100.8457_none_3e0b2faee331e92d\COMCTL32.dll
0x00007ffe34510000 - 0x00007ffe345b9000 	C:\Windows\System32\msvcrt.dll
0x00007ffe35dd0000 - 0x00007ffe35dfb000 	C:\Windows\System32\GDI32.dll
0x00007ffe33a60000 - 0x00007ffe33b8c000 	C:\Windows\System32\gdi32full.dll
0x00007ffe339b0000 - 0x00007ffe33a53000 	C:\Windows\System32\msvcp_win.dll
0x00007ffe352e0000 - 0x00007ffe35312000 	C:\Windows\System32\IMM32.DLL
0x00007ffe176e0000 - 0x00007ffe176ec000 	C:\Users\Nandhitha_R\.trae\extensions\redhat.java-1.54.0-win32-x64\jre\21.0.10-win32-x86_64\bin\vcruntime140_1.dll
0x00007ffdbce20000 - 0x00007ffdbcead000 	C:\Users\Nandhitha_R\.trae\extensions\redhat.java-1.54.0-win32-x64\jre\21.0.10-win32-x86_64\bin\msvcp140.dll
0x00007ffd7c980000 - 0x00007ffd7d721000 	C:\Users\Nandhitha_R\.trae\extensions\redhat.java-1.54.0-win32-x64\jre\21.0.10-win32-x86_64\bin\server\jvm.dll
0x00007ffe34dd0000 - 0x00007ffe34e86000 	C:\Windows\System32\ADVAPI32.dll
0x00007ffe34e90000 - 0x00007ffe34f37000 	C:\Windows\System32\sechost.dll
0x00007ffe35c60000 - 0x00007ffe35d78000 	C:\Windows\System32\RPCRT4.dll
0x00007ffe345c0000 - 0x00007ffe34640000 	C:\Windows\System32\WS2_32.dll
0x00007ffe32750000 - 0x00007ffe327ae000 	C:\Windows\SYSTEM32\POWRPROF.dll
0x00007ffe1f830000 - 0x00007ffe1f83b000 	C:\Windows\SYSTEM32\VERSION.dll
0x00007ffe2fad0000 - 0x00007ffe2fb06000 	C:\Windows\SYSTEM32\WINMM.dll
0x00007ffe32730000 - 0x00007ffe32744000 	C:\Windows\SYSTEM32\UMPDC.dll
0x00007ffe31680000 - 0x00007ffe3169b000 	C:\Windows\SYSTEM32\kernel.appcore.dll
0x00007ffe0aee0000 - 0x00007ffe0aeea000 	C:\Users\Nandhitha_R\.trae\extensions\redhat.java-1.54.0-win32-x64\jre\21.0.10-win32-x86_64\bin\jimage.dll
0x00007ffe30740000 - 0x00007ffe30982000 	C:\Windows\SYSTEM32\DBGHELP.DLL
0x00007ffe34f40000 - 0x00007ffe352c3000 	C:\Windows\System32\combase.dll
0x00007ffe35420000 - 0x00007ffe354f9000 	C:\Windows\System32\OLEAUT32.dll
0x00007ffe13b40000 - 0x00007ffe13b7b000 	C:\Windows\SYSTEM32\dbgcore.DLL
0x00007ffe33b90000 - 0x00007ffe33c38000 	C:\Windows\System32\bcryptPrimitives.dll
0x00007ffde9a40000 - 0x00007ffde9a4f000 	C:\Users\Nandhitha_R\.trae\extensions\redhat.java-1.54.0-win32-x64\jre\21.0.10-win32-x86_64\bin\instrument.dll
0x00007ffdbffb0000 - 0x00007ffdbffd0000 	C:\Users\Nandhitha_R\.trae\extensions\redhat.java-1.54.0-win32-x64\jre\21.0.10-win32-x86_64\bin\java.dll
0x00007ffe34650000 - 0x00007ffe34dbe000 	C:\Windows\System32\SHELL32.dll
0x00007ffe33140000 - 0x00007ffe339ac000 	C:\Windows\System32\windows.storage.dll
0x00007ffe35b60000 - 0x00007ffe35c56000 	C:\Windows\System32\SHCORE.dll
0x00007ffe35320000 - 0x00007ffe35386000 	C:\Windows\System32\shlwapi.dll
0x00007ffe32810000 - 0x00007ffe32839000 	C:\Windows\SYSTEM32\profapi.dll
0x00007ffdbe930000 - 0x00007ffdbe948000 	C:\Users\Nandhitha_R\.trae\extensions\redhat.java-1.54.0-win32-x64\jre\21.0.10-win32-x86_64\bin\zip.dll
0x00007ffde8e40000 - 0x00007ffde8e50000 	C:\Users\Nandhitha_R\.trae\extensions\redhat.java-1.54.0-win32-x64\jre\21.0.10-win32-x86_64\bin\net.dll
0x00007ffe21b70000 - 0x00007ffe21c99000 	C:\Windows\SYSTEM32\WINHTTP.dll
0x00007ffe31bf0000 - 0x00007ffe31c5c000 	C:\Windows\system32\mswsock.dll
0x00007ffdbd590000 - 0x00007ffdbd5a6000 	C:\Users\Nandhitha_R\.trae\extensions\redhat.java-1.54.0-win32-x64\jre\21.0.10-win32-x86_64\bin\nio.dll
0x00007ffde9840000 - 0x00007ffde9850000 	C:\Users\Nandhitha_R\.trae\extensions\redhat.java-1.54.0-win32-x64\jre\21.0.10-win32-x86_64\bin\verify.dll
0x00007ffe187a0000 - 0x00007ffe187c7000 	C:\Users\Nandhitha_R\.gradle\native\c067742578af261105cb4f569cf0c3c89f3d7b1fecec35dd04571415982c5e48\windows-amd64\native-platform.dll
0x00007ffdbd970000 - 0x00007ffdbdab4000 	C:\Users\Nandhitha_R\.gradle\native\100fb08df4bc3b14c8652ba06237920a3bd2aa13389f12d3474272988ae205f9\windows-amd64\native-platform-file-events.dll
0x00007ffe202f0000 - 0x00007ffe202fa000 	C:\Users\Nandhitha_R\.trae\extensions\redhat.java-1.54.0-win32-x64\jre\21.0.10-win32-x86_64\bin\management.dll
0x00007ffe19d00000 - 0x00007ffe19d0c000 	C:\Users\Nandhitha_R\.trae\extensions\redhat.java-1.54.0-win32-x64\jre\21.0.10-win32-x86_64\bin\management_ext.dll
0x00007ffe35390000 - 0x00007ffe35398000 	C:\Windows\System32\PSAPI.DLL
0x00007ffe31ed0000 - 0x00007ffe31eeb000 	C:\Windows\SYSTEM32\CRYPTSP.dll
0x00007ffe315e0000 - 0x00007ffe31619000 	C:\Windows\system32\rsaenh.dll
0x00007ffe31ca0000 - 0x00007ffe31cd3000 	C:\Windows\SYSTEM32\USERENV.dll
0x00007ffe327e0000 - 0x00007ffe3280a000 	C:\Windows\SYSTEM32\bcrypt.dll
0x00007ffe31ef0000 - 0x00007ffe31efc000 	C:\Windows\SYSTEM32\CRYPTBASE.dll
0x00007ffe31040000 - 0x00007ffe31072000 	C:\Windows\SYSTEM32\IPHLPAPI.DLL
0x00007ffe352d0000 - 0x00007ffe352da000 	C:\Windows\System32\NSI.dll
0x00007ffe19e30000 - 0x00007ffe19e39000 	C:\Users\Nandhitha_R\.trae\extensions\redhat.java-1.54.0-win32-x64\jre\21.0.10-win32-x86_64\bin\extnet.dll
0x00007ffe2ae80000 - 0x00007ffe2ae8e000 	C:\Users\Nandhitha_R\.trae\extensions\redhat.java-1.54.0-win32-x64\jre\21.0.10-win32-x86_64\bin\sunmscapi.dll
0x00007ffe328f0000 - 0x00007ffe32a68000 	C:\Windows\System32\CRYPT32.dll
0x00007ffe320f0000 - 0x00007ffe32120000 	C:\Windows\SYSTEM32\ncrypt.dll
0x00007ffe320a0000 - 0x00007ffe320df000 	C:\Windows\SYSTEM32\NTASN1.dll
0x00007ffe00c30000 - 0x00007ffe00c38000 	C:\Windows\system32\wshunix.dll

JVMTI agents:
C:\Users\Nandhitha_R\.gradle\wrapper\dists\gradle-8.9-bin\90cnw93cvbtalezasaz0blq0a\gradle-8.9\lib\agents\gradle-instrumentation-agent-8.9.jar path:C:\Users\Nandhitha_R\.trae\extensions\redhat.java-1.54.0-win32-x64\jre\21.0.10-win32-x86_64\bin\instrument.dll, loaded, initialized, instrumentlib options:none

dbghelp: loaded successfully - version: 4.0.5 - missing functions: none
symbol engine: initialized successfully - sym options: 0x614 - pdb path: .;C:\Users\Nandhitha_R\.trae\extensions\redhat.java-1.54.0-win32-x64\jre\21.0.10-win32-x86_64\bin;C:\Windows\SYSTEM32;C:\Windows\WinSxS\amd64_microsoft.windows.common-controls_6595b64144ccf1df_6.0.26100.8457_none_3e0b2faee331e92d;C:\Users\Nandhitha_R\.trae\extensions\redhat.java-1.54.0-win32-x64\jre\21.0.10-win32-x86_64\bin\server;C:\Users\Nandhitha_R\.gradle\native\c067742578af261105cb4f569cf0c3c89f3d7b1fecec35dd04571415982c5e48\windows-amd64;C:\Users\Nandhitha_R\.gradle\native\100fb08df4bc3b14c8652ba06237920a3bd2aa13389f12d3474272988ae205f9\windows-amd64

VM Arguments:
jvm_args: --add-opens=java.base/java.util=ALL-UNNAMED --add-opens=java.base/java.lang=ALL-UNNAMED --add-opens=java.base/java.lang.invoke=ALL-UNNAMED --add-opens=java.prefs/java.util.prefs=ALL-UNNAMED --add-exports=jdk.compiler/com.sun.tools.javac.api=ALL-UNNAMED --add-exports=jdk.compiler/com.sun.tools.javac.util=ALL-UNNAMED --add-opens=java.base/java.nio.charset=ALL-UNNAMED --add-opens=java.base/java.net=ALL-UNNAMED --add-opens=java.base/java.util.concurrent.atomic=ALL-UNNAMED -XX:MaxMetaspaceSize=384m -XX:+HeapDumpOnOutOfMemoryError -Xms256m -Xmx512m -Dfile.encoding=utf8 -Duser.country=IN -Duser.language=en -Duser.variant -javaagent:C:\Users\Nandhitha_R\.gradle\wrapper\dists\gradle-8.9-bin\90cnw93cvbtalezasaz0blq0a\gradle-8.9\lib\agents\gradle-instrumentation-agent-8.9.jar 
java_command: org.gradle.launcher.daemon.bootstrap.GradleDaemon 8.9
java_class_path (initial): C:\Users\Nandhitha_R\.gradle\wrapper\dists\gradle-8.9-bin\90cnw93cvbtalezasaz0blq0a\gradle-8.9\lib\gradle-daemon-main-8.9.jar
Launcher Type: SUN_STANDARD

[Global flags]
     intx CICompilerCount                          = 4                                         {product} {ergonomic}
   size_t CompressedClassSpaceSize                 = 335544320                                 {product} {ergonomic}
     uint ConcGCThreads                            = 3                                         {product} {ergonomic}
     uint G1ConcRefinementThreads                  = 10                                        {product} {ergonomic}
   size_t G1HeapRegionSize                         = 1048576                                   {product} {ergonomic}
    uintx GCDrainStackTargetSize                   = 64                                        {product} {ergonomic}
     bool HeapDumpOnOutOfMemoryError               = true                                   {manageable} {command line}
   size_t InitialHeapSize                          = 268435456                                 {product} {command line}
   size_t MarkStackSize                            = 4194304                                   {product} {ergonomic}
   size_t MaxHeapSize                              = 536870912                                 {product} {command line}
   size_t MaxMetaspaceSize                         = 402653184                                 {product} {command line}
   size_t MaxNewSize                               = 321912832                                 {product} {ergonomic}
   size_t MinHeapDeltaBytes                        = 1048576                                   {product} {ergonomic}
   size_t MinHeapSize                              = 268435456                                 {product} {command line}
    uintx NonNMethodCodeHeapSize                   = 5839372                                {pd product} {ergonomic}
    uintx NonProfiledCodeHeapSize                  = 122909434                              {pd product} {ergonomic}
    uintx ProfiledCodeHeapSize                     = 122909434                              {pd product} {ergonomic}
    uintx ReservedCodeCacheSize                    = 251658240                              {pd product} {ergonomic}
     bool SegmentedCodeCache                       = true                                      {product} {ergonomic}
   size_t SoftMaxHeapSize                          = 536870912                              {manageable} {ergonomic}
     bool UseCompressedOops                        = true                           {product lp64_product} {ergonomic}
     bool UseG1GC                                  = true                                      {product} {ergonomic}
     bool UseLargePagesIndividualAllocation        = false                                  {pd product} {ergonomic}

Logging:
Log output configuration:
 #0: stdout all=warning uptime,level,tags foldmultilines=false
 #1: stderr all=off uptime,level,tags foldmultilines=false

Release file:
JAVA_VERSION="21.0.10" 
MODULES="java.base java.compiler java.datatransfer java.xml java.prefs java.desktop java.instrument java.logging java.management java.security.sasl java.naming java.rmi java.management.rmi java.net.http java.scripting java.security.jgss java.transaction.xa java.sql java.sql.rowset java.xml.crypto java.se java.smartcardio jdk.accessibility jdk.internal.jvmstat jdk.attach jdk.charsets jdk.internal.opt jdk.zipfs jdk.compiler jdk.crypto.ec jdk.crypto.cryptoki jdk.crypto.mscapi jdk.dynalink jdk.internal.ed jdk.editpad jdk.hotspot.agent jdk.httpserver jdk.internal.le jdk.internal.vm.ci jdk.internal.vm.compiler jdk.internal.vm.compiler.management jdk.jartool jdk.javadoc jdk.jcmd jdk.management jdk.management.agent jdk.jconsole jdk.jdeps jdk.jdwp.agent jdk.jdi jdk.jfr jdk.jshell jdk.jsobject jdk.jstatd jdk.localedata jdk.management.jfr jdk.naming.dns jdk.naming.rmi jdk.net jdk.nio.mapmode jdk.random jdk.sctp jdk.security.auth jdk.security.jgss jdk.unsupported jdk.unsupported.desktop jdk.xml.dom" 

Environment Variables:
JAVA_HOME=C:\Program Files\Eclipse Adoptium\jdk-17.0.18.8-hotspot
PATH=c:\Users\Nandhitha_R\.trae\tools\trae-gopls\current;c:\Users\Nandhitha_R\.trae\sdks\workspaces\d1813b88\versions\node\current;c:\Users\Nandhitha_R\.trae\sdks\versions\node\current;C:\Program Files\Python312\Scripts\;C:\Program Files\Python312\;C:\Windows\System32;C:\Program Files\Git\cmd;C:\Program Files\Eclipse Adoptium\jdk-17.0.18.8-hotspot\bin;C:\Program Files\nodejs\;C:\Users\Nandhitha_R\AppData\Local\Android\Sdk\platform-tools;C:\Users\Nandhitha_R\AppData\Local\Android\Sdk\emulator;C:\Program Files\Eclipse Adoptium\jdk-17.0.18.8-hotspot\bin;C:\Users\Nandhitha_R\AppData\Local\Programs\Python\Python312;C:\Program Files\MongoDB\Server\7.0\bin;C:\Users\Nandhitha_R\AppData\Local\Programs\Python\Launcher\;C:\Users\Nandhitha_R\AppData\Roaming\npm;C:\Users\Nandhitha_R\AppData\Local\Programs\Microsoft VS Code\bin;D:\Program Files\Antigravity\bin;C:\Users\Nandhitha_R\AppData\Local\Programs\Antigravity IDE\bin;d:\Program Files\Trae\resources\app\bin\lib
USERNAME=Nandhitha_R
OS=Windows_NT
PROCESSOR_IDENTIFIER=Intel64 Family 6 Model 154 Stepping 4, GenuineIntel
TMP=C:\Users\NANDHI~1\AppData\Local\Temp
TEMP=C:\Users\NANDHI~1\AppData\Local\Temp




Periodic native trim disabled

---------------  S Y S T E M  ---------------

OS:
 Windows 11 , 64 bit Build 26100 (10.0.26100.8328)
OS uptime: 0 days 2:17 hours
Hyper-V role detected

CPU: total 12 (initial active 12) (6 cores per cpu, 2 threads per core) family 6 model 154 stepping 4 microcode 0x43b, cx8, cmov, fxsr, ht, mmx, 3dnowpref, sse, sse2, sse3, ssse3, sse4.1, sse4.2, popcnt, lzcnt, tsc, tscinvbit, avx, avx2, aes, erms, clmul, bmi1, bmi2, adx, sha, fma, vzeroupper, clflush, clflushopt, clwb, hv, serialize, rdtscp, rdpid, fsrm, f16c, cet_ibt, cet_ss
Processor Information for the first 12 processors :
  Max Mhz: 1300, Current Mhz: 1300, Mhz Limit: 1300

Memory: 4k page, system-wide physical 16068M (675M free)
TotalPageFile size 20737M (AvailPageFile size 101M)
current process WorkingSet (physical memory assigned to process): 551M, peak: 553M
current process commit charge ("private bytes"): 596M, peak: 599M

vm_info: OpenJDK 64-Bit Server VM (21.0.10+7-LTS) for windows-amd64 JRE (21.0.10+7-LTS), built on 2026-01-20T00:00:00Z by "admin" with MS VC++ 17.12 (VS2022)

END.
