#
# There is insufficient memory for the Java Runtime Environment to continue.
# Native memory allocation (malloc) failed to allocate 65552 bytes. Error detail: Chunk::new
# Possible reasons:
#   The system is out of physical RAM or swap space
#   This process is running with CompressedOops enabled, and the Java Heap may be blocking the growth of the native heap
# Possible solutions:
#   Reduce memory load on the system
#   Increase physical memory or swap space
#   Check if swap backing store is full
#   Decrease Java heap size (-Xmx/-Xms)
#   Decrease number of Java threads
#   Decrease Java thread stack sizes (-Xss)
#   Set larger code cache with -XX:ReservedCodeCacheSize=
#   JVM is running with Unscaled Compressed Oops mode in which the Java heap is
#     placed in the first 4GB address space. The Java Heap base address is the
#     maximum limit for the native heap growth. Please use -XX:HeapBaseMinAddress
#     to set the Java Heap base and to place the Java Heap above 4GB virtual address.
# This output file may be truncated or incomplete.
#
#  Out of Memory Error (arena.cpp:168), pid=15184, tid=16408
#
# JRE version: OpenJDK Runtime Environment Temurin-21.0.10+7 (21.0.10+7) (build 21.0.10+7-LTS)
# Java VM: OpenJDK 64-Bit Server VM Temurin-21.0.10+7 (21.0.10+7-LTS, mixed mode, sharing, tiered, compressed oops, compressed class ptrs, g1 gc, windows-amd64)
# No core dump will be written. Minidumps are not enabled by default on client versions of Windows
#

---------------  S U M M A R Y ------------

Command Line: --add-opens=java.base/java.lang=ALL-UNNAMED --add-opens=java.base/java.lang.invoke=ALL-UNNAMED --add-opens=java.base/java.util=ALL-UNNAMED --add-opens=java.prefs/java.util.prefs=ALL-UNNAMED --add-exports=jdk.compiler/com.sun.tools.javac.api=ALL-UNNAMED --add-exports=jdk.compiler/com.sun.tools.javac.util=ALL-UNNAMED --add-opens=java.base/java.util=ALL-UNNAMED --add-opens=java.prefs/java.util.prefs=ALL-UNNAMED --add-opens=java.base/java.nio.charset=ALL-UNNAMED --add-opens=java.base/java.net=ALL-UNNAMED --add-opens=java.base/java.util.concurrent=ALL-UNNAMED --add-opens=java.base/java.util.concurrent.atomic=ALL-UNNAMED --add-opens=java.xml/javax.xml.namespace=ALL-UNNAMED -XX:MaxMetaspaceSize=384m -XX:+HeapDumpOnOutOfMemoryError -Xms256m -Xmx512m -Dfile.encoding=UTF-8 -Duser.country=IN -Duser.language=en -Duser.variant -javaagent:C:\Users\Nandhitha_R\.gradle\wrapper\dists\gradle-9.0.0-bin\d6wjpkvcgsg3oed0qlfss3wgl\gradle-9.0.0\lib\agents\gradle-instrumentation-agent-9.0.0.jar org.gradle.launcher.daemon.bootstrap.GradleDaemon 9.0.0

Host: 12th Gen Intel(R) Core(TM) i5-1235U, 12 cores, 15G,  Windows 11 , 64 bit Build 26100 (10.0.26100.8328)
Time: Wed May 20 06:51:35 2026 India Standard Time elapsed time: 41.931293 seconds (0d 0h 0m 41s)

---------------  T H R E A D  ---------------

Current thread (0x000002745d43cdf0):  JavaThread "C2 CompilerThread1" daemon [_thread_in_native, id=16408, stack(0x0000009198600000,0x0000009198700000) (1024K)]


Current CompileTask:
C2:41931 8167       4       sun.reflect.generics.visitor.Reifier::visitClassTypeSignature (381 bytes)

Stack: [0x0000009198600000,0x0000009198700000]
Native frames: (J=compiled Java code, j=interpreted, Vv=VM code, C=native code)
V  [jvm.dll+0x6d7a39]
V  [jvm.dll+0x8b4b26]
V  [jvm.dll+0x8b70de]
V  [jvm.dll+0x8b77c3]
V  [jvm.dll+0x284346]
V  [jvm.dll+0xc66ed]
V  [jvm.dll+0xc6c31]
V  [jvm.dll+0xc6815]
V  [jvm.dll+0x6b2b0c]
V  [jvm.dll+0x65fe6f]
V  [jvm.dll+0x6657ef]
V  [jvm.dll+0x666736]
V  [jvm.dll+0x664a7b]
V  [jvm.dll+0x24c3db]
V  [jvm.dll+0x24bb40]
V  [jvm.dll+0x1cb34e]
V  [jvm.dll+0x25b85d]
V  [jvm.dll+0x259dea]
V  [jvm.dll+0x3f857e]
V  [jvm.dll+0x85f59d]
V  [jvm.dll+0x6d626d]
C  [ucrtbase.dll+0x37b0]
C  [KERNEL32.DLL+0x2e957]
C  [ntdll.dll+0x427c]


---------------  P R O C E S S  ---------------

Threads class SMR info:
_java_thread_list=0x000002747aec86f0, length=76, elements={
0x0000027447660860, 0x000002745d413820, 0x000002745d416290, 0x000002745d41a3e0,
0x000002745d41ae40, 0x000002745d422690, 0x000002745d424cc0, 0x000002745d436ac0,
0x000002745d43d4c0, 0x000002745d427ab0, 0x000002745d426d90, 0x000002745d427420,
0x000002745d426700, 0x000002745d425350, 0x000002745d426070, 0x0000027478810bf0,
0x0000027478812630, 0x0000027478812cc0, 0x0000027478813350, 0x0000027478811280,
0x0000027478811910, 0x0000027478811fa0, 0x0000027478810560, 0x0000027478815ab0,
0x0000027478816e60, 0x0000027478816140, 0x0000027478814070, 0x00000274788139e0,
0x0000027478814700, 0x00000274788174f0, 0x0000027478817b80, 0x000002747a8da530,
0x000002747a8dd320, 0x000002747a8dc600, 0x000002747a8d9ea0, 0x000002747a8db250,
0x000002747a8dabc0, 0x000002747a8dbf70, 0x0000027479e23740, 0x0000027479e25810,
0x0000027479e230b0, 0x0000027479e25180, 0x0000027479e24460, 0x0000027479e25ea0,
0x0000027479e22a20, 0x0000027479e26bc0, 0x0000027479e27f70, 0x0000027479e29320,
0x0000027479e27250, 0x0000027479e28c90, 0x0000027479e299b0, 0x0000027479e26530,
0x0000027479e2a040, 0x0000027479e278e0, 0x0000027479e28600, 0x000002747c1644b0,
0x000002747c164b40, 0x000002747c163e20, 0x000002747c163100, 0x000002747c165860,
0x000002747c165ef0, 0x000002747c1651d0, 0x000002747c163790, 0x000002747c162a70,
0x000002747c168650, 0x000002747c168ce0, 0x000002747c166580, 0x000002747c16a090,
0x000002747c167930, 0x000002747c167fc0, 0x000002747c169370, 0x000002747c166c10,
0x000002747c169a00, 0x000002747b734580, 0x000002747b731e20, 0x000002745d43cdf0
}

Java Threads: ( => current thread )
  0x0000027447660860 JavaThread "main"                              [_thread_blocked, id=2148, stack(0x0000009192a00000,0x0000009192b00000) (1024K)]
  0x000002745d413820 JavaThread "Reference Handler"          daemon [_thread_blocked, id=4480, stack(0x0000009193200000,0x0000009193300000) (1024K)]
  0x000002745d416290 JavaThread "Finalizer"                  daemon [_thread_blocked, id=3428, stack(0x0000009193300000,0x0000009193400000) (1024K)]
  0x000002745d41a3e0 JavaThread "Signal Dispatcher"          daemon [_thread_blocked, id=13188, stack(0x0000009193400000,0x0000009193500000) (1024K)]
  0x000002745d41ae40 JavaThread "Attach Listener"            daemon [_thread_blocked, id=2412, stack(0x0000009193500000,0x0000009193600000) (1024K)]
  0x000002745d422690 JavaThread "Service Thread"             daemon [_thread_blocked, id=9972, stack(0x0000009193600000,0x0000009193700000) (1024K)]
  0x000002745d424cc0 JavaThread "Monitor Deflation Thread"   daemon [_thread_blocked, id=14484, stack(0x0000009193700000,0x0000009193800000) (1024K)]
  0x000002745d436ac0 JavaThread "C2 CompilerThread0"         daemon [_thread_in_native, id=8028, stack(0x0000009193800000,0x0000009193900000) (1024K)]
  0x000002745d43d4c0 JavaThread "C1 CompilerThread0"         daemon [_thread_blocked, id=22152, stack(0x0000009193900000,0x0000009193a00000) (1024K)]
  0x000002745d427ab0 JavaThread "Common-Cleaner"             daemon [_thread_blocked, id=2292, stack(0x0000009193a00000,0x0000009193b00000) (1024K)]
  0x000002745d426d90 JavaThread "Notification Thread"        daemon [_thread_blocked, id=11444, stack(0x0000009193b00000,0x0000009193c00000) (1024K)]
  0x000002745d427420 JavaThread "Daemon health stats"               [_thread_blocked, id=19660, stack(0x0000009193d00000,0x0000009193e00000) (1024K)]
  0x000002745d426700 JavaThread "Incoming local TCP Connector on port 57902"        [_thread_in_native, id=4944, stack(0x0000009193c00000,0x0000009193d00000) (1024K)]
  0x000002745d425350 JavaThread "Daemon periodic checks"            [_thread_blocked, id=15820, stack(0x0000009194300000,0x0000009194400000) (1024K)]
  0x000002745d426070 JavaThread "Daemon"                            [_thread_blocked, id=10576, stack(0x0000009194400000,0x0000009194500000) (1024K)]
  0x0000027478810bf0 JavaThread "Handler for socket connection from /127.0.0.1:57902 to /127.0.0.1:57903"        [_thread_in_native, id=14656, stack(0x0000009194500000,0x0000009194600000) (1024K)]
  0x0000027478812630 JavaThread "Cancel handler"                    [_thread_blocked, id=22628, stack(0x0000009194600000,0x0000009194700000) (1024K)]
  0x0000027478812cc0 JavaThread "Daemon worker"                     [_thread_in_Java, id=16156, stack(0x0000009194700000,0x0000009194800000) (1024K)]
  0x0000027478813350 JavaThread "Asynchronous log dispatcher for DefaultDaemonConnection: socket connection from /127.0.0.1:57902 to /127.0.0.1:57903"        [_thread_blocked, id=23832, stack(0x0000009194800000,0x0000009194900000) (1024K)]
  0x0000027478811280 JavaThread "Stdin handler"                     [_thread_blocked, id=19664, stack(0x0000009194900000,0x0000009194a00000) (1024K)]
  0x0000027478811910 JavaThread "Daemon client event forwarder"        [_thread_blocked, id=1700, stack(0x0000009194a00000,0x0000009194b00000) (1024K)]
  0x0000027478811fa0 JavaThread "Cache worker for journal cache (C:\Users\Nandhitha_R\.gradle\caches\journal-1)"        [_thread_blocked, id=15872, stack(0x0000009194b00000,0x0000009194c00000) (1024K)]
  0x0000027478810560 JavaThread "File lock request listener"        [_thread_in_native, id=10584, stack(0x0000009194c00000,0x0000009194d00000) (1024K)]
  0x0000027478815ab0 JavaThread "Cache worker for file hash cache (C:\Users\Nandhitha_R\.gradle\caches\9.0.0\fileHashes)"        [_thread_blocked, id=24500, stack(0x0000009194d00000,0x0000009194e00000) (1024K)]
  0x0000027478816e60 JavaThread "Cache worker for file hash cache (D:\apps\caltims mobile app\frontend\node_modules\@react-native\gradle-plugin\.gradle\9.0.0\fileHashes)"        [_thread_blocked, id=4232, stack(0x0000009195500000,0x0000009195600000) (1024K)]
  0x0000027478816140 JavaThread "Cache worker for Build Output Cleanup Cache (D:\apps\caltims mobile app\frontend\node_modules\@react-native\gradle-plugin\.gradle\buildOutputCleanup)"        [_thread_blocked, id=10500, stack(0x0000009195600000,0x0000009195700000) (1024K)]
  0x0000027478814070 JavaThread "File watcher server"        daemon [_thread_in_native, id=21100, stack(0x0000009195700000,0x0000009195800000) (1024K)]
  0x00000274788139e0 JavaThread "File watcher consumer"      daemon [_thread_blocked, id=24140, stack(0x0000009195800000,0x0000009195900000) (1024K)]
  0x0000027478814700 JavaThread "Cache worker for checksums cache (D:\apps\caltims mobile app\frontend\node_modules\@react-native\gradle-plugin\.gradle\9.0.0\checksums)"        [_thread_blocked, id=17140, stack(0x0000009194e00000,0x0000009194f00000) (1024K)]
  0x00000274788174f0 JavaThread "Cache worker for file content cache (C:\Users\Nandhitha_R\.gradle\caches\9.0.0\fileContent)"        [_thread_blocked, id=8756, stack(0x0000009195900000,0x0000009195a00000) (1024K)]
  0x0000027478817b80 JavaThread "Cache worker for cache directory md-supplier (C:\Users\Nandhitha_R\.gradle\caches\9.0.0\md-supplier)"        [_thread_blocked, id=18412, stack(0x0000009195a00000,0x0000009195b00000) (1024K)]
  0x000002747a8da530 JavaThread "Cache worker for cache directory md-rule (C:\Users\Nandhitha_R\.gradle\caches\9.0.0\md-rule)"        [_thread_blocked, id=22444, stack(0x0000009195b00000,0x0000009195c00000) (1024K)]
  0x000002747a8dd320 JavaThread "jar transforms"                    [_thread_blocked, id=15448, stack(0x0000009195c00000,0x0000009195d00000) (1024K)]
  0x000002747a8dc600 JavaThread "jar transforms Thread 2"           [_thread_blocked, id=17780, stack(0x0000009195d00000,0x0000009195e00000) (1024K)]
  0x000002747a8d9ea0 JavaThread "Unconstrained build operations"        [_thread_blocked, id=18508, stack(0x0000009195e00000,0x0000009195f00000) (1024K)]
  0x000002747a8db250 JavaThread "Unconstrained build operations Thread 2"        [_thread_blocked, id=16644, stack(0x0000009195f00000,0x0000009196000000) (1024K)]
  0x000002747a8dabc0 JavaThread "Unconstrained build operations Thread 3"        [_thread_blocked, id=16356, stack(0x0000009196000000,0x0000009196100000) (1024K)]
  0x000002747a8dbf70 JavaThread "Unconstrained build operations Thread 4"        [_thread_blocked, id=12076, stack(0x0000009196100000,0x0000009196200000) (1024K)]
  0x0000027479e23740 JavaThread "Unconstrained build operations Thread 5"        [_thread_blocked, id=9368, stack(0x0000009196300000,0x0000009196400000) (1024K)]
  0x0000027479e25810 JavaThread "Unconstrained build operations Thread 6"        [_thread_blocked, id=7684, stack(0x0000009196400000,0x0000009196500000) (1024K)]
  0x0000027479e230b0 JavaThread "Unconstrained build operations Thread 7"        [_thread_blocked, id=24516, stack(0x0000009196500000,0x0000009196600000) (1024K)]
  0x0000027479e25180 JavaThread "Unconstrained build operations Thread 8"        [_thread_blocked, id=19508, stack(0x0000009196200000,0x0000009196300000) (1024K)]
  0x0000027479e24460 JavaThread "Unconstrained build operations Thread 9"        [_thread_blocked, id=16180, stack(0x0000009196600000,0x0000009196700000) (1024K)]
  0x0000027479e25ea0 JavaThread "Unconstrained build operations Thread 10"        [_thread_blocked, id=18052, stack(0x0000009196700000,0x0000009196800000) (1024K)]
  0x0000027479e22a20 JavaThread "Unconstrained build operations Thread 11"        [_thread_blocked, id=11856, stack(0x0000009196800000,0x0000009196900000) (1024K)]
  0x0000027479e26bc0 JavaThread "Unconstrained build operations Thread 12"        [_thread_blocked, id=24520, stack(0x0000009196900000,0x0000009196a00000) (1024K)]
  0x0000027479e27f70 JavaThread "Unconstrained build operations Thread 13"        [_thread_blocked, id=13384, stack(0x0000009196a00000,0x0000009196b00000) (1024K)]
  0x0000027479e29320 JavaThread "Unconstrained build operations Thread 14"        [_thread_blocked, id=11844, stack(0x0000009196b00000,0x0000009196c00000) (1024K)]
  0x0000027479e27250 JavaThread "Unconstrained build operations Thread 15"        [_thread_blocked, id=16412, stack(0x0000009196c00000,0x0000009196d00000) (1024K)]
  0x0000027479e28c90 JavaThread "Unconstrained build operations Thread 16"        [_thread_blocked, id=24364, stack(0x0000009196d00000,0x0000009196e00000) (1024K)]
  0x0000027479e299b0 JavaThread "Unconstrained build operations Thread 17"        [_thread_blocked, id=20460, stack(0x0000009196e00000,0x0000009196f00000) (1024K)]
  0x0000027479e26530 JavaThread "Unconstrained build operations Thread 18"        [_thread_blocked, id=19576, stack(0x0000009196f00000,0x0000009197000000) (1024K)]
  0x0000027479e2a040 JavaThread "Unconstrained build operations Thread 19"        [_thread_blocked, id=18840, stack(0x0000009197000000,0x0000009197100000) (1024K)]
  0x0000027479e278e0 JavaThread "Unconstrained build operations Thread 20"        [_thread_blocked, id=24036, stack(0x0000009197100000,0x0000009197200000) (1024K)]
  0x0000027479e28600 JavaThread "Unconstrained build operations Thread 21"        [_thread_blocked, id=23044, stack(0x0000009197200000,0x0000009197300000) (1024K)]
  0x000002747c1644b0 JavaThread "Unconstrained build operations Thread 22"        [_thread_blocked, id=24160, stack(0x0000009197300000,0x0000009197400000) (1024K)]
  0x000002747c164b40 JavaThread "Unconstrained build operations Thread 23"        [_thread_blocked, id=18296, stack(0x0000009197400000,0x0000009197500000) (1024K)]
  0x000002747c163e20 JavaThread "Unconstrained build operations Thread 24"        [_thread_blocked, id=9760, stack(0x0000009197500000,0x0000009197600000) (1024K)]
  0x000002747c163100 JavaThread "Unconstrained build operations Thread 25"        [_thread_blocked, id=24012, stack(0x0000009197600000,0x0000009197700000) (1024K)]
  0x000002747c165860 JavaThread "Unconstrained build operations Thread 26"        [_thread_blocked, id=17476, stack(0x0000009197700000,0x0000009197800000) (1024K)]
  0x000002747c165ef0 JavaThread "Unconstrained build operations Thread 27"        [_thread_blocked, id=21792, stack(0x0000009197800000,0x0000009197900000) (1024K)]
  0x000002747c1651d0 JavaThread "Unconstrained build operations Thread 28"        [_thread_blocked, id=6436, stack(0x0000009197900000,0x0000009197a00000) (1024K)]
  0x000002747c163790 JavaThread "Unconstrained build operations Thread 29"        [_thread_blocked, id=22400, stack(0x0000009197b00000,0x0000009197c00000) (1024K)]
  0x000002747c162a70 JavaThread "Unconstrained build operations Thread 30"        [_thread_blocked, id=21252, stack(0x0000009197c00000,0x0000009197d00000) (1024K)]
  0x000002747c168650 JavaThread "Unconstrained build operations Thread 31"        [_thread_blocked, id=19284, stack(0x0000009197d00000,0x0000009197e00000) (1024K)]
  0x000002747c168ce0 JavaThread "Unconstrained build operations Thread 32"        [_thread_blocked, id=20972, stack(0x0000009197e00000,0x0000009197f00000) (1024K)]
  0x000002747c166580 JavaThread "Unconstrained build operations Thread 33"        [_thread_blocked, id=5916, stack(0x0000009197f00000,0x0000009198000000) (1024K)]
  0x000002747c16a090 JavaThread "Unconstrained build operations Thread 34"        [_thread_blocked, id=12848, stack(0x0000009198000000,0x0000009198100000) (1024K)]
  0x000002747c167930 JavaThread "Unconstrained build operations Thread 35"        [_thread_blocked, id=21264, stack(0x0000009198100000,0x0000009198200000) (1024K)]
  0x000002747c167fc0 JavaThread "Unconstrained build operations Thread 36"        [_thread_blocked, id=19352, stack(0x0000009198200000,0x0000009198300000) (1024K)]
  0x000002747c169370 JavaThread "Unconstrained build operations Thread 37"        [_thread_blocked, id=14192, stack(0x0000009198300000,0x0000009198400000) (1024K)]
  0x000002747c166c10 JavaThread "Unconstrained build operations Thread 38"        [_thread_blocked, id=20940, stack(0x0000009198400000,0x0000009198500000) (1024K)]
  0x000002747c169a00 JavaThread "Unconstrained build operations Thread 39"        [_thread_blocked, id=20964, stack(0x0000009198500000,0x0000009198600000) (1024K)]
  0x000002747b734580 JavaThread "build event listener"              [_thread_blocked, id=22552, stack(0x0000009197a00000,0x0000009197b00000) (1024K)]
  0x000002747b731e20 JavaThread "Memory manager"                    [_thread_blocked, id=17628, stack(0x0000009198700000,0x0000009198800000) (1024K)]
=>0x000002745d43cdf0 JavaThread "C2 CompilerThread1"         daemon [_thread_in_native, id=16408, stack(0x0000009198600000,0x0000009198700000) (1024K)]
Total: 76

Other Threads:
  0x000002745d3faf50 VMThread "VM Thread"                           [id=23672, stack(0x0000009193100000,0x0000009193200000) (1024K)]
  0x000002745d4f19e0 WatcherThread "VM Periodic Task Thread"        [id=14048, stack(0x0000009193000000,0x0000009193100000) (1024K)]
  0x000002744768d280 WorkerThread "GC Thread#0"                     [id=4916, stack(0x0000009192b00000,0x0000009192c00000) (1024K)]
  0x000002745d7fe970 WorkerThread "GC Thread#1"                     [id=2716, stack(0x0000009193e00000,0x0000009193f00000) (1024K)]
  0x000002745d7fed20 WorkerThread "GC Thread#2"                     [id=17700, stack(0x0000009193f00000,0x0000009194000000) (1024K)]
  0x000002745d7c4720 WorkerThread "GC Thread#3"                     [id=16976, stack(0x0000009194000000,0x0000009194100000) (1024K)]
  0x000002745d7c4ad0 WorkerThread "GC Thread#4"                     [id=21944, stack(0x0000009194100000,0x0000009194200000) (1024K)]
  0x00000274771877f0 WorkerThread "GC Thread#5"                     [id=16500, stack(0x0000009194200000,0x0000009194300000) (1024K)]
  0x0000027478b1d3d0 WorkerThread "GC Thread#6"                     [id=13444, stack(0x0000009194f00000,0x0000009195000000) (1024K)]
  0x0000027478b1d780 WorkerThread "GC Thread#7"                     [id=5372, stack(0x0000009195000000,0x0000009195100000) (1024K)]
  0x0000027478b1db30 WorkerThread "GC Thread#8"                     [id=23884, stack(0x0000009195100000,0x0000009195200000) (1024K)]
  0x00000274799f8cd0 WorkerThread "GC Thread#9"                     [id=18552, stack(0x0000009195200000,0x0000009195300000) (1024K)]
  0x0000027447692170 ConcurrentGCThread "G1 Main Marker"            [id=18472, stack(0x0000009192c00000,0x0000009192d00000) (1024K)]
  0x0000027447692b80 WorkerThread "G1 Conc#0"                       [id=1604, stack(0x0000009192d00000,0x0000009192e00000) (1024K)]
  0x00000274799f9080 WorkerThread "G1 Conc#1"                       [id=22780, stack(0x0000009195300000,0x0000009195400000) (1024K)]
  0x00000274799fa6a0 WorkerThread "G1 Conc#2"                       [id=20640, stack(0x0000009195400000,0x0000009195500000) (1024K)]
  0x000002745d340e90 ConcurrentGCThread "G1 Refine#0"               [id=5660, stack(0x0000009192e00000,0x0000009192f00000) (1024K)]
  0x000002745d3416c0 ConcurrentGCThread "G1 Service"                [id=12732, stack(0x0000009192f00000,0x0000009193000000) (1024K)]
Total: 18

Threads with active compile tasks:
C2 CompilerThread0  42041 8187   !   4       jdk.internal.reflect.DirectConstructorHandleAccessor::newInstance (130 bytes)
C2 CompilerThread1  42041 8167       4       sun.reflect.generics.visitor.Reifier::visitClassTypeSignature (381 bytes)
Total: 2

VM state: not at safepoint (normal execution)

VM Mutex/Monitor currently owned by a thread: None

Heap address: 0x00000000e0000000, size: 512 MB, Compressed Oops mode: 32-bit

CDS archive(s) mapped at: [0x000002745e000000-0x000002745eba0000-0x000002745eba0000), size 12189696, SharedBaseAddress: 0x000002745e000000, ArchiveRelocationMode: 1.
Compressed class space mapped at: 0x000002745f000000-0x0000027473000000, reserved size: 335544320
Narrow klass base: 0x000002745e000000, Narrow klass shift: 0, Narrow klass range: 0x100000000

GC Precious Log:
 CardTable entry size: 512
 Card Set container configuration: InlinePtr #cards 5 size 8 Array Of Cards #cards 12 size 40 Howl #buckets 4 coarsen threshold 1843 Howl Bitmap #cards 512 size 80 coarsen threshold 460 Card regions per heap region 1 cards per card region 2048
 CPUs: 12 total, 12 available
 Memory: 16068M
 Large Page Support: Disabled
 NUMA Support: Disabled
 Compressed Oops: Enabled (32-bit)
 Heap Region Size: 1M
 Heap Min Capacity: 256M
 Heap Initial Capacity: 256M
 Heap Max Capacity: 512M
 Pre-touch: Disabled
 Parallel Workers: 10
 Concurrent Workers: 3
 Concurrent Refinement Workers: 10
 Periodic GC: Disabled

Heap:
 garbage-first heap   total 262144K, used 174950K [0x00000000e0000000, 0x0000000100000000)
  region size 1024K, 119 young (121856K), 3 survivors (3072K)
 Metaspace       used 67884K, committed 70080K, reserved 393216K
  class space    used 10018K, committed 11072K, reserved 327680K

Heap Regions: E=young(eden), S=young(survivor), O=old, HS=humongous(starts), HC=humongous(continues), CS=collection set, F=free, TAMS=top-at-mark-start, PB=parsable bottom
|   0|0x00000000e0000000, 0x00000000e0100000, 0x00000000e0100000|100%|HS|  |TAMS 0x00000000e0000000| PB 0x00000000e0000000| Complete 
|   1|0x00000000e0100000, 0x00000000e0200000, 0x00000000e0200000|100%|HC|  |TAMS 0x00000000e0100000| PB 0x00000000e0100000| Complete 
|   2|0x00000000e0200000, 0x00000000e0300000, 0x00000000e0300000|100%|HC|  |TAMS 0x00000000e0200000| PB 0x00000000e0200000| Complete 
|   3|0x00000000e0300000, 0x00000000e0400000, 0x00000000e0400000|100%| O|  |TAMS 0x00000000e0300000| PB 0x00000000e0300000| Untracked 
|   4|0x00000000e0400000, 0x00000000e0500000, 0x00000000e0500000|100%| O|  |TAMS 0x00000000e0400000| PB 0x00000000e0400000| Untracked 
|   5|0x00000000e0500000, 0x00000000e0600000, 0x00000000e0600000|100%| O|  |TAMS 0x00000000e0500000| PB 0x00000000e0500000| Untracked 
|   6|0x00000000e0600000, 0x00000000e0700000, 0x00000000e0700000|100%|HS|  |TAMS 0x00000000e0600000| PB 0x00000000e0600000| Complete 
|   7|0x00000000e0700000, 0x00000000e0800000, 0x00000000e0800000|100%| O|  |TAMS 0x00000000e0700000| PB 0x00000000e0700000| Untracked 
|   8|0x00000000e0800000, 0x00000000e0900000, 0x00000000e0900000|100%| O|  |TAMS 0x00000000e0800000| PB 0x00000000e0800000| Untracked 
|   9|0x00000000e0900000, 0x00000000e0a00000, 0x00000000e0a00000|100%| O|  |TAMS 0x00000000e0900000| PB 0x00000000e0900000| Untracked 
|  10|0x00000000e0a00000, 0x00000000e0b00000, 0x00000000e0b00000|100%| O|  |TAMS 0x00000000e0a00000| PB 0x00000000e0a00000| Untracked 
|  11|0x00000000e0b00000, 0x00000000e0c00000, 0x00000000e0c00000|100%| O|  |TAMS 0x00000000e0b00000| PB 0x00000000e0b00000| Untracked 
|  12|0x00000000e0c00000, 0x00000000e0d00000, 0x00000000e0d00000|100%| O|  |TAMS 0x00000000e0c00000| PB 0x00000000e0c00000| Untracked 
|  13|0x00000000e0d00000, 0x00000000e0e00000, 0x00000000e0e00000|100%| O|  |TAMS 0x00000000e0d00000| PB 0x00000000e0d00000| Untracked 
|  14|0x00000000e0e00000, 0x00000000e0f00000, 0x00000000e0f00000|100%| O|  |TAMS 0x00000000e0e00000| PB 0x00000000e0e00000| Untracked 
|  15|0x00000000e0f00000, 0x00000000e1000000, 0x00000000e1000000|100%| O|  |TAMS 0x00000000e0f00000| PB 0x00000000e0f00000| Untracked 
|  16|0x00000000e1000000, 0x00000000e1100000, 0x00000000e1100000|100%| O|  |TAMS 0x00000000e1000000| PB 0x00000000e1000000| Untracked 
|  17|0x00000000e1100000, 0x00000000e1200000, 0x00000000e1200000|100%| O|  |TAMS 0x00000000e1100000| PB 0x00000000e1100000| Untracked 
|  18|0x00000000e1200000, 0x00000000e1300000, 0x00000000e1300000|100%| O|  |TAMS 0x00000000e1200000| PB 0x00000000e1200000| Untracked 
|  19|0x00000000e1300000, 0x00000000e1400000, 0x00000000e1400000|100%| O|  |TAMS 0x00000000e1300000| PB 0x00000000e1300000| Untracked 
|  20|0x00000000e1400000, 0x00000000e1500000, 0x00000000e1500000|100%| O|  |TAMS 0x00000000e1400000| PB 0x00000000e1400000| Untracked 
|  21|0x00000000e1500000, 0x00000000e1600000, 0x00000000e1600000|100%| O|  |TAMS 0x00000000e1500000| PB 0x00000000e1500000| Untracked 
|  22|0x00000000e1600000, 0x00000000e1700000, 0x00000000e1700000|100%| O|  |TAMS 0x00000000e1600000| PB 0x00000000e1600000| Untracked 
|  23|0x00000000e1700000, 0x00000000e1800000, 0x00000000e1800000|100%| O|  |TAMS 0x00000000e1700000| PB 0x00000000e1700000| Untracked 
|  24|0x00000000e1800000, 0x00000000e1900000, 0x00000000e1900000|100%|HS|  |TAMS 0x00000000e1800000| PB 0x00000000e1800000| Complete 
|  25|0x00000000e1900000, 0x00000000e1a00000, 0x00000000e1a00000|100%|HC|  |TAMS 0x00000000e1900000| PB 0x00000000e1900000| Complete 
|  26|0x00000000e1a00000, 0x00000000e1b00000, 0x00000000e1b00000|100%|HC|  |TAMS 0x00000000e1a00000| PB 0x00000000e1a00000| Complete 
|  27|0x00000000e1b00000, 0x00000000e1c00000, 0x00000000e1c00000|100%|HS|  |TAMS 0x00000000e1b00000| PB 0x00000000e1b00000| Complete 
|  28|0x00000000e1c00000, 0x00000000e1d00000, 0x00000000e1d00000|100%|HC|  |TAMS 0x00000000e1c00000| PB 0x00000000e1c00000| Complete 
|  29|0x00000000e1d00000, 0x00000000e1e00000, 0x00000000e1e00000|100%|HC|  |TAMS 0x00000000e1d00000| PB 0x00000000e1d00000| Complete 
|  30|0x00000000e1e00000, 0x00000000e1f00000, 0x00000000e1f00000|100%| O|  |TAMS 0x00000000e1e00000| PB 0x00000000e1e00000| Untracked 
|  31|0x00000000e1f00000, 0x00000000e2000000, 0x00000000e2000000|100%| O|  |TAMS 0x00000000e1f00000| PB 0x00000000e1f00000| Untracked 
|  32|0x00000000e2000000, 0x00000000e2100000, 0x00000000e2100000|100%| O|  |TAMS 0x00000000e2000000| PB 0x00000000e2000000| Untracked 
|  33|0x00000000e2100000, 0x00000000e2200000, 0x00000000e2200000|100%| O|  |TAMS 0x00000000e2100000| PB 0x00000000e2100000| Untracked 
|  34|0x00000000e2200000, 0x00000000e2300000, 0x00000000e2300000|100%| O|  |TAMS 0x00000000e2200000| PB 0x00000000e2200000| Untracked 
|  35|0x00000000e2300000, 0x00000000e2400000, 0x00000000e2400000|100%| O|Cm|TAMS 0x00000000e2300000| PB 0x00000000e2300000| Complete 
|  36|0x00000000e2400000, 0x00000000e2500000, 0x00000000e2500000|100%| O|  |TAMS 0x00000000e2400000| PB 0x00000000e2400000| Untracked 
|  37|0x00000000e2500000, 0x00000000e2600000, 0x00000000e2600000|100%| O|  |TAMS 0x00000000e2500000| PB 0x00000000e2500000| Untracked 
|  38|0x00000000e2600000, 0x00000000e2700000, 0x00000000e2700000|100%| O|  |TAMS 0x00000000e2600000| PB 0x00000000e2600000| Untracked 
|  39|0x00000000e2700000, 0x00000000e2800000, 0x00000000e2800000|100%| O|  |TAMS 0x00000000e2700000| PB 0x00000000e2700000| Untracked 
|  40|0x00000000e2800000, 0x00000000e2900000, 0x00000000e2900000|100%| O|  |TAMS 0x00000000e2800000| PB 0x00000000e2800000| Untracked 
|  41|0x00000000e2900000, 0x00000000e2a00000, 0x00000000e2a00000|100%| O|  |TAMS 0x00000000e2900000| PB 0x00000000e2900000| Untracked 
|  42|0x00000000e2a00000, 0x00000000e2b00000, 0x00000000e2b00000|100%| O|  |TAMS 0x00000000e2a00000| PB 0x00000000e2a00000| Untracked 
|  43|0x00000000e2b00000, 0x00000000e2c00000, 0x00000000e2c00000|100%| O|  |TAMS 0x00000000e2b00000| PB 0x00000000e2b00000| Untracked 
|  44|0x00000000e2c00000, 0x00000000e2d00000, 0x00000000e2d00000|100%| O|  |TAMS 0x00000000e2c00000| PB 0x00000000e2c00000| Untracked 
|  45|0x00000000e2d00000, 0x00000000e2e00000, 0x00000000e2e00000|100%| O|  |TAMS 0x00000000e2d00000| PB 0x00000000e2d00000| Untracked 
|  46|0x00000000e2e00000, 0x00000000e2f00000, 0x00000000e2f00000|100%| O|  |TAMS 0x00000000e2e00000| PB 0x00000000e2e00000| Untracked 
|  47|0x00000000e2f00000, 0x00000000e3000000, 0x00000000e3000000|100%| O|  |TAMS 0x00000000e2f00000| PB 0x00000000e2f00000| Untracked 
|  48|0x00000000e3000000, 0x00000000e3100000, 0x00000000e3100000|100%| O|  |TAMS 0x00000000e3000000| PB 0x00000000e3000000| Untracked 
|  49|0x00000000e3100000, 0x00000000e3200000, 0x00000000e3200000|100%| O|  |TAMS 0x00000000e3100000| PB 0x00000000e3100000| Untracked 
|  50|0x00000000e3200000, 0x00000000e3300000, 0x00000000e3300000|100%| O|  |TAMS 0x00000000e3200000| PB 0x00000000e3200000| Untracked 
|  51|0x00000000e3300000, 0x00000000e3400000, 0x00000000e3400000|100%| O|  |TAMS 0x00000000e3300000| PB 0x00000000e3300000| Untracked 
|  52|0x00000000e3400000, 0x00000000e3500000, 0x00000000e3500000|100%| O|  |TAMS 0x00000000e3400000| PB 0x00000000e3400000| Untracked 
|  53|0x00000000e3500000, 0x00000000e3534520, 0x00000000e3600000| 20%| O|  |TAMS 0x00000000e3500000| PB 0x00000000e3500000| Untracked 
|  54|0x00000000e3600000, 0x00000000e3600000, 0x00000000e3700000|  0%| F|  |TAMS 0x00000000e3600000| PB 0x00000000e3600000| Untracked 
|  55|0x00000000e3700000, 0x00000000e3700000, 0x00000000e3800000|  0%| F|  |TAMS 0x00000000e3700000| PB 0x00000000e3700000| Untracked 
|  56|0x00000000e3800000, 0x00000000e3800000, 0x00000000e3900000|  0%| F|  |TAMS 0x00000000e3800000| PB 0x00000000e3800000| Untracked 
|  57|0x00000000e3900000, 0x00000000e3900000, 0x00000000e3a00000|  0%| F|  |TAMS 0x00000000e3900000| PB 0x00000000e3900000| Untracked 
|  58|0x00000000e3a00000, 0x00000000e3a00000, 0x00000000e3b00000|  0%| F|  |TAMS 0x00000000e3a00000| PB 0x00000000e3a00000| Untracked 
|  59|0x00000000e3b00000, 0x00000000e3b00000, 0x00000000e3c00000|  0%| F|  |TAMS 0x00000000e3b00000| PB 0x00000000e3b00000| Untracked 
|  60|0x00000000e3c00000, 0x00000000e3c00000, 0x00000000e3d00000|  0%| F|  |TAMS 0x00000000e3c00000| PB 0x00000000e3c00000| Untracked 
|  61|0x00000000e3d00000, 0x00000000e3d00000, 0x00000000e3e00000|  0%| F|  |TAMS 0x00000000e3d00000| PB 0x00000000e3d00000| Untracked 
|  62|0x00000000e3e00000, 0x00000000e3e00000, 0x00000000e3f00000|  0%| F|  |TAMS 0x00000000e3e00000| PB 0x00000000e3e00000| Untracked 
|  63|0x00000000e3f00000, 0x00000000e3f00000, 0x00000000e4000000|  0%| F|  |TAMS 0x00000000e3f00000| PB 0x00000000e3f00000| Untracked 
|  64|0x00000000e4000000, 0x00000000e4000000, 0x00000000e4100000|  0%| F|  |TAMS 0x00000000e4000000| PB 0x00000000e4000000| Untracked 
|  65|0x00000000e4100000, 0x00000000e4100000, 0x00000000e4200000|  0%| F|  |TAMS 0x00000000e4100000| PB 0x00000000e4100000| Untracked 
|  66|0x00000000e4200000, 0x00000000e4200000, 0x00000000e4300000|  0%| F|  |TAMS 0x00000000e4200000| PB 0x00000000e4200000| Untracked 
|  67|0x00000000e4300000, 0x00000000e4300000, 0x00000000e4400000|  0%| F|  |TAMS 0x00000000e4300000| PB 0x00000000e4300000| Untracked 
|  68|0x00000000e4400000, 0x00000000e4400000, 0x00000000e4500000|  0%| F|  |TAMS 0x00000000e4400000| PB 0x00000000e4400000| Untracked 
|  69|0x00000000e4500000, 0x00000000e4500000, 0x00000000e4600000|  0%| F|  |TAMS 0x00000000e4500000| PB 0x00000000e4500000| Untracked 
|  70|0x00000000e4600000, 0x00000000e4600000, 0x00000000e4700000|  0%| F|  |TAMS 0x00000000e4600000| PB 0x00000000e4600000| Untracked 
|  71|0x00000000e4700000, 0x00000000e4700000, 0x00000000e4800000|  0%| F|  |TAMS 0x00000000e4700000| PB 0x00000000e4700000| Untracked 
|  72|0x00000000e4800000, 0x00000000e4800000, 0x00000000e4900000|  0%| F|  |TAMS 0x00000000e4800000| PB 0x00000000e4800000| Untracked 
|  73|0x00000000e4900000, 0x00000000e4900000, 0x00000000e4a00000|  0%| F|  |TAMS 0x00000000e4900000| PB 0x00000000e4900000| Untracked 
|  74|0x00000000e4a00000, 0x00000000e4a00000, 0x00000000e4b00000|  0%| F|  |TAMS 0x00000000e4a00000| PB 0x00000000e4a00000| Untracked 
|  75|0x00000000e4b00000, 0x00000000e4b00000, 0x00000000e4c00000|  0%| F|  |TAMS 0x00000000e4b00000| PB 0x00000000e4b00000| Untracked 
|  76|0x00000000e4c00000, 0x00000000e4c00000, 0x00000000e4d00000|  0%| F|  |TAMS 0x00000000e4c00000| PB 0x00000000e4c00000| Untracked 
|  77|0x00000000e4d00000, 0x00000000e4d00000, 0x00000000e4e00000|  0%| F|  |TAMS 0x00000000e4d00000| PB 0x00000000e4d00000| Untracked 
|  78|0x00000000e4e00000, 0x00000000e4e00000, 0x00000000e4f00000|  0%| F|  |TAMS 0x00000000e4e00000| PB 0x00000000e4e00000| Untracked 
|  79|0x00000000e4f00000, 0x00000000e4f00000, 0x00000000e5000000|  0%| F|  |TAMS 0x00000000e4f00000| PB 0x00000000e4f00000| Untracked 
|  80|0x00000000e5000000, 0x00000000e5000000, 0x00000000e5100000|  0%| F|  |TAMS 0x00000000e5000000| PB 0x00000000e5000000| Untracked 
|  81|0x00000000e5100000, 0x00000000e5100000, 0x00000000e5200000|  0%| F|  |TAMS 0x00000000e5100000| PB 0x00000000e5100000| Untracked 
|  82|0x00000000e5200000, 0x00000000e5200000, 0x00000000e5300000|  0%| F|  |TAMS 0x00000000e5200000| PB 0x00000000e5200000| Untracked 
|  83|0x00000000e5300000, 0x00000000e5300000, 0x00000000e5400000|  0%| F|  |TAMS 0x00000000e5300000| PB 0x00000000e5300000| Untracked 
|  84|0x00000000e5400000, 0x00000000e5400000, 0x00000000e5500000|  0%| F|  |TAMS 0x00000000e5400000| PB 0x00000000e5400000| Untracked 
|  85|0x00000000e5500000, 0x00000000e5500000, 0x00000000e5600000|  0%| F|  |TAMS 0x00000000e5500000| PB 0x00000000e5500000| Untracked 
|  86|0x00000000e5600000, 0x00000000e5600000, 0x00000000e5700000|  0%| F|  |TAMS 0x00000000e5600000| PB 0x00000000e5600000| Untracked 
|  87|0x00000000e5700000, 0x00000000e5700000, 0x00000000e5800000|  0%| F|  |TAMS 0x00000000e5700000| PB 0x00000000e5700000| Untracked 
|  88|0x00000000e5800000, 0x00000000e5800000, 0x00000000e5900000|  0%| F|  |TAMS 0x00000000e5800000| PB 0x00000000e5800000| Untracked 
|  89|0x00000000e5900000, 0x00000000e5900000, 0x00000000e5a00000|  0%| F|  |TAMS 0x00000000e5900000| PB 0x00000000e5900000| Untracked 
|  90|0x00000000e5a00000, 0x00000000e5a00000, 0x00000000e5b00000|  0%| F|  |TAMS 0x00000000e5a00000| PB 0x00000000e5a00000| Untracked 
|  91|0x00000000e5b00000, 0x00000000e5b00000, 0x00000000e5c00000|  0%| F|  |TAMS 0x00000000e5b00000| PB 0x00000000e5b00000| Untracked 
|  92|0x00000000e5c00000, 0x00000000e5c00000, 0x00000000e5d00000|  0%| F|  |TAMS 0x00000000e5c00000| PB 0x00000000e5c00000| Untracked 
|  93|0x00000000e5d00000, 0x00000000e5d00000, 0x00000000e5e00000|  0%| F|  |TAMS 0x00000000e5d00000| PB 0x00000000e5d00000| Untracked 
|  94|0x00000000e5e00000, 0x00000000e5e00000, 0x00000000e5f00000|  0%| F|  |TAMS 0x00000000e5e00000| PB 0x00000000e5e00000| Untracked 
|  95|0x00000000e5f00000, 0x00000000e5f00000, 0x00000000e6000000|  0%| F|  |TAMS 0x00000000e5f00000| PB 0x00000000e5f00000| Untracked 
|  96|0x00000000e6000000, 0x00000000e6000000, 0x00000000e6100000|  0%| F|  |TAMS 0x00000000e6000000| PB 0x00000000e6000000| Untracked 
|  97|0x00000000e6100000, 0x00000000e6100000, 0x00000000e6200000|  0%| F|  |TAMS 0x00000000e6100000| PB 0x00000000e6100000| Untracked 
|  98|0x00000000e6200000, 0x00000000e6200000, 0x00000000e6300000|  0%| F|  |TAMS 0x00000000e6200000| PB 0x00000000e6200000| Untracked 
|  99|0x00000000e6300000, 0x00000000e6300000, 0x00000000e6400000|  0%| F|  |TAMS 0x00000000e6300000| PB 0x00000000e6300000| Untracked 
| 100|0x00000000e6400000, 0x00000000e6400000, 0x00000000e6500000|  0%| F|  |TAMS 0x00000000e6400000| PB 0x00000000e6400000| Untracked 
| 101|0x00000000e6500000, 0x00000000e6500000, 0x00000000e6600000|  0%| F|  |TAMS 0x00000000e6500000| PB 0x00000000e6500000| Untracked 
| 102|0x00000000e6600000, 0x00000000e6600000, 0x00000000e6700000|  0%| F|  |TAMS 0x00000000e6600000| PB 0x00000000e6600000| Untracked 
| 103|0x00000000e6700000, 0x00000000e6700000, 0x00000000e6800000|  0%| F|  |TAMS 0x00000000e6700000| PB 0x00000000e6700000| Untracked 
| 104|0x00000000e6800000, 0x00000000e6800000, 0x00000000e6900000|  0%| F|  |TAMS 0x00000000e6800000| PB 0x00000000e6800000| Untracked 
| 105|0x00000000e6900000, 0x00000000e6900000, 0x00000000e6a00000|  0%| F|  |TAMS 0x00000000e6900000| PB 0x00000000e6900000| Untracked 
| 106|0x00000000e6a00000, 0x00000000e6a00000, 0x00000000e6b00000|  0%| F|  |TAMS 0x00000000e6a00000| PB 0x00000000e6a00000| Untracked 
| 107|0x00000000e6b00000, 0x00000000e6b00000, 0x00000000e6c00000|  0%| F|  |TAMS 0x00000000e6b00000| PB 0x00000000e6b00000| Untracked 
| 108|0x00000000e6c00000, 0x00000000e6c00000, 0x00000000e6d00000|  0%| F|  |TAMS 0x00000000e6c00000| PB 0x00000000e6c00000| Untracked 
| 109|0x00000000e6d00000, 0x00000000e6d00000, 0x00000000e6e00000|  0%| F|  |TAMS 0x00000000e6d00000| PB 0x00000000e6d00000| Untracked 
| 110|0x00000000e6e00000, 0x00000000e6e00000, 0x00000000e6f00000|  0%| F|  |TAMS 0x00000000e6e00000| PB 0x00000000e6e00000| Untracked 
| 111|0x00000000e6f00000, 0x00000000e6f00000, 0x00000000e7000000|  0%| F|  |TAMS 0x00000000e6f00000| PB 0x00000000e6f00000| Untracked 
| 112|0x00000000e7000000, 0x00000000e7000000, 0x00000000e7100000|  0%| F|  |TAMS 0x00000000e7000000| PB 0x00000000e7000000| Untracked 
| 113|0x00000000e7100000, 0x00000000e7100000, 0x00000000e7200000|  0%| F|  |TAMS 0x00000000e7100000| PB 0x00000000e7100000| Untracked 
| 114|0x00000000e7200000, 0x00000000e7200000, 0x00000000e7300000|  0%| F|  |TAMS 0x00000000e7200000| PB 0x00000000e7200000| Untracked 
| 115|0x00000000e7300000, 0x00000000e7300000, 0x00000000e7400000|  0%| F|  |TAMS 0x00000000e7300000| PB 0x00000000e7300000| Untracked 
| 116|0x00000000e7400000, 0x00000000e7400000, 0x00000000e7500000|  0%| F|  |TAMS 0x00000000e7400000| PB 0x00000000e7400000| Untracked 
| 117|0x00000000e7500000, 0x00000000e7500000, 0x00000000e7600000|  0%| F|  |TAMS 0x00000000e7500000| PB 0x00000000e7500000| Untracked 
| 118|0x00000000e7600000, 0x00000000e7600000, 0x00000000e7700000|  0%| F|  |TAMS 0x00000000e7600000| PB 0x00000000e7600000| Untracked 
| 119|0x00000000e7700000, 0x00000000e7700000, 0x00000000e7800000|  0%| F|  |TAMS 0x00000000e7700000| PB 0x00000000e7700000| Untracked 
| 120|0x00000000e7800000, 0x00000000e7800000, 0x00000000e7900000|  0%| F|  |TAMS 0x00000000e7800000| PB 0x00000000e7800000| Untracked 
| 121|0x00000000e7900000, 0x00000000e7900000, 0x00000000e7a00000|  0%| F|  |TAMS 0x00000000e7900000| PB 0x00000000e7900000| Untracked 
| 122|0x00000000e7a00000, 0x00000000e7a00000, 0x00000000e7b00000|  0%| F|  |TAMS 0x00000000e7a00000| PB 0x00000000e7a00000| Untracked 
| 123|0x00000000e7b00000, 0x00000000e7b00000, 0x00000000e7c00000|  0%| F|  |TAMS 0x00000000e7b00000| PB 0x00000000e7b00000| Untracked 
| 124|0x00000000e7c00000, 0x00000000e7c00000, 0x00000000e7d00000|  0%| F|  |TAMS 0x00000000e7c00000| PB 0x00000000e7c00000| Untracked 
| 125|0x00000000e7d00000, 0x00000000e7d00000, 0x00000000e7e00000|  0%| F|  |TAMS 0x00000000e7d00000| PB 0x00000000e7d00000| Untracked 
| 126|0x00000000e7e00000, 0x00000000e7e00000, 0x00000000e7f00000|  0%| F|  |TAMS 0x00000000e7e00000| PB 0x00000000e7e00000| Untracked 
| 127|0x00000000e7f00000, 0x00000000e7f00000, 0x00000000e8000000|  0%| F|  |TAMS 0x00000000e7f00000| PB 0x00000000e7f00000| Untracked 
| 128|0x00000000e8000000, 0x00000000e8000000, 0x00000000e8100000|  0%| F|  |TAMS 0x00000000e8000000| PB 0x00000000e8000000| Untracked 
| 129|0x00000000e8100000, 0x00000000e8100000, 0x00000000e8200000|  0%| F|  |TAMS 0x00000000e8100000| PB 0x00000000e8100000| Untracked 
| 130|0x00000000e8200000, 0x00000000e8200000, 0x00000000e8300000|  0%| F|  |TAMS 0x00000000e8200000| PB 0x00000000e8200000| Untracked 
| 131|0x00000000e8300000, 0x00000000e8300000, 0x00000000e8400000|  0%| F|  |TAMS 0x00000000e8300000| PB 0x00000000e8300000| Untracked 
| 132|0x00000000e8400000, 0x00000000e8400000, 0x00000000e8500000|  0%| F|  |TAMS 0x00000000e8400000| PB 0x00000000e8400000| Untracked 
| 133|0x00000000e8500000, 0x00000000e8500000, 0x00000000e8600000|  0%| F|  |TAMS 0x00000000e8500000| PB 0x00000000e8500000| Untracked 
| 134|0x00000000e8600000, 0x00000000e8600000, 0x00000000e8700000|  0%| F|  |TAMS 0x00000000e8600000| PB 0x00000000e8600000| Untracked 
| 135|0x00000000e8700000, 0x00000000e8700000, 0x00000000e8800000|  0%| F|  |TAMS 0x00000000e8700000| PB 0x00000000e8700000| Untracked 
| 136|0x00000000e8800000, 0x00000000e8880000, 0x00000000e8900000| 50%| E|  |TAMS 0x00000000e8800000| PB 0x00000000e8800000| Complete 
| 137|0x00000000e8900000, 0x00000000e8a00000, 0x00000000e8a00000|100%| E|CS|TAMS 0x00000000e8900000| PB 0x00000000e8900000| Complete 
| 138|0x00000000e8a00000, 0x00000000e8b00000, 0x00000000e8b00000|100%| E|CS|TAMS 0x00000000e8a00000| PB 0x00000000e8a00000| Complete 
| 139|0x00000000e8b00000, 0x00000000e8c00000, 0x00000000e8c00000|100%| E|CS|TAMS 0x00000000e8b00000| PB 0x00000000e8b00000| Complete 
| 140|0x00000000e8c00000, 0x00000000e8d00000, 0x00000000e8d00000|100%| E|CS|TAMS 0x00000000e8c00000| PB 0x00000000e8c00000| Complete 
| 141|0x00000000e8d00000, 0x00000000e8e00000, 0x00000000e8e00000|100%| E|CS|TAMS 0x00000000e8d00000| PB 0x00000000e8d00000| Complete 
| 142|0x00000000e8e00000, 0x00000000e8f00000, 0x00000000e8f00000|100%| E|CS|TAMS 0x00000000e8e00000| PB 0x00000000e8e00000| Complete 
| 143|0x00000000e8f00000, 0x00000000e9000000, 0x00000000e9000000|100%| E|CS|TAMS 0x00000000e8f00000| PB 0x00000000e8f00000| Complete 
| 144|0x00000000e9000000, 0x00000000e9100000, 0x00000000e9100000|100%| E|CS|TAMS 0x00000000e9000000| PB 0x00000000e9000000| Complete 
| 145|0x00000000e9100000, 0x00000000e9200000, 0x00000000e9200000|100%| E|CS|TAMS 0x00000000e9100000| PB 0x00000000e9100000| Complete 
| 146|0x00000000e9200000, 0x00000000e9300000, 0x00000000e9300000|100%| E|CS|TAMS 0x00000000e9200000| PB 0x00000000e9200000| Complete 
| 147|0x00000000e9300000, 0x00000000e9400000, 0x00000000e9400000|100%| E|CS|TAMS 0x00000000e9300000| PB 0x00000000e9300000| Complete 
| 148|0x00000000e9400000, 0x00000000e9500000, 0x00000000e9500000|100%| E|CS|TAMS 0x00000000e9400000| PB 0x00000000e9400000| Complete 
| 149|0x00000000e9500000, 0x00000000e9600000, 0x00000000e9600000|100%| E|CS|TAMS 0x00000000e9500000| PB 0x00000000e9500000| Complete 
| 150|0x00000000e9600000, 0x00000000e9700000, 0x00000000e9700000|100%| E|CS|TAMS 0x00000000e9600000| PB 0x00000000e9600000| Complete 
| 151|0x00000000e9700000, 0x00000000e9800000, 0x00000000e9800000|100%| E|CS|TAMS 0x00000000e9700000| PB 0x00000000e9700000| Complete 
| 152|0x00000000e9800000, 0x00000000e9900000, 0x00000000e9900000|100%| E|CS|TAMS 0x00000000e9800000| PB 0x00000000e9800000| Complete 
| 153|0x00000000e9900000, 0x00000000e9a00000, 0x00000000e9a00000|100%| E|CS|TAMS 0x00000000e9900000| PB 0x00000000e9900000| Complete 
| 154|0x00000000e9a00000, 0x00000000e9b00000, 0x00000000e9b00000|100%| E|CS|TAMS 0x00000000e9a00000| PB 0x00000000e9a00000| Complete 
| 155|0x00000000e9b00000, 0x00000000e9c00000, 0x00000000e9c00000|100%| E|CS|TAMS 0x00000000e9b00000| PB 0x00000000e9b00000| Complete 
| 156|0x00000000e9c00000, 0x00000000e9d00000, 0x00000000e9d00000|100%| E|CS|TAMS 0x00000000e9c00000| PB 0x00000000e9c00000| Complete 
| 157|0x00000000e9d00000, 0x00000000e9e00000, 0x00000000e9e00000|100%| E|CS|TAMS 0x00000000e9d00000| PB 0x00000000e9d00000| Complete 
| 158|0x00000000e9e00000, 0x00000000e9f00000, 0x00000000e9f00000|100%| E|CS|TAMS 0x00000000e9e00000| PB 0x00000000e9e00000| Complete 
| 159|0x00000000e9f00000, 0x00000000ea000000, 0x00000000ea000000|100%| E|CS|TAMS 0x00000000e9f00000| PB 0x00000000e9f00000| Complete 
| 160|0x00000000ea000000, 0x00000000ea100000, 0x00000000ea100000|100%| E|CS|TAMS 0x00000000ea000000| PB 0x00000000ea000000| Complete 
| 161|0x00000000ea100000, 0x00000000ea200000, 0x00000000ea200000|100%| E|CS|TAMS 0x00000000ea100000| PB 0x00000000ea100000| Complete 
| 162|0x00000000ea200000, 0x00000000ea300000, 0x00000000ea300000|100%| E|CS|TAMS 0x00000000ea200000| PB 0x00000000ea200000| Complete 
| 163|0x00000000ea300000, 0x00000000ea400000, 0x00000000ea400000|100%| E|CS|TAMS 0x00000000ea300000| PB 0x00000000ea300000| Complete 
| 164|0x00000000ea400000, 0x00000000ea500000, 0x00000000ea500000|100%| E|CS|TAMS 0x00000000ea400000| PB 0x00000000ea400000| Complete 
| 165|0x00000000ea500000, 0x00000000ea600000, 0x00000000ea600000|100%| E|CS|TAMS 0x00000000ea500000| PB 0x00000000ea500000| Complete 
| 166|0x00000000ea600000, 0x00000000ea700000, 0x00000000ea700000|100%| E|CS|TAMS 0x00000000ea600000| PB 0x00000000ea600000| Complete 
| 167|0x00000000ea700000, 0x00000000ea800000, 0x00000000ea800000|100%| E|CS|TAMS 0x00000000ea700000| PB 0x00000000ea700000| Complete 
| 168|0x00000000ea800000, 0x00000000ea900000, 0x00000000ea900000|100%| E|CS|TAMS 0x00000000ea800000| PB 0x00000000ea800000| Complete 
| 169|0x00000000ea900000, 0x00000000eaa00000, 0x00000000eaa00000|100%| E|CS|TAMS 0x00000000ea900000| PB 0x00000000ea900000| Complete 
| 170|0x00000000eaa00000, 0x00000000eab00000, 0x00000000eab00000|100%| E|CS|TAMS 0x00000000eaa00000| PB 0x00000000eaa00000| Complete 
| 171|0x00000000eab00000, 0x00000000eac00000, 0x00000000eac00000|100%| E|CS|TAMS 0x00000000eab00000| PB 0x00000000eab00000| Complete 
| 172|0x00000000eac00000, 0x00000000ead00000, 0x00000000ead00000|100%| E|CS|TAMS 0x00000000eac00000| PB 0x00000000eac00000| Complete 
| 173|0x00000000ead00000, 0x00000000eae00000, 0x00000000eae00000|100%| E|CS|TAMS 0x00000000ead00000| PB 0x00000000ead00000| Complete 
| 174|0x00000000eae00000, 0x00000000eaf00000, 0x00000000eaf00000|100%| E|CS|TAMS 0x00000000eae00000| PB 0x00000000eae00000| Complete 
| 175|0x00000000eaf00000, 0x00000000eb000000, 0x00000000eb000000|100%| E|CS|TAMS 0x00000000eaf00000| PB 0x00000000eaf00000| Complete 
| 176|0x00000000eb000000, 0x00000000eb100000, 0x00000000eb100000|100%| E|CS|TAMS 0x00000000eb000000| PB 0x00000000eb000000| Complete 
| 177|0x00000000eb100000, 0x00000000eb200000, 0x00000000eb200000|100%| E|CS|TAMS 0x00000000eb100000| PB 0x00000000eb100000| Complete 
| 178|0x00000000eb200000, 0x00000000eb300000, 0x00000000eb300000|100%| E|CS|TAMS 0x00000000eb200000| PB 0x00000000eb200000| Complete 
| 179|0x00000000eb300000, 0x00000000eb400000, 0x00000000eb400000|100%| E|CS|TAMS 0x00000000eb300000| PB 0x00000000eb300000| Complete 
| 180|0x00000000eb400000, 0x00000000eb500000, 0x00000000eb500000|100%| E|CS|TAMS 0x00000000eb400000| PB 0x00000000eb400000| Complete 
| 181|0x00000000eb500000, 0x00000000eb600000, 0x00000000eb600000|100%| E|CS|TAMS 0x00000000eb500000| PB 0x00000000eb500000| Complete 
| 182|0x00000000eb600000, 0x00000000eb700000, 0x00000000eb700000|100%| E|CS|TAMS 0x00000000eb600000| PB 0x00000000eb600000| Complete 
| 183|0x00000000eb700000, 0x00000000eb800000, 0x00000000eb800000|100%| E|CS|TAMS 0x00000000eb700000| PB 0x00000000eb700000| Complete 
| 184|0x00000000eb800000, 0x00000000eb900000, 0x00000000eb900000|100%| E|CS|TAMS 0x00000000eb800000| PB 0x00000000eb800000| Complete 
| 185|0x00000000eb900000, 0x00000000eba00000, 0x00000000eba00000|100%| E|CS|TAMS 0x00000000eb900000| PB 0x00000000eb900000| Complete 
| 186|0x00000000eba00000, 0x00000000ebb00000, 0x00000000ebb00000|100%| E|CS|TAMS 0x00000000eba00000| PB 0x00000000eba00000| Complete 
| 187|0x00000000ebb00000, 0x00000000ebc00000, 0x00000000ebc00000|100%| E|CS|TAMS 0x00000000ebb00000| PB 0x00000000ebb00000| Complete 
| 188|0x00000000ebc00000, 0x00000000ebd00000, 0x00000000ebd00000|100%| E|CS|TAMS 0x00000000ebc00000| PB 0x00000000ebc00000| Complete 
| 189|0x00000000ebd00000, 0x00000000ebe00000, 0x00000000ebe00000|100%| E|CS|TAMS 0x00000000ebd00000| PB 0x00000000ebd00000| Complete 
| 190|0x00000000ebe00000, 0x00000000ebf00000, 0x00000000ebf00000|100%| E|CS|TAMS 0x00000000ebe00000| PB 0x00000000ebe00000| Complete 
| 191|0x00000000ebf00000, 0x00000000ec000000, 0x00000000ec000000|100%| E|CS|TAMS 0x00000000ebf00000| PB 0x00000000ebf00000| Complete 
| 192|0x00000000ec000000, 0x00000000ec100000, 0x00000000ec100000|100%| E|CS|TAMS 0x00000000ec000000| PB 0x00000000ec000000| Complete 
| 193|0x00000000ec100000, 0x00000000ec200000, 0x00000000ec200000|100%| E|CS|TAMS 0x00000000ec100000| PB 0x00000000ec100000| Complete 
| 194|0x00000000ec200000, 0x00000000ec300000, 0x00000000ec300000|100%| E|CS|TAMS 0x00000000ec200000| PB 0x00000000ec200000| Complete 
| 195|0x00000000ec300000, 0x00000000ec400000, 0x00000000ec400000|100%| E|CS|TAMS 0x00000000ec300000| PB 0x00000000ec300000| Complete 
| 196|0x00000000ec400000, 0x00000000ec500000, 0x00000000ec500000|100%| E|CS|TAMS 0x00000000ec400000| PB 0x00000000ec400000| Complete 
| 197|0x00000000ec500000, 0x00000000ec600000, 0x00000000ec600000|100%| E|CS|TAMS 0x00000000ec500000| PB 0x00000000ec500000| Complete 
| 198|0x00000000ec600000, 0x00000000ec700000, 0x00000000ec700000|100%| E|CS|TAMS 0x00000000ec600000| PB 0x00000000ec600000| Complete 
| 199|0x00000000ec700000, 0x00000000ec800000, 0x00000000ec800000|100%| E|CS|TAMS 0x00000000ec700000| PB 0x00000000ec700000| Complete 
| 200|0x00000000ec800000, 0x00000000ec900000, 0x00000000ec900000|100%| E|CS|TAMS 0x00000000ec800000| PB 0x00000000ec800000| Complete 
| 201|0x00000000ec900000, 0x00000000eca00000, 0x00000000eca00000|100%| E|CS|TAMS 0x00000000ec900000| PB 0x00000000ec900000| Complete 
| 202|0x00000000eca00000, 0x00000000ecb00000, 0x00000000ecb00000|100%| E|CS|TAMS 0x00000000eca00000| PB 0x00000000eca00000| Complete 
| 203|0x00000000ecb00000, 0x00000000ecc00000, 0x00000000ecc00000|100%| E|CS|TAMS 0x00000000ecb00000| PB 0x00000000ecb00000| Complete 
| 204|0x00000000ecc00000, 0x00000000ecd00000, 0x00000000ecd00000|100%| E|CS|TAMS 0x00000000ecc00000| PB 0x00000000ecc00000| Complete 
| 205|0x00000000ecd00000, 0x00000000ece00000, 0x00000000ece00000|100%| E|CS|TAMS 0x00000000ecd00000| PB 0x00000000ecd00000| Complete 
| 206|0x00000000ece00000, 0x00000000ecf00000, 0x00000000ecf00000|100%| E|CS|TAMS 0x00000000ece00000| PB 0x00000000ece00000| Complete 
| 207|0x00000000ecf00000, 0x00000000ed000000, 0x00000000ed000000|100%| E|CS|TAMS 0x00000000ecf00000| PB 0x00000000ecf00000| Complete 
| 208|0x00000000ed000000, 0x00000000ed100000, 0x00000000ed100000|100%| E|CS|TAMS 0x00000000ed000000| PB 0x00000000ed000000| Complete 
| 209|0x00000000ed100000, 0x00000000ed200000, 0x00000000ed200000|100%| E|CS|TAMS 0x00000000ed100000| PB 0x00000000ed100000| Complete 
| 210|0x00000000ed200000, 0x00000000ed300000, 0x00000000ed300000|100%| E|CS|TAMS 0x00000000ed200000| PB 0x00000000ed200000| Complete 
| 211|0x00000000ed300000, 0x00000000ed400000, 0x00000000ed400000|100%| E|CS|TAMS 0x00000000ed300000| PB 0x00000000ed300000| Complete 
| 212|0x00000000ed400000, 0x00000000ed500000, 0x00000000ed500000|100%| E|CS|TAMS 0x00000000ed400000| PB 0x00000000ed400000| Complete 
| 213|0x00000000ed500000, 0x00000000ed600000, 0x00000000ed600000|100%| E|CS|TAMS 0x00000000ed500000| PB 0x00000000ed500000| Complete 
| 214|0x00000000ed600000, 0x00000000ed700000, 0x00000000ed700000|100%| E|CS|TAMS 0x00000000ed600000| PB 0x00000000ed600000| Complete 
| 215|0x00000000ed700000, 0x00000000ed800000, 0x00000000ed800000|100%| E|CS|TAMS 0x00000000ed700000| PB 0x00000000ed700000| Complete 
| 216|0x00000000ed800000, 0x00000000ed900000, 0x00000000ed900000|100%| E|CS|TAMS 0x00000000ed800000| PB 0x00000000ed800000| Complete 
| 217|0x00000000ed900000, 0x00000000eda00000, 0x00000000eda00000|100%| E|CS|TAMS 0x00000000ed900000| PB 0x00000000ed900000| Complete 
| 218|0x00000000eda00000, 0x00000000edb00000, 0x00000000edb00000|100%| E|CS|TAMS 0x00000000eda00000| PB 0x00000000eda00000| Complete 
| 219|0x00000000edb00000, 0x00000000edc00000, 0x00000000edc00000|100%| E|CS|TAMS 0x00000000edb00000| PB 0x00000000edb00000| Complete 
| 220|0x00000000edc00000, 0x00000000edd00000, 0x00000000edd00000|100%| E|CS|TAMS 0x00000000edc00000| PB 0x00000000edc00000| Complete 
| 221|0x00000000edd00000, 0x00000000ede00000, 0x00000000ede00000|100%| E|CS|TAMS 0x00000000edd00000| PB 0x00000000edd00000| Complete 
| 222|0x00000000ede00000, 0x00000000edf00000, 0x00000000edf00000|100%| E|CS|TAMS 0x00000000ede00000| PB 0x00000000ede00000| Complete 
| 223|0x00000000edf00000, 0x00000000ee000000, 0x00000000ee000000|100%| E|CS|TAMS 0x00000000edf00000| PB 0x00000000edf00000| Complete 
| 224|0x00000000ee000000, 0x00000000ee100000, 0x00000000ee100000|100%| E|CS|TAMS 0x00000000ee000000| PB 0x00000000ee000000| Complete 
| 225|0x00000000ee100000, 0x00000000ee200000, 0x00000000ee200000|100%| E|CS|TAMS 0x00000000ee100000| PB 0x00000000ee100000| Complete 
| 226|0x00000000ee200000, 0x00000000ee300000, 0x00000000ee300000|100%| E|CS|TAMS 0x00000000ee200000| PB 0x00000000ee200000| Complete 
| 227|0x00000000ee300000, 0x00000000ee400000, 0x00000000ee400000|100%| E|CS|TAMS 0x00000000ee300000| PB 0x00000000ee300000| Complete 
| 228|0x00000000ee400000, 0x00000000ee500000, 0x00000000ee500000|100%| E|CS|TAMS 0x00000000ee400000| PB 0x00000000ee400000| Complete 
| 229|0x00000000ee500000, 0x00000000ee600000, 0x00000000ee600000|100%| E|CS|TAMS 0x00000000ee500000| PB 0x00000000ee500000| Complete 
| 230|0x00000000ee600000, 0x00000000ee700000, 0x00000000ee700000|100%| E|CS|TAMS 0x00000000ee600000| PB 0x00000000ee600000| Complete 
| 231|0x00000000ee700000, 0x00000000ee800000, 0x00000000ee800000|100%| E|CS|TAMS 0x00000000ee700000| PB 0x00000000ee700000| Complete 
| 232|0x00000000ee800000, 0x00000000ee900000, 0x00000000ee900000|100%| E|CS|TAMS 0x00000000ee800000| PB 0x00000000ee800000| Complete 
| 233|0x00000000ee900000, 0x00000000eea00000, 0x00000000eea00000|100%| E|CS|TAMS 0x00000000ee900000| PB 0x00000000ee900000| Complete 
| 234|0x00000000eea00000, 0x00000000eeb00000, 0x00000000eeb00000|100%| E|CS|TAMS 0x00000000eea00000| PB 0x00000000eea00000| Complete 
| 235|0x00000000eeb00000, 0x00000000eec00000, 0x00000000eec00000|100%| E|CS|TAMS 0x00000000eeb00000| PB 0x00000000eeb00000| Complete 
| 236|0x00000000eec00000, 0x00000000eed00000, 0x00000000eed00000|100%| E|CS|TAMS 0x00000000eec00000| PB 0x00000000eec00000| Complete 
| 237|0x00000000eed00000, 0x00000000eee00000, 0x00000000eee00000|100%| E|CS|TAMS 0x00000000eed00000| PB 0x00000000eed00000| Complete 
| 238|0x00000000eee00000, 0x00000000eef00000, 0x00000000eef00000|100%| E|CS|TAMS 0x00000000eee00000| PB 0x00000000eee00000| Complete 
| 239|0x00000000eef00000, 0x00000000ef000000, 0x00000000ef000000|100%| E|CS|TAMS 0x00000000eef00000| PB 0x00000000eef00000| Complete 
| 240|0x00000000ef000000, 0x00000000ef100000, 0x00000000ef100000|100%| E|CS|TAMS 0x00000000ef000000| PB 0x00000000ef000000| Complete 
| 241|0x00000000ef100000, 0x00000000ef200000, 0x00000000ef200000|100%| E|CS|TAMS 0x00000000ef100000| PB 0x00000000ef100000| Complete 
| 242|0x00000000ef200000, 0x00000000ef300000, 0x00000000ef300000|100%| E|CS|TAMS 0x00000000ef200000| PB 0x00000000ef200000| Complete 
| 243|0x00000000ef300000, 0x00000000ef400000, 0x00000000ef400000|100%| E|CS|TAMS 0x00000000ef300000| PB 0x00000000ef300000| Complete 
| 244|0x00000000ef400000, 0x00000000ef500000, 0x00000000ef500000|100%| E|CS|TAMS 0x00000000ef400000| PB 0x00000000ef400000| Complete 
| 245|0x00000000ef500000, 0x00000000ef600000, 0x00000000ef600000|100%| E|CS|TAMS 0x00000000ef500000| PB 0x00000000ef500000| Complete 
| 246|0x00000000ef600000, 0x00000000ef700000, 0x00000000ef700000|100%| E|CS|TAMS 0x00000000ef600000| PB 0x00000000ef600000| Complete 
| 247|0x00000000ef700000, 0x00000000ef800000, 0x00000000ef800000|100%| E|CS|TAMS 0x00000000ef700000| PB 0x00000000ef700000| Complete 
| 248|0x00000000ef800000, 0x00000000ef8a5570, 0x00000000ef900000| 64%| S|CS|TAMS 0x00000000ef800000| PB 0x00000000ef800000| Complete 
| 249|0x00000000ef900000, 0x00000000efa00000, 0x00000000efa00000|100%| S|CS|TAMS 0x00000000ef900000| PB 0x00000000ef900000| Complete 
| 250|0x00000000efa00000, 0x00000000efb00000, 0x00000000efb00000|100%| S|CS|TAMS 0x00000000efa00000| PB 0x00000000efa00000| Complete 
| 251|0x00000000efb00000, 0x00000000efc00000, 0x00000000efc00000|100%| E|CS|TAMS 0x00000000efb00000| PB 0x00000000efb00000| Complete 
| 252|0x00000000efc00000, 0x00000000efd00000, 0x00000000efd00000|100%| E|CS|TAMS 0x00000000efc00000| PB 0x00000000efc00000| Complete 
| 253|0x00000000efd00000, 0x00000000efe00000, 0x00000000efe00000|100%| E|CS|TAMS 0x00000000efd00000| PB 0x00000000efd00000| Complete 
| 254|0x00000000efe00000, 0x00000000eff00000, 0x00000000eff00000|100%| E|CS|TAMS 0x00000000efe00000| PB 0x00000000efe00000| Complete 
| 255|0x00000000eff00000, 0x00000000f0000000, 0x00000000f0000000|100%| E|CS|TAMS 0x00000000eff00000| PB 0x00000000eff00000| Complete 

Card table byte_map: [0x0000027459ec0000,0x0000027459fc0000] _byte_map_base: 0x00000274597c0000

Marking Bits: (CMBitMap*) 0x000002744768d890
 Bits: [0x0000027459fc0000, 0x000002745a7c0000)

Polling page: 0x0000027445620000

Metaspace:

Usage:
  Non-class:     56.59 MB used.
      Class:      9.80 MB used.
       Both:     66.39 MB used.

Virtual space:
  Non-class space:       64.00 MB reserved,      57.75 MB ( 90%) committed,  1 nodes.
      Class space:      320.00 MB reserved,      10.81 MB (  3%) committed,  1 nodes.
             Both:      384.00 MB reserved,      68.56 MB ( 18%) committed. 

Chunk freelists:
   Non-Class:  5.37 MB
       Class:  5.20 MB
        Both:  10.57 MB

MaxMetaspaceSize: 384.00 MB
CompressedClassSpaceSize: 320.00 MB
Initial GC threshold: 21.00 MB
Current GC threshold: 100.12 MB
CDS: on
 - commit_granule_bytes: 65536.
 - commit_granule_words: 8192.
 - virtual_space_node_default_size: 8388608.
 - enlarge_chunks_in_place: 1.
 - use_allocation_guard: 0.


Internal statistics:

num_allocs_failed_limit: 18.
num_arena_births: 3948.
num_arena_deaths: 0.
num_vsnodes_births: 2.
num_vsnodes_deaths: 0.
num_space_committed: 1097.
num_space_uncommitted: 0.
num_chunks_returned_to_freelist: 18.
num_chunks_taken_from_freelist: 7346.
num_chunk_merges: 12.
num_chunk_splits: 4730.
num_chunks_enlarged: 2834.
num_inconsistent_stats: 0.

CodeHeap 'non-profiled nmethods': size=120000Kb used=4256Kb max_used=4256Kb free=115743Kb
 bounds [0x0000027452330000, 0x0000027452760000, 0x0000027459860000]
CodeHeap 'profiled nmethods': size=120000Kb used=14579Kb max_used=14579Kb free=105421Kb
 bounds [0x000002744a860000, 0x000002744b6a0000, 0x0000027451d90000]
CodeHeap 'non-nmethods': size=5760Kb used=1950Kb max_used=1993Kb free=3810Kb
 bounds [0x0000027451d90000, 0x0000027452000000, 0x0000027452330000]
CodeCache: size=245760Kb, used=20785Kb, max_used=20828Kb, free=224974Kb
 total_blobs=8292, nmethods=7478, adapters=718, full_count=0
Compilation: enabled, stopped_count=0, restarted_count=0

Compilation events (20 events):
Event: 41.870 Thread 0x000002745d436ac0 8171       4       org.gradle.internal.reflect.annotations.impl.DefaultPropertyAnnotationMetadata::compareTo (9 bytes)
Event: 41.871 Thread 0x000002745d43d4c0 8172       1       org.gradle.internal.properties.annotations.AbstractAnnotationHandler::getAllowedModifiers (5 bytes)
Event: 41.871 Thread 0x000002745d43d4c0 nmethod 8172 0x0000027452755f90 code [0x0000027452756120, 0x00000274527561e8]
Event: 41.871 Thread 0x000002745d43d4c0 8174       3       org.gradle.model.internal.type.ModelType::wrap (220 bytes)
Event: 41.873 Thread 0x000002745d43d4c0 nmethod 8174 0x000002744b68d390 code [0x000002744b68d840, 0x000002744b68fbe0]
Event: 41.873 Thread 0x000002745d43d4c0 8175       1       org.gradle.internal.properties.annotations.NoOpPropertyAnnotationHandler::isPropertyRelevant (2 bytes)
Event: 41.873 Thread 0x000002745d436ac0 nmethod 8171 0x0000027452756290 code [0x0000027452756420, 0x00000274527566c0]
Event: 41.873 Thread 0x000002745d43d4c0 nmethod 8175 0x0000027452756890 code [0x0000027452756a20, 0x0000027452756ae8]
Event: 41.873 Thread 0x000002745d436ac0 8170       4       java.util.HashSet::isEmpty (8 bytes)
Event: 41.873 Thread 0x000002745d43d4c0 8173       1       org.gradle.internal.properties.annotations.AbstractAnnotationHandler::getAnnotationType (5 bytes)
Event: 41.874 Thread 0x000002745d43d4c0 nmethod 8173 0x0000027452756b90 code [0x0000027452756d20, 0x0000027452756de8]
Event: 41.874 Thread 0x000002745d436ac0 nmethod 8170 0x0000027452756e90 code [0x0000027452757020, 0x00000274527570c8]
Event: 41.899 Thread 0x000002745d43d4c0 8176       1       org.gradle.api.internal.DefaultCollectionCallbackActionDecorator::access$100 (5 bytes)
Event: 41.899 Thread 0x000002745d436ac0 8178       4       java.util.concurrent.atomic.AtomicLong::getAndIncrement (12 bytes)
Event: 41.899 Thread 0x000002745d43d4c0 nmethod 8176 0x0000027452757190 code [0x0000027452757320, 0x00000274527573d0]
Event: 41.899 Thread 0x000002745d43d4c0 8177       1       org.gradle.api.internal.DefaultCollectionCallbackActionDecorator$BuildOperationEmittingAction::access$000 (5 bytes)
Event: 41.900 Thread 0x000002745d43d4c0 nmethod 8177 0x0000027452757490 code [0x0000027452757620, 0x00000274527576d0]
Event: 41.900 Thread 0x000002745d436ac0 nmethod 8178 0x0000027452757790 code [0x0000027452757920, 0x00000274527579b0]
Event: 41.907 Thread 0x000002745d43d4c0 8179       3       org.gradle.util.Path::toString (5 bytes)
Event: 41.908 Thread 0x000002745d43d4c0 nmethod 8179 0x000002744b690490 code [0x000002744b690640, 0x000002744b690890]

GC Heap History (20 events):
Event: 0.715 GC heap before
{Heap before GC invocations=0 (full 0):
 garbage-first heap   total 262144K, used 22528K [0x00000000e0000000, 0x0000000100000000)
  region size 1024K, 23 young (23552K), 0 survivors (0K)
 Metaspace       used 929K, committed 1088K, reserved 393216K
  class space    used 73K, committed 128K, reserved 327680K
}
Event: 0.721 GC heap after
{Heap after GC invocations=1 (full 0):
 garbage-first heap   total 262144K, used 1610K [0x00000000e0000000, 0x0000000100000000)
  region size 1024K, 2 young (2048K), 2 survivors (2048K)
 Metaspace       used 929K, committed 1088K, reserved 393216K
  class space    used 73K, committed 128K, reserved 327680K
}
Event: 2.111 GC heap before
{Heap before GC invocations=1 (full 0):
 garbage-first heap   total 262144K, used 41546K [0x00000000e0000000, 0x0000000100000000)
  region size 1024K, 38 young (38912K), 2 survivors (2048K)
 Metaspace       used 4535K, committed 4736K, reserved 393216K
  class space    used 584K, committed 704K, reserved 327680K
}
Event: 2.118 GC heap after
{Heap after GC invocations=2 (full 0):
 garbage-first heap   total 262144K, used 10474K [0x00000000e0000000, 0x0000000100000000)
  region size 1024K, 5 young (5120K), 5 survivors (5120K)
 Metaspace       used 4535K, committed 4736K, reserved 393216K
  class space    used 584K, committed 704K, reserved 327680K
}
Event: 3.351 GC heap before
{Heap before GC invocations=2 (full 0):
 garbage-first heap   total 262144K, used 62698K [0x00000000e0000000, 0x0000000100000000)
  region size 1024K, 54 young (55296K), 5 survivors (5120K)
 Metaspace       used 5640K, committed 5824K, reserved 393216K
  class space    used 763K, committed 832K, reserved 327680K
}
Event: 3.363 GC heap after
{Heap after GC invocations=3 (full 0):
 garbage-first heap   total 262144K, used 16600K [0x00000000e0000000, 0x0000000100000000)
  region size 1024K, 5 young (5120K), 5 survivors (5120K)
 Metaspace       used 5640K, committed 5824K, reserved 393216K
  class space    used 763K, committed 832K, reserved 327680K
}
Event: 8.668 GC heap before
{Heap before GC invocations=3 (full 0):
 garbage-first heap   total 262144K, used 105688K [0x00000000e0000000, 0x0000000100000000)
  region size 1024K, 91 young (93184K), 5 survivors (5120K)
 Metaspace       used 20930K, committed 21504K, reserved 393216K
  class space    used 2927K, committed 3200K, reserved 327680K
}
Event: 8.695 GC heap after
{Heap after GC invocations=4 (full 0):
 garbage-first heap   total 262144K, used 23062K [0x00000000e0000000, 0x0000000100000000)
  region size 1024K, 12 young (12288K), 12 survivors (12288K)
 Metaspace       used 20930K, committed 21504K, reserved 393216K
  class space    used 2927K, committed 3200K, reserved 327680K
}
Event: 14.865 GC heap before
{Heap before GC invocations=5 (full 0):
 garbage-first heap   total 262144K, used 127510K [0x00000000e0000000, 0x0000000100000000)
  region size 1024K, 116 young (118784K), 12 survivors (12288K)
 Metaspace       used 34671K, committed 35968K, reserved 393216K
  class space    used 5056K, committed 5696K, reserved 327680K
}
Event: 14.917 GC heap after
{Heap after GC invocations=6 (full 0):
 garbage-first heap   total 262144K, used 31096K [0x00000000e0000000, 0x0000000100000000)
  region size 1024K, 15 young (15360K), 15 survivors (15360K)
 Metaspace       used 34671K, committed 35968K, reserved 393216K
  class space    used 5056K, committed 5696K, reserved 327680K
}
Event: 15.014 GC heap before
{Heap before GC invocations=6 (full 0):
 garbage-first heap   total 262144K, used 32120K [0x00000000e0000000, 0x0000000100000000)
  region size 1024K, 17 young (17408K), 15 survivors (15360K)
 Metaspace       used 34910K, committed 36288K, reserved 393216K
  class space    used 5071K, committed 5760K, reserved 327680K
}
Event: 15.040 GC heap after
{Heap after GC invocations=7 (full 0):
 garbage-first heap   total 262144K, used 30748K [0x00000000e0000000, 0x0000000100000000)
  region size 1024K, 8 young (8192K), 8 survivors (8192K)
 Metaspace       used 34910K, committed 36288K, reserved 393216K
  class space    used 5071K, committed 5760K, reserved 327680K
}
Event: 15.171 GC heap before
{Heap before GC invocations=7 (full 0):
 garbage-first heap   total 262144K, used 31772K [0x00000000e0000000, 0x0000000100000000)
  region size 1024K, 10 young (10240K), 8 survivors (8192K)
 Metaspace       used 35204K, committed 36608K, reserved 393216K
  class space    used 5106K, committed 5824K, reserved 327680K
}
Event: 15.190 GC heap after
{Heap after GC invocations=8 (full 0):
 garbage-first heap   total 262144K, used 30815K [0x00000000e0000000, 0x0000000100000000)
  region size 1024K, 8 young (8192K), 8 survivors (8192K)
 Metaspace       used 35204K, committed 36608K, reserved 393216K
  class space    used 5106K, committed 5824K, reserved 327680K
}
Event: 26.566 GC heap before
{Heap before GC invocations=9 (full 0):
 garbage-first heap   total 262144K, used 179295K [0x00000000e0000000, 0x0000000100000000)
  region size 1024K, 153 young (156672K), 8 survivors (8192K)
 Metaspace       used 49702K, committed 51520K, reserved 393216K
  class space    used 7317K, committed 8192K, reserved 327680K
}
Event: 26.607 GC heap after
{Heap after GC invocations=10 (full 0):
 garbage-first heap   total 262144K, used 39332K [0x00000000e0000000, 0x0000000100000000)
  region size 1024K, 17 young (17408K), 17 survivors (17408K)
 Metaspace       used 49702K, committed 51520K, reserved 393216K
  class space    used 7317K, committed 8192K, reserved 327680K
}
Event: 35.638 GC heap before
{Heap before GC invocations=10 (full 0):
 garbage-first heap   total 262144K, used 172452K [0x00000000e0000000, 0x0000000100000000)
  region size 1024K, 143 young (146432K), 17 survivors (17408K)
 Metaspace       used 59129K, committed 61120K, reserved 393216K
  class space    used 8633K, committed 9600K, reserved 327680K
}
Event: 35.668 GC heap after
{Heap after GC invocations=11 (full 0):
 garbage-first heap   total 262144K, used 55119K [0x00000000e0000000, 0x0000000100000000)
  region size 1024K, 20 young (20480K), 20 survivors (20480K)
 Metaspace       used 59129K, committed 61120K, reserved 393216K
  class space    used 8633K, committed 9600K, reserved 327680K
}
Event: 35.844 GC heap before
{Heap before GC invocations=11 (full 0):
 garbage-first heap   total 262144K, used 59215K [0x00000000e0000000, 0x0000000100000000)
  region size 1024K, 25 young (25600K), 20 survivors (20480K)
 Metaspace       used 59461K, committed 61440K, reserved 393216K
  class space    used 8703K, committed 9664K, reserved 327680K
}
Event: 35.864 GC heap after
{Heap after GC invocations=12 (full 0):
 garbage-first heap   total 262144K, used 57190K [0x00000000e0000000, 0x0000000100000000)
  region size 1024K, 3 young (3072K), 3 survivors (3072K)
 Metaspace       used 59461K, committed 61440K, reserved 393216K
  class space    used 8703K, committed 9664K, reserved 327680K
}

Dll operation events (14 events):
Event: 0.011 Loaded shared library C:\Users\Nandhitha_R\.antigravity\extensions\redhat.java-1.54.0-win32-x64\jre\21.0.10-win32-x86_64\bin\java.dll
Event: 0.071 Loaded shared library C:\Users\Nandhitha_R\.antigravity\extensions\redhat.java-1.54.0-win32-x64\jre\21.0.10-win32-x86_64\bin\zip.dll
Event: 0.092 Loaded shared library C:\Users\Nandhitha_R\.antigravity\extensions\redhat.java-1.54.0-win32-x64\jre\21.0.10-win32-x86_64\bin\instrument.dll
Event: 0.099 Loaded shared library C:\Users\Nandhitha_R\.antigravity\extensions\redhat.java-1.54.0-win32-x64\jre\21.0.10-win32-x86_64\bin\net.dll
Event: 0.100 Loaded shared library C:\Users\Nandhitha_R\.antigravity\extensions\redhat.java-1.54.0-win32-x64\jre\21.0.10-win32-x86_64\bin\nio.dll
Event: 0.106 Loaded shared library C:\Users\Nandhitha_R\.antigravity\extensions\redhat.java-1.54.0-win32-x64\jre\21.0.10-win32-x86_64\bin\zip.dll
Event: 0.632 Loaded shared library C:\Users\Nandhitha_R\.antigravity\extensions\redhat.java-1.54.0-win32-x64\jre\21.0.10-win32-x86_64\bin\jimage.dll
Event: 1.316 Loaded shared library C:\Users\Nandhitha_R\.antigravity\extensions\redhat.java-1.54.0-win32-x64\jre\21.0.10-win32-x86_64\bin\verify.dll
Event: 1.384 Loaded shared library C:\Users\Nandhitha_R\.gradle\native\1def1411415f61bf3af743bc5b6707747c0891f09f0c88961ee8f79bc544acac\windows-amd64\native-platform.dll
Event: 1.408 Loaded shared library C:\Users\Nandhitha_R\.gradle\native\0.2.8\x86_64-windows-gnu\gradle-fileevents.dll
Event: 3.690 Loaded shared library C:\Users\Nandhitha_R\.antigravity\extensions\redhat.java-1.54.0-win32-x64\jre\21.0.10-win32-x86_64\bin\management.dll
Event: 3.703 Loaded shared library C:\Users\Nandhitha_R\.antigravity\extensions\redhat.java-1.54.0-win32-x64\jre\21.0.10-win32-x86_64\bin\management_ext.dll
Event: 4.215 Loaded shared library C:\Users\Nandhitha_R\.antigravity\extensions\redhat.java-1.54.0-win32-x64\jre\21.0.10-win32-x86_64\bin\extnet.dll
Event: 4.804 Loaded shared library C:\Users\Nandhitha_R\.antigravity\extensions\redhat.java-1.54.0-win32-x64\jre\21.0.10-win32-x86_64\bin\sunmscapi.dll

Deoptimization events (20 events):
Event: 41.446 Thread 0x0000027478812cc0 Uncommon trap: trap_request=0xffffffd6 fr.pc=0x00000274527378b0 relative=0x0000000000000350
Event: 41.446 Thread 0x0000027478812cc0 Uncommon trap: reason=array_check action=maybe_recompile pc=0x00000274527378b0 method=com.google.common.collect.ImmutableMap$Builder.put(Ljava/lang/Object;Ljava/lang/Object;)Lcom/google/common/collect/ImmutableMap$Builder; @ 32 c2
Event: 41.446 Thread 0x0000027478812cc0 DEOPT PACKING pc=0x00000274527378b0 sp=0x00000091947f3900
Event: 41.446 Thread 0x0000027478812cc0 DEOPT UNPACKING pc=0x0000027451de4422 sp=0x00000091947f38c8 mode 2
Event: 41.446 Thread 0x0000027478812cc0 Uncommon trap: trap_request=0xffffffd6 fr.pc=0x00000274527378b0 relative=0x0000000000000350
Event: 41.446 Thread 0x0000027478812cc0 Uncommon trap: reason=array_check action=maybe_recompile pc=0x00000274527378b0 method=com.google.common.collect.ImmutableMap$Builder.put(Ljava/lang/Object;Ljava/lang/Object;)Lcom/google/common/collect/ImmutableMap$Builder; @ 32 c2
Event: 41.446 Thread 0x0000027478812cc0 DEOPT PACKING pc=0x00000274527378b0 sp=0x00000091947f37b0
Event: 41.446 Thread 0x0000027478812cc0 DEOPT UNPACKING pc=0x0000027451de4422 sp=0x00000091947f3778 mode 2
Event: 41.620 Thread 0x0000027478812cc0 Uncommon trap: trap_request=0xffffff45 fr.pc=0x00000274523e587c relative=0x00000000000008fc
Event: 41.620 Thread 0x0000027478812cc0 Uncommon trap: reason=unstable_if action=reinterpret pc=0x00000274523e587c method=org.objectweb.asm.Frame.execute(IILorg/objectweb/asm/Symbol;Lorg/objectweb/asm/SymbolTable;)V @ 1 c2
Event: 41.620 Thread 0x0000027478812cc0 DEOPT PACKING pc=0x00000274523e587c sp=0x00000091947f5c20
Event: 41.620 Thread 0x0000027478812cc0 DEOPT UNPACKING pc=0x0000027451de4422 sp=0x00000091947f5ba8 mode 2
Event: 41.644 Thread 0x0000027478812cc0 Uncommon trap: trap_request=0xffffff76 fr.pc=0x000002745274a30c relative=0x00000000000001ec
Event: 41.644 Thread 0x0000027478812cc0 Uncommon trap: reason=predicate action=maybe_recompile pc=0x000002745274a30c method=java.util.Arrays.fill([Ljava/lang/Object;IILjava/lang/Object;)V @ 13 c2
Event: 41.644 Thread 0x0000027478812cc0 DEOPT PACKING pc=0x000002745274a30c sp=0x00000091947f61f0
Event: 41.644 Thread 0x0000027478812cc0 DEOPT UNPACKING pc=0x0000027451de4422 sp=0x00000091947f61c0 mode 2
Event: 41.840 Thread 0x0000027478812cc0 Uncommon trap: trap_request=0xffffff45 fr.pc=0x000002745253e1b4 relative=0x0000000000000714
Event: 41.840 Thread 0x0000027478812cc0 Uncommon trap: reason=unstable_if action=reinterpret pc=0x000002745253e1b4 method=sun.reflect.annotation.AnnotationInvocationHandler.invoke(Ljava/lang/Object;Ljava/lang/reflect/Method;[Ljava/lang/Object;)Ljava/lang/Object; @ 15 c2
Event: 41.840 Thread 0x0000027478812cc0 DEOPT PACKING pc=0x000002745253e1b4 sp=0x00000091947f5c40
Event: 41.840 Thread 0x0000027478812cc0 DEOPT UNPACKING pc=0x0000027451de4422 sp=0x00000091947f5c08 mode 2

Classes loaded (20 events):
Event: 37.950 Loading class javax/xml/parsers/DocumentBuilderFactory
Event: 37.950 Loading class javax/xml/parsers/DocumentBuilderFactory done
Event: 37.950 Loading class javax/xml/parsers/FactoryFinder
Event: 37.950 Loading class javax/xml/parsers/FactoryFinder done
Event: 37.951 Loading class javax/xml/parsers/FactoryFinder$1
Event: 37.952 Loading class javax/xml/parsers/FactoryFinder$1 done
Event: 37.953 Loading class com/sun/org/apache/xerces/internal/jaxp/DocumentBuilderFactoryImpl
Event: 37.954 Loading class com/sun/org/apache/xerces/internal/jaxp/DocumentBuilderFactoryImpl done
Event: 38.037 Loading class java/util/regex/Pattern$SliceI
Event: 38.037 Loading class java/util/regex/Pattern$SliceI done
Event: 38.531 Loading class java/beans/PropertyChangeListener
Event: 38.531 Loading class java/beans/PropertyChangeListener done
Event: 41.515 Loading class java/util/stream/ReduceOps$5
Event: 41.516 Loading class java/util/stream/ReduceOps$5 done
Event: 41.516 Loading class java/util/stream/ReduceOps$CountingSink$OfRef
Event: 41.516 Loading class java/util/stream/ReduceOps$CountingSink
Event: 41.516 Loading class java/util/stream/ReduceOps$CountingSink done
Event: 41.516 Loading class java/util/stream/ReduceOps$CountingSink$OfRef done
Event: 41.840 Loading class sun/reflect/annotation/AnnotationInvocationHandler$1
Event: 41.841 Loading class sun/reflect/annotation/AnnotationInvocationHandler$1 done

Classes unloaded (0 events):
No events

Classes redefined (0 events):
No events

Internal exceptions (20 events):
Event: 34.714 Thread 0x0000027478812cc0 Exception <a 'java/lang/IncompatibleClassChangeError'{0x00000000e8ee8d10}: Found class java.lang.Object, but interface was expected> (0x00000000e8ee8d10) 
thrown [s\src\hotspot\share\interpreter\linkResolver.cpp, line 840]
Event: 35.594 Thread 0x0000027478812cc0 Exception <a 'java/lang/NoSuchMethodError'{0x00000000e8376a68}: static Ljava/lang/Object;.<clinit>()V> (0x00000000e8376a68) 
thrown [s\src\hotspot\share\prims\jni.cpp, line 1111]
Event: 35.629 Thread 0x0000027478812cc0 Exception <a 'java/lang/NoSuchMethodError'{0x00000000e828afd0}: static Lorg/jetbrains/kotlin/gradle/plugin/statistics/MetricContainer;.<clinit>()V> (0x00000000e828afd0) 
thrown [s\src\hotspot\share\prims\jni.cpp, line 1111]
Event: 37.960 Thread 0x0000027478812cc0 Exception <a 'java/lang/NoSuchMethodError'{0x00000000ed3cb7f0}: 'java.lang.Object java.lang.invoke.DirectMethodHandle$Holder.newInvokeSpecial(java.lang.Object, java.lang.Object, java.lang.Object, java.lang.Object, java.lang.Object, java.lang.Object, java.lang.Object, java.lang.Object, java.lang.Object, java.lang.Object, java.lang.Object, java.lang.Object, java.lang.Object, java.lang.Object, java.lang.Object, java.lang.Object)'> (0x00000000ed3cb7f0) 
thrown [s\src\hotspot\share\interpreter\linkResolver.cpp,
Event: 37.961 Thread 0x0000027478812cc0 Exception <a 'java/lang/NoSuchMethodError'{0x00000000ed3d2468}: 'java.lang.Object java.lang.invoke.DirectMethodHandle$Holder.invokeSpecial(java.lang.Object, java.lang.Object, java.lang.Object, java.lang.Object, java.lang.Object, java.lang.Object, java.lang.Object, java.lang.Object, java.lang.Object, java.lang.Object, java.lang.Object, java.lang.Object, java.lang.Object, java.lang.Object, java.lang.Object, java.lang.Object, java.lang.Object)'> (0x00000000ed3d2468) 
thrown [s\src\hotspot\share\interpreter\li
Event: 37.962 Thread 0x0000027478812cc0 Exception <a 'java/lang/NoSuchMethodError'{0x00000000ed3d8048}: 'java.lang.Object java.lang.invoke.DelegatingMethodHandle$Holder.reinvoke_L(java.lang.Object, java.lang.Object, java.lang.Object, java.lang.Object, java.lang.Object, java.lang.Object, java.lang.Object, java.lang.Object, java.lang.Object, java.lang.Object, java.lang.Object, java.lang.Object, java.lang.Object, java.lang.Object, java.lang.Object, java.lang.Object)'> (0x00000000ed3d8048) 
thrown [s\src\hotspot\share\interpreter\linkResolver.cpp, l
Event: 38.155 Thread 0x0000027478812cc0 Exception <a 'java/lang/NoSuchMethodError'{0x00000000ecfb5418}: 'void java.lang.invoke.DirectMethodHandle$Holder.invokeVirtual(java.lang.Object, java.lang.Object)'> (0x00000000ecfb5418) 
thrown [s\src\hotspot\share\interpreter\linkResolver.cpp, line 773]
Event: 39.417 Thread 0x0000027478812cc0 Exception <a 'java/lang/NoSuchMethodError'{0x00000000ebc48c80}: 'java.lang.Object java.lang.invoke.DirectMethodHandle$Holder.newInvokeSpecial(java.lang.Object, java.lang.Object, java.lang.Object, java.lang.Object, java.lang.Object, java.lang.Object, java.lang.Object, java.lang.Object, java.lang.Object, java.lang.Object, java.lang.Object, java.lang.Object, java.lang.Object, java.lang.Object, java.lang.Object, java.lang.Object, java.lang.Object, java.lang.Object, java.lang.Object, java.lang.Object, java.lang
Event: 40.826 Thread 0x0000027478812cc0 Exception <a 'java/lang/ClassNotFoundException'{0x00000000ea8759e0}: org/jetbrains/kotlin/gradle/targets/js/npm/DefaultNpmDependencyExtensionBeanInfo> (0x00000000ea8759e0) 
thrown [s\src\hotspot\share\classfile\systemDictionary.cpp, line 312]
Event: 40.828 Thread 0x0000027478812cc0 Exception <a 'java/lang/ClassNotFoundException'{0x00000000ea8859a0}: org/jetbrains/kotlin/gradle/targets/js/npm/DefaultNpmDependencyExtensionCustomizer> (0x00000000ea8859a0) 
thrown [s\src\hotspot\share\classfile\systemDictionary.cpp, line 312]
Event: 40.850 Thread 0x0000027478812cc0 Exception <a 'java/lang/ClassNotFoundException'{0x00000000ea70ae88}: org/jetbrains/kotlin/gradle/targets/js/npm/NpmDependencyExtensionKt$defaultNpmDependencyDelegate$1BeanInfo> (0x00000000ea70ae88) 
thrown [s\src\hotspot\share\classfile\systemDictionary.cpp, line 312]
Event: 40.853 Thread 0x0000027478812cc0 Exception <a 'java/lang/ClassNotFoundException'{0x00000000ea71b998}: org/jetbrains/kotlin/gradle/targets/js/npm/NpmDependencyExtensionDelegateBeanInfo> (0x00000000ea71b998) 
thrown [s\src\hotspot\share\classfile\systemDictionary.cpp, line 312]
Event: 40.855 Thread 0x0000027478812cc0 Exception <a 'java/lang/ClassNotFoundException'{0x00000000ea72c4a8}: org/jetbrains/kotlin/gradle/targets/js/npm/NpmDependencyExtensionDelegateCustomizer> (0x00000000ea72c4a8) 
thrown [s\src\hotspot\share\classfile\systemDictionary.cpp, line 312]
Event: 40.861 Thread 0x0000027478812cc0 Exception <a 'java/lang/ClassNotFoundException'{0x00000000ea7619f8}: org/jetbrains/kotlin/gradle/targets/js/npm/NpmDependencyExtensionKt$defaultNpmDependencyDelegate$1Customizer> (0x00000000ea7619f8) 
thrown [s\src\hotspot\share\classfile\systemDictionary.cpp, line 312]
Event: 40.872 Thread 0x0000027478812cc0 Exception <a 'java/lang/ClassNotFoundException'{0x00000000ea79ef60}: org/jetbrains/kotlin/gradle/targets/js/npm/DefaultDevNpmDependencyExtensionBeanInfo> (0x00000000ea79ef60) 
thrown [s\src\hotspot\share\classfile\systemDictionary.cpp, line 312]
Event: 40.874 Thread 0x0000027478812cc0 Exception <a 'java/lang/ClassNotFoundException'{0x00000000ea7aed18}: org/jetbrains/kotlin/gradle/targets/js/npm/DefaultDevNpmDependencyExtensionCustomizer> (0x00000000ea7aed18) 
thrown [s\src\hotspot\share\classfile\systemDictionary.cpp, line 312]
Event: 40.885 Thread 0x0000027478812cc0 Exception <a 'java/lang/ClassNotFoundException'{0x00000000ea7f3818}: org/jetbrains/kotlin/gradle/targets/js/npm/DefaultPeerNpmDependencyExtensionBeanInfo> (0x00000000ea7f3818) 
thrown [s\src\hotspot\share\classfile\systemDictionary.cpp, line 312]
Event: 40.886 Thread 0x0000027478812cc0 Exception <a 'java/lang/ClassNotFoundException'{0x00000000ea603918}: org/jetbrains/kotlin/gradle/targets/js/npm/DefaultPeerNpmDependencyExtensionCustomizer> (0x00000000ea603918) 
thrown [s\src\hotspot\share\classfile\systemDictionary.cpp, line 312]
Event: 40.896 Thread 0x0000027478812cc0 Exception <a 'java/lang/ClassNotFoundException'{0x00000000ea64bcb0}: org/jetbrains/kotlin/gradle/targets/js/npm/DefaultPeerNpmDependencyExtension$delegate$1BeanInfo> (0x00000000ea64bcb0) 
thrown [s\src\hotspot\share\classfile\systemDictionary.cpp, line 312]
Event: 40.900 Thread 0x0000027478812cc0 Exception <a 'java/lang/ClassNotFoundException'{0x00000000ea65c760}: org/jetbrains/kotlin/gradle/targets/js/npm/DefaultPeerNpmDependencyExtension$delegate$1Customizer> (0x00000000ea65c760) 
thrown [s\src\hotspot\share\classfile\systemDictionary.cpp, line 312]

ZGC Phase Switch (0 events):
No events

VM Operations (20 events):
Event: 35.844 Executing safepoint VM operation: CollectForMetadataAllocation (Metadata GC Threshold)
Event: 35.864 Executing safepoint VM operation: CollectForMetadataAllocation (Metadata GC Threshold) done
Event: 35.895 Executing safepoint VM operation: G1PauseRemark
Event: 35.904 Executing safepoint VM operation: G1PauseRemark done
Event: 35.931 Executing safepoint VM operation: G1PauseCleanup
Event: 35.932 Executing safepoint VM operation: G1PauseCleanup done
Event: 36.935 Executing safepoint VM operation: Cleanup
Event: 36.935 Executing safepoint VM operation: Cleanup done
Event: 37.937 Executing safepoint VM operation: Cleanup
Event: 37.937 Executing safepoint VM operation: Cleanup done
Event: 37.983 Executing non-safepoint VM operation: HandshakeAllThreads (Deoptimize)
Event: 37.983 Executing non-safepoint VM operation: HandshakeAllThreads (Deoptimize) done
Event: 38.287 Executing non-safepoint VM operation: HandshakeAllThreads (Deoptimize)
Event: 38.288 Executing non-safepoint VM operation: HandshakeAllThreads (Deoptimize) done
Event: 39.293 Executing safepoint VM operation: Cleanup
Event: 39.293 Executing safepoint VM operation: Cleanup done
Event: 40.294 Executing safepoint VM operation: Cleanup
Event: 40.294 Executing safepoint VM operation: Cleanup done
Event: 41.302 Executing safepoint VM operation: Cleanup
Event: 41.302 Executing safepoint VM operation: Cleanup done

Memory protections (0 events):
No events

Nmethod flushes (20 events):
Event: 35.903 Thread 0x000002745d3faf50 flushing  nmethod 0x000002744ab7f290
Event: 35.903 Thread 0x000002745d3faf50 flushing  nmethod 0x000002744ad08990
Event: 35.903 Thread 0x000002745d3faf50 flushing  nmethod 0x000002744adb3190
Event: 35.903 Thread 0x000002745d3faf50 flushing  nmethod 0x000002744b036190
Event: 35.903 Thread 0x000002745d3faf50 flushing  nmethod 0x000002744aaa8110
Event: 35.903 Thread 0x000002745d3faf50 flushing  nmethod 0x000002744aaa9590
Event: 35.903 Thread 0x000002745d3faf50 flushing  nmethod 0x000002744aaa9d10
Event: 35.903 Thread 0x000002745d3faf50 flushing  nmethod 0x000002744aaacf90
Event: 35.903 Thread 0x000002745d3faf50 flushing  nmethod 0x000002744aaae190
Event: 35.903 Thread 0x000002745d3faf50 flushing  nmethod 0x000002744aaaea10
Event: 35.903 Thread 0x000002745d3faf50 flushing  nmethod 0x000002744ac37810
Event: 35.903 Thread 0x000002745d3faf50 flushing  nmethod 0x000002744ad46010
Event: 35.903 Thread 0x000002745d3faf50 flushing  nmethod 0x000002744ad4a190
Event: 35.903 Thread 0x000002745d3faf50 flushing  nmethod 0x000002744ae84d10
Event: 35.903 Thread 0x000002745d3faf50 flushing  nmethod 0x000002744afaec10
Event: 35.903 Thread 0x000002745d3faf50 flushing  nmethod 0x000002744afaf110
Event: 35.903 Thread 0x000002745d3faf50 flushing  nmethod 0x000002744afafe90
Event: 35.903 Thread 0x000002745d3faf50 flushing  nmethod 0x000002744afb0310
Event: 35.903 Thread 0x000002745d3faf50 flushing  nmethod 0x000002744afb4390
Event: 35.903 Thread 0x000002745d3faf50 flushing  nmethod 0x000002744afb5490

Events (20 events):
Event: 31.231 Thread 0x0000027478812cc0 Thread added: 0x000002747c162a70
Event: 31.233 Thread 0x0000027478812cc0 Thread added: 0x000002747c168650
Event: 31.236 Thread 0x0000027478812cc0 Thread added: 0x000002747c168ce0
Event: 31.240 Thread 0x0000027478812cc0 Thread added: 0x000002747c166580
Event: 31.245 Thread 0x0000027478812cc0 Thread added: 0x000002747c16a090
Event: 31.247 Thread 0x0000027478812cc0 Thread added: 0x000002747c167930
Event: 31.248 Thread 0x0000027478812cc0 Thread added: 0x000002747c167fc0
Event: 31.257 Thread 0x0000027478812cc0 Thread added: 0x000002747c169370
Event: 31.265 Thread 0x0000027478812cc0 Thread added: 0x000002747c166c10
Event: 31.272 Thread 0x0000027478812cc0 Thread added: 0x000002747c169a00
Event: 31.636 Thread 0x000002745d43c720 Thread exited: 0x000002745d43c720
Event: 33.357 Thread 0x000002745d436ac0 Thread added: 0x000002745d43c720
Event: 34.010 Thread 0x000002745d43c720 Thread exited: 0x000002745d43c720
Event: 35.179 Thread 0x000002745d43d4c0 Thread added: 0x000002745d43db90
Event: 35.431 Thread 0x000002745d43db90 Thread exited: 0x000002745d43db90
Event: 35.753 Thread 0x0000027478812cc0 Thread added: 0x000002747b734580
Event: 38.028 Thread 0x000002745d43d4c0 Thread added: 0x000002745d43e930
Event: 38.122 Thread 0x0000027478812cc0 Thread added: 0x000002747b731e20
Event: 38.594 Thread 0x000002745d43e930 Thread exited: 0x000002745d43e930
Event: 41.859 Thread 0x000002745d43d4c0 Thread added: 0x000002745d43cdf0


Dynamic libraries:
0x00007ff70e350000 - 0x00007ff70e35e000 	C:\Users\Nandhitha_R\.antigravity\extensions\redhat.java-1.54.0-win32-x64\jre\21.0.10-win32-x86_64\bin\java.exe
0x00007ffe8a2a0000 - 0x00007ffe8a507000 	C:\Windows\SYSTEM32\ntdll.dll
0x00007ffe89c30000 - 0x00007ffe89cf9000 	C:\Windows\System32\KERNEL32.DLL
0x00007ffe87c20000 - 0x00007ffe88017000 	C:\Windows\System32\KERNELBASE.dll
0x00007ffe86d90000 - 0x00007ffe86edb000 	C:\Windows\System32\ucrtbase.dll
0x00007ffe17650000 - 0x00007ffe1766e000 	C:\Users\Nandhitha_R\.antigravity\extensions\redhat.java-1.54.0-win32-x64\jre\21.0.10-win32-x86_64\bin\VCRUNTIME140.dll
0x00007ffe159b0000 - 0x00007ffe159c8000 	C:\Users\Nandhitha_R\.antigravity\extensions\redhat.java-1.54.0-win32-x64\jre\21.0.10-win32-x86_64\bin\jli.dll
0x00007ffe8a030000 - 0x00007ffe8a1f6000 	C:\Windows\System32\USER32.dll
0x00007ffe87910000 - 0x00007ffe87937000 	C:\Windows\System32\win32u.dll
0x00007ffe89b70000 - 0x00007ffe89b9b000 	C:\Windows\System32\GDI32.dll
0x00007ffe6a770000 - 0x00007ffe6aa02000 	C:\Windows\WinSxS\amd64_microsoft.windows.common-controls_6595b64144ccf1df_6.0.26100.8457_none_3e0b2faee331e92d\COMCTL32.dll
0x00007ffe86ee0000 - 0x00007ffe8700c000 	C:\Windows\System32\gdi32full.dll
0x00007ffe88cf0000 - 0x00007ffe88d99000 	C:\Windows\System32\msvcrt.dll
0x00007ffe87b70000 - 0x00007ffe87c13000 	C:\Windows\System32\msvcp_win.dll
0x00007ffe89f50000 - 0x00007ffe89f82000 	C:\Windows\System32\IMM32.DLL
0x00007ffe83b90000 - 0x00007ffe83b9c000 	C:\Users\Nandhitha_R\.antigravity\extensions\redhat.java-1.54.0-win32-x64\jre\21.0.10-win32-x86_64\bin\vcruntime140_1.dll
0x00007ffe0a7c0000 - 0x00007ffe0a84d000 	C:\Users\Nandhitha_R\.antigravity\extensions\redhat.java-1.54.0-win32-x64\jre\21.0.10-win32-x86_64\bin\msvcp140.dll
0x00007ffdf9c20000 - 0x00007ffdfa9c1000 	C:\Users\Nandhitha_R\.antigravity\extensions\redhat.java-1.54.0-win32-x64\jre\21.0.10-win32-x86_64\bin\server\jvm.dll
0x00007ffe89990000 - 0x00007ffe89a46000 	C:\Windows\System32\ADVAPI32.dll
0x00007ffe88260000 - 0x00007ffe88307000 	C:\Windows\System32\sechost.dll
0x00007ffe89a50000 - 0x00007ffe89b68000 	C:\Windows\System32\RPCRT4.dll
0x00007ffe89f90000 - 0x00007ffe8a010000 	C:\Windows\System32\WS2_32.dll
0x00007ffe73230000 - 0x00007ffe7323b000 	C:\Windows\SYSTEM32\VERSION.dll
0x00007ffe83cf0000 - 0x00007ffe83d26000 	C:\Windows\SYSTEM32\WINMM.dll
0x00007ffe86b30000 - 0x00007ffe86b8e000 	C:\Windows\SYSTEM32\POWRPROF.dll
0x00007ffe86b10000 - 0x00007ffe86b24000 	C:\Windows\SYSTEM32\UMPDC.dll
0x00007ffe85a60000 - 0x00007ffe85a7b000 	C:\Windows\SYSTEM32\kernel.appcore.dll
0x00007ffe45070000 - 0x00007ffe4507a000 	C:\Users\Nandhitha_R\.antigravity\extensions\redhat.java-1.54.0-win32-x64\jre\21.0.10-win32-x86_64\bin\jimage.dll
0x00007ffe84b00000 - 0x00007ffe84d42000 	C:\Windows\SYSTEM32\DBGHELP.DLL
0x00007ffe894a0000 - 0x00007ffe89823000 	C:\Windows\System32\combase.dll
0x00007ffe880c0000 - 0x00007ffe88199000 	C:\Windows\System32\OLEAUT32.dll
0x00007ffe65e50000 - 0x00007ffe65e8b000 	C:\Windows\SYSTEM32\dbgcore.DLL
0x00007ffe87940000 - 0x00007ffe879e8000 	C:\Windows\System32\bcryptPrimitives.dll
0x00007ffe13790000 - 0x00007ffe1379f000 	C:\Users\Nandhitha_R\.antigravity\extensions\redhat.java-1.54.0-win32-x64\jre\21.0.10-win32-x86_64\bin\instrument.dll
0x00007ffe15970000 - 0x00007ffe15990000 	C:\Users\Nandhitha_R\.antigravity\extensions\redhat.java-1.54.0-win32-x64\jre\21.0.10-win32-x86_64\bin\java.dll
0x00007ffe88320000 - 0x00007ffe88a8e000 	C:\Windows\System32\SHELL32.dll
0x00007ffe87010000 - 0x00007ffe8787c000 	C:\Windows\System32\windows.storage.dll
0x00007ffe88ba0000 - 0x00007ffe88c96000 	C:\Windows\System32\SHCORE.dll
0x00007ffe88050000 - 0x00007ffe880b6000 	C:\Windows\System32\shlwapi.dll
0x00007ffe86bf0000 - 0x00007ffe86c19000 	C:\Windows\SYSTEM32\profapi.dll
0x00007ffe15990000 - 0x00007ffe159a8000 	C:\Users\Nandhitha_R\.antigravity\extensions\redhat.java-1.54.0-win32-x64\jre\21.0.10-win32-x86_64\bin\zip.dll
0x00007ffe17480000 - 0x00007ffe17490000 	C:\Users\Nandhitha_R\.antigravity\extensions\redhat.java-1.54.0-win32-x64\jre\21.0.10-win32-x86_64\bin\net.dll
0x00007ffe7cd90000 - 0x00007ffe7ceb9000 	C:\Windows\SYSTEM32\WINHTTP.dll
0x00007ffe85fd0000 - 0x00007ffe8603c000 	C:\Windows\system32\mswsock.dll
0x00007ffe137a0000 - 0x00007ffe137b6000 	C:\Users\Nandhitha_R\.antigravity\extensions\redhat.java-1.54.0-win32-x64\jre\21.0.10-win32-x86_64\bin\nio.dll
0x00007ffe13780000 - 0x00007ffe13790000 	C:\Users\Nandhitha_R\.antigravity\extensions\redhat.java-1.54.0-win32-x64\jre\21.0.10-win32-x86_64\bin\verify.dll
0x00007ffe47940000 - 0x00007ffe47967000 	C:\Users\Nandhitha_R\.gradle\native\1def1411415f61bf3af743bc5b6707747c0891f09f0c88961ee8f79bc544acac\windows-amd64\native-platform.dll
0x00007ffe32140000 - 0x00007ffe321b7000 	C:\Users\Nandhitha_R\.gradle\native\0.2.8\x86_64-windows-gnu\gradle-fileevents.dll
0x00007ffe71e60000 - 0x00007ffe71e6a000 	C:\Users\Nandhitha_R\.antigravity\extensions\redhat.java-1.54.0-win32-x64\jre\21.0.10-win32-x86_64\bin\management.dll
0x00007ffe65640000 - 0x00007ffe6564c000 	C:\Users\Nandhitha_R\.antigravity\extensions\redhat.java-1.54.0-win32-x64\jre\21.0.10-win32-x86_64\bin\management_ext.dll
0x00007ffe88da0000 - 0x00007ffe88da8000 	C:\Windows\System32\PSAPI.DLL
0x00007ffe85480000 - 0x00007ffe854b2000 	C:\Windows\SYSTEM32\IPHLPAPI.DLL
0x00007ffe88310000 - 0x00007ffe8831a000 	C:\Windows\System32\NSI.dll
0x00007ffe72040000 - 0x00007ffe72049000 	C:\Users\Nandhitha_R\.antigravity\extensions\redhat.java-1.54.0-win32-x64\jre\21.0.10-win32-x86_64\bin\extnet.dll
0x00007ffe862b0000 - 0x00007ffe862cb000 	C:\Windows\SYSTEM32\CRYPTSP.dll
0x00007ffe859c0000 - 0x00007ffe859f9000 	C:\Windows\system32\rsaenh.dll
0x00007ffe86080000 - 0x00007ffe860b3000 	C:\Windows\SYSTEM32\USERENV.dll
0x00007ffe86bc0000 - 0x00007ffe86bea000 	C:\Windows\SYSTEM32\bcrypt.dll
0x00007ffe862d0000 - 0x00007ffe862dc000 	C:\Windows\SYSTEM32\CRYPTBASE.dll
0x00007ffe13770000 - 0x00007ffe1377e000 	C:\Users\Nandhitha_R\.antigravity\extensions\redhat.java-1.54.0-win32-x64\jre\21.0.10-win32-x86_64\bin\sunmscapi.dll
0x00007ffe879f0000 - 0x00007ffe87b68000 	C:\Windows\System32\CRYPT32.dll
0x00007ffe864d0000 - 0x00007ffe86500000 	C:\Windows\SYSTEM32\ncrypt.dll
0x00007ffe86480000 - 0x00007ffe864bf000 	C:\Windows\SYSTEM32\NTASN1.dll
0x00007ffe5bfe0000 - 0x00007ffe5bfe8000 	C:\Windows\system32\wshunix.dll

JVMTI agents:
C:\Users\Nandhitha_R\.gradle\wrapper\dists\gradle-9.0.0-bin\d6wjpkvcgsg3oed0qlfss3wgl\gradle-9.0.0\lib\agents\gradle-instrumentation-agent-9.0.0.jar path:C:\Users\Nandhitha_R\.antigravity\extensions\redhat.java-1.54.0-win32-x64\jre\21.0.10-win32-x86_64\bin\instrument.dll, loaded, initialized, instrumentlib options:none

dbghelp: loaded successfully - version: 4.0.5 - missing functions: none
symbol engine: initialized successfully - sym options: 0x614 - pdb path: .;C:\Users\Nandhitha_R\.antigravity\extensions\redhat.java-1.54.0-win32-x64\jre\21.0.10-win32-x86_64\bin;C:\Windows\SYSTEM32;C:\Windows\WinSxS\amd64_microsoft.windows.common-controls_6595b64144ccf1df_6.0.26100.8457_none_3e0b2faee331e92d;C:\Users\Nandhitha_R\.antigravity\extensions\redhat.java-1.54.0-win32-x64\jre\21.0.10-win32-x86_64\bin\server;C:\Users\Nandhitha_R\.gradle\native\1def1411415f61bf3af743bc5b6707747c0891f09f0c88961ee8f79bc544acac\windows-amd64;C:\Users\Nandhitha_R\.gradle\native\0.2.8\x86_64-windows-gnu

VM Arguments:
jvm_args: --add-opens=java.base/java.lang=ALL-UNNAMED --add-opens=java.base/java.lang.invoke=ALL-UNNAMED --add-opens=java.base/java.util=ALL-UNNAMED --add-opens=java.prefs/java.util.prefs=ALL-UNNAMED --add-exports=jdk.compiler/com.sun.tools.javac.api=ALL-UNNAMED --add-exports=jdk.compiler/com.sun.tools.javac.util=ALL-UNNAMED --add-opens=java.base/java.util=ALL-UNNAMED --add-opens=java.prefs/java.util.prefs=ALL-UNNAMED --add-opens=java.base/java.nio.charset=ALL-UNNAMED --add-opens=java.base/java.net=ALL-UNNAMED --add-opens=java.base/java.util.concurrent=ALL-UNNAMED --add-opens=java.base/java.util.concurrent.atomic=ALL-UNNAMED --add-opens=java.xml/javax.xml.namespace=ALL-UNNAMED -XX:MaxMetaspaceSize=384m -XX:+HeapDumpOnOutOfMemoryError -Xms256m -Xmx512m -Dfile.encoding=UTF-8 -Duser.country=IN -Duser.language=en -Duser.variant -javaagent:C:\Users\Nandhitha_R\.gradle\wrapper\dists\gradle-9.0.0-bin\d6wjpkvcgsg3oed0qlfss3wgl\gradle-9.0.0\lib\agents\gradle-instrumentation-agent-9.0.0.jar 
java_command: org.gradle.launcher.daemon.bootstrap.GradleDaemon 9.0.0
java_class_path (initial): C:\Users\Nandhitha_R\.gradle\wrapper\dists\gradle-9.0.0-bin\d6wjpkvcgsg3oed0qlfss3wgl\gradle-9.0.0\lib\gradle-daemon-main-9.0.0.jar
Launcher Type: SUN_STANDARD

[Global flags]
     intx CICompilerCount                          = 4                                         {product} {ergonomic}
   size_t CompressedClassSpaceSize                 = 335544320                                 {product} {ergonomic}
     uint ConcGCThreads                            = 3                                         {product} {ergonomic}
     uint G1ConcRefinementThreads                  = 10                                        {product} {ergonomic}
   size_t G1HeapRegionSize                         = 1048576                                   {product} {ergonomic}
    uintx GCDrainStackTargetSize                   = 64                                        {product} {ergonomic}
     bool HeapDumpOnOutOfMemoryError               = true                                   {manageable} {command line}
   size_t InitialHeapSize                          = 268435456                                 {product} {command line}
   size_t MarkStackSize                            = 4194304                                   {product} {ergonomic}
   size_t MaxHeapSize                              = 536870912                                 {product} {command line}
   size_t MaxMetaspaceSize                         = 402653184                                 {product} {command line}
   size_t MaxNewSize                               = 321912832                                 {product} {ergonomic}
   size_t MinHeapDeltaBytes                        = 1048576                                   {product} {ergonomic}
   size_t MinHeapSize                              = 268435456                                 {product} {command line}
    uintx NonNMethodCodeHeapSize                   = 5839372                                {pd product} {ergonomic}
    uintx NonProfiledCodeHeapSize                  = 122909434                              {pd product} {ergonomic}
    uintx ProfiledCodeHeapSize                     = 122909434                              {pd product} {ergonomic}
    uintx ReservedCodeCacheSize                    = 251658240                              {pd product} {ergonomic}
     bool SegmentedCodeCache                       = true                                      {product} {ergonomic}
   size_t SoftMaxHeapSize                          = 536870912                              {manageable} {ergonomic}
     bool UseCompressedOops                        = true                           {product lp64_product} {ergonomic}
     bool UseG1GC                                  = true                                      {product} {ergonomic}
     bool UseLargePagesIndividualAllocation        = false                                  {pd product} {ergonomic}

Logging:
Log output configuration:
 #0: stdout all=warning uptime,level,tags foldmultilines=false
 #1: stderr all=off uptime,level,tags foldmultilines=false

Release file:
JAVA_VERSION="21.0.10" 
MODULES="java.base java.compiler java.datatransfer java.xml java.prefs java.desktop java.instrument java.logging java.management java.security.sasl java.naming java.rmi java.management.rmi java.net.http java.scripting java.security.jgss java.transaction.xa java.sql java.sql.rowset java.xml.crypto java.se java.smartcardio jdk.accessibility jdk.internal.jvmstat jdk.attach jdk.charsets jdk.internal.opt jdk.zipfs jdk.compiler jdk.crypto.ec jdk.crypto.cryptoki jdk.crypto.mscapi jdk.dynalink jdk.internal.ed jdk.editpad jdk.hotspot.agent jdk.httpserver jdk.internal.le jdk.internal.vm.ci jdk.internal.vm.compiler jdk.internal.vm.compiler.management jdk.jartool jdk.javadoc jdk.jcmd jdk.management jdk.management.agent jdk.jconsole jdk.jdeps jdk.jdwp.agent jdk.jdi jdk.jfr jdk.jshell jdk.jsobject jdk.jstatd jdk.localedata jdk.management.jfr jdk.naming.dns jdk.naming.rmi jdk.net jdk.nio.mapmode jdk.random jdk.sctp jdk.security.auth jdk.security.jgss jdk.unsupported jdk.unsupported.desktop jdk.xml.dom" 

Environment Variables:
JAVA_HOME=C:\Program Files\Eclipse Adoptium\jdk-17.0.18.8-hotspot
PATH=C:\Program Files\Python312\Scripts\;C:\Program Files\Python312\;C:\Windows\System32;C:\Program Files\Git\cmd;C:\Program Files\Eclipse Adoptium\jdk-17.0.18.8-hotspot\bin;C:\Program Files\nodejs\;C:\Users\Nandhitha_R\AppData\Local\Android\Sdk\platform-tools;C:\Users\Nandhitha_R\AppData\Local\Android\Sdk\emulator;C:\Program Files\Eclipse Adoptium\jdk-17.0.18.8-hotspot\bin;C:\Users\Nandhitha_R\AppData\Local\Programs\Python\Python312;C:\Program Files\MongoDB\Server\7.0\bin;C:\Users\Nandhitha_R\AppData\Local\Programs\Python\Launcher\;C:\Users\Nandhitha_R\AppData\Roaming\npm;C:\Users\Nandhitha_R\AppData\Local\Programs\Microsoft VS Code\bin;D:\Program Files\Antigravity\bin
USERNAME=Nandhitha_R
OS=Windows_NT
PROCESSOR_IDENTIFIER=Intel64 Family 6 Model 154 Stepping 4, GenuineIntel
TMP=C:\Users\NANDHI~1\AppData\Local\Temp
TEMP=C:\Users\NANDHI~1\AppData\Local\Temp




Periodic native trim disabled

---------------  S Y S T E M  ---------------

OS:
 Windows 11 , 64 bit Build 26100 (10.0.26100.8328)
OS uptime: 0 days 13:20 hours
Hyper-V role detected

CPU: total 12 (initial active 12) (6 cores per cpu, 2 threads per core) family 6 model 154 stepping 4 microcode 0x43b, cx8, cmov, fxsr, ht, mmx, 3dnowpref, sse, sse2, sse3, ssse3, sse4.1, sse4.2, popcnt, lzcnt, tsc, tscinvbit, avx, avx2, aes, erms, clmul, bmi1, bmi2, adx, sha, fma, vzeroupper, clflush, clflushopt, clwb, hv, serialize, rdtscp, rdpid, fsrm, f16c, cet_ibt, cet_ss
Processor Information for the first 12 processors :
  Max Mhz: 1300, Current Mhz: 1300, Mhz Limit: 1300

Memory: 4k page, system-wide physical 16068M (660M free)
TotalPageFile size 22298M (AvailPageFile size 0M)
current process WorkingSet (physical memory assigned to process): 421M, peak: 430M
current process commit charge ("private bytes"): 504M, peak: 511M

vm_info: OpenJDK 64-Bit Server VM (21.0.10+7-LTS) for windows-amd64 JRE (21.0.10+7-LTS), built on 2026-01-20T00:00:00Z by "admin" with MS VC++ 17.12 (VS2022)

END.
