#
# There is insufficient memory for the Java Runtime Environment to continue.
# Native memory allocation (malloc) failed to allocate 1010256 bytes. Error detail: Chunk::new
# Possible reasons:
#   The system is out of physical RAM or swap space
#   This process is running with CompressedOops enabled, and the Java Heap may be blocking the growth of the native heap
# Possible solutions:
#   Reduce memory load on the system
#   Increase physical memory or swap space
#   Check if swap backing store is full
#   Decrease Java heap size (-Xmx/-Xms)
#   Decrease number of Java threads
#   Decrease Java thread stack sizes (-Xss)
#   Set larger code cache with -XX:ReservedCodeCacheSize=
#   JVM is running with Unscaled Compressed Oops mode in which the Java heap is
#     placed in the first 4GB address space. The Java Heap base address is the
#     maximum limit for the native heap growth. Please use -XX:HeapBaseMinAddress
#     to set the Java Heap base and to place the Java Heap above 4GB virtual address.
# This output file may be truncated or incomplete.
#
#  Out of Memory Error (arena.cpp:191), pid=17388, tid=4868
#
# JRE version: OpenJDK Runtime Environment Temurin-17.0.18+8 (17.0.18+8) (build 17.0.18+8)
# Java VM: OpenJDK 64-Bit Server VM Temurin-17.0.18+8 (17.0.18+8, mixed mode, sharing, tiered, compressed oops, compressed class ptrs, g1 gc, windows-amd64)
# No core dump will be written. Minidumps are not enabled by default on client versions of Windows
#

---------------  S U M M A R Y ------------

Command Line: --add-opens=java.base/java.lang=ALL-UNNAMED --add-opens=java.base/java.lang.invoke=ALL-UNNAMED --add-opens=java.base/java.util=ALL-UNNAMED --add-opens=java.prefs/java.util.prefs=ALL-UNNAMED --add-exports=jdk.compiler/com.sun.tools.javac.api=ALL-UNNAMED --add-exports=jdk.compiler/com.sun.tools.javac.util=ALL-UNNAMED --add-opens=java.base/java.util=ALL-UNNAMED --add-opens=java.prefs/java.util.prefs=ALL-UNNAMED --add-opens=java.base/java.nio.charset=ALL-UNNAMED --add-opens=java.base/java.net=ALL-UNNAMED --add-opens=java.base/java.util.concurrent=ALL-UNNAMED --add-opens=java.base/java.util.concurrent.atomic=ALL-UNNAMED --add-opens=java.xml/javax.xml.namespace=ALL-UNNAMED -XX:MaxMetaspaceSize=512m -XX:+HeapDumpOnOutOfMemoryError -Xmx2048m -Dfile.encoding=UTF-8 -Duser.country=IN -Duser.language=en -Duser.variant -javaagent:C:\Users\Nandhitha_R\.gradle\wrapper\dists\gradle-9.0.0-bin\d6wjpkvcgsg3oed0qlfss3wgl\gradle-9.0.0\lib\agents\gradle-instrumentation-agent-9.0.0.jar org.gradle.launcher.daemon.bootstrap.GradleDaemon 9.0.0

Host: 12th Gen Intel(R) Core(TM) i5-1235U, 12 cores, 15G,  Windows 11 , 64 bit Build 26100 (10.0.26100.8328)
Time: Tue May  5 12:14:36 2026 India Standard Time elapsed time: 208.263293 seconds (0d 0h 3m 28s)

---------------  T H R E A D  ---------------

Current thread (0x0000029a54fc30c0):  JavaThread "C2 CompilerThread1" daemon [_thread_in_native, id=4868, stack(0x000000d192400000,0x000000d192500000)]


Current CompileTask:
C2:208263 29119       4       org.gradle.internal.execution.steps.IdentityCacheStep$$Lambda$970/0x0000029a3265c000::get (16 bytes)

Stack: [0x000000d192400000,0x000000d192500000]
Native frames: (J=compiled Java code, j=interpreted, Vv=VM code, C=native code)
V  [jvm.dll+0x6846f9]
V  [jvm.dll+0x839ea5]
V  [jvm.dll+0x83b91e]
V  [jvm.dll+0x83bfa3]
V  [jvm.dll+0x248eff]
V  [jvm.dll+0xad496]
V  [jvm.dll+0xadb3c]
V  [jvm.dll+0x2b05df]
V  [jvm.dll+0x58acf5]
V  [jvm.dll+0x222e84]
V  [jvm.dll+0x21b98f]
V  [jvm.dll+0x2190fe]
V  [jvm.dll+0x1a4920]
V  [jvm.dll+0x22989a]
V  [jvm.dll+0x227a4b]
V  [jvm.dll+0x7f0658]
V  [jvm.dll+0x7eaaec]
V  [jvm.dll+0x6835c7]
C  [ucrtbase.dll+0x37b0]
C  [KERNEL32.DLL+0x2e957]
C  [ntdll.dll+0x427c]


---------------  P R O C E S S  ---------------

Threads class SMR info:
_java_thread_list=0x0000029a60cd3bb0, length=226, elements={
0x0000029a120e0a70, 0x0000029a30047b10, 0x0000029a3004a4f0, 0x0000029a3005aa40,
0x0000029a3005b310, 0x0000029a3005bbe0, 0x0000029a3005c4b0, 0x0000029a3005f8d0,
0x0000029a300601e0, 0x0000029a30074b10, 0x0000029a30ba3d70, 0x0000029a30c4a230,
0x0000029a51a470f0, 0x0000029a51f430d0, 0x0000029a513ea380, 0x0000029a51f00fb0,
0x0000029a51f014c0, 0x0000029a51f01ee0, 0x0000029a52229dc0, 0x0000029a5222acf0,
0x0000029a522293a0, 0x0000029a5222bc20, 0x0000029a5222e4a0, 0x0000029a5222d570,
0x0000029a544d8470, 0x0000029a544d9dc0, 0x0000029a544d7f60, 0x0000029a52f8bc20,
0x0000029a52f8c130, 0x0000029a52f8df90, 0x0000029a52f8da80, 0x0000029a52f8e9b0,
0x0000029a52f8d060, 0x0000029a52f8c640, 0x0000029a549477c0, 0x0000029a5494cdd0,
0x0000029a5438aa50, 0x0000029a5438b470, 0x0000029a5438b980, 0x0000029a5438f640,
0x0000029a54390f90, 0x0000029a5438e200, 0x0000029a5438d7e0, 0x0000029a53189480,
0x0000029a53188f70, 0x0000029a53188550, 0x0000029a53189990, 0x0000029a53188a60,
0x0000029a531866f0, 0x0000029a531861e0, 0x0000029a5318a8c0, 0x0000029a53189ea0,
0x0000029a53188040, 0x0000029a5318a3b0, 0x0000029a53187110, 0x0000029a5318add0,
0x0000029a53187620, 0x0000029a5318b2e0, 0x0000029a53187b30, 0x0000029a5318c210,
0x0000029a5318d650, 0x0000029a5318b7f0, 0x0000029a5318bd00, 0x0000029a5318cc30,
0x0000029a5318d140, 0x0000029a5318c720, 0x0000029a51330b80, 0x0000029a51331090,
0x0000029a513315a0, 0x0000029a51330670, 0x0000029a51333400, 0x0000029a51331fc0,
0x0000029a513329e0, 0x0000029a51332ef0, 0x0000029a51331ab0, 0x0000029a51334840,
0x0000029a51333910, 0x0000029a51335770, 0x0000029a51333e20, 0x0000029a51334330,
0x0000029a51334d50, 0x0000029a51335c80, 0x0000029a513324d0, 0x0000029a513370c0,
0x0000029a51336bb0, 0x0000029a513375d0, 0x0000029a51337ae0, 0x0000029a51337ff0,
0x0000029a5494a550, 0x0000029a549472b0, 0x0000029a549481e0, 0x0000029a5494aa60,
0x0000029a54949110, 0x0000029a5494af70, 0x0000029a54947cd0, 0x0000029a5494b990,
0x0000029a549486f0, 0x0000029a54949620, 0x0000029a54948c00, 0x0000029a5494c8c0,
0x0000029a5494d2e0, 0x0000029a5494b480, 0x0000029a54949b30, 0x0000029a5494d7f0,
0x0000029a5494a040, 0x0000029a5494dd00, 0x0000029a5494e720, 0x0000029a5494ec30,
0x0000029a5222a2d0, 0x0000029a52228470, 0x0000029a5222b200, 0x0000029a52227a50,
0x0000029a52228980, 0x0000029a5222a7e0, 0x0000029a5222b710, 0x0000029a5222c130,
0x0000029a5222c640, 0x0000029a52228e90, 0x0000029a5222e9b0, 0x0000029a5222da80,
0x0000029a5222cb50, 0x0000029a5222df90, 0x0000029a5222d060, 0x0000029a554e91e0,
0x0000029a554e6450, 0x0000029a554e82b0, 0x0000029a554e7890, 0x0000029a554e6960,
0x0000029a554e6e70, 0x0000029a554e5f40, 0x0000029a554e7380, 0x0000029a554e7da0,
0x0000029a554e87c0, 0x0000029a554e8cd0, 0x0000029a51f00080, 0x0000029a51f023f0,
0x0000029a51f019d0, 0x0000029a51f02900, 0x0000029a51f00590, 0x0000029a51f00aa0,
0x0000029a52f8cb50, 0x0000029a52f8eec0, 0x0000029a52f8d570, 0x0000029a52f8e4a0,
0x0000029a52f8f3d0, 0x0000029a5438a540, 0x0000029a54390060, 0x0000029a54390a80,
0x0000029a5438d2d0, 0x0000029a544d8e90, 0x0000029a544d98b0, 0x0000029a57f463b0,
0x0000029a57f44040, 0x0000029a57f44550, 0x0000029a57f468c0, 0x0000029a57f43110,
0x0000029a57f44a60, 0x0000029a57f44f70, 0x0000029a57f45480, 0x0000029a57f45990,
0x0000029a57f45ea0, 0x0000029a57f46dd0, 0x0000029a57f43620, 0x0000029a57f472e0,
0x0000029a57f43b30, 0x0000029a57f4aa90, 0x0000029a57f477f0, 0x0000029a57f47d00,
0x0000029a57f48210, 0x0000029a57f48c30, 0x0000029a57f49650, 0x0000029a57f4a070,
0x0000029a57f4a580, 0x0000029a57f49b60, 0x0000029a57f49140, 0x0000029a5e31f440,
0x0000029a5e31e000, 0x0000029a5e31d0d0, 0x0000029a5e31ef30, 0x0000029a5e31c1a0,
0x0000029a5e31daf0, 0x0000029a5e31f950, 0x0000029a5e31fe60, 0x0000029a5e31e510,
0x0000029a5e31d5e0, 0x0000029a5e31ea20, 0x0000029a5e31c6b0, 0x0000029a5e320370,
0x0000029a5e31cbc0, 0x0000029a5e321cc0, 0x0000029a5e323100, 0x0000029a5e3226e0,
0x0000029a5e323b20, 0x0000029a5e322bf0, 0x0000029a5e6d7580, 0x0000029a5e6d3dd0,
0x0000029a5e6d7a90, 0x0000029a5e6d42e0, 0x0000029a5e6d7fa0, 0x0000029a5e6d47f0,
0x0000029a5e6d84b0, 0x0000029a5e6dad30, 0x0000029a5e6db750, 0x0000029a5e6d98f0,
0x0000029a5e6d9e00, 0x0000029a5e6da820, 0x0000029a5e6d89c0, 0x0000029a60d1c810,
0x0000029a60d19f90, 0x0000029a60d1a4a0, 0x0000029a60d1a9b0, 0x0000029a54fc30c0,
0x0000029a54fc2620, 0x0000029a60d1d740, 0x0000029a60d1aec0, 0x0000029a60d1dc50,
0x0000029a60d1e160, 0x0000029a60d1e670, 0x0000029a60d1eb80, 0x0000029a60d1b3d0,
0x0000029a60d1f090, 0x0000029a60d1ffc0, 0x0000029a60d1f5a0, 0x0000029a60d1fab0,
0x0000029a60d204d0, 0x0000029a5e6db240
}

Java Threads: ( => current thread )
  0x0000029a120e0a70 JavaThread "main" [_thread_blocked, id=11532, stack(0x000000d190300000,0x000000d190400000)]
  0x0000029a30047b10 JavaThread "Reference Handler" daemon [_thread_blocked, id=23352, stack(0x000000d190a00000,0x000000d190b00000)]
  0x0000029a3004a4f0 JavaThread "Finalizer" daemon [_thread_blocked, id=22392, stack(0x000000d190b00000,0x000000d190c00000)]
  0x0000029a3005aa40 JavaThread "Signal Dispatcher" daemon [_thread_blocked, id=11060, stack(0x000000d190c00000,0x000000d190d00000)]
  0x0000029a3005b310 JavaThread "Attach Listener" daemon [_thread_blocked, id=26400, stack(0x000000d190d00000,0x000000d190e00000)]
  0x0000029a3005bbe0 JavaThread "Service Thread" daemon [_thread_blocked, id=14644, stack(0x000000d190e00000,0x000000d190f00000)]
  0x0000029a3005c4b0 JavaThread "Monitor Deflation Thread" daemon [_thread_blocked, id=18920, stack(0x000000d190f00000,0x000000d191000000)]
  0x0000029a3005f8d0 JavaThread "C2 CompilerThread0" daemon [_thread_in_native, id=22084, stack(0x000000d191000000,0x000000d191100000)]
  0x0000029a300601e0 JavaThread "C1 CompilerThread0" daemon [_thread_blocked, id=5316, stack(0x000000d191100000,0x000000d191200000)]
  0x0000029a30074b10 JavaThread "Sweeper thread" daemon [_thread_blocked, id=8916, stack(0x000000d191200000,0x000000d191300000)]
  0x0000029a30ba3d70 JavaThread "Common-Cleaner" daemon [_thread_blocked, id=25192, stack(0x000000d191300000,0x000000d191400000)]
  0x0000029a30c4a230 JavaThread "Notification Thread" daemon [_thread_blocked, id=5868, stack(0x000000d191400000,0x000000d191500000)]
  0x0000029a51a470f0 JavaThread "Daemon health stats" [_thread_blocked, id=8276, stack(0x000000d191700000,0x000000d191800000)]
  0x0000029a51f430d0 JavaThread "Incoming local TCP Connector on port 65030" [_thread_in_native, id=22468, stack(0x000000d191d00000,0x000000d191e00000)]
  0x0000029a513ea380 JavaThread "Daemon periodic checks" [_thread_blocked, id=10308, stack(0x000000d191e00000,0x000000d191f00000)]
  0x0000029a51f00fb0 JavaThread "Cache worker for journal cache (C:\Users\Nandhitha_R\.gradle\caches\journal-1)" [_thread_blocked, id=26388, stack(0x000000d192600000,0x000000d192700000)]
  0x0000029a51f014c0 JavaThread "File lock request listener" [_thread_in_native, id=24592, stack(0x000000d192700000,0x000000d192800000)]
  0x0000029a51f01ee0 JavaThread "Cache worker for file hash cache (C:\Users\Nandhitha_R\.gradle\caches\9.0.0\fileHashes)" [_thread_blocked, id=2948, stack(0x000000d192800000,0x000000d192900000)]
  0x0000029a52229dc0 JavaThread "File watcher server" daemon [_thread_in_native, id=24548, stack(0x000000d193100000,0x000000d193200000)]
  0x0000029a5222acf0 JavaThread "File watcher consumer" daemon [_thread_blocked, id=26004, stack(0x000000d193200000,0x000000d193300000)]
  0x0000029a522293a0 JavaThread "Cache worker for file content cache (C:\Users\Nandhitha_R\.gradle\caches\9.0.0\fileContent)" [_thread_blocked, id=11432, stack(0x000000d193400000,0x000000d193500000)]
  0x0000029a5222bc20 JavaThread "jar transforms" [_thread_blocked, id=13452, stack(0x000000d193700000,0x000000d193800000)]
  0x0000029a5222e4a0 JavaThread "jar transforms Thread 2" [_thread_blocked, id=10276, stack(0x000000d193900000,0x000000d193a00000)]
  0x0000029a5222d570 JavaThread "jar transforms Thread 3" [_thread_blocked, id=16352, stack(0x000000d193a00000,0x000000d193b00000)]
  0x0000029a544d8470 JavaThread "Memory manager" [_thread_blocked, id=19572, stack(0x000000d193c00000,0x000000d193d00000)]
  0x0000029a544d9dc0 JavaThread "ForkJoinPool.commonPool-worker-1" daemon [_thread_blocked, id=24172, stack(0x000000d196400000,0x000000d196500000)]
  0x0000029a544d7f60 JavaThread "ForkJoinPool.commonPool-worker-3" daemon [_thread_blocked, id=13420, stack(0x000000d196600000,0x000000d196700000)]
  0x0000029a52f8bc20 JavaThread "ForkJoinPool.commonPool-worker-4" daemon [_thread_blocked, id=1188, stack(0x000000d196700000,0x000000d196800000)]
  0x0000029a52f8c130 JavaThread "ForkJoinPool.commonPool-worker-5" daemon [_thread_blocked, id=25124, stack(0x000000d196800000,0x000000d196900000)]
  0x0000029a52f8df90 JavaThread "ForkJoinPool.commonPool-worker-6" daemon [_thread_blocked, id=24896, stack(0x000000d196900000,0x000000d196a00000)]
  0x0000029a52f8da80 JavaThread "ForkJoinPool.commonPool-worker-7" daemon [_thread_blocked, id=25488, stack(0x000000d196a00000,0x000000d196b00000)]
  0x0000029a52f8e9b0 JavaThread "ForkJoinPool.commonPool-worker-8" daemon [_thread_blocked, id=19020, stack(0x000000d196b00000,0x000000d196c00000)]
  0x0000029a52f8d060 JavaThread "ForkJoinPool.commonPool-worker-9" daemon [_thread_blocked, id=23676, stack(0x000000d196c00000,0x000000d196d00000)]
  0x0000029a52f8c640 JavaThread "ForkJoinPool.commonPool-worker-10" daemon [_thread_blocked, id=25092, stack(0x000000d196e00000,0x000000d196f00000)]
  0x0000029a549477c0 JavaThread "jar transforms Thread 4" [_thread_blocked, id=23612, stack(0x000000d19c900000,0x000000d19ca00000)]
  0x0000029a5494cdd0 JavaThread "jar transforms Thread 5" [_thread_blocked, id=24836, stack(0x000000d19ca00000,0x000000d19cb00000)]
  0x0000029a5438aa50 JavaThread "jar transforms Thread 6" [_thread_blocked, id=18648, stack(0x000000d19d300000,0x000000d19d400000)]
  0x0000029a5438b470 JavaThread "jar transforms Thread 7" [_thread_blocked, id=18736, stack(0x000000d19d400000,0x000000d19d500000)]
  0x0000029a5438b980 JavaThread "jar transforms Thread 8" [_thread_blocked, id=21160, stack(0x000000d19d500000,0x000000d19d600000)]
  0x0000029a5438f640 JavaThread "jar transforms Thread 9" [_thread_blocked, id=25520, stack(0x000000d19d900000,0x000000d19da00000)]
  0x0000029a54390f90 JavaThread "jar transforms Thread 10" [_thread_blocked, id=20240, stack(0x000000d19da00000,0x000000d19db00000)]
  0x0000029a5438e200 JavaThread "jar transforms Thread 11" [_thread_blocked, id=21200, stack(0x000000d19db00000,0x000000d19dc00000)]
  0x0000029a5438d7e0 JavaThread "jar transforms Thread 12" [_thread_blocked, id=22780, stack(0x000000d19dc00000,0x000000d19dd00000)]
  0x0000029a53189480 JavaThread "Daemon Thread 2" [_thread_blocked, id=12972, stack(0x000000d190000000,0x000000d190100000)]
  0x0000029a53188f70 JavaThread "Handler for socket connection from /127.0.0.1:65030 to /127.0.0.1:52501" [_thread_in_native, id=26000, stack(0x000000d190100000,0x000000d190200000)]
  0x0000029a53188550 JavaThread "Cancel handler" [_thread_blocked, id=23792, stack(0x000000d190200000,0x000000d190300000)]
  0x0000029a53189990 JavaThread "Daemon worker Thread 2" [_thread_blocked, id=3552, stack(0x000000d191600000,0x000000d191700000)]
  0x0000029a53188a60 JavaThread "Asynchronous log dispatcher for DefaultDaemonConnection: socket connection from /127.0.0.1:65030 to /127.0.0.1:52501" [_thread_blocked, id=25380, stack(0x000000d191f00000,0x000000d192000000)]
  0x0000029a531866f0 JavaThread "Stdin handler" [_thread_blocked, id=2088, stack(0x000000d192000000,0x000000d192100000)]
  0x0000029a531861e0 JavaThread "Daemon client event forwarder" [_thread_blocked, id=8924, stack(0x000000d192100000,0x000000d192200000)]
  0x0000029a5318a8c0 JavaThread "Cache worker for file hash cache (D:\apps\caltims mobile app\frontend\android\.gradle\9.0.0\fileHashes)" [_thread_blocked, id=18620, stack(0x000000d192200000,0x000000d192300000)]
  0x0000029a53189ea0 JavaThread "Cache worker for Build Output Cleanup Cache (D:\apps\caltims mobile app\frontend\android\.gradle\buildOutputCleanup)" [_thread_blocked, id=21516, stack(0x000000d192300000,0x000000d192400000)]
  0x0000029a53188040 JavaThread "Cache worker for checksums cache (D:\apps\caltims mobile app\frontend\android\.gradle\9.0.0\checksums)" [_thread_blocked, id=15388, stack(0x000000d192f00000,0x000000d193000000)]
  0x0000029a5318a3b0 JavaThread "Cache worker for cache directory md-supplier (C:\Users\Nandhitha_R\.gradle\caches\9.0.0\md-supplier)" [_thread_blocked, id=12216, stack(0x000000d193000000,0x000000d193100000)]
  0x0000029a53187110 JavaThread "Cache worker for cache directory md-rule (C:\Users\Nandhitha_R\.gradle\caches\9.0.0\md-rule)" [_thread_blocked, id=22940, stack(0x000000d193300000,0x000000d193400000)]
  0x0000029a5318add0 JavaThread "Cache worker for Build Output Cleanup Cache (D:\apps\caltims mobile app\frontend\node_modules\@react-native\gradle-plugin\.gradle\buildOutputCleanup)" [_thread_blocked, id=22068, stack(0x000000d193500000,0x000000d193600000)]
  0x0000029a53187620 JavaThread "Unconstrained build operations" [_thread_blocked, id=16180, stack(0x000000d193600000,0x000000d193700000)]
  0x0000029a5318b2e0 JavaThread "Unconstrained build operations Thread 2" [_thread_blocked, id=6776, stack(0x000000d193800000,0x000000d193900000)]
  0x0000029a53187b30 JavaThread "Unconstrained build operations Thread 3" [_thread_blocked, id=20520, stack(0x000000d193b00000,0x000000d193c00000)]
  0x0000029a5318c210 JavaThread "Unconstrained build operations Thread 4" [_thread_blocked, id=26616, stack(0x000000d193d00000,0x000000d193e00000)]
  0x0000029a5318d650 JavaThread "Unconstrained build operations Thread 5" [_thread_blocked, id=13008, stack(0x000000d193e00000,0x000000d193f00000)]
  0x0000029a5318b7f0 JavaThread "Unconstrained build operations Thread 6" [_thread_blocked, id=22596, stack(0x000000d193f00000,0x000000d194000000)]
  0x0000029a5318bd00 JavaThread "Unconstrained build operations Thread 7" [_thread_blocked, id=8868, stack(0x000000d194000000,0x000000d194100000)]
  0x0000029a5318cc30 JavaThread "Unconstrained build operations Thread 8" [_thread_blocked, id=12860, stack(0x000000d194100000,0x000000d194200000)]
  0x0000029a5318d140 JavaThread "Unconstrained build operations Thread 9" [_thread_blocked, id=6864, stack(0x000000d194200000,0x000000d194300000)]
  0x0000029a5318c720 JavaThread "Unconstrained build operations Thread 10" [_thread_blocked, id=22088, stack(0x000000d194300000,0x000000d194400000)]
  0x0000029a51330b80 JavaThread "Unconstrained build operations Thread 11" [_thread_blocked, id=23764, stack(0x000000d194400000,0x000000d194500000)]
  0x0000029a51331090 JavaThread "Unconstrained build operations Thread 12" [_thread_blocked, id=2196, stack(0x000000d194500000,0x000000d194600000)]
  0x0000029a513315a0 JavaThread "Unconstrained build operations Thread 13" [_thread_blocked, id=23780, stack(0x000000d194600000,0x000000d194700000)]
  0x0000029a51330670 JavaThread "Unconstrained build operations Thread 14" [_thread_blocked, id=23672, stack(0x000000d194700000,0x000000d194800000)]
  0x0000029a51333400 JavaThread "Unconstrained build operations Thread 15" [_thread_blocked, id=9352, stack(0x000000d194800000,0x000000d194900000)]
  0x0000029a51331fc0 JavaThread "Unconstrained build operations Thread 16" [_thread_blocked, id=8792, stack(0x000000d194900000,0x000000d194a00000)]
  0x0000029a513329e0 JavaThread "Unconstrained build operations Thread 17" [_thread_blocked, id=24960, stack(0x000000d194a00000,0x000000d194b00000)]
  0x0000029a51332ef0 JavaThread "Unconstrained build operations Thread 18" [_thread_blocked, id=24608, stack(0x000000d194b00000,0x000000d194c00000)]
  0x0000029a51331ab0 JavaThread "Unconstrained build operations Thread 19" [_thread_blocked, id=21384, stack(0x000000d194c00000,0x000000d194d00000)]
  0x0000029a51334840 JavaThread "Unconstrained build operations Thread 20" [_thread_blocked, id=24868, stack(0x000000d194d00000,0x000000d194e00000)]
  0x0000029a51333910 JavaThread "Unconstrained build operations Thread 21" [_thread_blocked, id=25452, stack(0x000000d194e00000,0x000000d194f00000)]
  0x0000029a51335770 JavaThread "Unconstrained build operations Thread 22" [_thread_blocked, id=10696, stack(0x000000d194f00000,0x000000d195000000)]
  0x0000029a51333e20 JavaThread "Unconstrained build operations Thread 23" [_thread_blocked, id=23580, stack(0x000000d195000000,0x000000d195100000)]
  0x0000029a51334330 JavaThread "Unconstrained build operations Thread 24" [_thread_blocked, id=11784, stack(0x000000d195100000,0x000000d195200000)]
  0x0000029a51334d50 JavaThread "Unconstrained build operations Thread 25" [_thread_blocked, id=5684, stack(0x000000d195200000,0x000000d195300000)]
  0x0000029a51335c80 JavaThread "Unconstrained build operations Thread 26" [_thread_blocked, id=11192, stack(0x000000d195300000,0x000000d195400000)]
  0x0000029a513324d0 JavaThread "build event listener" [_thread_blocked, id=4208, stack(0x000000d195400000,0x000000d195500000)]
  0x0000029a513370c0 JavaThread "ForkJoinPool.commonPool-worker-13" daemon [_thread_blocked, id=9536, stack(0x000000d195500000,0x000000d195600000)]
  0x0000029a51336bb0 JavaThread "ForkJoinPool.commonPool-worker-12" daemon [_thread_blocked, id=23488, stack(0x000000d195600000,0x000000d195700000)]
  0x0000029a513375d0 JavaThread "included builds" [_thread_blocked, id=25300, stack(0x000000d195700000,0x000000d195800000)]
  0x0000029a51337ae0 JavaThread "Execution worker" [_thread_blocked, id=23884, stack(0x000000d195800000,0x000000d195900000)]
  0x0000029a51337ff0 JavaThread "Execution worker Thread 2" [_thread_blocked, id=11552, stack(0x000000d195900000,0x000000d195a00000)]
  0x0000029a5494a550 JavaThread "Execution worker Thread 3" [_thread_blocked, id=17532, stack(0x000000d195a00000,0x000000d195b00000)]
  0x0000029a549472b0 JavaThread "Execution worker Thread 4" [_thread_in_Java, id=2892, stack(0x000000d195b00000,0x000000d195c00000)]
  0x0000029a549481e0 JavaThread "Execution worker Thread 5" [_thread_blocked, id=3592, stack(0x000000d195c00000,0x000000d195d00000)]
  0x0000029a5494aa60 JavaThread "Execution worker Thread 6" [_thread_blocked, id=16016, stack(0x000000d195d00000,0x000000d195e00000)]
  0x0000029a54949110 JavaThread "Execution worker Thread 7" [_thread_blocked, id=25484, stack(0x000000d195e00000,0x000000d195f00000)]
  0x0000029a5494af70 JavaThread "Execution worker Thread 8" [_thread_blocked, id=26612, stack(0x000000d195f00000,0x000000d196000000)]
  0x0000029a54947cd0 JavaThread "Execution worker Thread 9" [_thread_blocked, id=16148, stack(0x000000d196000000,0x000000d196100000)]
  0x0000029a5494b990 JavaThread "Execution worker Thread 10" [_thread_blocked, id=26116, stack(0x000000d196100000,0x000000d196200000)]
  0x0000029a549486f0 JavaThread "Execution worker Thread 11" [_thread_blocked, id=19016, stack(0x000000d196200000,0x000000d196300000)]
  0x0000029a54949620 JavaThread "Cache worker for execution history cache (D:\apps\caltims mobile app\frontend\node_modules\@react-native\gradle-plugin\.gradle\9.0.0\executionHistory)" [_thread_blocked, id=13592, stack(0x000000d196300000,0x000000d196400000)]
  0x0000029a54948c00 JavaThread "Unconstrained build operations Thread 27" [_thread_blocked, id=24728, stack(0x000000d196500000,0x000000d196600000)]
  0x0000029a5494c8c0 JavaThread "Unconstrained build operations Thread 28" [_thread_blocked, id=1072, stack(0x000000d196d00000,0x000000d196e00000)]
  0x0000029a5494d2e0 JavaThread "Unconstrained build operations Thread 29" [_thread_blocked, id=14608, stack(0x000000d196f00000,0x000000d197000000)]
  0x0000029a5494b480 JavaThread "Unconstrained build operations Thread 30" [_thread_blocked, id=26544, stack(0x000000d197000000,0x000000d197100000)]
  0x0000029a54949b30 JavaThread "Unconstrained build operations Thread 31" [_thread_blocked, id=18900, stack(0x000000d197100000,0x000000d197200000)]
  0x0000029a5494d7f0 JavaThread "Unconstrained build operations Thread 32" [_thread_blocked, id=7948, stack(0x000000d197200000,0x000000d197300000)]
  0x0000029a5494a040 JavaThread "Unconstrained build operations Thread 33" [_thread_blocked, id=19884, stack(0x000000d197300000,0x000000d197400000)]
  0x0000029a5494dd00 JavaThread "Unconstrained build operations Thread 34" [_thread_blocked, id=9816, stack(0x000000d197400000,0x000000d197500000)]
  0x0000029a5494e720 JavaThread "Unconstrained build operations Thread 35" [_thread_blocked, id=16680, stack(0x000000d197500000,0x000000d197600000)]
  0x0000029a5494ec30 JavaThread "Unconstrained build operations Thread 36" [_thread_blocked, id=26568, stack(0x000000d197600000,0x000000d197700000)]
  0x0000029a5222a2d0 JavaThread "Unconstrained build operations Thread 37" [_thread_blocked, id=10084, stack(0x000000d197700000,0x000000d197800000)]
  0x0000029a52228470 JavaThread "Unconstrained build operations Thread 38" [_thread_blocked, id=15456, stack(0x000000d197800000,0x000000d197900000)]
  0x0000029a5222b200 JavaThread "Unconstrained build operations Thread 39" [_thread_blocked, id=12608, stack(0x000000d197900000,0x000000d197a00000)]
  0x0000029a52227a50 JavaThread "Unconstrained build operations Thread 40" [_thread_blocked, id=13892, stack(0x000000d197a00000,0x000000d197b00000)]
  0x0000029a52228980 JavaThread "Unconstrained build operations Thread 41" [_thread_blocked, id=3532, stack(0x000000d197b00000,0x000000d197c00000)]
  0x0000029a5222a7e0 JavaThread "Unconstrained build operations Thread 42" [_thread_blocked, id=9096, stack(0x000000d197c00000,0x000000d197d00000)]
  0x0000029a5222b710 JavaThread "Unconstrained build operations Thread 43" [_thread_blocked, id=25496, stack(0x000000d197d00000,0x000000d197e00000)]
  0x0000029a5222c130 JavaThread "Unconstrained build operations Thread 44" [_thread_blocked, id=15732, stack(0x000000d197e00000,0x000000d197f00000)]
  0x0000029a5222c640 JavaThread "Unconstrained build operations Thread 45" [_thread_blocked, id=2808, stack(0x000000d197f00000,0x000000d198000000)]
  0x0000029a52228e90 JavaThread "Unconstrained build operations Thread 46" [_thread_blocked, id=25196, stack(0x000000d198000000,0x000000d198100000)]
  0x0000029a5222e9b0 JavaThread "Unconstrained build operations Thread 47" [_thread_blocked, id=1556, stack(0x000000d198100000,0x000000d198200000)]
  0x0000029a5222da80 JavaThread "Unconstrained build operations Thread 48" [_thread_blocked, id=18836, stack(0x000000d198200000,0x000000d198300000)]
  0x0000029a5222cb50 JavaThread "Unconstrained build operations Thread 49" [_thread_blocked, id=4976, stack(0x000000d198300000,0x000000d198400000)]
  0x0000029a5222df90 JavaThread "Unconstrained build operations Thread 50" [_thread_blocked, id=1196, stack(0x000000d198400000,0x000000d198500000)]
  0x0000029a5222d060 JavaThread "Unconstrained build operations Thread 51" [_thread_blocked, id=22540, stack(0x000000d198500000,0x000000d198600000)]
  0x0000029a554e91e0 JavaThread "Unconstrained build operations Thread 52" [_thread_blocked, id=14556, stack(0x000000d198600000,0x000000d198700000)]
  0x0000029a554e6450 JavaThread "Unconstrained build operations Thread 53" [_thread_blocked, id=16436, stack(0x000000d198700000,0x000000d198800000)]
  0x0000029a554e82b0 JavaThread "Unconstrained build operations Thread 54" [_thread_blocked, id=5668, stack(0x000000d198800000,0x000000d198900000)]
  0x0000029a554e7890 JavaThread "Unconstrained build operations Thread 55" [_thread_blocked, id=24604, stack(0x000000d198900000,0x000000d198a00000)]
  0x0000029a554e6960 JavaThread "Unconstrained build operations Thread 56" [_thread_blocked, id=26364, stack(0x000000d198a00000,0x000000d198b00000)]
  0x0000029a554e6e70 JavaThread "Unconstrained build operations Thread 57" [_thread_blocked, id=23812, stack(0x000000d198b00000,0x000000d198c00000)]
  0x0000029a554e5f40 JavaThread "Unconstrained build operations Thread 58" [_thread_blocked, id=904, stack(0x000000d198c00000,0x000000d198d00000)]
  0x0000029a554e7380 JavaThread "Unconstrained build operations Thread 59" [_thread_blocked, id=25468, stack(0x000000d198d00000,0x000000d198e00000)]
  0x0000029a554e7da0 JavaThread "Unconstrained build operations Thread 60" [_thread_blocked, id=25908, stack(0x000000d198e00000,0x000000d198f00000)]
  0x0000029a554e87c0 JavaThread "Unconstrained build operations Thread 61" [_thread_blocked, id=25032, stack(0x000000d198f00000,0x000000d199000000)]
  0x0000029a554e8cd0 JavaThread "Unconstrained build operations Thread 62" [_thread_blocked, id=20268, stack(0x000000d199000000,0x000000d199100000)]
  0x0000029a51f00080 JavaThread "Unconstrained build operations Thread 63" [_thread_blocked, id=3636, stack(0x000000d199100000,0x000000d199200000)]
  0x0000029a51f023f0 JavaThread "Unconstrained build operations Thread 64" [_thread_blocked, id=24680, stack(0x000000d199200000,0x000000d199300000)]
  0x0000029a51f019d0 JavaThread "Unconstrained build operations Thread 65" [_thread_blocked, id=20316, stack(0x000000d199300000,0x000000d199400000)]
  0x0000029a51f02900 JavaThread "Unconstrained build operations Thread 66" [_thread_blocked, id=1336, stack(0x000000d199400000,0x000000d199500000)]
  0x0000029a51f00590 JavaThread "Unconstrained build operations Thread 67" [_thread_blocked, id=18296, stack(0x000000d199500000,0x000000d199600000)]
  0x0000029a51f00aa0 JavaThread "Unconstrained build operations Thread 68" [_thread_blocked, id=11448, stack(0x000000d199600000,0x000000d199700000)]
  0x0000029a52f8cb50 JavaThread "Unconstrained build operations Thread 69" [_thread_blocked, id=11484, stack(0x000000d199700000,0x000000d199800000)]
  0x0000029a52f8eec0 JavaThread "Unconstrained build operations Thread 70" [_thread_blocked, id=17992, stack(0x000000d199800000,0x000000d199900000)]
  0x0000029a52f8d570 JavaThread "Unconstrained build operations Thread 71" [_thread_blocked, id=9252, stack(0x000000d199900000,0x000000d199a00000)]
  0x0000029a52f8e4a0 JavaThread "Unconstrained build operations Thread 72" [_thread_blocked, id=13608, stack(0x000000d199a00000,0x000000d199b00000)]
  0x0000029a52f8f3d0 JavaThread "Unconstrained build operations Thread 73" [_thread_blocked, id=18768, stack(0x000000d199b00000,0x000000d199c00000)]
  0x0000029a5438a540 JavaThread "Unconstrained build operations Thread 74" [_thread_blocked, id=21996, stack(0x000000d199c00000,0x000000d199d00000)]
  0x0000029a54390060 JavaThread "Unconstrained build operations Thread 75" [_thread_blocked, id=21272, stack(0x000000d199d00000,0x000000d199e00000)]
  0x0000029a54390a80 JavaThread "Unconstrained build operations Thread 76" [_thread_blocked, id=26164, stack(0x000000d199e00000,0x000000d199f00000)]
  0x0000029a5438d2d0 JavaThread "Unconstrained build operations Thread 77" [_thread_blocked, id=23928, stack(0x000000d199f00000,0x000000d19a000000)]
  0x0000029a544d8e90 JavaThread "Unconstrained build operations Thread 78" [_thread_blocked, id=5636, stack(0x000000d19a000000,0x000000d19a100000)]
  0x0000029a544d98b0 JavaThread "Unconstrained build operations Thread 79" [_thread_blocked, id=26512, stack(0x000000d19a100000,0x000000d19a200000)]
  0x0000029a57f463b0 JavaThread "Unconstrained build operations Thread 80" [_thread_blocked, id=12796, stack(0x000000d19a200000,0x000000d19a300000)]
  0x0000029a57f44040 JavaThread "Unconstrained build operations Thread 81" [_thread_blocked, id=26080, stack(0x000000d19a300000,0x000000d19a400000)]
  0x0000029a57f44550 JavaThread "Unconstrained build operations Thread 82" [_thread_blocked, id=9040, stack(0x000000d19a400000,0x000000d19a500000)]
  0x0000029a57f468c0 JavaThread "Unconstrained build operations Thread 83" [_thread_blocked, id=14988, stack(0x000000d19a500000,0x000000d19a600000)]
  0x0000029a57f43110 JavaThread "Unconstrained build operations Thread 84" [_thread_blocked, id=6440, stack(0x000000d19a600000,0x000000d19a700000)]
  0x0000029a57f44a60 JavaThread "Unconstrained build operations Thread 85" [_thread_blocked, id=26152, stack(0x000000d19a700000,0x000000d19a800000)]
  0x0000029a57f44f70 JavaThread "Unconstrained build operations Thread 86" [_thread_blocked, id=23692, stack(0x000000d19a800000,0x000000d19a900000)]
  0x0000029a57f45480 JavaThread "Unconstrained build operations Thread 87" [_thread_blocked, id=25532, stack(0x000000d19a900000,0x000000d19aa00000)]
  0x0000029a57f45990 JavaThread "Unconstrained build operations Thread 88" [_thread_blocked, id=18448, stack(0x000000d19aa00000,0x000000d19ab00000)]
  0x0000029a57f45ea0 JavaThread "Unconstrained build operations Thread 89" [_thread_blocked, id=1644, stack(0x000000d19ab00000,0x000000d19ac00000)]
  0x0000029a57f46dd0 JavaThread "Unconstrained build operations Thread 90" [_thread_blocked, id=10688, stack(0x000000d19ac00000,0x000000d19ad00000)]
  0x0000029a57f43620 JavaThread "Unconstrained build operations Thread 91" [_thread_blocked, id=9232, stack(0x000000d19ad00000,0x000000d19ae00000)]
  0x0000029a57f472e0 JavaThread "Unconstrained build operations Thread 92" [_thread_blocked, id=1604, stack(0x000000d19ae00000,0x000000d19af00000)]
  0x0000029a57f43b30 JavaThread "Unconstrained build operations Thread 93" [_thread_blocked, id=7420, stack(0x000000d19af00000,0x000000d19b000000)]
  0x0000029a57f4aa90 JavaThread "Unconstrained build operations Thread 94" [_thread_blocked, id=20228, stack(0x000000d19b000000,0x000000d19b100000)]
  0x0000029a57f477f0 JavaThread "Unconstrained build operations Thread 95" [_thread_blocked, id=8876, stack(0x000000d19b100000,0x000000d19b200000)]
  0x0000029a57f47d00 JavaThread "Unconstrained build operations Thread 96" [_thread_blocked, id=9644, stack(0x000000d19b200000,0x000000d19b300000)]
  0x0000029a57f48210 JavaThread "Unconstrained build operations Thread 97" [_thread_blocked, id=21672, stack(0x000000d19b300000,0x000000d19b400000)]
  0x0000029a57f48c30 JavaThread "Unconstrained build operations Thread 98" [_thread_blocked, id=25476, stack(0x000000d19b400000,0x000000d19b500000)]
  0x0000029a57f49650 JavaThread "Unconstrained build operations Thread 99" [_thread_blocked, id=17932, stack(0x000000d19b500000,0x000000d19b600000)]
  0x0000029a57f4a070 JavaThread "Unconstrained build operations Thread 100" [_thread_blocked, id=24788, stack(0x000000d19b600000,0x000000d19b700000)]
  0x0000029a57f4a580 JavaThread "build event listener" [_thread_blocked, id=2796, stack(0x000000d19b700000,0x000000d19b800000)]
  0x0000029a57f49b60 JavaThread "Problems report writer" [_thread_blocked, id=12644, stack(0x000000d19b800000,0x000000d19b900000)]
  0x0000029a57f49140 JavaThread "Unconstrained build operations Thread 101" [_thread_blocked, id=1944, stack(0x000000d19b900000,0x000000d19ba00000)]
  0x0000029a5e31f440 JavaThread "Unconstrained build operations Thread 102" [_thread_blocked, id=25624, stack(0x000000d19ba00000,0x000000d19bb00000)]
  0x0000029a5e31e000 JavaThread "Unconstrained build operations Thread 103" [_thread_blocked, id=19256, stack(0x000000d19bb00000,0x000000d19bc00000)]
  0x0000029a5e31d0d0 JavaThread "Unconstrained build operations Thread 104" [_thread_blocked, id=22444, stack(0x000000d19bc00000,0x000000d19bd00000)]
  0x0000029a5e31ef30 JavaThread "Unconstrained build operations Thread 105" [_thread_blocked, id=26572, stack(0x000000d19bd00000,0x000000d19be00000)]
  0x0000029a5e31c1a0 JavaThread "Unconstrained build operations Thread 106" [_thread_blocked, id=18260, stack(0x000000d19be00000,0x000000d19bf00000)]
  0x0000029a5e31daf0 JavaThread "Unconstrained build operations Thread 107" [_thread_blocked, id=13440, stack(0x000000d19bf00000,0x000000d19c000000)]
  0x0000029a5e31f950 JavaThread "Unconstrained build operations Thread 108" [_thread_blocked, id=24716, stack(0x000000d19c000000,0x000000d19c100000)]
  0x0000029a5e31fe60 JavaThread "Unconstrained build operations Thread 109" [_thread_blocked, id=18976, stack(0x000000d19c100000,0x000000d19c200000)]
  0x0000029a5e31e510 JavaThread "Unconstrained build operations Thread 110" [_thread_blocked, id=5232, stack(0x000000d19c200000,0x000000d19c300000)]
  0x0000029a5e31d5e0 JavaThread "Unconstrained build operations Thread 111" [_thread_blocked, id=21704, stack(0x000000d19c300000,0x000000d19c400000)]
  0x0000029a5e31ea20 JavaThread "Unconstrained build operations Thread 112" [_thread_blocked, id=26144, stack(0x000000d19c400000,0x000000d19c500000)]
  0x0000029a5e31c6b0 JavaThread "Unconstrained build operations Thread 113" [_thread_blocked, id=3684, stack(0x000000d19c500000,0x000000d19c600000)]
  0x0000029a5e320370 JavaThread "Unconstrained build operations Thread 114" [_thread_blocked, id=19888, stack(0x000000d19c600000,0x000000d19c700000)]
  0x0000029a5e31cbc0 JavaThread "Unconstrained build operations Thread 115" [_thread_blocked, id=10572, stack(0x000000d19c700000,0x000000d19c800000)]
  0x0000029a5e321cc0 JavaThread "Unconstrained build operations Thread 116" [_thread_blocked, id=13564, stack(0x000000d19c800000,0x000000d19c900000)]
  0x0000029a5e323100 JavaThread "Unconstrained build operations Thread 117" [_thread_blocked, id=5200, stack(0x000000d19cb00000,0x000000d19cc00000)]
  0x0000029a5e3226e0 JavaThread "Unconstrained build operations Thread 118" [_thread_blocked, id=25008, stack(0x000000d19cc00000,0x000000d19cd00000)]
  0x0000029a5e323b20 JavaThread "Unconstrained build operations Thread 119" [_thread_blocked, id=26272, stack(0x000000d19cd00000,0x000000d19ce00000)]
  0x0000029a5e322bf0 JavaThread "Unconstrained build operations Thread 120" [_thread_blocked, id=14544, stack(0x000000d19ce00000,0x000000d19cf00000)]
  0x0000029a5e6d7580 JavaThread "Cache worker for execution history cache (D:\apps\caltims mobile app\frontend\android\.gradle\9.0.0\executionHistory)" [_thread_blocked, id=22800, stack(0x000000d19d700000,0x000000d19d800000)]
  0x0000029a5e6d3dd0 JavaThread "WorkerExecutor Queue" [_thread_blocked, id=26052, stack(0x000000d19dd00000,0x000000d19de00000)]
  0x0000029a5e6d7a90 JavaThread "WorkerExecutor Queue Thread 2" [_thread_blocked, id=14804, stack(0x000000d19de00000,0x000000d19df00000)]
  0x0000029a5e6d42e0 JavaThread "WorkerExecutor Queue Thread 3" [_thread_blocked, id=22296, stack(0x000000d19df00000,0x000000d19e000000)]
  0x0000029a5e6d7fa0 JavaThread "WorkerExecutor Queue Thread 4" [_thread_blocked, id=25576, stack(0x000000d19e000000,0x000000d19e100000)]
  0x0000029a5e6d47f0 JavaThread "WorkerExecutor Queue Thread 5" [_thread_blocked, id=16380, stack(0x000000d19e100000,0x000000d19e200000)]
  0x0000029a5e6d84b0 JavaThread "WorkerExecutor Queue Thread 6" [_thread_blocked, id=1160, stack(0x000000d19e200000,0x000000d19e300000)]
  0x0000029a5e6dad30 JavaThread "WorkerExecutor Queue Thread 7" [_thread_blocked, id=12900, stack(0x000000d19e300000,0x000000d19e400000)]
  0x0000029a5e6db750 JavaThread "WorkerExecutor Queue Thread 8" [_thread_blocked, id=25264, stack(0x000000d19e400000,0x000000d19e500000)]
  0x0000029a5e6d98f0 JavaThread "WorkerExecutor Queue Thread 9" [_thread_blocked, id=6532, stack(0x000000d19e500000,0x000000d19e600000)]
  0x0000029a5e6d9e00 JavaThread "WorkerExecutor Queue Thread 10" [_thread_blocked, id=12224, stack(0x000000d19e600000,0x000000d19e700000)]
  0x0000029a5e6da820 JavaThread "WorkerExecutor Queue Thread 11" [_thread_blocked, id=22972, stack(0x000000d19e700000,0x000000d19e800000)]
  0x0000029a5e6d89c0 JavaThread "WorkerExecutor Queue Thread 12" [_thread_blocked, id=8460, stack(0x000000d19e800000,0x000000d19e900000)]
  0x0000029a60d1c810 JavaThread "pool-4-thread-1" [_thread_blocked, id=11064, stack(0x000000d19e900000,0x000000d19ea00000)]
  0x0000029a60d19f90 JavaThread "stderr" [_thread_in_native, id=4828, stack(0x000000d19ea00000,0x000000d19eb00000)]
  0x0000029a60d1a4a0 JavaThread "stdout" [_thread_in_native, id=22172, stack(0x000000d19eb00000,0x000000d19ec00000)]
  0x0000029a60d1a9b0 JavaThread "Cache worker for Java compile cache (C:\Users\Nandhitha_R\.gradle\caches\9.0.0\javaCompile)" [_thread_blocked, id=1964, stack(0x000000d19ec00000,0x000000d19ed00000)]
=>0x0000029a54fc30c0 JavaThread "C2 CompilerThread1" daemon [_thread_in_native, id=4868, stack(0x000000d192400000,0x000000d192500000)]
  0x0000029a54fc2620 JavaThread "C2 CompilerThread2" daemon [_thread_blocked, id=21104, stack(0x000000d192500000,0x000000d192600000)]
  0x0000029a60d1d740 JavaThread "Build operations" [_thread_blocked, id=19288, stack(0x000000d19d800000,0x000000d19d900000)]
  0x0000029a60d1aec0 JavaThread "Build operations Thread 2" [_thread_blocked, id=2360, stack(0x000000d19ed00000,0x000000d19ee00000)]
  0x0000029a60d1dc50 JavaThread "Build operations Thread 3" [_thread_blocked, id=4200, stack(0x000000d19ee00000,0x000000d19ef00000)]
  0x0000029a60d1e160 JavaThread "Build operations Thread 4" [_thread_blocked, id=18880, stack(0x000000d19ef00000,0x000000d19f000000)]
  0x0000029a60d1e670 JavaThread "Build operations Thread 5" [_thread_blocked, id=21512, stack(0x000000d19f000000,0x000000d19f100000)]
  0x0000029a60d1eb80 JavaThread "Build operations Thread 6" [_thread_blocked, id=25612, stack(0x000000d19f100000,0x000000d19f200000)]
  0x0000029a60d1b3d0 JavaThread "Build operations Thread 7" [_thread_blocked, id=21712, stack(0x000000d19f200000,0x000000d19f300000)]
  0x0000029a60d1f090 JavaThread "Build operations Thread 8" [_thread_blocked, id=25904, stack(0x000000d19f300000,0x000000d19f400000)]
  0x0000029a60d1ffc0 JavaThread "Build operations Thread 9" [_thread_blocked, id=24264, stack(0x000000d19f400000,0x000000d19f500000)]
  0x0000029a60d1f5a0 JavaThread "Build operations Thread 10" [_thread_blocked, id=4764, stack(0x000000d19f500000,0x000000d19f600000)]
  0x0000029a60d1fab0 JavaThread "Build operations Thread 11" [_thread_blocked, id=2596, stack(0x000000d19f600000,0x000000d19f700000)]
  0x0000029a60d204d0 JavaThread "WorkerExecutor Queue Thread 13" [_thread_blocked, id=24708, stack(0x000000d19f700000,0x000000d19f800000)]
  0x0000029a5e6db240 JavaThread "Thread-349" [_thread_in_native, id=15480, stack(0x000000d19f800000,0x000000d19f900000)]

Other Threads:
  0x0000029a300424d0 VMThread "VM Thread" [stack: 0x000000d190900000,0x000000d190a00000] [id=11476]
  0x0000029a120e1800 WatcherThread [stack: 0x000000d191500000,0x000000d191600000] [id=25128]
  0x0000029a12141200 GCTaskThread "GC Thread#0" [stack: 0x000000d190400000,0x000000d190500000] [id=15908]
  0x0000029a50151440 GCTaskThread "GC Thread#1" [stack: 0x000000d191800000,0x000000d191900000] [id=17256]
  0x0000029a5049d410 GCTaskThread "GC Thread#2" [stack: 0x000000d191900000,0x000000d191a00000] [id=23192]
  0x0000029a30d9edf0 GCTaskThread "GC Thread#3" [stack: 0x000000d191a00000,0x000000d191b00000] [id=24176]
  0x0000029a30d9f0b0 GCTaskThread "GC Thread#4" [stack: 0x000000d191b00000,0x000000d191c00000] [id=12344]
  0x0000029a5003c0e0 GCTaskThread "GC Thread#5" [stack: 0x000000d191c00000,0x000000d191d00000] [id=18776]
  0x0000029a51b9c5a0 GCTaskThread "GC Thread#6" [stack: 0x000000d192900000,0x000000d192a00000] [id=11112]
  0x0000029a51b9cde0 GCTaskThread "GC Thread#7" [stack: 0x000000d192a00000,0x000000d192b00000] [id=2336]
  0x0000029a51b9c2e0 GCTaskThread "GC Thread#8" [stack: 0x000000d192b00000,0x000000d192c00000] [id=1120]
  0x0000029a53980170 GCTaskThread "GC Thread#9" [stack: 0x000000d192c00000,0x000000d192d00000] [id=17952]
  0x0000029a12152d30 ConcurrentGCThread "G1 Main Marker" [stack: 0x000000d190500000,0x000000d190600000] [id=9824]
  0x0000029a12154510 ConcurrentGCThread "G1 Conc#0" [stack: 0x000000d190600000,0x000000d190700000] [id=24212]
  0x0000029a5397e5f0 ConcurrentGCThread "G1 Conc#1" [stack: 0x000000d192d00000,0x000000d192e00000] [id=18580]
  0x0000029a53981770 ConcurrentGCThread "G1 Conc#2" [stack: 0x000000d192e00000,0x000000d192f00000] [id=2316]
  0x0000029a1218e720 ConcurrentGCThread "G1 Refine#0" [stack: 0x000000d190700000,0x000000d190800000] [id=18720]
  0x0000029a5e64db10 ConcurrentGCThread "G1 Refine#1" [stack: 0x000000d19cf00000,0x000000d19d000000] [id=26136]
  0x0000029a55ee8800 ConcurrentGCThread "G1 Refine#2" [stack: 0x000000d19d000000,0x000000d19d100000] [id=13560]
  0x0000029a584c2440 ConcurrentGCThread "G1 Refine#3" [stack: 0x000000d19d100000,0x000000d19d200000] [id=25740]
  0x0000029a54872470 ConcurrentGCThread "G1 Refine#4" [stack: 0x000000d19d200000,0x000000d19d300000] [id=25440]
  0x0000029a5ef975e0 ConcurrentGCThread "G1 Refine#5" [stack: 0x000000d19d600000,0x000000d19d700000] [id=25892]
  0x0000029a2ff800e0 ConcurrentGCThread "G1 Service" [stack: 0x000000d190800000,0x000000d190900000] [id=11004]

Threads with active compile tasks:
C2 CompilerThread1  208356 29119       4       org.gradle.internal.execution.steps.IdentityCacheStep$$Lambda$970/0x0000029a3265c000::get (16 bytes)

VM state: not at safepoint (normal execution)

VM Mutex/Monitor currently owned by a thread:  ([mutex/lock_event])
[0x0000029a120dc690] CompiledIC_lock - owner thread: 0x0000029a30074b10

Heap address: 0x0000000080000000, size: 2048 MB, Compressed Oops mode: 32-bit

CDS archive(s) mapped at: [0x0000029a31000000-0x0000029a31bb0000-0x0000029a31bb0000), size 12255232, SharedBaseAddress: 0x0000029a31000000, ArchiveRelocationMode: 1.
Compressed class space mapped at: 0x0000029a32000000-0x0000029a4c000000, reserved size: 436207616
Narrow klass base: 0x0000029a31000000, Narrow klass shift: 0, Narrow klass range: 0x100000000

GC Precious Log:
 CPUs: 12 total, 12 available
 Memory: 16068M
 Large Page Support: Disabled
 NUMA Support: Disabled
 Compressed Oops: Enabled (32-bit)
 Heap Region Size: 1M
 Heap Min Capacity: 8M
 Heap Initial Capacity: 252M
 Heap Max Capacity: 2G
 Pre-touch: Disabled
 Parallel Workers: 10
 Concurrent Workers: 3
 Concurrent Refinement Workers: 10
 Periodic GC: Disabled

Heap:
 garbage-first heap   total 611328K, used 462884K [0x0000000080000000, 0x0000000100000000)
  region size 1024K, 77 young (78848K), 7 survivors (7168K)
 Metaspace       used 149898K, committed 152320K, reserved 622592K
  class space    used 20029K, committed 21184K, reserved 425984K

Heap Regions: E=young(eden), S=young(survivor), O=old, HS=humongous(starts), HC=humongous(continues), CS=collection set, F=free, OA=open archive, CA=closed archive, TAMS=top-at-mark-start (previous, next)
|   0|0x0000000080000000, 0x0000000080100000, 0x0000000080100000|100%|HS|  |TAMS 0x0000000080100000, 0x0000000080000000| Complete 
|   1|0x0000000080100000, 0x0000000080200000, 0x0000000080200000|100%|HC|  |TAMS 0x0000000080200000, 0x0000000080100000| Complete 
|   2|0x0000000080200000, 0x0000000080300000, 0x0000000080300000|100%|HC|  |TAMS 0x0000000080300000, 0x0000000080200000| Complete 
|   3|0x0000000080300000, 0x0000000080400000, 0x0000000080400000|100%| O|  |TAMS 0x0000000080400000, 0x0000000080300000| Untracked 
|   4|0x0000000080400000, 0x0000000080500000, 0x0000000080500000|100%| O|  |TAMS 0x0000000080500000, 0x0000000080400000| Untracked 
|   5|0x0000000080500000, 0x0000000080600000, 0x0000000080600000|100%| O|  |TAMS 0x0000000080600000, 0x0000000080500000| Untracked 
|   6|0x0000000080600000, 0x0000000080700000, 0x0000000080700000|100%|HS|  |TAMS 0x0000000080700000, 0x0000000080600000| Complete 
|   7|0x0000000080700000, 0x0000000080800000, 0x0000000080800000|100%| O|  |TAMS 0x0000000080800000, 0x0000000080700000| Untracked 
|   8|0x0000000080800000, 0x0000000080900000, 0x0000000080900000|100%| O|  |TAMS 0x0000000080900000, 0x0000000080800000| Untracked 
|   9|0x0000000080900000, 0x0000000080a00000, 0x0000000080a00000|100%| O|  |TAMS 0x0000000080a00000, 0x0000000080900000| Untracked 
|  10|0x0000000080a00000, 0x0000000080b00000, 0x0000000080b00000|100%| O|  |TAMS 0x0000000080b00000, 0x0000000080a00000| Untracked 
|  11|0x0000000080b00000, 0x0000000080c00000, 0x0000000080c00000|100%| O|  |TAMS 0x0000000080c00000, 0x0000000080b00000| Untracked 
|  12|0x0000000080c00000, 0x0000000080c9fc00, 0x0000000080d00000| 62%| O|  |TAMS 0x0000000080c9fc00, 0x0000000080c00000| Untracked 
|  13|0x0000000080d00000, 0x0000000080e00000, 0x0000000080e00000|100%| O|  |TAMS 0x0000000080e00000, 0x0000000080d00000| Untracked 
|  14|0x0000000080e00000, 0x0000000080f00000, 0x0000000080f00000|100%| O|  |TAMS 0x0000000080f00000, 0x0000000080e00000| Untracked 
|  15|0x0000000080f00000, 0x0000000081000000, 0x0000000081000000|100%| O|  |TAMS 0x0000000081000000, 0x0000000080f00000| Untracked 
|  16|0x0000000081000000, 0x0000000081100000, 0x0000000081100000|100%| O|  |TAMS 0x0000000081100000, 0x0000000081000000| Untracked 
|  17|0x0000000081100000, 0x0000000081200000, 0x0000000081200000|100%| O|  |TAMS 0x0000000081200000, 0x0000000081100000| Untracked 
|  18|0x0000000081200000, 0x0000000081300000, 0x0000000081300000|100%| O|  |TAMS 0x0000000081300000, 0x0000000081200000| Untracked 
|  19|0x0000000081300000, 0x0000000081400000, 0x0000000081400000|100%| O|  |TAMS 0x0000000081400000, 0x0000000081300000| Untracked 
|  20|0x0000000081400000, 0x0000000081500000, 0x0000000081500000|100%| O|  |TAMS 0x0000000081500000, 0x0000000081400000| Untracked 
|  21|0x0000000081500000, 0x0000000081600000, 0x0000000081600000|100%| O|  |TAMS 0x0000000081600000, 0x0000000081500000| Untracked 
|  22|0x0000000081600000, 0x0000000081700000, 0x0000000081700000|100%| O|  |TAMS 0x0000000081700000, 0x0000000081600000| Untracked 
|  23|0x0000000081700000, 0x0000000081800000, 0x0000000081800000|100%| O|  |TAMS 0x0000000081800000, 0x0000000081700000| Untracked 
|  24|0x0000000081800000, 0x0000000081900000, 0x0000000081900000|100%| O|  |TAMS 0x0000000081900000, 0x0000000081800000| Untracked 
|  25|0x0000000081900000, 0x0000000081a00000, 0x0000000081a00000|100%| O|  |TAMS 0x0000000081a00000, 0x0000000081900000| Untracked 
|  26|0x0000000081a00000, 0x0000000081b00000, 0x0000000081b00000|100%| O|  |TAMS 0x0000000081b00000, 0x0000000081a00000| Untracked 
|  27|0x0000000081b00000, 0x0000000081c00000, 0x0000000081c00000|100%| O|  |TAMS 0x0000000081c00000, 0x0000000081b00000| Untracked 
|  28|0x0000000081c00000, 0x0000000081d00000, 0x0000000081d00000|100%| O|  |TAMS 0x0000000081d00000, 0x0000000081c00000| Untracked 
|  29|0x0000000081d00000, 0x0000000081e00000, 0x0000000081e00000|100%| O|  |TAMS 0x0000000081e00000, 0x0000000081d00000| Untracked 
|  30|0x0000000081e00000, 0x0000000081f00000, 0x0000000081f00000|100%| O|  |TAMS 0x0000000081f00000, 0x0000000081e00000| Untracked 
|  31|0x0000000081f00000, 0x0000000082000000, 0x0000000082000000|100%| O|  |TAMS 0x0000000082000000, 0x0000000081f00000| Untracked 
|  32|0x0000000082000000, 0x0000000082100000, 0x0000000082100000|100%| O|  |TAMS 0x0000000082100000, 0x0000000082000000| Untracked 
|  33|0x0000000082100000, 0x0000000082200000, 0x0000000082200000|100%| O|  |TAMS 0x0000000082200000, 0x0000000082100000| Untracked 
|  34|0x0000000082200000, 0x0000000082300000, 0x0000000082300000|100%| O|  |TAMS 0x0000000082300000, 0x0000000082200000| Untracked 
|  35|0x0000000082300000, 0x0000000082400000, 0x0000000082400000|100%| O|  |TAMS 0x0000000082300000, 0x0000000082300000| Untracked 
|  36|0x0000000082400000, 0x0000000082500000, 0x0000000082500000|100%| O|  |TAMS 0x0000000082500000, 0x0000000082400000| Untracked 
|  37|0x0000000082500000, 0x0000000082600000, 0x0000000082600000|100%| O|  |TAMS 0x0000000082600000, 0x0000000082500000| Untracked 
|  38|0x0000000082600000, 0x0000000082700000, 0x0000000082700000|100%| O|  |TAMS 0x0000000082700000, 0x0000000082600000| Untracked 
|  39|0x0000000082700000, 0x0000000082800000, 0x0000000082800000|100%| O|  |TAMS 0x0000000082800000, 0x0000000082700000| Untracked 
|  40|0x0000000082800000, 0x0000000082900000, 0x0000000082900000|100%| O|  |TAMS 0x0000000082800000, 0x0000000082800000| Untracked 
|  41|0x0000000082900000, 0x0000000082a00000, 0x0000000082a00000|100%| O|  |TAMS 0x0000000082900000, 0x0000000082900000| Untracked 
|  42|0x0000000082a00000, 0x0000000082b00000, 0x0000000082b00000|100%| O|  |TAMS 0x0000000082a00000, 0x0000000082a00000| Untracked 
|  43|0x0000000082b00000, 0x0000000082c00000, 0x0000000082c00000|100%| O|  |TAMS 0x0000000082c00000, 0x0000000082b00000| Untracked 
|  44|0x0000000082c00000, 0x0000000082d00000, 0x0000000082d00000|100%| O|  |TAMS 0x0000000082d00000, 0x0000000082c00000| Untracked 
|  45|0x0000000082d00000, 0x0000000082e00000, 0x0000000082e00000|100%|HS|  |TAMS 0x0000000082e00000, 0x0000000082d00000| Complete 
|  46|0x0000000082e00000, 0x0000000082f00000, 0x0000000082f00000|100%|HC|  |TAMS 0x0000000082f00000, 0x0000000082e00000| Complete 
|  47|0x0000000082f00000, 0x0000000083000000, 0x0000000083000000|100%|HC|  |TAMS 0x0000000083000000, 0x0000000082f00000| Complete 
|  48|0x0000000083000000, 0x0000000083100000, 0x0000000083100000|100%|HS|  |TAMS 0x0000000083100000, 0x0000000083000000| Complete 
|  49|0x0000000083100000, 0x0000000083200000, 0x0000000083200000|100%|HC|  |TAMS 0x0000000083200000, 0x0000000083100000| Complete 
|  50|0x0000000083200000, 0x0000000083300000, 0x0000000083300000|100%|HC|  |TAMS 0x0000000083300000, 0x0000000083200000| Complete 
|  51|0x0000000083300000, 0x0000000083400000, 0x0000000083400000|100%| O|  |TAMS 0x0000000083300000, 0x0000000083300000| Untracked 
|  52|0x0000000083400000, 0x0000000083500000, 0x0000000083500000|100%| O|  |TAMS 0x0000000083500000, 0x0000000083400000| Untracked 
|  53|0x0000000083500000, 0x0000000083600000, 0x0000000083600000|100%| O|  |TAMS 0x0000000083600000, 0x0000000083500000| Untracked 
|  54|0x0000000083600000, 0x0000000083700000, 0x0000000083700000|100%| O|  |TAMS 0x0000000083700000, 0x0000000083600000| Untracked 
|  55|0x0000000083700000, 0x0000000083800000, 0x0000000083800000|100%| O|  |TAMS 0x0000000083700000, 0x0000000083700000| Untracked 
|  56|0x0000000083800000, 0x0000000083900000, 0x0000000083900000|100%| O|  |TAMS 0x0000000083800000, 0x0000000083800000| Untracked 
|  57|0x0000000083900000, 0x0000000083a00000, 0x0000000083a00000|100%| O|  |TAMS 0x0000000083a00000, 0x0000000083900000| Untracked 
|  58|0x0000000083a00000, 0x0000000083b00000, 0x0000000083b00000|100%| O|  |TAMS 0x0000000083b00000, 0x0000000083a00000| Untracked 
|  59|0x0000000083b00000, 0x0000000083c00000, 0x0000000083c00000|100%| O|  |TAMS 0x0000000083c00000, 0x0000000083b00000| Untracked 
|  60|0x0000000083c00000, 0x0000000083d00000, 0x0000000083d00000|100%| O|  |TAMS 0x0000000083d00000, 0x0000000083c00000| Untracked 
|  61|0x0000000083d00000, 0x0000000083e00000, 0x0000000083e00000|100%| O|  |TAMS 0x0000000083e00000, 0x0000000083d00000| Untracked 
|  62|0x0000000083e00000, 0x0000000083f00000, 0x0000000083f00000|100%| O|  |TAMS 0x0000000083e00000, 0x0000000083e00000| Untracked 
|  63|0x0000000083f00000, 0x0000000084000000, 0x0000000084000000|100%| O|  |TAMS 0x0000000083f00000, 0x0000000083f00000| Untracked 
|  64|0x0000000084000000, 0x0000000084100000, 0x0000000084100000|100%| O|  |TAMS 0x0000000084000000, 0x0000000084000000| Untracked 
|  65|0x0000000084100000, 0x0000000084200000, 0x0000000084200000|100%| O|  |TAMS 0x0000000084100000, 0x0000000084100000| Untracked 
|  66|0x0000000084200000, 0x0000000084300000, 0x0000000084300000|100%| O|  |TAMS 0x0000000084300000, 0x0000000084200000| Untracked 
|  67|0x0000000084300000, 0x0000000084400000, 0x0000000084400000|100%| O|  |TAMS 0x0000000084300000, 0x0000000084300000| Untracked 
|  68|0x0000000084400000, 0x0000000084500000, 0x0000000084500000|100%| O|  |TAMS 0x0000000084400000, 0x0000000084400000| Untracked 
|  69|0x0000000084500000, 0x0000000084600000, 0x0000000084600000|100%| O|  |TAMS 0x0000000084600000, 0x0000000084500000| Untracked 
|  70|0x0000000084600000, 0x0000000084700000, 0x0000000084700000|100%| O|  |TAMS 0x0000000084700000, 0x0000000084600000| Untracked 
|  71|0x0000000084700000, 0x0000000084800000, 0x0000000084800000|100%| O|  |TAMS 0x0000000084800000, 0x0000000084700000| Untracked 
|  72|0x0000000084800000, 0x0000000084900000, 0x0000000084900000|100%| O|  |TAMS 0x0000000084900000, 0x0000000084800000| Untracked 
|  73|0x0000000084900000, 0x0000000084a00000, 0x0000000084a00000|100%| O|  |TAMS 0x0000000084a00000, 0x0000000084900000| Untracked 
|  74|0x0000000084a00000, 0x0000000084b00000, 0x0000000084b00000|100%| O|  |TAMS 0x0000000084a00000, 0x0000000084a00000| Untracked 
|  75|0x0000000084b00000, 0x0000000084c00000, 0x0000000084c00000|100%| O|  |TAMS 0x0000000084b00000, 0x0000000084b00000| Untracked 
|  76|0x0000000084c00000, 0x0000000084d00000, 0x0000000084d00000|100%| O|  |TAMS 0x0000000084c00000, 0x0000000084c00000| Untracked 
|  77|0x0000000084d00000, 0x0000000084e00000, 0x0000000084e00000|100%|HS|  |TAMS 0x0000000084e00000, 0x0000000084d00000| Complete 
|  78|0x0000000084e00000, 0x0000000084f00000, 0x0000000084f00000|100%|HS|  |TAMS 0x0000000084f00000, 0x0000000084e00000| Complete 
|  79|0x0000000084f00000, 0x0000000085000000, 0x0000000085000000|100%|HS|  |TAMS 0x0000000085000000, 0x0000000084f00000| Complete 
|  80|0x0000000085000000, 0x0000000085100000, 0x0000000085100000|100%|HS|  |TAMS 0x0000000085100000, 0x0000000085000000| Complete 
|  81|0x0000000085100000, 0x0000000085200000, 0x0000000085200000|100%| O|  |TAMS 0x0000000085200000, 0x0000000085100000| Untracked 
|  82|0x0000000085200000, 0x0000000085300000, 0x0000000085300000|100%|HS|  |TAMS 0x0000000085300000, 0x0000000085200000| Complete 
|  83|0x0000000085300000, 0x0000000085400000, 0x0000000085400000|100%|HS|  |TAMS 0x0000000085400000, 0x0000000085300000| Complete 
|  84|0x0000000085400000, 0x0000000085500000, 0x0000000085500000|100%| O|  |TAMS 0x0000000085400000, 0x0000000085400000| Untracked 
|  85|0x0000000085500000, 0x0000000085600000, 0x0000000085600000|100%| O|  |TAMS 0x0000000085600000, 0x0000000085500000| Untracked 
|  86|0x0000000085600000, 0x0000000085700000, 0x0000000085700000|100%| O|  |TAMS 0x0000000085700000, 0x0000000085600000| Untracked 
|  87|0x0000000085700000, 0x0000000085800000, 0x0000000085800000|100%| O|  |TAMS 0x0000000085800000, 0x0000000085700000| Untracked 
|  88|0x0000000085800000, 0x0000000085900000, 0x0000000085900000|100%| O|  |TAMS 0x0000000085900000, 0x0000000085800000| Untracked 
|  89|0x0000000085900000, 0x0000000085a00000, 0x0000000085a00000|100%|HS|  |TAMS 0x0000000085a00000, 0x0000000085900000| Complete 
|  90|0x0000000085a00000, 0x0000000085b00000, 0x0000000085b00000|100%| O|  |TAMS 0x0000000085b00000, 0x0000000085a00000| Untracked 
|  91|0x0000000085b00000, 0x0000000085c00000, 0x0000000085c00000|100%| O|  |TAMS 0x0000000085c00000, 0x0000000085b00000| Untracked 
|  92|0x0000000085c00000, 0x0000000085d00000, 0x0000000085d00000|100%| O|  |TAMS 0x0000000085d00000, 0x0000000085c00000| Untracked 
|  93|0x0000000085d00000, 0x0000000085e00000, 0x0000000085e00000|100%| O|  |TAMS 0x0000000085e00000, 0x0000000085d00000| Untracked 
|  94|0x0000000085e00000, 0x0000000085f00000, 0x0000000085f00000|100%| O|  |TAMS 0x0000000085f00000, 0x0000000085e00000| Untracked 
|  95|0x0000000085f00000, 0x0000000086000000, 0x0000000086000000|100%| O|  |TAMS 0x0000000086000000, 0x0000000085f00000| Untracked 
|  96|0x0000000086000000, 0x0000000086100000, 0x0000000086100000|100%| O|  |TAMS 0x0000000086000000, 0x0000000086000000| Untracked 
|  97|0x0000000086100000, 0x0000000086200000, 0x0000000086200000|100%| O|  |TAMS 0x0000000086100000, 0x0000000086100000| Untracked 
|  98|0x0000000086200000, 0x0000000086300000, 0x0000000086300000|100%| O|  |TAMS 0x0000000086200000, 0x0000000086200000| Untracked 
|  99|0x0000000086300000, 0x0000000086400000, 0x0000000086400000|100%| O|  |TAMS 0x0000000086400000, 0x0000000086300000| Untracked 
| 100|0x0000000086400000, 0x0000000086500000, 0x0000000086500000|100%| O|  |TAMS 0x0000000086500000, 0x0000000086400000| Untracked 
| 101|0x0000000086500000, 0x0000000086600000, 0x0000000086600000|100%| O|  |TAMS 0x0000000086600000, 0x0000000086500000| Untracked 
| 102|0x0000000086600000, 0x0000000086700000, 0x0000000086700000|100%|HS|  |TAMS 0x0000000086700000, 0x0000000086600000| Complete 
| 103|0x0000000086700000, 0x0000000086800000, 0x0000000086800000|100%|HC|  |TAMS 0x0000000086800000, 0x0000000086700000| Complete 
| 104|0x0000000086800000, 0x0000000086900000, 0x0000000086900000|100%|HC|  |TAMS 0x0000000086900000, 0x0000000086800000| Complete 
| 105|0x0000000086900000, 0x0000000086a00000, 0x0000000086a00000|100%| O|  |TAMS 0x0000000086a00000, 0x0000000086900000| Untracked 
| 106|0x0000000086a00000, 0x0000000086b00000, 0x0000000086b00000|100%| O|  |TAMS 0x0000000086b00000, 0x0000000086a00000| Untracked 
| 107|0x0000000086b00000, 0x0000000086c00000, 0x0000000086c00000|100%| O|  |TAMS 0x0000000086c00000, 0x0000000086b00000| Untracked 
| 108|0x0000000086c00000, 0x0000000086d00000, 0x0000000086d00000|100%| O|  |TAMS 0x0000000086c00000, 0x0000000086c00000| Untracked 
| 109|0x0000000086d00000, 0x0000000086e00000, 0x0000000086e00000|100%| O|  |TAMS 0x0000000086e00000, 0x0000000086d00000| Untracked 
| 110|0x0000000086e00000, 0x0000000086f00000, 0x0000000086f00000|100%| O|  |TAMS 0x0000000086f00000, 0x0000000086e00000| Untracked 
| 111|0x0000000086f00000, 0x0000000087000000, 0x0000000087000000|100%| O|  |TAMS 0x0000000087000000, 0x0000000086f00000| Untracked 
| 112|0x0000000087000000, 0x0000000087100000, 0x0000000087100000|100%| O|  |TAMS 0x0000000087100000, 0x0000000087000000| Untracked 
| 113|0x0000000087100000, 0x0000000087200000, 0x0000000087200000|100%| O|  |TAMS 0x0000000087200000, 0x0000000087100000| Untracked 
| 114|0x0000000087200000, 0x0000000087300000, 0x0000000087300000|100%| O|  |TAMS 0x0000000087300000, 0x0000000087200000| Untracked 
| 115|0x0000000087300000, 0x0000000087400000, 0x0000000087400000|100%| O|  |TAMS 0x0000000087400000, 0x0000000087300000| Untracked 
| 116|0x0000000087400000, 0x0000000087500000, 0x0000000087500000|100%| O|  |TAMS 0x0000000087500000, 0x0000000087400000| Untracked 
| 117|0x0000000087500000, 0x0000000087600000, 0x0000000087600000|100%| O|  |TAMS 0x0000000087600000, 0x0000000087500000| Untracked 
| 118|0x0000000087600000, 0x0000000087700000, 0x0000000087700000|100%| O|  |TAMS 0x0000000087700000, 0x0000000087600000| Untracked 
| 119|0x0000000087700000, 0x0000000087800000, 0x0000000087800000|100%| O|  |TAMS 0x0000000087700000, 0x0000000087700000| Untracked 
| 120|0x0000000087800000, 0x0000000087900000, 0x0000000087900000|100%| O|  |TAMS 0x0000000087800000, 0x0000000087800000| Untracked 
| 121|0x0000000087900000, 0x0000000087a00000, 0x0000000087a00000|100%| O|  |TAMS 0x0000000087a00000, 0x0000000087900000| Untracked 
| 122|0x0000000087a00000, 0x0000000087b00000, 0x0000000087b00000|100%| O|  |TAMS 0x0000000087b00000, 0x0000000087a00000| Untracked 
| 123|0x0000000087b00000, 0x0000000087c00000, 0x0000000087c00000|100%| O|  |TAMS 0x0000000087b00000, 0x0000000087b00000| Untracked 
| 124|0x0000000087c00000, 0x0000000087d00000, 0x0000000087d00000|100%|HS|  |TAMS 0x0000000087d00000, 0x0000000087c00000| Complete 
| 125|0x0000000087d00000, 0x0000000087e00000, 0x0000000087e00000|100%|HS|  |TAMS 0x0000000087e00000, 0x0000000087d00000| Complete 
| 126|0x0000000087e00000, 0x0000000087f00000, 0x0000000087f00000|100%| O|  |TAMS 0x0000000087e00000, 0x0000000087e00000| Untracked 
| 127|0x0000000087f00000, 0x0000000088000000, 0x0000000088000000|100%| O|  |TAMS 0x0000000087f00000, 0x0000000087f00000| Untracked 
| 128|0x0000000088000000, 0x0000000088100000, 0x0000000088100000|100%| O|  |TAMS 0x0000000088000000, 0x0000000088000000| Untracked 
| 129|0x0000000088100000, 0x0000000088200000, 0x0000000088200000|100%| O|  |TAMS 0x0000000088100000, 0x0000000088100000| Untracked 
| 130|0x0000000088200000, 0x0000000088300000, 0x0000000088300000|100%| O|  |TAMS 0x0000000088300000, 0x0000000088200000| Untracked 
| 131|0x0000000088300000, 0x0000000088400000, 0x0000000088400000|100%| O|  |TAMS 0x0000000088300000, 0x0000000088300000| Untracked 
| 132|0x0000000088400000, 0x0000000088500000, 0x0000000088500000|100%| O|  |TAMS 0x0000000088400000, 0x0000000088400000| Untracked 
| 133|0x0000000088500000, 0x0000000088600000, 0x0000000088600000|100%| O|  |TAMS 0x0000000088500000, 0x0000000088500000| Untracked 
| 134|0x0000000088600000, 0x0000000088700000, 0x0000000088700000|100%| O|  |TAMS 0x0000000088600000, 0x0000000088600000| Untracked 
| 135|0x0000000088700000, 0x0000000088800000, 0x0000000088800000|100%| O|  |TAMS 0x0000000088800000, 0x0000000088700000| Untracked 
| 136|0x0000000088800000, 0x0000000088900000, 0x0000000088900000|100%| O|  |TAMS 0x0000000088800000, 0x0000000088800000| Untracked 
| 137|0x0000000088900000, 0x0000000088a00000, 0x0000000088a00000|100%| O|  |TAMS 0x0000000088900000, 0x0000000088900000| Untracked 
| 138|0x0000000088a00000, 0x0000000088b00000, 0x0000000088b00000|100%| O|  |TAMS 0x0000000088a00000, 0x0000000088a00000| Untracked 
| 139|0x0000000088b00000, 0x0000000088c00000, 0x0000000088c00000|100%| O|  |TAMS 0x0000000088c00000, 0x0000000088b00000| Untracked 
| 140|0x0000000088c00000, 0x0000000088d00000, 0x0000000088d00000|100%| O|  |TAMS 0x0000000088c00000, 0x0000000088c00000| Untracked 
| 141|0x0000000088d00000, 0x0000000088e00000, 0x0000000088e00000|100%| O|  |TAMS 0x0000000088e00000, 0x0000000088d00000| Untracked 
| 142|0x0000000088e00000, 0x0000000088f00000, 0x0000000088f00000|100%| O|  |TAMS 0x0000000088e00000, 0x0000000088e00000| Untracked 
| 143|0x0000000088f00000, 0x0000000089000000, 0x0000000089000000|100%| O|  |TAMS 0x0000000088f00000, 0x0000000088f00000| Untracked 
| 144|0x0000000089000000, 0x0000000089100000, 0x0000000089100000|100%| O|  |TAMS 0x0000000089000000, 0x0000000089000000| Untracked 
| 145|0x0000000089100000, 0x0000000089200000, 0x0000000089200000|100%| O|  |TAMS 0x0000000089200000, 0x0000000089100000| Untracked 
| 146|0x0000000089200000, 0x0000000089300000, 0x0000000089300000|100%|HS|  |TAMS 0x0000000089300000, 0x0000000089200000| Complete 
| 147|0x0000000089300000, 0x0000000089400000, 0x0000000089400000|100%|HS|  |TAMS 0x0000000089400000, 0x0000000089300000| Complete 
| 148|0x0000000089400000, 0x0000000089500000, 0x0000000089500000|100%|HS|  |TAMS 0x0000000089500000, 0x0000000089400000| Complete 
| 149|0x0000000089500000, 0x0000000089600000, 0x0000000089600000|100%| O|  |TAMS 0x0000000089600000, 0x0000000089500000| Untracked 
| 150|0x0000000089600000, 0x0000000089700000, 0x0000000089700000|100%| O|  |TAMS 0x0000000089600000, 0x0000000089600000| Untracked 
| 151|0x0000000089700000, 0x0000000089800000, 0x0000000089800000|100%| O|  |TAMS 0x0000000089800000, 0x0000000089700000| Untracked 
| 152|0x0000000089800000, 0x0000000089900000, 0x0000000089900000|100%| O|  |TAMS 0x0000000089900000, 0x0000000089800000| Untracked 
| 153|0x0000000089900000, 0x0000000089a00000, 0x0000000089a00000|100%| O|  |TAMS 0x0000000089a00000, 0x0000000089900000| Untracked 
| 154|0x0000000089a00000, 0x0000000089b00000, 0x0000000089b00000|100%| O|  |TAMS 0x0000000089a00000, 0x0000000089a00000| Untracked 
| 155|0x0000000089b00000, 0x0000000089c00000, 0x0000000089c00000|100%| O|  |TAMS 0x0000000089b00000, 0x0000000089b00000| Untracked 
| 156|0x0000000089c00000, 0x0000000089d00000, 0x0000000089d00000|100%| O|  |TAMS 0x0000000089c00000, 0x0000000089c00000| Untracked 
| 157|0x0000000089d00000, 0x0000000089e00000, 0x0000000089e00000|100%| O|  |TAMS 0x0000000089d00000, 0x0000000089d00000| Untracked 
| 158|0x0000000089e00000, 0x0000000089f00000, 0x0000000089f00000|100%| O|  |TAMS 0x0000000089e00000, 0x0000000089e00000| Untracked 
| 159|0x0000000089f00000, 0x000000008a000000, 0x000000008a000000|100%| O|  |TAMS 0x0000000089f00000, 0x0000000089f00000| Untracked 
| 160|0x000000008a000000, 0x000000008a100000, 0x000000008a100000|100%| O|  |TAMS 0x000000008a100000, 0x000000008a000000| Untracked 
| 161|0x000000008a100000, 0x000000008a200000, 0x000000008a200000|100%| O|  |TAMS 0x000000008a200000, 0x000000008a100000| Untracked 
| 162|0x000000008a200000, 0x000000008a300000, 0x000000008a300000|100%| O|  |TAMS 0x000000008a200000, 0x000000008a200000| Untracked 
| 163|0x000000008a300000, 0x000000008a400000, 0x000000008a400000|100%| O|  |TAMS 0x000000008a300000, 0x000000008a300000| Untracked 
| 164|0x000000008a400000, 0x000000008a500000, 0x000000008a500000|100%| O|  |TAMS 0x000000008a400000, 0x000000008a400000| Untracked 
| 165|0x000000008a500000, 0x000000008a600000, 0x000000008a600000|100%| O|  |TAMS 0x000000008a500000, 0x000000008a500000| Untracked 
| 166|0x000000008a600000, 0x000000008a700000, 0x000000008a700000|100%| O|  |TAMS 0x000000008a700000, 0x000000008a600000| Untracked 
| 167|0x000000008a700000, 0x000000008a800000, 0x000000008a800000|100%| O|  |TAMS 0x000000008a700000, 0x000000008a700000| Untracked 
| 168|0x000000008a800000, 0x000000008a900000, 0x000000008a900000|100%| O|  |TAMS 0x000000008a800000, 0x000000008a800000| Untracked 
| 169|0x000000008a900000, 0x000000008aa00000, 0x000000008aa00000|100%| O|  |TAMS 0x000000008a900000, 0x000000008a900000| Untracked 
| 170|0x000000008aa00000, 0x000000008ab00000, 0x000000008ab00000|100%| O|  |TAMS 0x000000008aa00000, 0x000000008aa00000| Untracked 
| 171|0x000000008ab00000, 0x000000008ac00000, 0x000000008ac00000|100%| O|  |TAMS 0x000000008ab00000, 0x000000008ab00000| Untracked 
| 172|0x000000008ac00000, 0x000000008ad00000, 0x000000008ad00000|100%| O|  |TAMS 0x000000008ac00000, 0x000000008ac00000| Untracked 
| 173|0x000000008ad00000, 0x000000008ae00000, 0x000000008ae00000|100%|HS|  |TAMS 0x000000008ae00000, 0x000000008ad00000| Complete 
| 174|0x000000008ae00000, 0x000000008af00000, 0x000000008af00000|100%|HS|  |TAMS 0x000000008af00000, 0x000000008ae00000| Complete 
| 175|0x000000008af00000, 0x000000008b000000, 0x000000008b000000|100%|HS|  |TAMS 0x000000008b000000, 0x000000008af00000| Complete 
| 176|0x000000008b000000, 0x000000008b100000, 0x000000008b100000|100%|HC|  |TAMS 0x000000008b100000, 0x000000008b000000| Complete 
| 177|0x000000008b100000, 0x000000008b200000, 0x000000008b200000|100%| O|  |TAMS 0x000000008b200000, 0x000000008b100000| Untracked 
| 178|0x000000008b200000, 0x000000008b300000, 0x000000008b300000|100%| O|  |TAMS 0x000000008b300000, 0x000000008b200000| Untracked 
| 179|0x000000008b300000, 0x000000008b400000, 0x000000008b400000|100%| O|  |TAMS 0x000000008b300000, 0x000000008b300000| Untracked 
| 180|0x000000008b400000, 0x000000008b500000, 0x000000008b500000|100%| O|  |TAMS 0x000000008b400000, 0x000000008b400000| Untracked 
| 181|0x000000008b500000, 0x000000008b600000, 0x000000008b600000|100%| O|  |TAMS 0x000000008b600000, 0x000000008b500000| Untracked 
| 182|0x000000008b600000, 0x000000008b700000, 0x000000008b700000|100%| O|  |TAMS 0x000000008b700000, 0x000000008b600000| Untracked 
| 183|0x000000008b700000, 0x000000008b800000, 0x000000008b800000|100%| O|  |TAMS 0x000000008b800000, 0x000000008b700000| Untracked 
| 184|0x000000008b800000, 0x000000008b900000, 0x000000008b900000|100%| O|  |TAMS 0x000000008b900000, 0x000000008b800000| Untracked 
| 185|0x000000008b900000, 0x000000008ba00000, 0x000000008ba00000|100%| O|  |TAMS 0x000000008ba00000, 0x000000008b900000| Untracked 
| 186|0x000000008ba00000, 0x000000008bb00000, 0x000000008bb00000|100%| O|  |TAMS 0x000000008ba00000, 0x000000008ba00000| Untracked 
| 187|0x000000008bb00000, 0x000000008bc00000, 0x000000008bc00000|100%| O|  |TAMS 0x000000008bb00000, 0x000000008bb00000| Untracked 
| 188|0x000000008bc00000, 0x000000008bd00000, 0x000000008bd00000|100%| O|  |TAMS 0x000000008bc00000, 0x000000008bc00000| Untracked 
| 189|0x000000008bd00000, 0x000000008be00000, 0x000000008be00000|100%| O|  |TAMS 0x000000008bd00000, 0x000000008bd00000| Untracked 
| 190|0x000000008be00000, 0x000000008bf00000, 0x000000008bf00000|100%| O|  |TAMS 0x000000008be00000, 0x000000008be00000| Untracked 
| 191|0x000000008bf00000, 0x000000008c000000, 0x000000008c000000|100%|HS|  |TAMS 0x000000008c000000, 0x000000008bf00000| Complete 
| 192|0x000000008c000000, 0x000000008c100000, 0x000000008c100000|100%|HS|  |TAMS 0x000000008c100000, 0x000000008c000000| Complete 
| 193|0x000000008c100000, 0x000000008c200000, 0x000000008c200000|100%| O|  |TAMS 0x000000008c200000, 0x000000008c100000| Untracked 
| 194|0x000000008c200000, 0x000000008c300000, 0x000000008c300000|100%| O|  |TAMS 0x000000008c200000, 0x000000008c200000| Untracked 
| 195|0x000000008c300000, 0x000000008c400000, 0x000000008c400000|100%| O|  |TAMS 0x000000008c300000, 0x000000008c300000| Untracked 
| 196|0x000000008c400000, 0x000000008c500000, 0x000000008c500000|100%| O|  |TAMS 0x000000008c400000, 0x000000008c400000| Untracked 
| 197|0x000000008c500000, 0x000000008c600000, 0x000000008c600000|100%| O|  |TAMS 0x000000008c600000, 0x000000008c500000| Untracked 
| 198|0x000000008c600000, 0x000000008c700000, 0x000000008c700000|100%| O|  |TAMS 0x000000008c700000, 0x000000008c600000| Untracked 
| 199|0x000000008c700000, 0x000000008c800000, 0x000000008c800000|100%| O|  |TAMS 0x000000008c800000, 0x000000008c700000| Untracked 
| 200|0x000000008c800000, 0x000000008c900000, 0x000000008c900000|100%| O|  |TAMS 0x000000008c900000, 0x000000008c800000| Untracked 
| 201|0x000000008c900000, 0x000000008ca00000, 0x000000008ca00000|100%| O|  |TAMS 0x000000008ca00000, 0x000000008c900000| Untracked 
| 202|0x000000008ca00000, 0x000000008cb00000, 0x000000008cb00000|100%| O|  |TAMS 0x000000008ca00000, 0x000000008ca00000| Untracked 
| 203|0x000000008cb00000, 0x000000008cc00000, 0x000000008cc00000|100%| O|  |TAMS 0x000000008cb00000, 0x000000008cb00000| Untracked 
| 204|0x000000008cc00000, 0x000000008cd00000, 0x000000008cd00000|100%| O|  |TAMS 0x000000008cc00000, 0x000000008cc00000| Untracked 
| 205|0x000000008cd00000, 0x000000008ce00000, 0x000000008ce00000|100%| O|  |TAMS 0x000000008cd00000, 0x000000008cd00000| Untracked 
| 206|0x000000008ce00000, 0x000000008cf00000, 0x000000008cf00000|100%|HS|  |TAMS 0x000000008cf00000, 0x000000008ce00000| Complete 
| 207|0x000000008cf00000, 0x000000008d000000, 0x000000008d000000|100%|HS|  |TAMS 0x000000008d000000, 0x000000008cf00000| Complete 
| 208|0x000000008d000000, 0x000000008d100000, 0x000000008d100000|100%|HS|  |TAMS 0x000000008d100000, 0x000000008d000000| Complete 
| 209|0x000000008d100000, 0x000000008d200000, 0x000000008d200000|100%| O|  |TAMS 0x000000008d200000, 0x000000008d100000| Untracked 
| 210|0x000000008d200000, 0x000000008d300000, 0x000000008d300000|100%| O|  |TAMS 0x000000008d200000, 0x000000008d200000| Untracked 
| 211|0x000000008d300000, 0x000000008d400000, 0x000000008d400000|100%| O|  |TAMS 0x000000008d300000, 0x000000008d300000| Untracked 
| 212|0x000000008d400000, 0x000000008d500000, 0x000000008d500000|100%| O|  |TAMS 0x000000008d400000, 0x000000008d400000| Untracked 
| 213|0x000000008d500000, 0x000000008d600000, 0x000000008d600000|100%| O|  |TAMS 0x000000008d500000, 0x000000008d500000| Untracked 
| 214|0x000000008d600000, 0x000000008d700000, 0x000000008d700000|100%| O|  |TAMS 0x000000008d600000, 0x000000008d600000| Untracked 
| 215|0x000000008d700000, 0x000000008d800000, 0x000000008d800000|100%| O|  |TAMS 0x000000008d800000, 0x000000008d700000| Untracked 
| 216|0x000000008d800000, 0x000000008d900000, 0x000000008d900000|100%| O|  |TAMS 0x000000008d900000, 0x000000008d800000| Untracked 
| 217|0x000000008d900000, 0x000000008da00000, 0x000000008da00000|100%| O|  |TAMS 0x000000008da00000, 0x000000008d900000| Untracked 
| 218|0x000000008da00000, 0x000000008db00000, 0x000000008db00000|100%| O|  |TAMS 0x000000008db00000, 0x000000008da00000| Untracked 
| 219|0x000000008db00000, 0x000000008dc00000, 0x000000008dc00000|100%| O|  |TAMS 0x000000008dc00000, 0x000000008db00000| Untracked 
| 220|0x000000008dc00000, 0x000000008dd00000, 0x000000008dd00000|100%| O|  |TAMS 0x000000008dc00000, 0x000000008dc00000| Untracked 
| 221|0x000000008dd00000, 0x000000008de00000, 0x000000008de00000|100%| O|  |TAMS 0x000000008de00000, 0x000000008dd00000| Untracked 
| 222|0x000000008de00000, 0x000000008df00000, 0x000000008df00000|100%| O|  |TAMS 0x000000008de00000, 0x000000008de00000| Untracked 
| 223|0x000000008df00000, 0x000000008e000000, 0x000000008e000000|100%| O|  |TAMS 0x000000008df00000, 0x000000008df00000| Untracked 
| 224|0x000000008e000000, 0x000000008e100000, 0x000000008e100000|100%|HS|  |TAMS 0x000000008e100000, 0x000000008e000000| Complete 
| 225|0x000000008e100000, 0x000000008e200000, 0x000000008e200000|100%|HS|  |TAMS 0x000000008e200000, 0x000000008e100000| Complete 
| 226|0x000000008e200000, 0x000000008e300000, 0x000000008e300000|100%| O|  |TAMS 0x000000008e300000, 0x000000008e200000| Untracked 
| 227|0x000000008e300000, 0x000000008e400000, 0x000000008e400000|100%| O|  |TAMS 0x000000008e400000, 0x000000008e300000| Untracked 
| 228|0x000000008e400000, 0x000000008e500000, 0x000000008e500000|100%| O|  |TAMS 0x000000008e500000, 0x000000008e400000| Untracked 
| 229|0x000000008e500000, 0x000000008e600000, 0x000000008e600000|100%| O|  |TAMS 0x000000008e600000, 0x000000008e500000| Untracked 
| 230|0x000000008e600000, 0x000000008e700000, 0x000000008e700000|100%| O|  |TAMS 0x000000008e700000, 0x000000008e600000| Untracked 
| 231|0x000000008e700000, 0x000000008e800000, 0x000000008e800000|100%| O|  |TAMS 0x000000008e700000, 0x000000008e700000| Untracked 
| 232|0x000000008e800000, 0x000000008e900000, 0x000000008e900000|100%| O|  |TAMS 0x000000008e800000, 0x000000008e800000| Untracked 
| 233|0x000000008e900000, 0x000000008ea00000, 0x000000008ea00000|100%| O|  |TAMS 0x000000008ea00000, 0x000000008e900000| Untracked 
| 234|0x000000008ea00000, 0x000000008eb00000, 0x000000008eb00000|100%| O|  |TAMS 0x000000008eb00000, 0x000000008ea00000| Untracked 
| 235|0x000000008eb00000, 0x000000008ec00000, 0x000000008ec00000|100%| O|  |TAMS 0x000000008ec00000, 0x000000008eb00000| Untracked 
| 236|0x000000008ec00000, 0x000000008ed00000, 0x000000008ed00000|100%| O|  |TAMS 0x000000008ec00000, 0x000000008ec00000| Untracked 
| 237|0x000000008ed00000, 0x000000008ee00000, 0x000000008ee00000|100%| O|  |TAMS 0x000000008ee00000, 0x000000008ed00000| Untracked 
| 238|0x000000008ee00000, 0x000000008ef00000, 0x000000008ef00000|100%| O|  |TAMS 0x000000008ef00000, 0x000000008ee00000| Untracked 
| 239|0x000000008ef00000, 0x000000008f000000, 0x000000008f000000|100%| O|  |TAMS 0x000000008f000000, 0x000000008ef00000| Untracked 
| 240|0x000000008f000000, 0x000000008f100000, 0x000000008f100000|100%| O|  |TAMS 0x000000008f100000, 0x000000008f000000| Untracked 
| 241|0x000000008f100000, 0x000000008f200000, 0x000000008f200000|100%| O|  |TAMS 0x000000008f200000, 0x000000008f100000| Untracked 
| 242|0x000000008f200000, 0x000000008f300000, 0x000000008f300000|100%| O|  |TAMS 0x000000008f300000, 0x000000008f200000| Untracked 
| 243|0x000000008f300000, 0x000000008f400000, 0x000000008f400000|100%| O|  |TAMS 0x000000008f400000, 0x000000008f300000| Untracked 
| 244|0x000000008f400000, 0x000000008f500000, 0x000000008f500000|100%| O|  |TAMS 0x000000008f500000, 0x000000008f400000| Untracked 
| 245|0x000000008f500000, 0x000000008f600000, 0x000000008f600000|100%| O|  |TAMS 0x000000008f600000, 0x000000008f500000| Untracked 
| 246|0x000000008f600000, 0x000000008f700000, 0x000000008f700000|100%| O|  |TAMS 0x000000008f700000, 0x000000008f600000| Untracked 
| 247|0x000000008f700000, 0x000000008f800000, 0x000000008f800000|100%| O|  |TAMS 0x000000008f800000, 0x000000008f700000| Untracked 
| 248|0x000000008f800000, 0x000000008f900000, 0x000000008f900000|100%| O|  |TAMS 0x000000008f900000, 0x000000008f800000| Untracked 
| 249|0x000000008f900000, 0x000000008fa00000, 0x000000008fa00000|100%| O|  |TAMS 0x000000008fa00000, 0x000000008f900000| Untracked 
| 250|0x000000008fa00000, 0x000000008fb00000, 0x000000008fb00000|100%| O|  |TAMS 0x000000008fb00000, 0x000000008fa00000| Untracked 
| 251|0x000000008fb00000, 0x000000008fc00000, 0x000000008fc00000|100%| O|  |TAMS 0x000000008fc00000, 0x000000008fb00000| Untracked 
| 252|0x000000008fc00000, 0x000000008fd00000, 0x000000008fd00000|100%| O|  |TAMS 0x000000008fd00000, 0x000000008fc00000| Untracked 
| 253|0x000000008fd00000, 0x000000008fe00000, 0x000000008fe00000|100%| O|  |TAMS 0x000000008fe00000, 0x000000008fd00000| Untracked 
| 254|0x000000008fe00000, 0x000000008ff00000, 0x000000008ff00000|100%| O|  |TAMS 0x000000008ff00000, 0x000000008fe00000| Untracked 
| 255|0x000000008ff00000, 0x0000000090000000, 0x0000000090000000|100%| O|  |TAMS 0x0000000090000000, 0x000000008ff00000| Untracked 
| 256|0x0000000090000000, 0x0000000090100000, 0x0000000090100000|100%| O|  |TAMS 0x0000000090100000, 0x0000000090000000| Untracked 
| 257|0x0000000090100000, 0x0000000090200000, 0x0000000090200000|100%| O|  |TAMS 0x0000000090200000, 0x0000000090100000| Untracked 
| 258|0x0000000090200000, 0x0000000090300000, 0x0000000090300000|100%| O|  |TAMS 0x0000000090300000, 0x0000000090200000| Untracked 
| 259|0x0000000090300000, 0x0000000090400000, 0x0000000090400000|100%| O|  |TAMS 0x0000000090400000, 0x0000000090300000| Untracked 
| 260|0x0000000090400000, 0x0000000090500000, 0x0000000090500000|100%| O|  |TAMS 0x0000000090500000, 0x0000000090400000| Untracked 
| 261|0x0000000090500000, 0x0000000090600000, 0x0000000090600000|100%| O|  |TAMS 0x0000000090600000, 0x0000000090500000| Untracked 
| 262|0x0000000090600000, 0x0000000090700000, 0x0000000090700000|100%| O|  |TAMS 0x0000000090700000, 0x0000000090600000| Untracked 
| 263|0x0000000090700000, 0x0000000090800000, 0x0000000090800000|100%| O|  |TAMS 0x0000000090800000, 0x0000000090700000| Untracked 
| 264|0x0000000090800000, 0x0000000090900000, 0x0000000090900000|100%| O|  |TAMS 0x0000000090800000, 0x0000000090800000| Untracked 
| 265|0x0000000090900000, 0x0000000090a00000, 0x0000000090a00000|100%| O|  |TAMS 0x0000000090a00000, 0x0000000090900000| Untracked 
| 266|0x0000000090a00000, 0x0000000090b00000, 0x0000000090b00000|100%| O|  |TAMS 0x0000000090b00000, 0x0000000090a00000| Untracked 
| 267|0x0000000090b00000, 0x0000000090c00000, 0x0000000090c00000|100%| O|  |TAMS 0x0000000090c00000, 0x0000000090b00000| Untracked 
| 268|0x0000000090c00000, 0x0000000090d00000, 0x0000000090d00000|100%| O|  |TAMS 0x0000000090d00000, 0x0000000090c00000| Untracked 
| 269|0x0000000090d00000, 0x0000000090e00000, 0x0000000090e00000|100%| O|  |TAMS 0x0000000090e00000, 0x0000000090d00000| Untracked 
| 270|0x0000000090e00000, 0x0000000090f00000, 0x0000000090f00000|100%| O|  |TAMS 0x0000000090f00000, 0x0000000090e00000| Untracked 
| 271|0x0000000090f00000, 0x0000000091000000, 0x0000000091000000|100%| O|  |TAMS 0x0000000091000000, 0x0000000090f00000| Untracked 
| 272|0x0000000091000000, 0x0000000091100000, 0x0000000091100000|100%| O|  |TAMS 0x0000000091064000, 0x0000000091000000| Untracked 
| 273|0x0000000091100000, 0x0000000091200000, 0x0000000091200000|100%| O|  |TAMS 0x0000000091100000, 0x0000000091100000| Untracked 
| 274|0x0000000091200000, 0x0000000091300000, 0x0000000091300000|100%| O|  |TAMS 0x0000000091200000, 0x0000000091200000| Untracked 
| 275|0x0000000091300000, 0x0000000091400000, 0x0000000091400000|100%| O|  |TAMS 0x0000000091300000, 0x0000000091300000| Untracked 
| 276|0x0000000091400000, 0x0000000091500000, 0x0000000091500000|100%| O|  |TAMS 0x0000000091400000, 0x0000000091400000| Untracked 
| 277|0x0000000091500000, 0x0000000091600000, 0x0000000091600000|100%| O|  |TAMS 0x0000000091500000, 0x0000000091500000| Untracked 
| 278|0x0000000091600000, 0x0000000091700000, 0x0000000091700000|100%| O|  |TAMS 0x0000000091600000, 0x0000000091600000| Untracked 
| 279|0x0000000091700000, 0x0000000091800000, 0x0000000091800000|100%| O|  |TAMS 0x0000000091700000, 0x0000000091700000| Untracked 
| 280|0x0000000091800000, 0x0000000091900000, 0x0000000091900000|100%| O|  |TAMS 0x0000000091800000, 0x0000000091800000| Untracked 
| 281|0x0000000091900000, 0x0000000091a00000, 0x0000000091a00000|100%| O|  |TAMS 0x0000000091900000, 0x0000000091900000| Untracked 
| 282|0x0000000091a00000, 0x0000000091b00000, 0x0000000091b00000|100%| O|  |TAMS 0x0000000091a00000, 0x0000000091a00000| Untracked 
| 283|0x0000000091b00000, 0x0000000091c00000, 0x0000000091c00000|100%| O|  |TAMS 0x0000000091b00000, 0x0000000091b00000| Untracked 
| 284|0x0000000091c00000, 0x0000000091d00000, 0x0000000091d00000|100%| O|  |TAMS 0x0000000091c00000, 0x0000000091c00000| Untracked 
| 285|0x0000000091d00000, 0x0000000091e00000, 0x0000000091e00000|100%| O|  |TAMS 0x0000000091d00000, 0x0000000091d00000| Untracked 
| 286|0x0000000091e00000, 0x0000000091f00000, 0x0000000091f00000|100%| O|  |TAMS 0x0000000091e00000, 0x0000000091e00000| Untracked 
| 287|0x0000000091f00000, 0x0000000092000000, 0x0000000092000000|100%| O|  |TAMS 0x0000000091f00000, 0x0000000091f00000| Untracked 
| 288|0x0000000092000000, 0x0000000092100000, 0x0000000092100000|100%| O|  |TAMS 0x0000000092000000, 0x0000000092000000| Untracked 
| 289|0x0000000092100000, 0x0000000092200000, 0x0000000092200000|100%| O|  |TAMS 0x0000000092100000, 0x0000000092100000| Untracked 
| 290|0x0000000092200000, 0x0000000092300000, 0x0000000092300000|100%| O|  |TAMS 0x0000000092200000, 0x0000000092200000| Untracked 
| 291|0x0000000092300000, 0x0000000092400000, 0x0000000092400000|100%| O|  |TAMS 0x0000000092300000, 0x0000000092300000| Untracked 
| 292|0x0000000092400000, 0x0000000092500000, 0x0000000092500000|100%| O|  |TAMS 0x0000000092400000, 0x0000000092400000| Untracked 
| 293|0x0000000092500000, 0x0000000092600000, 0x0000000092600000|100%|HS|  |TAMS 0x0000000092500000, 0x0000000092500000| Complete 
| 294|0x0000000092600000, 0x0000000092700000, 0x0000000092700000|100%|HC|  |TAMS 0x0000000092600000, 0x0000000092600000| Complete 
| 295|0x0000000092700000, 0x0000000092800000, 0x0000000092800000|100%| O|  |TAMS 0x0000000092700000, 0x0000000092700000| Untracked 
| 296|0x0000000092800000, 0x0000000092900000, 0x0000000092900000|100%| O|  |TAMS 0x0000000092800000, 0x0000000092800000| Untracked 
| 297|0x0000000092900000, 0x0000000092a00000, 0x0000000092a00000|100%| O|  |TAMS 0x0000000092900000, 0x0000000092900000| Untracked 
| 298|0x0000000092a00000, 0x0000000092b00000, 0x0000000092b00000|100%| O|  |TAMS 0x0000000092a00000, 0x0000000092a00000| Untracked 
| 299|0x0000000092b00000, 0x0000000092c00000, 0x0000000092c00000|100%| O|  |TAMS 0x0000000092b00000, 0x0000000092b00000| Untracked 
| 300|0x0000000092c00000, 0x0000000092d00000, 0x0000000092d00000|100%| O|  |TAMS 0x0000000092c00000, 0x0000000092c00000| Untracked 
| 301|0x0000000092d00000, 0x0000000092e00000, 0x0000000092e00000|100%| O|  |TAMS 0x0000000092d00000, 0x0000000092d00000| Untracked 
| 302|0x0000000092e00000, 0x0000000092f00000, 0x0000000092f00000|100%| O|  |TAMS 0x0000000092e00000, 0x0000000092e00000| Untracked 
| 303|0x0000000092f00000, 0x0000000093000000, 0x0000000093000000|100%| O|  |TAMS 0x0000000092f00000, 0x0000000092f00000| Untracked 
| 304|0x0000000093000000, 0x0000000093100000, 0x0000000093100000|100%| O|  |TAMS 0x0000000093000000, 0x0000000093000000| Untracked 
| 305|0x0000000093100000, 0x0000000093200000, 0x0000000093200000|100%| O|  |TAMS 0x0000000093100000, 0x0000000093100000| Untracked 
| 306|0x0000000093200000, 0x0000000093300000, 0x0000000093300000|100%| O|  |TAMS 0x0000000093200000, 0x0000000093200000| Untracked 
| 307|0x0000000093300000, 0x0000000093400000, 0x0000000093400000|100%| O|  |TAMS 0x0000000093300000, 0x0000000093300000| Untracked 
| 308|0x0000000093400000, 0x0000000093500000, 0x0000000093500000|100%| O|  |TAMS 0x0000000093400000, 0x0000000093400000| Untracked 
| 309|0x0000000093500000, 0x0000000093600000, 0x0000000093600000|100%| O|  |TAMS 0x0000000093500000, 0x0000000093500000| Untracked 
| 310|0x0000000093600000, 0x0000000093700000, 0x0000000093700000|100%| O|  |TAMS 0x0000000093600000, 0x0000000093600000| Untracked 
| 311|0x0000000093700000, 0x0000000093800000, 0x0000000093800000|100%| O|  |TAMS 0x0000000093700000, 0x0000000093700000| Untracked 
| 312|0x0000000093800000, 0x0000000093900000, 0x0000000093900000|100%| O|  |TAMS 0x0000000093800000, 0x0000000093800000| Untracked 
| 313|0x0000000093900000, 0x0000000093a00000, 0x0000000093a00000|100%| O|  |TAMS 0x0000000093900000, 0x0000000093900000| Untracked 
| 314|0x0000000093a00000, 0x0000000093b00000, 0x0000000093b00000|100%| O|  |TAMS 0x0000000093a00000, 0x0000000093a00000| Untracked 
| 315|0x0000000093b00000, 0x0000000093c00000, 0x0000000093c00000|100%| O|  |TAMS 0x0000000093b00000, 0x0000000093b00000| Untracked 
| 316|0x0000000093c00000, 0x0000000093d00000, 0x0000000093d00000|100%|HS|  |TAMS 0x0000000093c00000, 0x0000000093c00000| Complete 
| 317|0x0000000093d00000, 0x0000000093e00000, 0x0000000093e00000|100%|HC|  |TAMS 0x0000000093d00000, 0x0000000093d00000| Complete 
| 318|0x0000000093e00000, 0x0000000093f00000, 0x0000000093f00000|100%| O|  |TAMS 0x0000000093e00000, 0x0000000093e00000| Untracked 
| 319|0x0000000093f00000, 0x0000000094000000, 0x0000000094000000|100%| O|  |TAMS 0x0000000093f00000, 0x0000000093f00000| Untracked 
| 320|0x0000000094000000, 0x0000000094100000, 0x0000000094100000|100%| O|  |TAMS 0x0000000094000000, 0x0000000094000000| Untracked 
| 321|0x0000000094100000, 0x0000000094200000, 0x0000000094200000|100%| O|  |TAMS 0x0000000094100000, 0x0000000094100000| Untracked 
| 322|0x0000000094200000, 0x0000000094300000, 0x0000000094300000|100%| O|  |TAMS 0x0000000094200000, 0x0000000094200000| Untracked 
| 323|0x0000000094300000, 0x0000000094400000, 0x0000000094400000|100%| O|  |TAMS 0x0000000094300000, 0x0000000094300000| Untracked 
| 324|0x0000000094400000, 0x0000000094500000, 0x0000000094500000|100%| O|  |TAMS 0x0000000094400000, 0x0000000094400000| Untracked 
| 325|0x0000000094500000, 0x0000000094600000, 0x0000000094600000|100%| O|  |TAMS 0x0000000094500000, 0x0000000094500000| Untracked 
| 326|0x0000000094600000, 0x0000000094700000, 0x0000000094700000|100%| O|  |TAMS 0x0000000094600000, 0x0000000094600000| Untracked 
| 327|0x0000000094700000, 0x0000000094800000, 0x0000000094800000|100%| O|  |TAMS 0x0000000094700000, 0x0000000094700000| Untracked 
| 328|0x0000000094800000, 0x0000000094900000, 0x0000000094900000|100%| O|  |TAMS 0x0000000094800000, 0x0000000094800000| Untracked 
| 329|0x0000000094900000, 0x0000000094a00000, 0x0000000094a00000|100%| O|  |TAMS 0x0000000094900000, 0x0000000094900000| Untracked 
| 330|0x0000000094a00000, 0x0000000094b00000, 0x0000000094b00000|100%| O|  |TAMS 0x0000000094a00000, 0x0000000094a00000| Untracked 
| 331|0x0000000094b00000, 0x0000000094c00000, 0x0000000094c00000|100%| O|  |TAMS 0x0000000094b00000, 0x0000000094b00000| Untracked 
| 332|0x0000000094c00000, 0x0000000094d00000, 0x0000000094d00000|100%| O|  |TAMS 0x0000000094c00000, 0x0000000094c00000| Untracked 
| 333|0x0000000094d00000, 0x0000000094e00000, 0x0000000094e00000|100%| O|  |TAMS 0x0000000094d00000, 0x0000000094d00000| Untracked 
| 334|0x0000000094e00000, 0x0000000094f00000, 0x0000000094f00000|100%| O|  |TAMS 0x0000000094e00000, 0x0000000094e00000| Untracked 
| 335|0x0000000094f00000, 0x0000000095000000, 0x0000000095000000|100%| O|  |TAMS 0x0000000094f00000, 0x0000000094f00000| Untracked 
| 336|0x0000000095000000, 0x0000000095100000, 0x0000000095100000|100%| O|  |TAMS 0x0000000095000000, 0x0000000095000000| Untracked 
| 337|0x0000000095100000, 0x0000000095200000, 0x0000000095200000|100%| O|  |TAMS 0x0000000095100000, 0x0000000095100000| Untracked 
| 338|0x0000000095200000, 0x0000000095300000, 0x0000000095300000|100%| O|  |TAMS 0x0000000095200000, 0x0000000095200000| Untracked 
| 339|0x0000000095300000, 0x0000000095400000, 0x0000000095400000|100%| O|  |TAMS 0x0000000095300000, 0x0000000095300000| Untracked 
| 340|0x0000000095400000, 0x0000000095500000, 0x0000000095500000|100%| O|  |TAMS 0x0000000095400000, 0x0000000095400000| Untracked 
| 341|0x0000000095500000, 0x0000000095600000, 0x0000000095600000|100%| O|  |TAMS 0x0000000095500000, 0x0000000095500000| Untracked 
| 342|0x0000000095600000, 0x0000000095700000, 0x0000000095700000|100%| O|  |TAMS 0x0000000095600000, 0x0000000095600000| Untracked 
| 343|0x0000000095700000, 0x0000000095800000, 0x0000000095800000|100%| O|  |TAMS 0x0000000095700000, 0x0000000095700000| Untracked 
| 344|0x0000000095800000, 0x0000000095900000, 0x0000000095900000|100%| O|  |TAMS 0x0000000095800000, 0x0000000095800000| Untracked 
| 345|0x0000000095900000, 0x0000000095a00000, 0x0000000095a00000|100%| O|  |TAMS 0x0000000095900000, 0x0000000095900000| Untracked 
| 346|0x0000000095a00000, 0x0000000095b00000, 0x0000000095b00000|100%| O|  |TAMS 0x0000000095a00000, 0x0000000095a00000| Untracked 
| 347|0x0000000095b00000, 0x0000000095c00000, 0x0000000095c00000|100%| O|  |TAMS 0x0000000095b00000, 0x0000000095b00000| Untracked 
| 348|0x0000000095c00000, 0x0000000095d00000, 0x0000000095d00000|100%| O|  |TAMS 0x0000000095c00000, 0x0000000095c00000| Untracked 
| 349|0x0000000095d00000, 0x0000000095e00000, 0x0000000095e00000|100%| O|  |TAMS 0x0000000095d00000, 0x0000000095d00000| Untracked 
| 350|0x0000000095e00000, 0x0000000095f00000, 0x0000000095f00000|100%| O|  |TAMS 0x0000000095e00000, 0x0000000095e00000| Untracked 
| 351|0x0000000095f00000, 0x0000000096000000, 0x0000000096000000|100%| O|  |TAMS 0x0000000095f00000, 0x0000000095f00000| Untracked 
| 352|0x0000000096000000, 0x0000000096100000, 0x0000000096100000|100%| O|  |TAMS 0x0000000096000000, 0x0000000096000000| Untracked 
| 353|0x0000000096100000, 0x0000000096200000, 0x0000000096200000|100%| O|  |TAMS 0x0000000096100000, 0x0000000096100000| Untracked 
| 354|0x0000000096200000, 0x0000000096300000, 0x0000000096300000|100%| O|  |TAMS 0x0000000096200000, 0x0000000096200000| Untracked 
| 355|0x0000000096300000, 0x0000000096400000, 0x0000000096400000|100%| O|  |TAMS 0x0000000096300000, 0x0000000096300000| Untracked 
| 356|0x0000000096400000, 0x0000000096500000, 0x0000000096500000|100%|HS|  |TAMS 0x0000000096400000, 0x0000000096400000| Complete 
| 357|0x0000000096500000, 0x0000000096600000, 0x0000000096600000|100%|HC|  |TAMS 0x0000000096500000, 0x0000000096500000| Complete 
| 358|0x0000000096600000, 0x0000000096700000, 0x0000000096700000|100%|HC|  |TAMS 0x0000000096600000, 0x0000000096600000| Complete 
| 359|0x0000000096700000, 0x0000000096800000, 0x0000000096800000|100%| O|  |TAMS 0x0000000096700000, 0x0000000096700000| Untracked 
| 360|0x0000000096800000, 0x0000000096900000, 0x0000000096900000|100%| O|  |TAMS 0x0000000096800000, 0x0000000096800000| Untracked 
| 361|0x0000000096900000, 0x0000000096a00000, 0x0000000096a00000|100%| O|  |TAMS 0x0000000096900000, 0x0000000096900000| Untracked 
| 362|0x0000000096a00000, 0x0000000096b00000, 0x0000000096b00000|100%| O|  |TAMS 0x0000000096a00000, 0x0000000096a00000| Untracked 
| 363|0x0000000096b00000, 0x0000000096c00000, 0x0000000096c00000|100%| O|  |TAMS 0x0000000096b00000, 0x0000000096b00000| Untracked 
| 364|0x0000000096c00000, 0x0000000096d00000, 0x0000000096d00000|100%| O|  |TAMS 0x0000000096c00000, 0x0000000096c00000| Untracked 
| 365|0x0000000096d00000, 0x0000000096e00000, 0x0000000096e00000|100%| O|  |TAMS 0x0000000096d00000, 0x0000000096d00000| Untracked 
| 366|0x0000000096e00000, 0x0000000096f00000, 0x0000000096f00000|100%| O|  |TAMS 0x0000000096e00000, 0x0000000096e00000| Untracked 
| 367|0x0000000096f00000, 0x0000000097000000, 0x0000000097000000|100%| O|  |TAMS 0x0000000096f00000, 0x0000000096f00000| Untracked 
| 368|0x0000000097000000, 0x0000000097100000, 0x0000000097100000|100%| O|  |TAMS 0x0000000097000000, 0x0000000097000000| Untracked 
| 369|0x0000000097100000, 0x0000000097200000, 0x0000000097200000|100%| O|  |TAMS 0x0000000097100000, 0x0000000097100000| Untracked 
| 370|0x0000000097200000, 0x0000000097300000, 0x0000000097300000|100%| O|  |TAMS 0x0000000097200000, 0x0000000097200000| Untracked 
| 371|0x0000000097300000, 0x0000000097400000, 0x0000000097400000|100%| O|  |TAMS 0x0000000097300000, 0x0000000097300000| Untracked 
| 372|0x0000000097400000, 0x0000000097500000, 0x0000000097500000|100%| O|  |TAMS 0x0000000097400000, 0x0000000097400000| Untracked 
| 373|0x0000000097500000, 0x0000000097600000, 0x0000000097600000|100%| O|  |TAMS 0x0000000097500000, 0x0000000097500000| Untracked 
| 374|0x0000000097600000, 0x0000000097700000, 0x0000000097700000|100%| O|  |TAMS 0x0000000097600000, 0x0000000097600000| Untracked 
| 375|0x0000000097700000, 0x0000000097800000, 0x0000000097800000|100%| O|  |TAMS 0x0000000097700000, 0x0000000097700000| Untracked 
| 376|0x0000000097800000, 0x0000000097900000, 0x0000000097900000|100%| O|  |TAMS 0x0000000097800000, 0x0000000097800000| Untracked 
| 377|0x0000000097900000, 0x0000000097a00000, 0x0000000097a00000|100%| O|  |TAMS 0x0000000097900000, 0x0000000097900000| Untracked 
| 378|0x0000000097a00000, 0x0000000097a00000, 0x0000000097b00000|  0%| F|  |TAMS 0x0000000097a00000, 0x0000000097a00000| Untracked 
| 379|0x0000000097b00000, 0x0000000097b00000, 0x0000000097c00000|  0%| F|  |TAMS 0x0000000097b00000, 0x0000000097b00000| Untracked 
| 380|0x0000000097c00000, 0x0000000097c00000, 0x0000000097d00000|  0%| F|  |TAMS 0x0000000097c00000, 0x0000000097c00000| Untracked 
| 381|0x0000000097d00000, 0x0000000097d00000, 0x0000000097e00000|  0%| F|  |TAMS 0x0000000097d00000, 0x0000000097d00000| Untracked 
| 382|0x0000000097e00000, 0x0000000097e00000, 0x0000000097f00000|  0%| F|  |TAMS 0x0000000097e00000, 0x0000000097e00000| Untracked 
| 383|0x0000000097f00000, 0x0000000097f00000, 0x0000000098000000|  0%| F|  |TAMS 0x0000000097f00000, 0x0000000097f00000| Untracked 
| 384|0x0000000098000000, 0x0000000098000000, 0x0000000098100000|  0%| F|  |TAMS 0x0000000098000000, 0x0000000098000000| Untracked 
| 385|0x0000000098100000, 0x0000000098100000, 0x0000000098200000|  0%| F|  |TAMS 0x0000000098100000, 0x0000000098100000| Untracked 
| 386|0x0000000098200000, 0x0000000098200000, 0x0000000098300000|  0%| F|  |TAMS 0x0000000098200000, 0x0000000098200000| Untracked 
| 387|0x0000000098300000, 0x0000000098300000, 0x0000000098400000|  0%| F|  |TAMS 0x0000000098300000, 0x0000000098300000| Untracked 
| 388|0x0000000098400000, 0x0000000098400000, 0x0000000098500000|  0%| F|  |TAMS 0x0000000098400000, 0x0000000098400000| Untracked 
| 389|0x0000000098500000, 0x0000000098500000, 0x0000000098600000|  0%| F|  |TAMS 0x0000000098500000, 0x0000000098500000| Untracked 
| 390|0x0000000098600000, 0x0000000098600000, 0x0000000098700000|  0%| F|  |TAMS 0x0000000098600000, 0x0000000098600000| Untracked 
| 391|0x0000000098700000, 0x0000000098700000, 0x0000000098800000|  0%| F|  |TAMS 0x0000000098700000, 0x0000000098700000| Untracked 
| 392|0x0000000098800000, 0x0000000098800000, 0x0000000098900000|  0%| F|  |TAMS 0x0000000098800000, 0x0000000098800000| Untracked 
| 393|0x0000000098900000, 0x0000000098900000, 0x0000000098a00000|  0%| F|  |TAMS 0x0000000098900000, 0x0000000098900000| Untracked 
| 394|0x0000000098a00000, 0x0000000098a00000, 0x0000000098b00000|  0%| F|  |TAMS 0x0000000098a00000, 0x0000000098a00000| Untracked 
| 395|0x0000000098b00000, 0x0000000098b00000, 0x0000000098c00000|  0%| F|  |TAMS 0x0000000098b00000, 0x0000000098b00000| Untracked 
| 396|0x0000000098c00000, 0x0000000098c00000, 0x0000000098d00000|  0%| F|  |TAMS 0x0000000098c00000, 0x0000000098c00000| Untracked 
| 397|0x0000000098d00000, 0x0000000098d00000, 0x0000000098e00000|  0%| F|  |TAMS 0x0000000098d00000, 0x0000000098d00000| Untracked 
| 398|0x0000000098e00000, 0x0000000098e00000, 0x0000000098f00000|  0%| F|  |TAMS 0x0000000098e00000, 0x0000000098e00000| Untracked 
| 399|0x0000000098f00000, 0x0000000098f00000, 0x0000000099000000|  0%| F|  |TAMS 0x0000000098f00000, 0x0000000098f00000| Untracked 
| 400|0x0000000099000000, 0x0000000099000000, 0x0000000099100000|  0%| F|  |TAMS 0x0000000099000000, 0x0000000099000000| Untracked 
| 401|0x0000000099100000, 0x0000000099100000, 0x0000000099200000|  0%| F|  |TAMS 0x0000000099100000, 0x0000000099100000| Untracked 
| 402|0x0000000099200000, 0x0000000099200000, 0x0000000099300000|  0%| F|  |TAMS 0x0000000099200000, 0x0000000099200000| Untracked 
| 403|0x0000000099300000, 0x0000000099300000, 0x0000000099400000|  0%| F|  |TAMS 0x0000000099300000, 0x0000000099300000| Untracked 
| 404|0x0000000099400000, 0x0000000099400000, 0x0000000099500000|  0%| F|  |TAMS 0x0000000099400000, 0x0000000099400000| Untracked 
| 405|0x0000000099500000, 0x0000000099500000, 0x0000000099600000|  0%| F|  |TAMS 0x0000000099500000, 0x0000000099500000| Untracked 
| 406|0x0000000099600000, 0x0000000099600000, 0x0000000099700000|  0%| F|  |TAMS 0x0000000099600000, 0x0000000099600000| Untracked 
| 407|0x0000000099700000, 0x0000000099700000, 0x0000000099800000|  0%| F|  |TAMS 0x0000000099700000, 0x0000000099700000| Untracked 
| 408|0x0000000099800000, 0x0000000099800000, 0x0000000099900000|  0%| F|  |TAMS 0x0000000099800000, 0x0000000099800000| Untracked 
| 409|0x0000000099900000, 0x0000000099900000, 0x0000000099a00000|  0%| F|  |TAMS 0x0000000099900000, 0x0000000099900000| Untracked 
| 410|0x0000000099a00000, 0x0000000099a00000, 0x0000000099b00000|  0%| F|  |TAMS 0x0000000099a00000, 0x0000000099a00000| Untracked 
| 411|0x0000000099b00000, 0x0000000099b00000, 0x0000000099c00000|  0%| F|  |TAMS 0x0000000099b00000, 0x0000000099b00000| Untracked 
| 412|0x0000000099c00000, 0x0000000099c00000, 0x0000000099d00000|  0%| F|  |TAMS 0x0000000099c00000, 0x0000000099c00000| Untracked 
| 413|0x0000000099d00000, 0x0000000099d00000, 0x0000000099e00000|  0%| F|  |TAMS 0x0000000099d00000, 0x0000000099d00000| Untracked 
| 414|0x0000000099e00000, 0x0000000099e00000, 0x0000000099f00000|  0%| F|  |TAMS 0x0000000099e00000, 0x0000000099e00000| Untracked 
| 415|0x0000000099f00000, 0x0000000099f00000, 0x000000009a000000|  0%| F|  |TAMS 0x0000000099f00000, 0x0000000099f00000| Untracked 
| 416|0x000000009a000000, 0x000000009a000000, 0x000000009a100000|  0%| F|  |TAMS 0x000000009a000000, 0x000000009a000000| Untracked 
| 417|0x000000009a100000, 0x000000009a100000, 0x000000009a200000|  0%| F|  |TAMS 0x000000009a100000, 0x000000009a100000| Untracked 
| 418|0x000000009a200000, 0x000000009a200000, 0x000000009a300000|  0%| F|  |TAMS 0x000000009a200000, 0x000000009a200000| Untracked 
| 419|0x000000009a300000, 0x000000009a300000, 0x000000009a400000|  0%| F|  |TAMS 0x000000009a300000, 0x000000009a300000| Untracked 
| 420|0x000000009a400000, 0x000000009a400000, 0x000000009a500000|  0%| F|  |TAMS 0x000000009a400000, 0x000000009a400000| Untracked 
| 421|0x000000009a500000, 0x000000009a500000, 0x000000009a600000|  0%| F|  |TAMS 0x000000009a500000, 0x000000009a500000| Untracked 
| 422|0x000000009a600000, 0x000000009a600000, 0x000000009a700000|  0%| F|  |TAMS 0x000000009a600000, 0x000000009a600000| Untracked 
| 423|0x000000009a700000, 0x000000009a700000, 0x000000009a800000|  0%| F|  |TAMS 0x000000009a700000, 0x000000009a700000| Untracked 
| 424|0x000000009a800000, 0x000000009a800000, 0x000000009a900000|  0%| F|  |TAMS 0x000000009a800000, 0x000000009a800000| Untracked 
| 425|0x000000009a900000, 0x000000009a900000, 0x000000009aa00000|  0%| F|  |TAMS 0x000000009a900000, 0x000000009a900000| Untracked 
| 426|0x000000009aa00000, 0x000000009aa00000, 0x000000009ab00000|  0%| F|  |TAMS 0x000000009aa00000, 0x000000009aa00000| Untracked 
| 427|0x000000009ab00000, 0x000000009ab00000, 0x000000009ac00000|  0%| F|  |TAMS 0x000000009ab00000, 0x000000009ab00000| Untracked 
| 428|0x000000009ac00000, 0x000000009ac00000, 0x000000009ad00000|  0%| F|  |TAMS 0x000000009ac00000, 0x000000009ac00000| Untracked 
| 429|0x000000009ad00000, 0x000000009ad00000, 0x000000009ae00000|  0%| F|  |TAMS 0x000000009ad00000, 0x000000009ad00000| Untracked 
| 430|0x000000009ae00000, 0x000000009ae00000, 0x000000009af00000|  0%| F|  |TAMS 0x000000009ae00000, 0x000000009ae00000| Untracked 
| 431|0x000000009af00000, 0x000000009af00000, 0x000000009b000000|  0%| F|  |TAMS 0x000000009af00000, 0x000000009af00000| Untracked 
| 432|0x000000009b000000, 0x000000009b000000, 0x000000009b100000|  0%| F|  |TAMS 0x000000009b000000, 0x000000009b000000| Untracked 
| 433|0x000000009b100000, 0x000000009b100000, 0x000000009b200000|  0%| F|  |TAMS 0x000000009b100000, 0x000000009b100000| Untracked 
| 434|0x000000009b200000, 0x000000009b200000, 0x000000009b300000|  0%| F|  |TAMS 0x000000009b200000, 0x000000009b200000| Untracked 
| 435|0x000000009b300000, 0x000000009b300000, 0x000000009b400000|  0%| F|  |TAMS 0x000000009b300000, 0x000000009b300000| Untracked 
| 436|0x000000009b400000, 0x000000009b400000, 0x000000009b500000|  0%| F|  |TAMS 0x000000009b400000, 0x000000009b400000| Untracked 
| 437|0x000000009b500000, 0x000000009b500000, 0x000000009b600000|  0%| F|  |TAMS 0x000000009b500000, 0x000000009b500000| Untracked 
| 438|0x000000009b600000, 0x000000009b600000, 0x000000009b700000|  0%| F|  |TAMS 0x000000009b600000, 0x000000009b600000| Untracked 
| 439|0x000000009b700000, 0x000000009b700000, 0x000000009b800000|  0%| F|  |TAMS 0x000000009b700000, 0x000000009b700000| Untracked 
| 440|0x000000009b800000, 0x000000009b800000, 0x000000009b900000|  0%| F|  |TAMS 0x000000009b800000, 0x000000009b800000| Untracked 
| 441|0x000000009b900000, 0x000000009b900000, 0x000000009ba00000|  0%| F|  |TAMS 0x000000009b900000, 0x000000009b900000| Untracked 
| 442|0x000000009ba00000, 0x000000009ba00000, 0x000000009bb00000|  0%| F|  |TAMS 0x000000009ba00000, 0x000000009ba00000| Untracked 
| 443|0x000000009bb00000, 0x000000009bb00000, 0x000000009bc00000|  0%| F|  |TAMS 0x000000009bb00000, 0x000000009bb00000| Untracked 
| 444|0x000000009bc00000, 0x000000009bc00000, 0x000000009bd00000|  0%| F|  |TAMS 0x000000009bc00000, 0x000000009bc00000| Untracked 
| 445|0x000000009bd00000, 0x000000009bd00000, 0x000000009be00000|  0%| F|  |TAMS 0x000000009bd00000, 0x000000009bd00000| Untracked 
| 446|0x000000009be00000, 0x000000009be00000, 0x000000009bf00000|  0%| F|  |TAMS 0x000000009be00000, 0x000000009be00000| Untracked 
| 447|0x000000009bf00000, 0x000000009bf00000, 0x000000009c000000|  0%| F|  |TAMS 0x000000009bf00000, 0x000000009bf00000| Untracked 
| 448|0x000000009c000000, 0x000000009c000000, 0x000000009c100000|  0%| F|  |TAMS 0x000000009c000000, 0x000000009c000000| Untracked 
| 449|0x000000009c100000, 0x000000009c100000, 0x000000009c200000|  0%| F|  |TAMS 0x000000009c100000, 0x000000009c100000| Untracked 
| 450|0x000000009c200000, 0x000000009c200000, 0x000000009c300000|  0%| F|  |TAMS 0x000000009c200000, 0x000000009c200000| Untracked 
| 451|0x000000009c300000, 0x000000009c300000, 0x000000009c400000|  0%| F|  |TAMS 0x000000009c300000, 0x000000009c300000| Untracked 
| 452|0x000000009c400000, 0x000000009c400000, 0x000000009c500000|  0%| F|  |TAMS 0x000000009c400000, 0x000000009c400000| Untracked 
| 453|0x000000009c500000, 0x000000009c500000, 0x000000009c600000|  0%| F|  |TAMS 0x000000009c500000, 0x000000009c500000| Untracked 
| 454|0x000000009c600000, 0x000000009c600000, 0x000000009c700000|  0%| F|  |TAMS 0x000000009c600000, 0x000000009c600000| Untracked 
| 455|0x000000009c700000, 0x000000009c700000, 0x000000009c800000|  0%| F|  |TAMS 0x000000009c700000, 0x000000009c700000| Untracked 
| 456|0x000000009c800000, 0x000000009c800000, 0x000000009c900000|  0%| F|  |TAMS 0x000000009c800000, 0x000000009c800000| Untracked 
| 457|0x000000009c900000, 0x000000009c900000, 0x000000009ca00000|  0%| F|  |TAMS 0x000000009c900000, 0x000000009c900000| Untracked 
| 458|0x000000009ca00000, 0x000000009ca00000, 0x000000009cb00000|  0%| F|  |TAMS 0x000000009ca00000, 0x000000009ca00000| Untracked 
| 459|0x000000009cb00000, 0x000000009cb00000, 0x000000009cc00000|  0%| F|  |TAMS 0x000000009cb00000, 0x000000009cb00000| Untracked 
| 460|0x000000009cc00000, 0x000000009cc00000, 0x000000009cd00000|  0%| F|  |TAMS 0x000000009cc00000, 0x000000009cc00000| Untracked 
| 461|0x000000009cd00000, 0x000000009cd00000, 0x000000009ce00000|  0%| F|  |TAMS 0x000000009cd00000, 0x000000009cd00000| Untracked 
| 462|0x000000009ce00000, 0x000000009ce00000, 0x000000009cf00000|  0%| F|  |TAMS 0x000000009ce00000, 0x000000009ce00000| Untracked 
| 463|0x000000009cf00000, 0x000000009cf00000, 0x000000009d000000|  0%| F|  |TAMS 0x000000009cf00000, 0x000000009cf00000| Untracked 
| 464|0x000000009d000000, 0x000000009d000000, 0x000000009d100000|  0%| F|  |TAMS 0x000000009d000000, 0x000000009d000000| Untracked 
| 465|0x000000009d100000, 0x000000009d100000, 0x000000009d200000|  0%| F|  |TAMS 0x000000009d100000, 0x000000009d100000| Untracked 
| 466|0x000000009d200000, 0x000000009d269480, 0x000000009d300000| 41%| S|CS|TAMS 0x000000009d200000, 0x000000009d200000| Complete 
| 467|0x000000009d300000, 0x000000009d300000, 0x000000009d400000|  0%| F|  |TAMS 0x000000009d300000, 0x000000009d300000| Untracked 
| 468|0x000000009d400000, 0x000000009d400000, 0x000000009d500000|  0%| F|  |TAMS 0x000000009d400000, 0x000000009d400000| Untracked 
| 469|0x000000009d500000, 0x000000009d500000, 0x000000009d600000|  0%| F|  |TAMS 0x000000009d500000, 0x000000009d500000| Untracked 
| 470|0x000000009d600000, 0x000000009d600000, 0x000000009d700000|  0%| F|  |TAMS 0x000000009d600000, 0x000000009d600000| Untracked 
| 471|0x000000009d700000, 0x000000009d700000, 0x000000009d800000|  0%| F|  |TAMS 0x000000009d700000, 0x000000009d700000| Untracked 
| 472|0x000000009d800000, 0x000000009d800000, 0x000000009d900000|  0%| F|  |TAMS 0x000000009d800000, 0x000000009d800000| Untracked 
| 473|0x000000009d900000, 0x000000009d900000, 0x000000009da00000|  0%| F|  |TAMS 0x000000009d900000, 0x000000009d900000| Untracked 
| 474|0x000000009da00000, 0x000000009db00000, 0x000000009db00000|100%| S|CS|TAMS 0x000000009da00000, 0x000000009da00000| Complete 
| 475|0x000000009db00000, 0x000000009dc00000, 0x000000009dc00000|100%| S|CS|TAMS 0x000000009db00000, 0x000000009db00000| Complete 
| 476|0x000000009dc00000, 0x000000009dd00000, 0x000000009dd00000|100%| S|CS|TAMS 0x000000009dc00000, 0x000000009dc00000| Complete 
| 477|0x000000009dd00000, 0x000000009de00000, 0x000000009de00000|100%| S|CS|TAMS 0x000000009dd00000, 0x000000009dd00000| Complete 
| 478|0x000000009de00000, 0x000000009df00000, 0x000000009df00000|100%| S|CS|TAMS 0x000000009de00000, 0x000000009de00000| Complete 
| 479|0x000000009df00000, 0x000000009e000000, 0x000000009e000000|100%| S|CS|TAMS 0x000000009df00000, 0x000000009df00000| Complete 
| 480|0x000000009e000000, 0x000000009e000000, 0x000000009e100000|  0%| F|  |TAMS 0x000000009e000000, 0x000000009e000000| Untracked 
| 481|0x000000009e100000, 0x000000009e100000, 0x000000009e200000|  0%| F|  |TAMS 0x000000009e100000, 0x000000009e100000| Untracked 
| 482|0x000000009e200000, 0x000000009e200000, 0x000000009e300000|  0%| F|  |TAMS 0x000000009e200000, 0x000000009e200000| Untracked 
| 483|0x000000009e300000, 0x000000009e300000, 0x000000009e400000|  0%| F|  |TAMS 0x000000009e300000, 0x000000009e300000| Untracked 
| 484|0x000000009e400000, 0x000000009e400000, 0x000000009e500000|  0%| F|  |TAMS 0x000000009e400000, 0x000000009e400000| Untracked 
| 485|0x000000009e500000, 0x000000009e500000, 0x000000009e600000|  0%| F|  |TAMS 0x000000009e500000, 0x000000009e500000| Untracked 
| 486|0x000000009e600000, 0x000000009e600000, 0x000000009e700000|  0%| F|  |TAMS 0x000000009e600000, 0x000000009e600000| Untracked 
| 487|0x000000009e700000, 0x000000009e700000, 0x000000009e800000|  0%| F|  |TAMS 0x000000009e700000, 0x000000009e700000| Untracked 
| 488|0x000000009e800000, 0x000000009e800000, 0x000000009e900000|  0%| F|  |TAMS 0x000000009e800000, 0x000000009e800000| Untracked 
| 489|0x000000009e900000, 0x000000009e900000, 0x000000009ea00000|  0%| F|  |TAMS 0x000000009e900000, 0x000000009e900000| Untracked 
| 490|0x000000009ea00000, 0x000000009ea00000, 0x000000009eb00000|  0%| F|  |TAMS 0x000000009ea00000, 0x000000009ea00000| Untracked 
| 491|0x000000009eb00000, 0x000000009eb00000, 0x000000009ec00000|  0%| F|  |TAMS 0x000000009eb00000, 0x000000009eb00000| Untracked 
| 492|0x000000009ec00000, 0x000000009ec00000, 0x000000009ed00000|  0%| F|  |TAMS 0x000000009ec00000, 0x000000009ec00000| Untracked 
| 493|0x000000009ed00000, 0x000000009ed00000, 0x000000009ee00000|  0%| F|  |TAMS 0x000000009ed00000, 0x000000009ed00000| Untracked 
| 494|0x000000009ee00000, 0x000000009ee00000, 0x000000009ef00000|  0%| F|  |TAMS 0x000000009ee00000, 0x000000009ee00000| Untracked 
| 495|0x000000009ef00000, 0x000000009ef00000, 0x000000009f000000|  0%| F|  |TAMS 0x000000009ef00000, 0x000000009ef00000| Untracked 
| 496|0x000000009f000000, 0x000000009f000000, 0x000000009f100000|  0%| F|  |TAMS 0x000000009f000000, 0x000000009f000000| Untracked 
| 497|0x000000009f100000, 0x000000009f100000, 0x000000009f200000|  0%| F|  |TAMS 0x000000009f100000, 0x000000009f100000| Untracked 
| 498|0x000000009f200000, 0x000000009f200000, 0x000000009f300000|  0%| F|  |TAMS 0x000000009f200000, 0x000000009f200000| Untracked 
| 499|0x000000009f300000, 0x000000009f300000, 0x000000009f400000|  0%| F|  |TAMS 0x000000009f300000, 0x000000009f300000| Untracked 
| 500|0x000000009f400000, 0x000000009f400000, 0x000000009f500000|  0%| F|  |TAMS 0x000000009f400000, 0x000000009f400000| Untracked 
| 501|0x000000009f500000, 0x000000009f500000, 0x000000009f600000|  0%| F|  |TAMS 0x000000009f500000, 0x000000009f500000| Untracked 
| 502|0x000000009f600000, 0x000000009f600000, 0x000000009f700000|  0%| F|  |TAMS 0x000000009f600000, 0x000000009f600000| Untracked 
| 503|0x000000009f700000, 0x000000009f700000, 0x000000009f800000|  0%| F|  |TAMS 0x000000009f700000, 0x000000009f700000| Untracked 
| 504|0x000000009f800000, 0x000000009f800000, 0x000000009f900000|  0%| F|  |TAMS 0x000000009f800000, 0x000000009f800000| Untracked 
| 505|0x000000009f900000, 0x000000009f900000, 0x000000009fa00000|  0%| F|  |TAMS 0x000000009f900000, 0x000000009f900000| Untracked 
| 506|0x000000009fa00000, 0x000000009fa00000, 0x000000009fb00000|  0%| F|  |TAMS 0x000000009fa00000, 0x000000009fa00000| Untracked 
| 507|0x000000009fb00000, 0x000000009fb00000, 0x000000009fc00000|  0%| F|  |TAMS 0x000000009fb00000, 0x000000009fb00000| Untracked 
| 508|0x000000009fc00000, 0x000000009fc00000, 0x000000009fd00000|  0%| F|  |TAMS 0x000000009fc00000, 0x000000009fc00000| Untracked 
| 509|0x000000009fd00000, 0x000000009fd00000, 0x000000009fe00000|  0%| F|  |TAMS 0x000000009fd00000, 0x000000009fd00000| Untracked 
| 510|0x000000009fe00000, 0x000000009fe00000, 0x000000009ff00000|  0%| F|  |TAMS 0x000000009fe00000, 0x000000009fe00000| Untracked 
| 511|0x000000009ff00000, 0x000000009ff00000, 0x00000000a0000000|  0%| F|  |TAMS 0x000000009ff00000, 0x000000009ff00000| Untracked 
| 512|0x00000000a0000000, 0x00000000a0000000, 0x00000000a0100000|  0%| F|  |TAMS 0x00000000a0000000, 0x00000000a0000000| Untracked 
| 513|0x00000000a0100000, 0x00000000a0100000, 0x00000000a0200000|  0%| F|  |TAMS 0x00000000a0100000, 0x00000000a0100000| Untracked 
| 514|0x00000000a0200000, 0x00000000a0200000, 0x00000000a0300000|  0%| F|  |TAMS 0x00000000a0200000, 0x00000000a0200000| Untracked 
| 515|0x00000000a0300000, 0x00000000a0300000, 0x00000000a0400000|  0%| F|  |TAMS 0x00000000a0300000, 0x00000000a0300000| Untracked 
| 516|0x00000000a0400000, 0x00000000a0400000, 0x00000000a0500000|  0%| F|  |TAMS 0x00000000a0400000, 0x00000000a0400000| Untracked 
| 517|0x00000000a0500000, 0x00000000a0500000, 0x00000000a0600000|  0%| F|  |TAMS 0x00000000a0500000, 0x00000000a0500000| Untracked 
| 518|0x00000000a0600000, 0x00000000a0600000, 0x00000000a0700000|  0%| F|  |TAMS 0x00000000a0600000, 0x00000000a0600000| Untracked 
| 519|0x00000000a0700000, 0x00000000a0700000, 0x00000000a0800000|  0%| F|  |TAMS 0x00000000a0700000, 0x00000000a0700000| Untracked 
| 520|0x00000000a0800000, 0x00000000a0800000, 0x00000000a0900000|  0%| F|  |TAMS 0x00000000a0800000, 0x00000000a0800000| Untracked 
| 521|0x00000000a0900000, 0x00000000a0900000, 0x00000000a0a00000|  0%| F|  |TAMS 0x00000000a0900000, 0x00000000a0900000| Untracked 
| 522|0x00000000a0a00000, 0x00000000a0a00000, 0x00000000a0b00000|  0%| F|  |TAMS 0x00000000a0a00000, 0x00000000a0a00000| Untracked 
| 523|0x00000000a0b00000, 0x00000000a0b00000, 0x00000000a0c00000|  0%| F|  |TAMS 0x00000000a0b00000, 0x00000000a0b00000| Untracked 
| 524|0x00000000a0c00000, 0x00000000a0c00000, 0x00000000a0d00000|  0%| F|  |TAMS 0x00000000a0c00000, 0x00000000a0c00000| Untracked 
| 525|0x00000000a0d00000, 0x00000000a0dbac20, 0x00000000a0e00000| 72%| E|  |TAMS 0x00000000a0d00000, 0x00000000a0d00000| Complete 
| 526|0x00000000a0e00000, 0x00000000a0f00000, 0x00000000a0f00000|100%| E|CS|TAMS 0x00000000a0e00000, 0x00000000a0e00000| Complete 
| 527|0x00000000a0f00000, 0x00000000a1000000, 0x00000000a1000000|100%| E|CS|TAMS 0x00000000a0f00000, 0x00000000a0f00000| Complete 
| 528|0x00000000a1000000, 0x00000000a1100000, 0x00000000a1100000|100%| E|CS|TAMS 0x00000000a1000000, 0x00000000a1000000| Complete 
| 529|0x00000000a1100000, 0x00000000a1200000, 0x00000000a1200000|100%| E|CS|TAMS 0x00000000a1100000, 0x00000000a1100000| Complete 
| 530|0x00000000a1200000, 0x00000000a1300000, 0x00000000a1300000|100%| E|CS|TAMS 0x00000000a1200000, 0x00000000a1200000| Complete 
| 531|0x00000000a1300000, 0x00000000a1400000, 0x00000000a1400000|100%| E|CS|TAMS 0x00000000a1300000, 0x00000000a1300000| Complete 
| 532|0x00000000a1400000, 0x00000000a1500000, 0x00000000a1500000|100%| E|CS|TAMS 0x00000000a1400000, 0x00000000a1400000| Complete 
| 533|0x00000000a1500000, 0x00000000a1600000, 0x00000000a1600000|100%| E|CS|TAMS 0x00000000a1500000, 0x00000000a1500000| Complete 
| 534|0x00000000a1600000, 0x00000000a1700000, 0x00000000a1700000|100%| E|CS|TAMS 0x00000000a1600000, 0x00000000a1600000| Complete 
| 535|0x00000000a1700000, 0x00000000a1800000, 0x00000000a1800000|100%| E|CS|TAMS 0x00000000a1700000, 0x00000000a1700000| Complete 
| 536|0x00000000a1800000, 0x00000000a1900000, 0x00000000a1900000|100%| E|CS|TAMS 0x00000000a1800000, 0x00000000a1800000| Complete 
| 537|0x00000000a1900000, 0x00000000a1a00000, 0x00000000a1a00000|100%| E|CS|TAMS 0x00000000a1900000, 0x00000000a1900000| Complete 
| 538|0x00000000a1a00000, 0x00000000a1b00000, 0x00000000a1b00000|100%| E|CS|TAMS 0x00000000a1a00000, 0x00000000a1a00000| Complete 
| 539|0x00000000a1b00000, 0x00000000a1c00000, 0x00000000a1c00000|100%| E|  |TAMS 0x00000000a1b00000, 0x00000000a1b00000| Complete 
| 540|0x00000000a1c00000, 0x00000000a1d00000, 0x00000000a1d00000|100%| E|CS|TAMS 0x00000000a1c00000, 0x00000000a1c00000| Complete 
| 541|0x00000000a1d00000, 0x00000000a1e00000, 0x00000000a1e00000|100%| E|CS|TAMS 0x00000000a1d00000, 0x00000000a1d00000| Complete 
| 542|0x00000000a1e00000, 0x00000000a1f00000, 0x00000000a1f00000|100%| E|CS|TAMS 0x00000000a1e00000, 0x00000000a1e00000| Complete 
| 543|0x00000000a1f00000, 0x00000000a2000000, 0x00000000a2000000|100%| E|CS|TAMS 0x00000000a1f00000, 0x00000000a1f00000| Complete 
| 544|0x00000000a2000000, 0x00000000a2100000, 0x00000000a2100000|100%| E|CS|TAMS 0x00000000a2000000, 0x00000000a2000000| Complete 
| 545|0x00000000a2100000, 0x00000000a2200000, 0x00000000a2200000|100%| E|CS|TAMS 0x00000000a2100000, 0x00000000a2100000| Complete 
| 546|0x00000000a2200000, 0x00000000a2300000, 0x00000000a2300000|100%| E|CS|TAMS 0x00000000a2200000, 0x00000000a2200000| Complete 
| 547|0x00000000a2300000, 0x00000000a2400000, 0x00000000a2400000|100%| E|CS|TAMS 0x00000000a2300000, 0x00000000a2300000| Complete 
| 548|0x00000000a2400000, 0x00000000a2500000, 0x00000000a2500000|100%| E|CS|TAMS 0x00000000a2400000, 0x00000000a2400000| Complete 
| 549|0x00000000a2500000, 0x00000000a2600000, 0x00000000a2600000|100%| E|CS|TAMS 0x00000000a2500000, 0x00000000a2500000| Complete 
| 550|0x00000000a2600000, 0x00000000a2700000, 0x00000000a2700000|100%| E|CS|TAMS 0x00000000a2600000, 0x00000000a2600000| Complete 
| 551|0x00000000a2700000, 0x00000000a2800000, 0x00000000a2800000|100%| E|CS|TAMS 0x00000000a2700000, 0x00000000a2700000| Complete 
| 552|0x00000000a2800000, 0x00000000a2900000, 0x00000000a2900000|100%| E|CS|TAMS 0x00000000a2800000, 0x00000000a2800000| Complete 
| 553|0x00000000a2900000, 0x00000000a2a00000, 0x00000000a2a00000|100%| E|CS|TAMS 0x00000000a2900000, 0x00000000a2900000| Complete 
| 554|0x00000000a2a00000, 0x00000000a2b00000, 0x00000000a2b00000|100%| E|CS|TAMS 0x00000000a2a00000, 0x00000000a2a00000| Complete 
| 555|0x00000000a2b00000, 0x00000000a2c00000, 0x00000000a2c00000|100%| E|CS|TAMS 0x00000000a2b00000, 0x00000000a2b00000| Complete 
| 556|0x00000000a2c00000, 0x00000000a2d00000, 0x00000000a2d00000|100%| E|CS|TAMS 0x00000000a2c00000, 0x00000000a2c00000| Complete 
| 557|0x00000000a2d00000, 0x00000000a2e00000, 0x00000000a2e00000|100%| E|CS|TAMS 0x00000000a2d00000, 0x00000000a2d00000| Complete 
| 558|0x00000000a2e00000, 0x00000000a2f00000, 0x00000000a2f00000|100%| E|CS|TAMS 0x00000000a2e00000, 0x00000000a2e00000| Complete 
| 559|0x00000000a2f00000, 0x00000000a3000000, 0x00000000a3000000|100%| E|CS|TAMS 0x00000000a2f00000, 0x00000000a2f00000| Complete 
| 560|0x00000000a3000000, 0x00000000a3100000, 0x00000000a3100000|100%| E|CS|TAMS 0x00000000a3000000, 0x00000000a3000000| Complete 
| 561|0x00000000a3100000, 0x00000000a3200000, 0x00000000a3200000|100%| E|CS|TAMS 0x00000000a3100000, 0x00000000a3100000| Complete 
| 562|0x00000000a3200000, 0x00000000a3300000, 0x00000000a3300000|100%| E|CS|TAMS 0x00000000a3200000, 0x00000000a3200000| Complete 
| 563|0x00000000a3300000, 0x00000000a3400000, 0x00000000a3400000|100%| E|CS|TAMS 0x00000000a3300000, 0x00000000a3300000| Complete 
| 564|0x00000000a3400000, 0x00000000a3500000, 0x00000000a3500000|100%| E|CS|TAMS 0x00000000a3400000, 0x00000000a3400000| Complete 
| 565|0x00000000a3500000, 0x00000000a3600000, 0x00000000a3600000|100%| E|CS|TAMS 0x00000000a3500000, 0x00000000a3500000| Complete 
| 566|0x00000000a3600000, 0x00000000a3700000, 0x00000000a3700000|100%| E|CS|TAMS 0x00000000a3600000, 0x00000000a3600000| Complete 
| 567|0x00000000a3700000, 0x00000000a3800000, 0x00000000a3800000|100%| E|CS|TAMS 0x00000000a3700000, 0x00000000a3700000| Complete 
| 568|0x00000000a3800000, 0x00000000a3900000, 0x00000000a3900000|100%| E|CS|TAMS 0x00000000a3800000, 0x00000000a3800000| Complete 
| 569|0x00000000a3900000, 0x00000000a3a00000, 0x00000000a3a00000|100%| E|CS|TAMS 0x00000000a3900000, 0x00000000a3900000| Complete 
| 570|0x00000000a3a00000, 0x00000000a3b00000, 0x00000000a3b00000|100%| E|CS|TAMS 0x00000000a3a00000, 0x00000000a3a00000| Complete 
| 571|0x00000000a3b00000, 0x00000000a3c00000, 0x00000000a3c00000|100%| E|CS|TAMS 0x00000000a3b00000, 0x00000000a3b00000| Complete 
| 572|0x00000000a3c00000, 0x00000000a3d00000, 0x00000000a3d00000|100%| E|CS|TAMS 0x00000000a3c00000, 0x00000000a3c00000| Complete 
| 573|0x00000000a3d00000, 0x00000000a3e00000, 0x00000000a3e00000|100%| E|CS|TAMS 0x00000000a3d00000, 0x00000000a3d00000| Complete 
| 574|0x00000000a3e00000, 0x00000000a3f00000, 0x00000000a3f00000|100%| E|CS|TAMS 0x00000000a3e00000, 0x00000000a3e00000| Complete 
| 575|0x00000000a3f00000, 0x00000000a4000000, 0x00000000a4000000|100%| E|CS|TAMS 0x00000000a3f00000, 0x00000000a3f00000| Complete 
| 576|0x00000000a4000000, 0x00000000a4100000, 0x00000000a4100000|100%| E|CS|TAMS 0x00000000a4000000, 0x00000000a4000000| Complete 
| 577|0x00000000a4100000, 0x00000000a4200000, 0x00000000a4200000|100%| E|CS|TAMS 0x00000000a4100000, 0x00000000a4100000| Complete 
| 578|0x00000000a4200000, 0x00000000a4300000, 0x00000000a4300000|100%| E|CS|TAMS 0x00000000a4200000, 0x00000000a4200000| Complete 
| 579|0x00000000a4300000, 0x00000000a4400000, 0x00000000a4400000|100%| E|CS|TAMS 0x00000000a4300000, 0x00000000a4300000| Complete 
| 580|0x00000000a4400000, 0x00000000a4500000, 0x00000000a4500000|100%| E|CS|TAMS 0x00000000a4400000, 0x00000000a4400000| Complete 
| 581|0x00000000a4500000, 0x00000000a4600000, 0x00000000a4600000|100%| E|CS|TAMS 0x00000000a4500000, 0x00000000a4500000| Complete 
| 582|0x00000000a4600000, 0x00000000a4700000, 0x00000000a4700000|100%| E|CS|TAMS 0x00000000a4600000, 0x00000000a4600000| Complete 
| 583|0x00000000a4700000, 0x00000000a4800000, 0x00000000a4800000|100%| E|CS|TAMS 0x00000000a4700000, 0x00000000a4700000| Complete 
| 584|0x00000000a4800000, 0x00000000a4900000, 0x00000000a4900000|100%| E|CS|TAMS 0x00000000a4800000, 0x00000000a4800000| Complete 
| 585|0x00000000a4900000, 0x00000000a4a00000, 0x00000000a4a00000|100%| E|CS|TAMS 0x00000000a4900000, 0x00000000a4900000| Complete 
| 586|0x00000000a4a00000, 0x00000000a4b00000, 0x00000000a4b00000|100%| E|CS|TAMS 0x00000000a4a00000, 0x00000000a4a00000| Complete 
| 587|0x00000000a4b00000, 0x00000000a4c00000, 0x00000000a4c00000|100%| E|CS|TAMS 0x00000000a4b00000, 0x00000000a4b00000| Complete 
| 588|0x00000000a4c00000, 0x00000000a4d00000, 0x00000000a4d00000|100%| E|CS|TAMS 0x00000000a4c00000, 0x00000000a4c00000| Complete 
| 589|0x00000000a4d00000, 0x00000000a4e00000, 0x00000000a4e00000|100%| E|CS|TAMS 0x00000000a4d00000, 0x00000000a4d00000| Complete 
| 590|0x00000000a4e00000, 0x00000000a4f00000, 0x00000000a4f00000|100%| E|CS|TAMS 0x00000000a4e00000, 0x00000000a4e00000| Complete 
| 591|0x00000000a4f00000, 0x00000000a5000000, 0x00000000a5000000|100%| E|CS|TAMS 0x00000000a4f00000, 0x00000000a4f00000| Complete 
| 592|0x00000000a5000000, 0x00000000a5100000, 0x00000000a5100000|100%| E|CS|TAMS 0x00000000a5000000, 0x00000000a5000000| Complete 
| 593|0x00000000a5100000, 0x00000000a5200000, 0x00000000a5200000|100%| E|CS|TAMS 0x00000000a5100000, 0x00000000a5100000| Complete 
| 594|0x00000000a5200000, 0x00000000a5300000, 0x00000000a5300000|100%| E|CS|TAMS 0x00000000a5200000, 0x00000000a5200000| Complete 
| 595|0x00000000a5300000, 0x00000000a5400000, 0x00000000a5400000|100%| E|CS|TAMS 0x00000000a5300000, 0x00000000a5300000| Complete 
| 596|0x00000000a5400000, 0x00000000a5500000, 0x00000000a5500000|100%| E|CS|TAMS 0x00000000a5400000, 0x00000000a5400000| Complete 

Card table byte_map: [0x0000029a295a0000,0x0000029a299a0000] _byte_map_base: 0x0000029a291a0000

Marking Bits (Prev, Next): (CMBitMap*) 0x0000029a12141730, (CMBitMap*) 0x0000029a12141770
 Prev Bits: [0x0000029a29da0000, 0x0000029a2bda0000)
 Next Bits: [0x0000029a2bda0000, 0x0000029a2dda0000)

Polling page: 0x0000029a0ffc0000

Metaspace:

Usage:
  Non-class:    127.06 MB used.
      Class:     19.60 MB used.
       Both:    146.66 MB used.

Virtual space:
  Non-class space:      192.00 MB reserved,     128.31 MB ( 67%) committed,  3 nodes.
      Class space:      416.00 MB reserved,      20.75 MB (  5%) committed,  1 nodes.
             Both:      608.00 MB reserved,     149.06 MB ( 25%) committed. 

Chunk freelists:
   Non-Class:  15.42 MB
       Class:  11.20 MB
        Both:  26.62 MB

MaxMetaspaceSize: 512.00 MB
CompressedClassSpaceSize: 416.00 MB
Initial GC threshold: 21.00 MB
Current GC threshold: 180.56 MB
CDS: on
MetaspaceReclaimPolicy: balanced
 - commit_granule_bytes: 65536.
 - commit_granule_words: 8192.
 - virtual_space_node_default_size: 8388608.
 - enlarge_chunks_in_place: 1.
 - new_chunks_are_fully_committed: 0.
 - uncommit_free_chunks: 1.
 - use_allocation_guard: 0.
 - handle_deallocations: 1.


Internal statistics:

num_allocs_failed_limit: 9.
num_arena_births: 3774.
num_arena_deaths: 0.
num_vsnodes_births: 4.
num_vsnodes_deaths: 0.
num_space_committed: 2383.
num_space_uncommitted: 0.
num_chunks_returned_to_freelist: 9.
num_chunks_taken_from_freelist: 11321.
num_chunk_merges: 6.
num_chunk_splits: 6905.
num_chunks_enlarged: 3821.
num_inconsistent_stats: 0.

CodeHeap 'non-profiled nmethods': size=120000Kb used=18951Kb max_used=19039Kb free=101048Kb
 bounds [0x0000029a21710000, 0x0000029a229b0000, 0x0000029a28c40000]
CodeHeap 'profiled nmethods': size=120000Kb used=45631Kb max_used=46079Kb free=74368Kb
 bounds [0x0000029a19c40000, 0x0000029a1c940000, 0x0000029a21170000]
CodeHeap 'non-nmethods': size=5760Kb used=1845Kb max_used=1897Kb free=3914Kb
 bounds [0x0000029a21170000, 0x0000029a213e0000, 0x0000029a21710000]
 total_blobs=24198 nmethods=23244 adapters=865
 compilation: enabled
              stopped_count=0, restarted_count=0
 full_count=0

Compilation events (20 events):
Event: 208.188 Thread 0x0000029a300601e0 29133       3       java.lang.AbstractStringBuilder::append (7 bytes)
Event: 208.189 Thread 0x0000029a300601e0 nmethod 29133 0x0000029a1c92d890 code [0x0000029a1c92da60, 0x0000029a1c92dd38]
Event: 208.189 Thread 0x0000029a300601e0 29134       3       jdk.internal.math.FloatingDecimal::appendTo (11 bytes)
Event: 208.189 Thread 0x0000029a300601e0 nmethod 29134 0x0000029a1c92de90 code [0x0000029a1c92e040, 0x0000029a1c92e298]
Event: 208.189 Thread 0x0000029a300601e0 29135       3       jdk.internal.math.FloatingDecimal$BinaryToASCIIBuffer::appendTo (72 bytes)
Event: 208.190 Thread 0x0000029a300601e0 nmethod 29135 0x0000029a1c92e390 code [0x0000029a1c92e5a0, 0x0000029a1c92ee48]
Event: 208.190 Thread 0x0000029a300601e0 29137       3       jdk.internal.org.objectweb.asm.SymbolTable::addConstantIntegerOrFloat (100 bytes)
Event: 208.191 Thread 0x0000029a300601e0 nmethod 29137 0x0000029a1c92f010 code [0x0000029a1c92f220, 0x0000029a1c92f738]
Event: 208.191 Thread 0x0000029a300601e0 29136       3       java.lang.invoke.LambdaMetafactory::altMetafactory (392 bytes)
Event: 208.193 Thread 0x0000029a300601e0 nmethod 29136 0x0000029a1c92f990 code [0x0000029a1c92fd80, 0x0000029a1c931b68]
Event: 208.193 Thread 0x0000029a300601e0 29138       3       java.lang.invoke.InnerClassLambdaMetafactory::generateSerializationFriendlyMethods (306 bytes)
Event: 208.199 Thread 0x0000029a300601e0 nmethod 29138 0x0000029a1c932510 code [0x0000029a1c932aa0, 0x0000029a1c935f08]
Event: 208.204 Thread 0x0000029a3005f8d0 nmethod 29124 0x0000029a22995190 code [0x0000029a229954e0, 0x0000029a22997910]
Event: 208.204 Thread 0x0000029a3005f8d0 29120       4       sun.nio.fs.WindowsPathParser::parse (384 bytes)
Event: 208.228 Thread 0x0000029a300601e0 29139       2       jdk.internal.util.jar.JarIndex::get (49 bytes)
Event: 208.229 Thread 0x0000029a300601e0 nmethod 29139 0x0000029a1c936e10 code [0x0000029a1c937000, 0x0000029a1c937308]
Event: 208.235 Thread 0x0000029a300601e0 29140       3       org.gradle.internal.configuration.inputs.NoOpInputsListener::systemPropertyQueried (1 bytes)
Event: 208.235 Thread 0x0000029a300601e0 nmethod 29140 0x0000029a1c937510 code [0x0000029a1c9376a0, 0x0000029a1c9377b8]
Event: 208.248 Thread 0x0000029a3005f8d0 nmethod 29120 0x0000029a22999290 code [0x0000029a22999500, 0x0000029a2299ae10]
Event: 208.248 Thread 0x0000029a3005f8d0 29122       4       org.gradle.internal.snapshot.ChildMap$Entry::handlePath (135 bytes)

GC Heap History (20 events):
Event: 191.508 GC heap before
{Heap before GC invocations=92 (full 0):
 garbage-first heap   total 611328K, used 452928K [0x0000000080000000, 0x0000000100000000)
  region size 1024K, 212 young (217088K), 18 survivors (18432K)
 Metaspace       used 117823K, committed 119872K, reserved 557056K
  class space    used 16452K, committed 17472K, reserved 425984K
}
Event: 191.531 GC heap after
{Heap after GC invocations=93 (full 0):
 garbage-first heap   total 611328K, used 282076K [0x0000000080000000, 0x0000000100000000)
  region size 1024K, 27 young (27648K), 27 survivors (27648K)
 Metaspace       used 117823K, committed 119872K, reserved 557056K
  class space    used 16452K, committed 17472K, reserved 425984K
}
Event: 192.436 GC heap before
{Heap before GC invocations=93 (full 0):
 garbage-first heap   total 611328K, used 459228K [0x0000000080000000, 0x0000000100000000)
  region size 1024K, 201 young (205824K), 27 survivors (27648K)
 Metaspace       used 118015K, committed 120128K, reserved 557056K
  class space    used 16474K, committed 17472K, reserved 425984K
}
Event: 192.451 GC heap after
{Heap after GC invocations=94 (full 0):
 garbage-first heap   total 611328K, used 291734K [0x0000000080000000, 0x0000000100000000)
  region size 1024K, 8 young (8192K), 8 survivors (8192K)
 Metaspace       used 118015K, committed 120128K, reserved 557056K
  class space    used 16474K, committed 17472K, reserved 425984K
}
Event: 194.672 GC heap before
{Heap before GC invocations=94 (full 0):
 garbage-first heap   total 611328K, used 491413K [0x0000000080000000, 0x0000000100000000)
  region size 1024K, 190 young (194560K), 8 survivors (8192K)
 Metaspace       used 120559K, committed 122688K, reserved 557056K
  class space    used 16660K, committed 17664K, reserved 425984K
}
Event: 194.690 GC heap after
{Heap after GC invocations=95 (full 0):
 garbage-first heap   total 611328K, used 325726K [0x0000000080000000, 0x0000000100000000)
  region size 1024K, 24 young (24576K), 24 survivors (24576K)
 Metaspace       used 120559K, committed 122688K, reserved 557056K
  class space    used 16660K, committed 17664K, reserved 425984K
}
Event: 197.287 GC heap before
{Heap before GC invocations=95 (full 0):
 garbage-first heap   total 611328K, used 520286K [0x0000000080000000, 0x0000000100000000)
  region size 1024K, 179 young (183296K), 24 survivors (24576K)
 Metaspace       used 124894K, committed 127040K, reserved 557056K
  class space    used 17077K, committed 18112K, reserved 425984K
}
Event: 197.305 GC heap after
{Heap after GC invocations=96 (full 0):
 garbage-first heap   total 611328K, used 344097K [0x0000000080000000, 0x0000000100000000)
  region size 1024K, 19 young (19456K), 19 survivors (19456K)
 Metaspace       used 124894K, committed 127040K, reserved 557056K
  class space    used 17077K, committed 18112K, reserved 425984K
}
Event: 198.344 GC heap before
{Heap before GC invocations=96 (full 0):
 garbage-first heap   total 611328K, used 490529K [0x0000000080000000, 0x0000000100000000)
  region size 1024K, 163 young (166912K), 19 survivors (19456K)
 Metaspace       used 127152K, committed 129344K, reserved 557056K
  class space    used 17327K, committed 18368K, reserved 425984K
}
Event: 198.360 GC heap after
{Heap after GC invocations=97 (full 0):
 garbage-first heap   total 611328K, used 350526K [0x0000000080000000, 0x0000000100000000)
  region size 1024K, 15 young (15360K), 15 survivors (15360K)
 Metaspace       used 127152K, committed 129344K, reserved 557056K
  class space    used 17327K, committed 18368K, reserved 425984K
}
Event: 199.591 GC heap before
{Heap before GC invocations=97 (full 0):
 garbage-first heap   total 611328K, used 495934K [0x0000000080000000, 0x0000000100000000)
  region size 1024K, 158 young (161792K), 15 survivors (15360K)
 Metaspace       used 128635K, committed 130816K, reserved 557056K
  class space    used 17501K, committed 18560K, reserved 425984K
}
Event: 199.601 GC heap after
{Heap after GC invocations=98 (full 0):
 garbage-first heap   total 611328K, used 348697K [0x0000000080000000, 0x0000000100000000)
  region size 1024K, 7 young (7168K), 7 survivors (7168K)
 Metaspace       used 128635K, committed 130816K, reserved 557056K
  class space    used 17501K, committed 18560K, reserved 425984K
}
Event: 203.237 GC heap before
{Heap before GC invocations=98 (full 0):
 garbage-first heap   total 611328K, used 508440K [0x0000000080000000, 0x0000000100000000)
  region size 1024K, 158 young (161792K), 7 survivors (7168K)
 Metaspace       used 137761K, committed 140032K, reserved 557056K
  class space    used 18632K, committed 19712K, reserved 425984K
}
Event: 203.253 GC heap after
{Heap after GC invocations=99 (full 0):
 garbage-first heap   total 611328K, used 368823K [0x0000000080000000, 0x0000000100000000)
  region size 1024K, 20 young (20480K), 20 survivors (20480K)
 Metaspace       used 137761K, committed 140032K, reserved 557056K
  class space    used 18632K, committed 19712K, reserved 425984K
}
Event: 205.527 GC heap before
{Heap before GC invocations=99 (full 0):
 garbage-first heap   total 611328K, used 500919K [0x0000000080000000, 0x0000000100000000)
  region size 1024K, 150 young (153600K), 20 survivors (20480K)
 Metaspace       used 140822K, committed 143040K, reserved 557056K
  class space    used 18965K, committed 20032K, reserved 425984K
}
Event: 205.547 GC heap after
{Heap after GC invocations=100 (full 0):
 garbage-first heap   total 611328K, used 378167K [0x0000000080000000, 0x0000000100000000)
  region size 1024K, 16 young (16384K), 16 survivors (16384K)
 Metaspace       used 140822K, committed 143040K, reserved 557056K
  class space    used 18965K, committed 20032K, reserved 425984K
}
Event: 207.288 GC heap before
{Heap before GC invocations=100 (full 0):
 garbage-first heap   total 611328K, used 508215K [0x0000000080000000, 0x0000000100000000)
  region size 1024K, 139 young (142336K), 16 survivors (16384K)
 Metaspace       used 146975K, committed 149376K, reserved 557056K
  class space    used 19613K, committed 20800K, reserved 425984K
}
Event: 207.301 GC heap after
{Heap after GC invocations=101 (full 0):
 garbage-first heap   total 611328K, used 389653K [0x0000000080000000, 0x0000000100000000)
  region size 1024K, 11 young (11264K), 11 survivors (11264K)
 Metaspace       used 146975K, committed 149376K, reserved 557056K
  class space    used 19613K, committed 20800K, reserved 425984K
}
Event: 207.740 GC heap before
{Heap before GC invocations=101 (full 0):
 garbage-first heap   total 611328K, used 508437K [0x0000000080000000, 0x0000000100000000)
  region size 1024K, 128 young (131072K), 11 survivors (11264K)
 Metaspace       used 148019K, committed 150400K, reserved 557056K
  class space    used 19762K, committed 20928K, reserved 425984K
}
Event: 207.748 GC heap after
{Heap after GC invocations=102 (full 0):
 garbage-first heap   total 611328K, used 393252K [0x0000000080000000, 0x0000000100000000)
  region size 1024K, 7 young (7168K), 7 survivors (7168K)
 Metaspace       used 148019K, committed 150400K, reserved 557056K
  class space    used 19762K, committed 20928K, reserved 425984K
}

Dll operation events (15 events):
Event: 0.009 Loaded shared library C:\Program Files\Eclipse Adoptium\jdk-17.0.18.8-hotspot\bin\java.dll
Event: 0.024 Loaded shared library C:\Program Files\Eclipse Adoptium\jdk-17.0.18.8-hotspot\bin\jsvml.dll
Event: 0.060 Loaded shared library C:\Program Files\Eclipse Adoptium\jdk-17.0.18.8-hotspot\bin\zip.dll
Event: 0.062 Loaded shared library C:\Program Files\Eclipse Adoptium\jdk-17.0.18.8-hotspot\bin\instrument.dll
Event: 0.066 Loaded shared library C:\Program Files\Eclipse Adoptium\jdk-17.0.18.8-hotspot\bin\net.dll
Event: 0.068 Loaded shared library C:\Program Files\Eclipse Adoptium\jdk-17.0.18.8-hotspot\bin\nio.dll
Event: 0.070 Loaded shared library C:\Program Files\Eclipse Adoptium\jdk-17.0.18.8-hotspot\bin\zip.dll
Event: 0.365 Loaded shared library C:\Program Files\Eclipse Adoptium\jdk-17.0.18.8-hotspot\bin\jimage.dll
Event: 0.622 Loaded shared library C:\Program Files\Eclipse Adoptium\jdk-17.0.18.8-hotspot\bin\verify.dll
Event: 0.671 Loaded shared library C:\Users\Nandhitha_R\.gradle\native\1def1411415f61bf3af743bc5b6707747c0891f09f0c88961ee8f79bc544acac\windows-amd64\native-platform.dll
Event: 0.687 Loaded shared library C:\Users\Nandhitha_R\.gradle\native\0.2.8\x86_64-windows-gnu\gradle-fileevents.dll
Event: 1.889 Loaded shared library C:\Program Files\Eclipse Adoptium\jdk-17.0.18.8-hotspot\bin\management.dll
Event: 1.892 Loaded shared library C:\Program Files\Eclipse Adoptium\jdk-17.0.18.8-hotspot\bin\management_ext.dll
Event: 2.127 Loaded shared library C:\Program Files\Eclipse Adoptium\jdk-17.0.18.8-hotspot\bin\extnet.dll
Event: 2.327 Loaded shared library C:\Program Files\Eclipse Adoptium\jdk-17.0.18.8-hotspot\bin\sunmscapi.dll

Deoptimization events (20 events):
Event: 207.933 Thread 0x0000029a5494b990 Uncommon trap: trap_request=0xffffffde fr.pc=0x0000029a220c62d8 relative=0x00000000000006d8
Event: 207.933 Thread 0x0000029a5494b990 Uncommon trap: reason=class_check action=maybe_recompile pc=0x0000029a220c62d8 method=java.util.Map.computeIfAbsent(Ljava/lang/Object;Ljava/util/function/Function;)Ljava/lang/Object; @ 7 c2
Event: 207.933 Thread 0x0000029a5494b990 DEOPT PACKING pc=0x0000029a220c62d8 sp=0x000000d1961fb090
Event: 207.933 Thread 0x0000029a5494b990 DEOPT UNPACKING pc=0x0000029a211c69a3 sp=0x000000d1961fb088 mode 2
Event: 207.994 Thread 0x0000029a5e6d9e00 Uncommon trap: trap_request=0xffffffde fr.pc=0x0000029a223c0c6c relative=0x00000000000020ec
Event: 207.994 Thread 0x0000029a5e6d9e00 Uncommon trap: reason=class_check action=maybe_recompile pc=0x0000029a223c0c6c method=java.util.concurrent.locks.AbstractQueuedSynchronizer.acquire(Ljava/util/concurrent/locks/AbstractQueuedSynchronizer$Node;IZZZJ)I @ 108 c2
Event: 207.994 Thread 0x0000029a5e6d9e00 DEOPT PACKING pc=0x0000029a223c0c6c sp=0x000000d19e6fdb90
Event: 207.994 Thread 0x0000029a5e6d9e00 DEOPT UNPACKING pc=0x0000029a211c69a3 sp=0x000000d19e6fdb88 mode 2
Event: 208.064 Thread 0x0000029a549472b0 Uncommon trap: trap_request=0xffffff45 fr.pc=0x0000029a22971fe0 relative=0x0000000000001340
Event: 208.064 Thread 0x0000029a549472b0 Uncommon trap: reason=unstable_if action=reinterpret pc=0x0000029a22971fe0 method=java.util.concurrent.ConcurrentHashMap.putVal(Ljava/lang/Object;Ljava/lang/Object;Z)Ljava/lang/Object; @ 162 c2
Event: 208.064 Thread 0x0000029a549472b0 DEOPT PACKING pc=0x0000029a22971fe0 sp=0x000000d195bf9fc0
Event: 208.064 Thread 0x0000029a549472b0 DEOPT UNPACKING pc=0x0000029a211c69a3 sp=0x000000d195bf9f48 mode 2
Event: 208.064 Thread 0x0000029a549472b0 Uncommon trap: trap_request=0xffffff45 fr.pc=0x0000029a21b6c280 relative=0x0000000000000140
Event: 208.064 Thread 0x0000029a549472b0 Uncommon trap: reason=unstable_if action=reinterpret pc=0x0000029a21b6c280 method=com.google.common.collect.MapMakerInternalMap$Segment.getEntry(Ljava/lang/Object;I)Lcom/google/common/collect/MapMakerInternalMap$InternalEntry; @ 63 c2
Event: 208.064 Thread 0x0000029a549472b0 DEOPT PACKING pc=0x0000029a21b6c280 sp=0x000000d195bf9dd0
Event: 208.064 Thread 0x0000029a549472b0 DEOPT UNPACKING pc=0x0000029a211c69a3 sp=0x000000d195bf9d78 mode 2
Event: 208.065 Thread 0x0000029a549472b0 Uncommon trap: trap_request=0xffffff45 fr.pc=0x0000029a21870888 relative=0x00000000000009c8
Event: 208.065 Thread 0x0000029a549472b0 Uncommon trap: reason=unstable_if action=reinterpret pc=0x0000029a21870888 method=com.google.common.collect.MapMakerInternalMap$Segment.put(Ljava/lang/Object;ILjava/lang/Object;Z)Ljava/lang/Object; @ 92 c2
Event: 208.065 Thread 0x0000029a549472b0 DEOPT PACKING pc=0x0000029a21870888 sp=0x000000d195bf9e20
Event: 208.065 Thread 0x0000029a549472b0 DEOPT UNPACKING pc=0x0000029a211c69a3 sp=0x000000d195bf9db8 mode 2

Classes loaded (20 events):
Event: 206.913 Loading class java/rmi/server/RMIClientSocketFactory
Event: 206.913 Loading class java/rmi/server/RMIClientSocketFactory done
Event: 206.949 Loading class java/lang/IllegalThreadStateException
Event: 206.949 Loading class java/lang/IllegalThreadStateException done
Event: 207.086 Loading class java/lang/ProcessBuilder$NullInputStream
Event: 207.086 Loading class java/lang/ProcessBuilder$NullInputStream done
Event: 207.087 Loading class java/util/concurrent/Semaphore$NonfairSync
Event: 207.087 Loading class java/util/concurrent/Semaphore$Sync
Event: 207.087 Loading class java/util/concurrent/Semaphore$Sync done
Event: 207.087 Loading class java/util/concurrent/Semaphore$NonfairSync done
Event: 207.242 Loading class sun/nio/fs/Globs
Event: 207.243 Loading class sun/nio/fs/Globs done
Event: 207.244 Loading class java/util/regex/Pattern$SliceU
Event: 207.244 Loading class java/util/regex/Pattern$SliceU done
Event: 207.244 Loading class sun/nio/fs/WindowsFileSystem$2
Event: 207.244 Loading class sun/nio/fs/WindowsFileSystem$2 done
Event: 207.896 Loading class java/nio/file/FileTreeIterator
Event: 207.896 Loading class java/nio/file/FileTreeIterator done
Event: 207.989 Loading class java/util/concurrent/RejectedExecutionException
Event: 207.989 Loading class java/util/concurrent/RejectedExecutionException done

Classes unloaded (0 events):
No events

Classes redefined (0 events):
No events

Internal exceptions (20 events):
Event: 207.842 Thread 0x0000029a5494aa60 Exception <a 'sun/nio/fs/WindowsException'{0x00000000a415cd88}> (0x00000000a415cd88) 
thrown [s\src\hotspot\share\prims\jni.cpp, line 516]
Event: 207.854 Thread 0x0000029a513375d0 Exception <a 'sun/nio/fs/WindowsException'{0x00000000a3f350a0}> (0x00000000a3f350a0) 
thrown [s\src\hotspot\share\prims\jni.cpp, line 516]
Event: 207.855 Thread 0x0000029a513375d0 Exception <a 'sun/nio/fs/WindowsException'{0x00000000a3f5ed88}> (0x00000000a3f5ed88) 
thrown [s\src\hotspot\share\prims\jni.cpp, line 516]
Event: 207.870 Thread 0x0000029a5494b990 Exception <a 'sun/nio/fs/WindowsException'{0x00000000a3d71528}> (0x00000000a3d71528) 
thrown [s\src\hotspot\share\prims\jni.cpp, line 516]
Event: 207.870 Thread 0x0000029a5494b990 Exception <a 'sun/nio/fs/WindowsException'{0x00000000a3da2140}> (0x00000000a3da2140) 
thrown [s\src\hotspot\share\prims\jni.cpp, line 516]
Event: 207.885 Thread 0x0000029a5494b990 Exception <a 'sun/nio/fs/WindowsException'{0x00000000a3b5b4a8}> (0x00000000a3b5b4a8) 
thrown [s\src\hotspot\share\prims\jni.cpp, line 516]
Event: 207.917 Thread 0x0000029a549481e0 Exception <a 'sun/nio/fs/WindowsException'{0x00000000a39c58d0}> (0x00000000a39c58d0) 
thrown [s\src\hotspot\share\prims\jni.cpp, line 516]
Event: 207.918 Thread 0x0000029a549481e0 Exception <a 'sun/nio/fs/WindowsException'{0x00000000a39cb770}> (0x00000000a39cb770) 
thrown [s\src\hotspot\share\prims\jni.cpp, line 516]
Event: 207.930 Thread 0x0000029a549481e0 Exception <a 'sun/nio/fs/WindowsException'{0x00000000a38ba1c0}> (0x00000000a38ba1c0) 
thrown [s\src\hotspot\share\prims\jni.cpp, line 516]
Event: 207.931 Thread 0x0000029a549481e0 Exception <a 'sun/nio/fs/WindowsException'{0x00000000a38c28f0}> (0x00000000a38c28f0) 
thrown [s\src\hotspot\share\prims\jni.cpp, line 516]
Event: 207.942 Thread 0x0000029a549481e0 Exception <a 'sun/nio/fs/WindowsException'{0x00000000a37db1f0}> (0x00000000a37db1f0) 
thrown [s\src\hotspot\share\prims\jni.cpp, line 516]
Event: 207.943 Thread 0x0000029a549481e0 Exception <a 'sun/nio/fs/WindowsException'{0x00000000a37de028}> (0x00000000a37de028) 
thrown [s\src\hotspot\share\prims\jni.cpp, line 516]
Event: 207.967 Thread 0x0000029a549486f0 Exception <a 'sun/nio/fs/WindowsException'{0x00000000a3784708}> (0x00000000a3784708) 
thrown [s\src\hotspot\share\prims\jni.cpp, line 516]
Event: 207.967 Thread 0x0000029a549486f0 Exception <a 'sun/nio/fs/WindowsException'{0x00000000a3786cf8}> (0x00000000a3786cf8) 
thrown [s\src\hotspot\share\prims\jni.cpp, line 516]
Event: 207.989 Thread 0x0000029a5494a550 Exception <a 'sun/nio/fs/WindowsException'{0x00000000a34650f8}> (0x00000000a34650f8) 
thrown [s\src\hotspot\share\prims\jni.cpp, line 516]
Event: 207.990 Thread 0x0000029a5494a550 Exception <a 'sun/nio/fs/WindowsException'{0x00000000a3467640}> (0x00000000a3467640) 
thrown [s\src\hotspot\share\prims\jni.cpp, line 516]
Event: 208.036 Thread 0x0000029a5494a550 Exception <a 'sun/nio/fs/WindowsException'{0x00000000a30240e0}> (0x00000000a30240e0) 
thrown [s\src\hotspot\share\prims\jni.cpp, line 516]
Event: 208.037 Thread 0x0000029a5494a550 Exception <a 'sun/nio/fs/WindowsException'{0x00000000a3026530}> (0x00000000a3026530) 
thrown [s\src\hotspot\share\prims\jni.cpp, line 516]
Event: 208.048 Thread 0x0000029a549481e0 Exception <a 'sun/nio/fs/WindowsException'{0x00000000a2f3d100}> (0x00000000a2f3d100) 
thrown [s\src\hotspot\share\prims\jni.cpp, line 516]
Event: 208.049 Thread 0x0000029a549481e0 Exception <a 'sun/nio/fs/WindowsException'{0x00000000a2f3ff30}> (0x00000000a2f3ff30) 
thrown [s\src\hotspot\share\prims\jni.cpp, line 516]

VM Operations (20 events):
Event: 206.926 Executing VM operation: HandshakeAllThreads
Event: 206.927 Executing VM operation: HandshakeAllThreads done
Event: 206.932 Executing VM operation: HandshakeAllThreads
Event: 206.933 Executing VM operation: HandshakeAllThreads done
Event: 207.085 Executing VM operation: HandshakeAllThreads
Event: 207.086 Executing VM operation: HandshakeAllThreads done
Event: 207.094 Executing VM operation: HandshakeAllThreads
Event: 207.095 Executing VM operation: HandshakeAllThreads done
Event: 207.095 Executing VM operation: ICBufferFull
Event: 207.095 Executing VM operation: ICBufferFull done
Event: 207.098 Executing VM operation: HandshakeAllThreads
Event: 207.098 Executing VM operation: HandshakeAllThreads done
Event: 207.197 Executing VM operation: ICBufferFull
Event: 207.197 Executing VM operation: ICBufferFull done
Event: 207.288 Executing VM operation: G1CollectForAllocation
Event: 207.301 Executing VM operation: G1CollectForAllocation done
Event: 207.740 Executing VM operation: G1CollectForAllocation
Event: 207.748 Executing VM operation: G1CollectForAllocation done
Event: 208.089 Executing VM operation: HandshakeAllThreads
Event: 208.089 Executing VM operation: HandshakeAllThreads done

Memory protections (0 events):
No events

Nmethod flushes (20 events):
Event: 204.321 Thread 0x0000029a30074b10 flushing  nmethod 0x0000029a1c491410
Event: 204.321 Thread 0x0000029a30074b10 flushing  nmethod 0x0000029a1c493410
Event: 204.321 Thread 0x0000029a30074b10 flushing  nmethod 0x0000029a1c495310
Event: 204.321 Thread 0x0000029a30074b10 flushing  nmethod 0x0000029a1c495a90
Event: 204.321 Thread 0x0000029a30074b10 flushing  nmethod 0x0000029a1c496c90
Event: 204.321 Thread 0x0000029a30074b10 flushing  nmethod 0x0000029a1c499410
Event: 204.321 Thread 0x0000029a30074b10 flushing  nmethod 0x0000029a1c4ac490
Event: 207.108 Thread 0x0000029a30074b10 flushing  nmethod 0x0000029a2284d990
Event: 207.108 Thread 0x0000029a30074b10 flushing  nmethod 0x0000029a22853e90
Event: 207.108 Thread 0x0000029a30074b10 flushing  nmethod 0x0000029a22855210
Event: 207.108 Thread 0x0000029a30074b10 flushing  nmethod 0x0000029a2285ae90
Event: 207.125 Thread 0x0000029a30074b10 flushing  nmethod 0x0000029a1a4c3290
Event: 207.175 Thread 0x0000029a30074b10 flushing  nmethod 0x0000029a1c49d110
Event: 207.175 Thread 0x0000029a30074b10 flushing  nmethod 0x0000029a1c4a2a90
Event: 207.175 Thread 0x0000029a30074b10 flushing  nmethod 0x0000029a1c4a3290
Event: 207.175 Thread 0x0000029a30074b10 flushing  nmethod 0x0000029a1c4a4590
Event: 207.175 Thread 0x0000029a30074b10 flushing  nmethod 0x0000029a1c4a5890
Event: 207.175 Thread 0x0000029a30074b10 flushing  nmethod 0x0000029a1c4a6410
Event: 207.175 Thread 0x0000029a30074b10 flushing  nmethod 0x0000029a1c4a7c90
Event: 207.175 Thread 0x0000029a30074b10 flushing  nmethod 0x0000029a1c4a8890

Events (20 events):
Event: 200.996 Thread 0x0000029a5366e120 Thread exited: 0x0000029a5366e120
Event: 202.277 Thread 0x0000029a300601e0 Thread added: 0x0000029a54fc30c0
Event: 202.277 Thread 0x0000029a300601e0 Thread added: 0x0000029a54fc2620
Event: 204.876 Thread 0x0000029a549486f0 Thread added: 0x0000029a60d1d740
Event: 204.876 Thread 0x0000029a549486f0 Thread added: 0x0000029a60d1aec0
Event: 204.877 Thread 0x0000029a549486f0 Thread added: 0x0000029a60d1dc50
Event: 204.878 Thread 0x0000029a549486f0 Thread added: 0x0000029a60d1e160
Event: 204.879 Thread 0x0000029a549486f0 Thread added: 0x0000029a60d1e670
Event: 204.879 Thread 0x0000029a549486f0 Thread added: 0x0000029a60d1eb80
Event: 204.880 Thread 0x0000029a549486f0 Thread added: 0x0000029a60d1b3d0
Event: 204.880 Thread 0x0000029a549486f0 Thread added: 0x0000029a60d1f090
Event: 204.881 Thread 0x0000029a549486f0 Thread added: 0x0000029a60d1ffc0
Event: 204.881 Thread 0x0000029a549486f0 Thread added: 0x0000029a60d1f5a0
Event: 204.881 Thread 0x0000029a549486f0 Thread added: 0x0000029a60d1fab0
Event: 206.951 Thread 0x0000029a549472b0 Thread added: 0x0000029a60d204d0
Event: 207.107 Thread 0x0000029a5e6d9e00 Thread added: 0x0000029a60d209e0
Event: 207.208 Thread 0x0000029a60d209e0 Thread exited: 0x0000029a60d209e0
Event: 207.484 Thread 0x0000029a5e6d9e00 Thread added: 0x0000029a5e6db240
Event: 207.813 Thread 0x0000029a5e6db240 Thread exited: 0x0000029a5e6db240
Event: 207.994 Thread 0x0000029a5e6d9e00 Thread added: 0x0000029a5e6db240


Dynamic libraries:
0x00007ff7cc6a0000 - 0x00007ff7cc6ae000 	C:\Program Files\Eclipse Adoptium\jdk-17.0.18.8-hotspot\bin\java.exe
0x00007ffa85c80000 - 0x00007ffa85ee7000 	C:\Windows\SYSTEM32\ntdll.dll
0x00007ffa84aa0000 - 0x00007ffa84b69000 	C:\Windows\System32\KERNEL32.DLL
0x00007ffa826b0000 - 0x00007ffa82aa7000 	C:\Windows\System32\KERNELBASE.dll
0x00007ffa82cc0000 - 0x00007ffa82e0b000 	C:\Windows\System32\ucrtbase.dll
0x00007ffa711a0000 - 0x00007ffa711b8000 	C:\Program Files\Eclipse Adoptium\jdk-17.0.18.8-hotspot\bin\jli.dll
0x00007ffa6d690000 - 0x00007ffa6d6ae000 	C:\Program Files\Eclipse Adoptium\jdk-17.0.18.8-hotspot\bin\VCRUNTIME140.dll
0x00007ffa856e0000 - 0x00007ffa858a6000 	C:\Windows\System32\USER32.dll
0x00007ffa82b60000 - 0x00007ffa82b87000 	C:\Windows\System32\win32u.dll
0x00007ffa840a0000 - 0x00007ffa840cb000 	C:\Windows\System32\GDI32.dll
0x00007ffa82b90000 - 0x00007ffa82cbc000 	C:\Windows\System32\gdi32full.dll
0x00007ffa82ab0000 - 0x00007ffa82b53000 	C:\Windows\System32\msvcp_win.dll
0x00007ffa65dc0000 - 0x00007ffa66052000 	C:\Windows\WinSxS\amd64_microsoft.windows.common-controls_6595b64144ccf1df_6.0.26100.8328_none_3e08182ce334b678\COMCTL32.dll
0x00007ffa85010000 - 0x00007ffa850b9000 	C:\Windows\System32\msvcrt.dll
0x00007ffa850c0000 - 0x00007ffa850f2000 	C:\Windows\System32\IMM32.DLL
0x00007ffa6d660000 - 0x00007ffa6d66c000 	C:\Program Files\Eclipse Adoptium\jdk-17.0.18.8-hotspot\bin\vcruntime140_1.dll
0x00007ffa314f0000 - 0x00007ffa3157d000 	C:\Program Files\Eclipse Adoptium\jdk-17.0.18.8-hotspot\bin\msvcp140.dll
0x00007ff9dba20000 - 0x00007ff9dc68b000 	C:\Program Files\Eclipse Adoptium\jdk-17.0.18.8-hotspot\bin\server\jvm.dll
0x00007ffa85a90000 - 0x00007ffa85b46000 	C:\Windows\System32\ADVAPI32.dll
0x00007ffa83e90000 - 0x00007ffa83f37000 	C:\Windows\System32\sechost.dll
0x00007ffa85950000 - 0x00007ffa85a68000 	C:\Windows\System32\RPCRT4.dll
0x00007ffa84d00000 - 0x00007ffa84d80000 	C:\Windows\System32\WS2_32.dll
0x00007ffa82530000 - 0x00007ffa8258e000 	C:\Windows\SYSTEM32\POWRPROF.dll
0x00007ffa7d9f0000 - 0x00007ffa7da26000 	C:\Windows\SYSTEM32\WINMM.dll
0x00007ffa6efc0000 - 0x00007ffa6efcb000 	C:\Windows\SYSTEM32\VERSION.dll
0x00007ffa824f0000 - 0x00007ffa82504000 	C:\Windows\SYSTEM32\UMPDC.dll
0x00007ffa81440000 - 0x00007ffa8145b000 	C:\Windows\SYSTEM32\kernel.appcore.dll
0x00007ffa6d4b0000 - 0x00007ffa6d4ba000 	C:\Program Files\Eclipse Adoptium\jdk-17.0.18.8-hotspot\bin\jimage.dll
0x00007ffa804e0000 - 0x00007ffa80722000 	C:\Windows\SYSTEM32\DBGHELP.DLL
0x00007ffa85170000 - 0x00007ffa854f3000 	C:\Windows\System32\combase.dll
0x00007ffa85500000 - 0x00007ffa855d9000 	C:\Windows\System32\OLEAUT32.dll
0x00007ffa64f70000 - 0x00007ffa64fab000 	C:\Windows\SYSTEM32\dbgcore.DLL
0x00007ffa82ed0000 - 0x00007ffa82f78000 	C:\Windows\System32\bcryptPrimitives.dll
0x00007ffa6d3a0000 - 0x00007ffa6d3ae000 	C:\Program Files\Eclipse Adoptium\jdk-17.0.18.8-hotspot\bin\instrument.dll
0x00007ffa6c7a0000 - 0x00007ffa6c7c5000 	C:\Program Files\Eclipse Adoptium\jdk-17.0.18.8-hotspot\bin\java.dll
0x00007ffa31410000 - 0x00007ffa314e7000 	C:\Program Files\Eclipse Adoptium\jdk-17.0.18.8-hotspot\bin\jsvml.dll
0x00007ffa84140000 - 0x00007ffa848ae000 	C:\Windows\System32\SHELL32.dll
0x00007ffa83190000 - 0x00007ffa839fc000 	C:\Windows\System32\windows.storage.dll
0x00007ffa84c00000 - 0x00007ffa84cf6000 	C:\Windows\System32\SHCORE.dll
0x00007ffa840d0000 - 0x00007ffa84136000 	C:\Windows\System32\shlwapi.dll
0x00007ffa825d0000 - 0x00007ffa825f9000 	C:\Windows\SYSTEM32\profapi.dll
0x00007ffa6c830000 - 0x00007ffa6c848000 	C:\Program Files\Eclipse Adoptium\jdk-17.0.18.8-hotspot\bin\zip.dll
0x00007ffa6c780000 - 0x00007ffa6c79a000 	C:\Program Files\Eclipse Adoptium\jdk-17.0.18.8-hotspot\bin\net.dll
0x00007ffa7b0f0000 - 0x00007ffa7b219000 	C:\Windows\SYSTEM32\WINHTTP.dll
0x00007ffa819b0000 - 0x00007ffa81a1c000 	C:\Windows\system32\mswsock.dll
0x00007ffa6c760000 - 0x00007ffa6c776000 	C:\Program Files\Eclipse Adoptium\jdk-17.0.18.8-hotspot\bin\nio.dll
0x00007ffa6cdc0000 - 0x00007ffa6cdd0000 	C:\Program Files\Eclipse Adoptium\jdk-17.0.18.8-hotspot\bin\verify.dll
0x00007ffa113b0000 - 0x00007ffa113d7000 	C:\Users\Nandhitha_R\.gradle\native\1def1411415f61bf3af743bc5b6707747c0891f09f0c88961ee8f79bc544acac\windows-amd64\native-platform.dll
0x00007ffa08180000 - 0x00007ffa081f7000 	C:\Users\Nandhitha_R\.gradle\native\0.2.8\x86_64-windows-gnu\gradle-fileevents.dll
0x00007ffa6cc90000 - 0x00007ffa6cc9a000 	C:\Program Files\Eclipse Adoptium\jdk-17.0.18.8-hotspot\bin\management.dll
0x00007ffa6cb30000 - 0x00007ffa6cb3c000 	C:\Program Files\Eclipse Adoptium\jdk-17.0.18.8-hotspot\bin\management_ext.dll
0x00007ffa85160000 - 0x00007ffa85168000 	C:\Windows\System32\PSAPI.DLL
0x00007ffa80e60000 - 0x00007ffa80e92000 	C:\Windows\SYSTEM32\IPHLPAPI.DLL
0x00007ffa85100000 - 0x00007ffa8510a000 	C:\Windows\System32\NSI.dll
0x00007ffa7c470000 - 0x00007ffa7c48d000 	C:\Windows\SYSTEM32\dhcpcsvc6.DLL
0x00007ffa7c430000 - 0x00007ffa7c455000 	C:\Windows\SYSTEM32\dhcpcsvc.DLL
0x00007ffa80f00000 - 0x00007ffa81032000 	C:\Windows\SYSTEM32\DNSAPI.dll
0x00007ffa6cae0000 - 0x00007ffa6cae9000 	C:\Program Files\Eclipse Adoptium\jdk-17.0.18.8-hotspot\bin\extnet.dll
0x00007ffa81c90000 - 0x00007ffa81cab000 	C:\Windows\SYSTEM32\CRYPTSP.dll
0x00007ffa813a0000 - 0x00007ffa813d9000 	C:\Windows\system32\rsaenh.dll
0x00007ffa81a60000 - 0x00007ffa81a93000 	C:\Windows\SYSTEM32\USERENV.dll
0x00007ffa825a0000 - 0x00007ffa825ca000 	C:\Windows\SYSTEM32\bcrypt.dll
0x00007ffa81cb0000 - 0x00007ffa81cbc000 	C:\Windows\SYSTEM32\CRYPTBASE.dll
0x00007ffa6c6b0000 - 0x00007ffa6c6be000 	C:\Program Files\Eclipse Adoptium\jdk-17.0.18.8-hotspot\bin\sunmscapi.dll
0x00007ffa82f80000 - 0x00007ffa830f8000 	C:\Windows\System32\CRYPT32.dll
0x00007ffa81eb0000 - 0x00007ffa81ee0000 	C:\Windows\SYSTEM32\ncrypt.dll
0x00007ffa81e60000 - 0x00007ffa81e9f000 	C:\Windows\SYSTEM32\NTASN1.dll
0x00007ffa518c0000 - 0x00007ffa518c8000 	C:\Windows\system32\wshunix.dll
0x00007ffa81560000 - 0x00007ffa81596000 	C:\Windows\SYSTEM32\ntmarta.dll

dbghelp: loaded successfully - version: 4.0.5 - missing functions: none
symbol engine: initialized successfully - sym options: 0x614 - pdb path: .;C:\Program Files\Eclipse Adoptium\jdk-17.0.18.8-hotspot\bin;C:\Windows\SYSTEM32;C:\Windows\WinSxS\amd64_microsoft.windows.common-controls_6595b64144ccf1df_6.0.26100.8328_none_3e08182ce334b678;C:\Program Files\Eclipse Adoptium\jdk-17.0.18.8-hotspot\bin\server;C:\Users\Nandhitha_R\.gradle\native\1def1411415f61bf3af743bc5b6707747c0891f09f0c88961ee8f79bc544acac\windows-amd64;C:\Users\Nandhitha_R\.gradle\native\0.2.8\x86_64-windows-gnu

VM Arguments:
jvm_args: --add-opens=java.base/java.lang=ALL-UNNAMED --add-opens=java.base/java.lang.invoke=ALL-UNNAMED --add-opens=java.base/java.util=ALL-UNNAMED --add-opens=java.prefs/java.util.prefs=ALL-UNNAMED --add-exports=jdk.compiler/com.sun.tools.javac.api=ALL-UNNAMED --add-exports=jdk.compiler/com.sun.tools.javac.util=ALL-UNNAMED --add-opens=java.base/java.util=ALL-UNNAMED --add-opens=java.prefs/java.util.prefs=ALL-UNNAMED --add-opens=java.base/java.nio.charset=ALL-UNNAMED --add-opens=java.base/java.net=ALL-UNNAMED --add-opens=java.base/java.util.concurrent=ALL-UNNAMED --add-opens=java.base/java.util.concurrent.atomic=ALL-UNNAMED --add-opens=java.xml/javax.xml.namespace=ALL-UNNAMED -XX:MaxMetaspaceSize=512m -XX:+HeapDumpOnOutOfMemoryError -Xmx2048m -Dfile.encoding=UTF-8 -Duser.country=IN -Duser.language=en -Duser.variant -javaagent:C:\Users\Nandhitha_R\.gradle\wrapper\dists\gradle-9.0.0-bin\d6wjpkvcgsg3oed0qlfss3wgl\gradle-9.0.0\lib\agents\gradle-instrumentation-agent-9.0.0.jar 
java_command: org.gradle.launcher.daemon.bootstrap.GradleDaemon 9.0.0
java_class_path (initial): C:\Users\Nandhitha_R\.gradle\wrapper\dists\gradle-9.0.0-bin\d6wjpkvcgsg3oed0qlfss3wgl\gradle-9.0.0\lib\gradle-daemon-main-9.0.0.jar
Launcher Type: SUN_STANDARD

[Global flags]
     intx CICompilerCount                          = 4                                         {product} {ergonomic}
   size_t CompressedClassSpaceSize                 = 436207616                                 {product} {ergonomic}
     uint ConcGCThreads                            = 3                                         {product} {ergonomic}
     uint G1ConcRefinementThreads                  = 10                                        {product} {ergonomic}
   size_t G1HeapRegionSize                         = 1048576                                   {product} {ergonomic}
    uintx GCDrainStackTargetSize                   = 64                                        {product} {ergonomic}
     bool HeapDumpOnOutOfMemoryError               = true                                   {manageable} {command line}
   size_t InitialHeapSize                          = 264241152                                 {product} {ergonomic}
   size_t MarkStackSize                            = 4194304                                   {product} {ergonomic}
   size_t MaxHeapSize                              = 2147483648                                {product} {command line}
   size_t MaxMetaspaceSize                         = 536870912                                 {product} {command line}
   size_t MaxNewSize                               = 1287651328                                {product} {ergonomic}
   size_t MinHeapDeltaBytes                        = 1048576                                   {product} {ergonomic}
   size_t MinHeapSize                              = 8388608                                   {product} {ergonomic}
    uintx NonNMethodCodeHeapSize                   = 5839372                                {pd product} {ergonomic}
    uintx NonProfiledCodeHeapSize                  = 122909434                              {pd product} {ergonomic}
    uintx ProfiledCodeHeapSize                     = 122909434                              {pd product} {ergonomic}
    uintx ReservedCodeCacheSize                    = 251658240                              {pd product} {ergonomic}
     bool SegmentedCodeCache                       = true                                      {product} {ergonomic}
   size_t SoftMaxHeapSize                          = 2147483648                             {manageable} {ergonomic}
     bool UseCompressedClassPointers               = true                           {product lp64_product} {ergonomic}
     bool UseCompressedOops                        = true                           {product lp64_product} {ergonomic}
     bool UseG1GC                                  = true                                      {product} {ergonomic}
     bool UseLargePagesIndividualAllocation        = false                                  {pd product} {ergonomic}

Logging:
Log output configuration:
 #0: stdout all=warning uptime,level,tags
 #1: stderr all=off uptime,level,tags

Environment Variables:
JAVA_HOME=C:\Program Files\Eclipse Adoptium\jdk-17.0.18.8-hotspot
PATH=c:\Users\Nandhitha_R\.trae\tools\trae-gopls\current;c:\Users\Nandhitha_R\.trae\sdks\workspaces\d1813b88\versions\node\current;c:\Users\Nandhitha_R\.trae\sdks\versions\node\current;C:\Program Files\Python312\Scripts\;C:\Program Files\Python312\;C:\Windows\System32;C:\Program Files\Git\cmd;C:\Program Files\Eclipse Adoptium\jdk-17.0.18.8-hotspot\bin;C:\Program Files\nodejs\;C:\Users\Nandhitha_R\AppData\Local\Android\Sdk\platform-tools;C:\Users\Nandhitha_R\AppData\Local\Android\Sdk\emulator;C:\Program Files\Eclipse Adoptium\jdk-17.0.18.8-hotspot\bin;C:\Users\Nandhitha_R\AppData\Local\Programs\Python\Python312;C:\Program Files\MongoDB\Server\7.0\bin;C:\Users\Nandhitha_R\AppData\Local\Programs\Python\Launcher\;C:\Users\Nandhitha_R\AppData\Roaming\npm;C:\Users\Nandhitha_R\AppData\Local\Programs\Microsoft VS Code\bin;D:\Program Files\Antigravity\bin;d:\Program Files\Trae\resources\app\bin\lib
USERNAME=Nandhitha_R
OS=Windows_NT
PROCESSOR_IDENTIFIER=Intel64 Family 6 Model 154 Stepping 4, GenuineIntel
TMP=C:\Users\NANDHI~1\AppData\Local\Temp
TEMP=C:\Users\NANDHI~1\AppData\Local\Temp



Periodic native trim disabled


---------------  S Y S T E M  ---------------

OS:
 Windows 11 , 64 bit Build 26100 (10.0.26100.8328)
OS uptime: 0 days 2:54 hours
Hyper-V role detected

CPU: total 12 (initial active 12) (6 cores per cpu, 2 threads per core) family 6 model 154 stepping 4 microcode 0x43b, cx8, cmov, fxsr, ht, mmx, 3dnowpref, sse, sse2, sse3, ssse3, sse4.1, sse4.2, popcnt, lzcnt, tsc, tscinvbit, avx, avx2, aes, erms, clmul, bmi1, bmi2, adx, sha, fma, vzeroupper, clflush, clflushopt, clwb, hv
Processor Information for all 12 processors :
  Max Mhz: 1300, Current Mhz: 1300, Mhz Limit: 1300

Memory: 4k page, system-wide physical 16068M (1720M free)
TotalPageFile size 23822M (AvailPageFile size 2M)
current process WorkingSet (physical memory assigned to process): 1065M, peak: 1065M
current process commit charge ("private bytes"): 1117M, peak: 1117M

vm_info: OpenJDK 64-Bit Server VM (17.0.18+8) for windows-amd64 JRE (17.0.18+8), built on Jan 20 2026 22:28:22 by "admin" with MS VC++ 17.12 (VS2022)

END.
