#
# There is insufficient memory for the Java Runtime Environment to continue.
# Native memory allocation (mmap) failed to map 65536 bytes. Error detail: Failed to commit metaspace.
# Possible reasons:
#   The system is out of physical RAM or swap space
#   This process is running with CompressedOops enabled, and the Java Heap may be blocking the growth of the native heap
# Possible solutions:
#   Reduce memory load on the system
#   Increase physical memory or swap space
#   Check if swap backing store is full
#   Decrease Java heap size (-Xmx/-Xms)
#   Decrease number of Java threads
#   Decrease Java thread stack sizes (-Xss)
#   Set larger code cache with -XX:ReservedCodeCacheSize=
#   JVM is running with Unscaled Compressed Oops mode in which the Java heap is
#     placed in the first 4GB address space. The Java Heap base address is the
#     maximum limit for the native heap growth. Please use -XX:HeapBaseMinAddress
#     to set the Java Heap base and to place the Java Heap above 4GB virtual address.
# This output file may be truncated or incomplete.
#
#  Out of Memory Error (virtualSpaceNode.cpp:110), pid=25636, tid=21716
#
# JRE version: OpenJDK Runtime Environment Temurin-17.0.18+8 (17.0.18+8) (build 17.0.18+8)
# Java VM: OpenJDK 64-Bit Server VM Temurin-17.0.18+8 (17.0.18+8, mixed mode, sharing, tiered, compressed oops, compressed class ptrs, g1 gc, windows-amd64)
# No core dump will be written. Minidumps are not enabled by default on client versions of Windows
#

---------------  S U M M A R Y ------------

Command Line: --add-opens=java.base/java.lang=ALL-UNNAMED --add-opens=java.base/java.lang.invoke=ALL-UNNAMED --add-opens=java.base/java.util=ALL-UNNAMED --add-opens=java.prefs/java.util.prefs=ALL-UNNAMED --add-exports=jdk.compiler/com.sun.tools.javac.api=ALL-UNNAMED --add-exports=jdk.compiler/com.sun.tools.javac.util=ALL-UNNAMED --add-opens=java.base/java.util=ALL-UNNAMED --add-opens=java.prefs/java.util.prefs=ALL-UNNAMED --add-opens=java.base/java.nio.charset=ALL-UNNAMED --add-opens=java.base/java.net=ALL-UNNAMED --add-opens=java.base/java.util.concurrent=ALL-UNNAMED --add-opens=java.base/java.util.concurrent.atomic=ALL-UNNAMED --add-opens=java.xml/javax.xml.namespace=ALL-UNNAMED -XX:MaxMetaspaceSize=512m -XX:+HeapDumpOnOutOfMemoryError -Xmx1536m -Dfile.encoding=UTF-8 -Duser.country=IN -Duser.language=en -Duser.variant -javaagent:C:\Users\Nandhitha_R\.gradle\wrapper\dists\gradle-9.0.0-bin\d6wjpkvcgsg3oed0qlfss3wgl\gradle-9.0.0\lib\agents\gradle-instrumentation-agent-9.0.0.jar org.gradle.launcher.daemon.bootstrap.GradleDaemon 9.0.0

Host: 12th Gen Intel(R) Core(TM) i5-1235U, 12 cores, 15G,  Windows 11 , 64 bit Build 26100 (10.0.26100.8246)
Time: Sun May  3 22:54:15 2026 India Standard Time elapsed time: 54.946135 seconds (0d 0h 0m 54s)

---------------  T H R E A D  ---------------

Current thread (0x000001dafa6ec010):  JavaThread "Daemon worker" [_thread_in_vm, id=21716, stack(0x000000c11c600000,0x000000c11c700000)]

Stack: [0x000000c11c600000,0x000000c11c700000]
Native frames: (J=compiled Java code, j=interpreted, Vv=VM code, C=native code)
V  [jvm.dll+0x6846f9]
V  [jvm.dll+0x839ea5]
V  [jvm.dll+0x83b91e]
V  [jvm.dll+0x83bfa3]
V  [jvm.dll+0x248eff]
V  [jvm.dll+0x835c8d]
V  [jvm.dll+0x6291fd]
V  [jvm.dll+0x1c0710]
V  [jvm.dll+0x62bb72]
V  [jvm.dll+0x629bb6]
V  [jvm.dll+0x370ce8]
V  [jvm.dll+0x1e254b]
V  [jvm.dll+0x548143]
V  [jvm.dll+0x7b4b68]
V  [jvm.dll+0x7b4c64]
V  [jvm.dll+0x414bb4]
V  [jvm.dll+0x41b619]
C  [java.dll+0x17ec]

Java frames: (J=compiled Java code, j=interpreted, Vv=VM code)
J 801  java.lang.ClassLoader.defineClass1(Ljava/lang/ClassLoader;Ljava/lang/String;[BIILjava/security/ProtectionDomain;Ljava/lang/String;)Ljava/lang/Class; java.base@17.0.18 (0 bytes) @ 0x000001da87b27683 [0x000001da87b275c0+0x00000000000000c3]
J 4461 c2 java.security.SecureClassLoader.defineClass(Ljava/lang/String;[BIILjava/security/CodeSource;)Ljava/lang/Class; java.base@17.0.18 (16 bytes) @ 0x000001da87da5658 [0x000001da87da5060+0x00000000000005f8]
J 3762 c2 java.net.URLClassLoader$1.run()Ljava/lang/Object; java.base@17.0.18 (5 bytes) @ 0x000001da87d2dc58 [0x000001da87d2cc60+0x0000000000000ff8]
J 2997 c2 java.net.URLClassLoader.findClass(Ljava/lang/String;)Ljava/lang/Class; java.base@17.0.18 (47 bytes) @ 0x000001da87c845bc [0x000001da87c84500+0x00000000000000bc]
J 2481 c1 org.gradle.internal.classloader.TransformingClassLoader.findClass(Ljava/lang/String;)Ljava/lang/Class; (203 bytes) @ 0x000001da804e1214 [0x000001da804dfec0+0x0000000000001354]
J 4468 c2 java.lang.ClassLoader.loadClass(Ljava/lang/String;Z)Ljava/lang/Class; java.base@17.0.18 (121 bytes) @ 0x000001da87da9608 [0x000001da87da8d80+0x0000000000000888]
J 3026 c2 java.lang.ClassLoader.loadClass(Ljava/lang/String;)Ljava/lang/Class; java.base@17.0.18 (7 bytes) @ 0x000001da87c8ebe0 [0x000001da87c8eba0+0x0000000000000040]
v  ~StubRoutines::call_stub
j  org.gradle.api.plugins.internal.JvmLanguageUtilsServices.registerProjectServices(Lorg/gradle/internal/service/ServiceRegistration;)V+1
j  org.gradle.internal.service.scopes.ProjectScopeServices.configure(Lorg/gradle/internal/service/ServiceRegistration;Ljava/util/List;Lorg/gradle/api/internal/artifacts/DependencyManagementServices;)V+56
v  ~StubRoutines::call_stub
J 2355  jdk.internal.reflect.NativeMethodAccessorImpl.invoke0(Ljava/lang/reflect/Method;Ljava/lang/Object;[Ljava/lang/Object;)Ljava/lang/Object; java.base@17.0.18 (0 bytes) @ 0x000001da87bea747 [0x000001da87bea6c0+0x0000000000000087]
J 2693 c1 jdk.internal.reflect.NativeMethodAccessorImpl.invoke(Ljava/lang/Object;[Ljava/lang/Object;)Ljava/lang/Object; java.base@17.0.18 (137 bytes) @ 0x000001da805593c4 [0x000001da80558a00+0x00000000000009c4]
J 2063 c1 jdk.internal.reflect.DelegatingMethodAccessorImpl.invoke(Ljava/lang/Object;[Ljava/lang/Object;)Ljava/lang/Object; java.base@17.0.18 (10 bytes) @ 0x000001da803e64c4 [0x000001da803e63c0+0x0000000000000104]
J 2943 c1 org.gradle.internal.reflect.JavaMethod.invoke(Ljava/lang/Object;[Ljava/lang/Object;)Ljava/lang/Object; (74 bytes) @ 0x000001da805e4d0c [0x000001da805e4980+0x000000000000038c]
J 2942 c1 org.gradle.internal.service.ReflectionBasedServiceMethod.invoke(Ljava/lang/Object;[Ljava/lang/Object;)Ljava/lang/Object; (16 bytes) @ 0x000001da805e43cc [0x000001da805e4340+0x000000000000008c]
j  org.gradle.internal.service.DefaultServiceRegistry.applyConfigureMethod(Lorg/gradle/internal/service/ServiceAccessToken;Lorg/gradle/internal/service/ServiceMethod;Ljava/lang/Object;)V+148
j  org.gradle.internal.service.DefaultServiceRegistry.findProviderMethods(Lorg/gradle/internal/service/ServiceRegistrationProvider;Lorg/gradle/internal/service/ServiceAccessToken;)V+215
j  org.gradle.internal.service.DefaultServiceRegistry.addProvider(Lorg/gradle/internal/service/ServiceRegistrationProvider;)Lorg/gradle/internal/service/DefaultServiceRegistry;+18
j  org.gradle.internal.service.ServiceRegistryBuilder.build()Lorg/gradle/internal/service/CloseableServiceRegistry;+93
j  org.gradle.internal.service.scopes.ProjectScopeServices.create(Lorg/gradle/internal/service/ServiceRegistry;Lorg/gradle/api/internal/project/ProjectInternal;Lorg/gradle/internal/logging/LoggingManagerFactory;)Lorg/gradle/internal/service/CloseableServiceRegistry;+45
j  org.gradle.api.internal.project.ProjectLifecycleController.lambda$createMutableModel$0(Ljava/lang/Object;)Lorg/gradle/internal/service/ServiceRegistry;+25
j  org.gradle.api.internal.project.ProjectLifecycleController$$Lambda$1084+0x000001da906e5668.createFor(Ljava/lang/Object;)Lorg/gradle/internal/service/ServiceRegistry;+5
j  org.gradle.api.internal.project.DefaultProject.<init>(Ljava/lang/String;Lorg/gradle/api/internal/project/ProjectInternal;Ljava/io/File;Ljava/io/File;Lorg/gradle/groovy/scripts/ScriptSource;Lorg/gradle/api/internal/GradleInternal;Lorg/gradle/api/internal/project/ProjectState;Lorg/gradle/internal/service/scopes/ServiceRegistryFactory;Lorg/gradle/api/internal/initialization/ClassLoaderScope;Lorg/gradle/api/internal/initialization/ClassLoaderScope;)V+144
j  org.gradle.api.internal.project.DefaultProject_Decorated.<init>(Ljava/lang/String;Lorg/gradle/api/internal/project/ProjectInternal;Ljava/io/File;Ljava/io/File;Lorg/gradle/groovy/scripts/ScriptSource;Lorg/gradle/api/internal/GradleInternal;Lorg/gradle/api/internal/project/ProjectState;Lorg/gradle/internal/service/scopes/ServiceRegistryFactory;Lorg/gradle/api/internal/initialization/ClassLoaderScope;Lorg/gradle/api/internal/initialization/ClassLoaderScope;)V+18
v  ~StubRoutines::call_stub
J 1464  jdk.internal.reflect.NativeConstructorAccessorImpl.newInstance0(Ljava/lang/reflect/Constructor;[Ljava/lang/Object;)Ljava/lang/Object; java.base@17.0.18 (0 bytes) @ 0x000001da87b8c6ae [0x000001da87b8c640+0x000000000000006e]
J 2183 c1 jdk.internal.reflect.NativeConstructorAccessorImpl.newInstance([Ljava/lang/Object;)Ljava/lang/Object; java.base@17.0.18 (122 bytes) @ 0x000001da8042c03c [0x000001da8042b700+0x000000000000093c]
J 1462 c1 jdk.internal.reflect.DelegatingConstructorAccessorImpl.newInstance([Ljava/lang/Object;)Ljava/lang/Object; java.base@17.0.18 (9 bytes) @ 0x000001da802c4f44 [0x000001da802c4e40+0x0000000000000104]
J 1461 c1 java.lang.reflect.Constructor.newInstanceWithCaller([Ljava/lang/Object;ZLjava/lang/Class;)Ljava/lang/Object; java.base@17.0.18 (75 bytes) @ 0x000001da802c4944 [0x000001da802c4700+0x0000000000000244]
J 1463 c1 java.lang.reflect.Constructor.newInstance([Ljava/lang/Object;)Ljava/lang/Object; java.base@17.0.18 (34 bytes) @ 0x000001da802c541c [0x000001da802c52c0+0x000000000000015c]
j  org.gradle.internal.instantiation.generator.AsmBackedClassGenerator$InvokeConstructorStrategy.newInstance(Lorg/gradle/internal/service/ServiceLookup;Lorg/gradle/internal/instantiation/InstanceGenerator;Lorg/gradle/api/Describable;[Ljava/lang/Object;)Ljava/lang/Object;+37
j  org.gradle.internal.instantiation.generator.AbstractClassGenerator$GeneratedClassImpl$GeneratedConstructorImpl.newInstance(Lorg/gradle/internal/service/ServiceLookup;Lorg/gradle/internal/instantiation/InstanceGenerator;Lorg/gradle/api/Describable;[Ljava/lang/Object;)Ljava/lang/Object;+9
j  org.gradle.internal.instantiation.generator.DependencyInjectingInstantiator.doCreate(Ljava/lang/Class;Lorg/gradle/api/Describable;[Ljava/lang/Object;)Ljava/lang/Object;+37
j  org.gradle.internal.instantiation.generator.DependencyInjectingInstantiator.newInstance(Ljava/lang/Class;[Ljava/lang/Object;)Ljava/lang/Object;+4
j  org.gradle.api.internal.project.ProjectFactory.createProject(Lorg/gradle/api/internal/GradleInternal;Lorg/gradle/api/initialization/ProjectDescriptor;Lorg/gradle/api/internal/project/ProjectState;Lorg/gradle/api/internal/project/ProjectInternal;Lorg/gradle/internal/service/scopes/ServiceRegistryFactory;Lorg/gradle/api/internal/initialization/ClassLoaderScope;Lorg/gradle/api/internal/initialization/ClassLoaderScope;)Lorg/gradle/api/internal/project/ProjectInternal;+128
j  org.gradle.api.internal.project.ProjectLifecycleController.lambda$createMutableModel$1(Lorg/gradle/api/internal/project/ProjectState;Lorg/gradle/api/internal/project/IProjectFactory;Lorg/gradle/internal/build/BuildState;Lorg/gradle/initialization/DefaultProjectDescriptor;Lorg/gradle/api/internal/initialization/ClassLoaderScope;Lorg/gradle/api/internal/initialization/ClassLoaderScope;)V+53
j  org.gradle.api.internal.project.ProjectLifecycleController$$Lambda$1082+0x000001da906e5228.run()V+28
j  org.gradle.internal.model.StateTransitionController.lambda$doTransition$14(Ljava/lang/Runnable;)Lorg/gradle/internal/build/ExecutionResult;+1
j  org.gradle.internal.model.StateTransitionController$$Lambda$324+0x000001da90369ce0.get()Ljava/lang/Object;+4
j  org.gradle.internal.model.StateTransitionController.doTransition(Lorg/gradle/internal/model/StateTransitionController$State;Lorg/gradle/internal/model/StateTransitionController$State;Ljava/util/function/Supplier;)Lorg/gradle/internal/build/ExecutionResult;+24
j  org.gradle.internal.model.StateTransitionController.doTransition(Lorg/gradle/internal/model/StateTransitionController$State;Lorg/gradle/internal/model/StateTransitionController$State;Ljava/lang/Runnable;)V+9
j  org.gradle.internal.model.StateTransitionController.lambda$transition$5(Lorg/gradle/internal/model/StateTransitionController$State;Lorg/gradle/internal/model/StateTransitionController$State;Ljava/lang/Runnable;)V+4
j  org.gradle.internal.model.StateTransitionController$$Lambda$1083+0x000001da906e5448.run()V+16
j  org.gradle.internal.work.DefaultSynchronizer.withLock(Ljava/lang/Runnable;)V+6
j  org.gradle.internal.model.StateTransitionController.transition(Lorg/gradle/internal/model/StateTransitionController$State;Lorg/gradle/internal/model/StateTransitionController$State;Ljava/lang/Runnable;)V+13
j  org.gradle.api.internal.project.ProjectLifecycleController.createMutableModel(Lorg/gradle/initialization/DefaultProjectDescriptor;Lorg/gradle/internal/build/BuildState;Lorg/gradle/api/internal/project/ProjectState;Lorg/gradle/api/internal/initialization/ClassLoaderScope;Lorg/gradle/api/internal/initialization/ClassLoaderScope;Lorg/gradle/api/internal/project/IProjectFactory;)V+25
j  org.gradle.api.internal.project.DefaultProjectStateRegistry$ProjectStateImpl.createMutableModel(Lorg/gradle/api/internal/initialization/ClassLoaderScope;Lorg/gradle/api/internal/initialization/ClassLoaderScope;)V+19
j  org.gradle.initialization.InstantiatingBuildLoader.createProjects(Lorg/gradle/api/internal/GradleInternal;Lorg/gradle/initialization/DefaultProjectDescriptor;)V+72
j  org.gradle.initialization.InstantiatingBuildLoader.load(Lorg/gradle/api/internal/SettingsInternal;Lorg/gradle/api/internal/GradleInternal;)V+16
j  org.gradle.initialization.ProjectPropertySettingBuildLoader.load(Lorg/gradle/api/internal/SettingsInternal;Lorg/gradle/api/internal/GradleInternal;)V+6
j  org.gradle.initialization.NotifyingBuildLoader$2.call(Lorg/gradle/internal/operations/BuildOperationContext;)Ljava/lang/Void;+15
j  org.gradle.initialization.NotifyingBuildLoader$2.call(Lorg/gradle/internal/operations/BuildOperationContext;)Ljava/lang/Object;+2
j  org.gradle.internal.operations.DefaultBuildOperationRunner$CallableBuildOperationWorker.execute(Lorg/gradle/internal/operations/CallableBuildOperation;Lorg/gradle/internal/operations/BuildOperationContext;)V+3
j  org.gradle.internal.operations.DefaultBuildOperationRunner$CallableBuildOperationWorker.execute(Lorg/gradle/internal/operations/BuildOperation;Lorg/gradle/internal/operations/BuildOperationContext;)V+6
j  org.gradle.internal.operations.DefaultBuildOperationRunner$2.execute(Lorg/gradle/internal/operations/BuildOperationDescriptor;Lorg/gradle/internal/operations/BuildOperationState;Lorg/gradle/internal/operations/BuildOperationState;Lorg/gradle/internal/operations/DefaultBuildOperationRunner$ReadableBuildOperationContext;Lorg/gradle/internal/operations/DefaultBuildOperationRunner$BuildOperationExecutionListener;)Lorg/gradle/internal/operations/BuildOperation;+22
j  org.gradle.internal.operations.DefaultBuildOperationRunner$2.execute(Lorg/gradle/internal/operations/BuildOperationDescriptor;Lorg/gradle/internal/operations/BuildOperationState;Lorg/gradle/internal/operations/BuildOperationState;Lorg/gradle/internal/operations/DefaultBuildOperationRunner$ReadableBuildOperationContext;Lorg/gradle/internal/operations/DefaultBuildOperationRunner$BuildOperationExecutionListener;)Ljava/lang/Object;+8
j  org.gradle.internal.operations.DefaultBuildOperationRunner.execute(Lorg/gradle/internal/operations/BuildOperationDescriptor$Builder;Lorg/gradle/internal/operations/BuildOperationState;Lorg/gradle/internal/operations/DefaultBuildOperationRunner$BuildOperationExecution;)Ljava/lang/Object;+141
j  org.gradle.internal.operations.DefaultBuildOperationRunner.execute(Lorg/gradle/internal/operations/BuildOperation;Lorg/gradle/internal/operations/BuildOperationWorker;Lorg/gradle/internal/operations/BuildOperationState;)V+18
j  org.gradle.internal.operations.DefaultBuildOperationRunner.call(Lorg/gradle/internal/operations/CallableBuildOperation;)Ljava/lang/Object;+16
j  org.gradle.initialization.NotifyingBuildLoader.load(Lorg/gradle/api/internal/SettingsInternal;Lorg/gradle/api/internal/GradleInternal;)V+25
j  org.gradle.configuration.BuildTreePreparingProjectsPreparer.prepareProjects(Lorg/gradle/api/internal/GradleInternal;)V+84
j  org.gradle.configuration.BuildOperationFiringProjectsPreparer$ConfigureBuild.run(Lorg/gradle/internal/operations/BuildOperationContext;)V+11
j  org.gradle.internal.operations.DefaultBuildOperationRunner$1.execute(Lorg/gradle/internal/operations/RunnableBuildOperation;Lorg/gradle/internal/operations/BuildOperationContext;)V+2
j  org.gradle.internal.operations.DefaultBuildOperationRunner$1.execute(Lorg/gradle/internal/operations/BuildOperation;Lorg/gradle/internal/operations/BuildOperationContext;)V+6
j  org.gradle.internal.operations.DefaultBuildOperationRunner$2.execute(Lorg/gradle/internal/operations/BuildOperationDescriptor;Lorg/gradle/internal/operations/BuildOperationState;Lorg/gradle/internal/operations/BuildOperationState;Lorg/gradle/internal/operations/DefaultBuildOperationRunner$ReadableBuildOperationContext;Lorg/gradle/internal/operations/DefaultBuildOperationRunner$BuildOperationExecutionListener;)Lorg/gradle/internal/operations/BuildOperation;+22
j  org.gradle.internal.operations.DefaultBuildOperationRunner$2.execute(Lorg/gradle/internal/operations/BuildOperationDescriptor;Lorg/gradle/internal/operations/BuildOperationState;Lorg/gradle/internal/operations/BuildOperationState;Lorg/gradle/internal/operations/DefaultBuildOperationRunner$ReadableBuildOperationContext;Lorg/gradle/internal/operations/DefaultBuildOperationRunner$BuildOperationExecutionListener;)Ljava/lang/Object;+8
j  org.gradle.internal.operations.DefaultBuildOperationRunner.execute(Lorg/gradle/internal/operations/BuildOperationDescriptor$Builder;Lorg/gradle/internal/operations/BuildOperationState;Lorg/gradle/internal/operations/DefaultBuildOperationRunner$BuildOperationExecution;)Ljava/lang/Object;+141
j  org.gradle.internal.operations.DefaultBuildOperationRunner.execute(Lorg/gradle/internal/operations/BuildOperation;Lorg/gradle/internal/operations/BuildOperationWorker;Lorg/gradle/internal/operations/BuildOperationState;)V+18
j  org.gradle.internal.operations.DefaultBuildOperationRunner.run(Lorg/gradle/internal/operations/RunnableBuildOperation;)V+9
j  org.gradle.configuration.BuildOperationFiringProjectsPreparer.prepareProjects(Lorg/gradle/api/internal/GradleInternal;)V+13
j  org.gradle.initialization.VintageBuildModelController.lambda$prepareProjects$2()V+8
j  org.gradle.initialization.VintageBuildModelController$$Lambda$1051+0x000001da906a9000.run()V+4
j  org.gradle.internal.model.StateTransitionController.lambda$doTransition$14(Ljava/lang/Runnable;)Lorg/gradle/internal/build/ExecutionResult;+1
j  org.gradle.internal.model.StateTransitionController$$Lambda$324+0x000001da90369ce0.get()Ljava/lang/Object;+4
j  org.gradle.internal.model.StateTransitionController.doTransition(Lorg/gradle/internal/model/StateTransitionController$State;Lorg/gradle/internal/model/StateTransitionController$State;Ljava/util/function/Supplier;)Lorg/gradle/internal/build/ExecutionResult;+24
j  org.gradle.internal.model.StateTransitionController.doTransition(Lorg/gradle/internal/model/StateTransitionController$State;Lorg/gradle/internal/model/StateTransitionController$State;Ljava/lang/Runnable;)V+9
j  org.gradle.internal.model.StateTransitionController.lambda$transitionIfNotPreviously$11(Lorg/gradle/internal/model/StateTransitionController$State;Lorg/gradle/internal/model/StateTransitionController$State;Ljava/lang/Runnable;)V+16
j  org.gradle.internal.model.StateTransitionController$$Lambda$326+0x000001da90368a20.run()V+16
j  org.gradle.internal.work.DefaultSynchronizer.withLock(Ljava/lang/Runnable;)V+6
j  org.gradle.internal.model.StateTransitionController.transitionIfNotPreviously(Lorg/gradle/internal/model/StateTransitionController$State;Lorg/gradle/internal/model/StateTransitionController$State;Ljava/lang/Runnable;)V+13
j  org.gradle.initialization.VintageBuildModelController.prepareProjects()V+16
j  org.gradle.initialization.VintageBuildModelController.getConfiguredModel()Lorg/gradle/api/internal/GradleInternal;+5
j  org.gradle.internal.build.DefaultBuildLifecycleController$$Lambda$1050+0x000001da906abd30.get()Ljava/lang/Object;+4
j  org.gradle.internal.model.StateTransitionController.lambda$notInState$3(Lorg/gradle/internal/model/StateTransitionController$State;Ljava/util/function/Supplier;)Ljava/lang/Object;+11
j  org.gradle.internal.model.StateTransitionController$$Lambda$672+0x000001da90518400.create()Ljava/lang/Object;+12
j  org.gradle.internal.work.DefaultSynchronizer.withLock(Lorg/gradle/internal/Factory;)Ljava/lang/Object;+6
j  org.gradle.internal.model.StateTransitionController.notInState(Lorg/gradle/internal/model/StateTransitionController$State;Ljava/util/function/Supplier;)Ljava/lang/Object;+12
j  org.gradle.internal.build.DefaultBuildLifecycleController.configureProjects()V+21
j  org.gradle.internal.build.AbstractBuildState.ensureProjectsConfigured()V+4
j  org.gradle.internal.buildtree.BuildInclusionCoordinator$$Lambda$1047+0x000001da906ab4a0.run()V+4
j  org.gradle.internal.buildtree.BuildInclusionCoordinator$BuildSynchronizer.lambda$withLock$0(Ljava/lang/Runnable;)V+14
j  org.gradle.internal.buildtree.BuildInclusionCoordinator$BuildSynchronizer$$Lambda$1049+0x000001da906abb10.run()V+8
j  org.gradle.internal.work.DefaultSynchronizer.withLock(Ljava/lang/Runnable;)V+6
j  org.gradle.internal.buildtree.BuildInclusionCoordinator$BuildSynchronizer.withLock(Ljava/lang/Runnable;)V+11
j  org.gradle.internal.buildtree.BuildInclusionCoordinator.withLockForBuild(Lorg/gradle/internal/build/BuildState;Ljava/lang/Runnable;)V+20
j  org.gradle.internal.buildtree.BuildInclusionCoordinator.prepareForPluginResolution(Lorg/gradle/internal/build/IncludedBuildState;)V+13
j  org.gradle.internal.composite.DefaultBuildIncluder.prepareForPluginResolution(Lorg/gradle/internal/build/IncludedBuildState;)V+5
j  org.gradle.composite.internal.plugins.CompositeBuildPluginResolverContributor$CompositeBuildPluginResolver.resolveFromIncludedPluginBuilds(Lorg/gradle/plugin/use/PluginId;)Lorg/gradle/plugin/use/resolve/internal/PluginResolution;+39
j  org.gradle.composite.internal.plugins.CompositeBuildPluginResolverContributor$CompositeBuildPluginResolver.doResolve(Lorg/gradle/plugin/use/PluginId;)Lorg/gradle/composite/internal/plugins/CompositeBuildPluginResolverContributor$PluginResult;+2
j  org.gradle.composite.internal.plugins.CompositeBuildPluginResolverContributor$CompositeBuildPluginResolver$$Lambda$661+0x000001da9051e318.apply(Ljava/lang/Object;)Ljava/lang/Object;+8
J 3678 c1 java.util.concurrent.ConcurrentHashMap.computeIfAbsent(Ljava/lang/Object;Ljava/util/function/Function;)Ljava/lang/Object; java.base@17.0.18 (576 bytes) @ 0x000001da8077178c [0x000001da807711c0+0x00000000000005cc]
j  org.gradle.composite.internal.plugins.CompositeBuildPluginResolverContributor$CompositeBuildPluginResolver.resolve(Lorg/gradle/plugin/management/internal/PluginRequestInternal;)Lorg/gradle/plugin/use/resolve/internal/PluginResolutionResult;+16
j  org.gradle.plugin.use.resolve.internal.CompositePluginResolver.resolve(Lorg/gradle/plugin/management/internal/PluginRequestInternal;)Lorg/gradle/plugin/use/resolve/internal/PluginResolutionResult;+37
j  org.gradle.plugin.use.resolve.internal.AlreadyOnClasspathPluginResolver.resolve(Lorg/gradle/plugin/management/internal/PluginRequestInternal;)Lorg/gradle/plugin/use/resolve/internal/PluginResolutionResult;+28
j  org.gradle.plugin.use.internal.DefaultPluginRequestApplicator.resolvePluginRequest(Lorg/gradle/plugin/use/resolve/internal/PluginResolver;Lorg/gradle/plugin/management/internal/PluginRequestInternal;)Lorg/gradle/plugin/use/resolve/internal/PluginResolution;+2
j  org.gradle.plugin.use.internal.DefaultPluginRequestApplicator.applyPlugins(Lorg/gradle/plugin/management/internal/PluginRequests;Lorg/gradle/api/internal/initialization/ScriptHandlerInternal;Lorg/gradle/api/internal/plugins/PluginManagerInternal;Lorg/gradle/api/internal/initialization/ClassLoaderScope;)V+136
j  org.gradle.configuration.DefaultScriptPluginFactory$ScriptPluginImpl.apply(Ljava/lang/Object;)V+174
j  org.gradle.configuration.BuildOperationScriptPlugin$1.run(Lorg/gradle/internal/operations/BuildOperationContext;)V+11
j  org.gradle.internal.operations.DefaultBuildOperationRunner$1.execute(Lorg/gradle/internal/operations/RunnableBuildOperation;Lorg/gradle/internal/operations/BuildOperationContext;)V+2
j  org.gradle.internal.operations.DefaultBuildOperationRunner$1.execute(Lorg/gradle/internal/operations/BuildOperation;Lorg/gradle/internal/operations/BuildOperationContext;)V+6
j  org.gradle.internal.operations.DefaultBuildOperationRunner$2.execute(Lorg/gradle/internal/operations/BuildOperationDescriptor;Lorg/gradle/internal/operations/BuildOperationState;Lorg/gradle/internal/operations/BuildOperationState;Lorg/gradle/internal/operations/DefaultBuildOperationRunner$ReadableBuildOperationContext;Lorg/gradle/internal/operations/DefaultBuildOperationRunner$BuildOperationExecutionListener;)Lorg/gradle/internal/operations/BuildOperation;+22
j  org.gradle.internal.operations.DefaultBuildOperationRunner$2.execute(Lorg/gradle/internal/operations/BuildOperationDescriptor;Lorg/gradle/internal/operations/BuildOperationState;Lorg/gradle/internal/operations/BuildOperationState;Lorg/gradle/internal/operations/DefaultBuildOperationRunner$ReadableBuildOperationContext;Lorg/gradle/internal/operations/DefaultBuildOperationRunner$BuildOperationExecutionListener;)Ljava/lang/Object;+8
j  org.gradle.internal.operations.DefaultBuildOperationRunner.execute(Lorg/gradle/internal/operations/BuildOperationDescriptor$Builder;Lorg/gradle/internal/operations/BuildOperationState;Lorg/gradle/internal/operations/DefaultBuildOperationRunner$BuildOperationExecution;)Ljava/lang/Object;+141
j  org.gradle.internal.operations.DefaultBuildOperationRunner.execute(Lorg/gradle/internal/operations/BuildOperation;Lorg/gradle/internal/operations/BuildOperationWorker;Lorg/gradle/internal/operations/BuildOperationState;)V+18
j  org.gradle.internal.operations.DefaultBuildOperationRunner.run(Lorg/gradle/internal/operations/RunnableBuildOperation;)V+9
j  org.gradle.configuration.BuildOperationScriptPlugin.lambda$apply$0(Ljava/lang/Object;Lorg/gradle/internal/code/UserCodeApplicationId;)V+14
j  org.gradle.configuration.BuildOperationScriptPlugin$$Lambda$523+0x000001da90480c78.execute(Ljava/lang/Object;)V+12
j  org.gradle.internal.code.DefaultUserCodeApplicationContext.apply(Lorg/gradle/internal/code/UserCodeSource;Lorg/gradle/api/Action;)V+37
j  org.gradle.configuration.BuildOperationScriptPlugin.apply(Ljava/lang/Object;)V+71
j  org.gradle.initialization.ScriptEvaluatingSettingsProcessor.applySettingsScript(Lorg/gradle/groovy/scripts/TextResourceScriptSource;Lorg/gradle/api/internal/SettingsInternal;)V+32
j  org.gradle.initialization.ScriptEvaluatingSettingsProcessor.process(Lorg/gradle/api/internal/GradleInternal;Lorg/gradle/initialization/SettingsLocation;Lorg/gradle/api/internal/initialization/ClassLoaderScope;Lorg/gradle/StartParameter;)Lorg/gradle/initialization/SettingsState;+90
j  org.gradle.initialization.SettingsEvaluatedCallbackFiringSettingsProcessor.process(Lorg/gradle/api/internal/GradleInternal;Lorg/gradle/initialization/SettingsLocation;Lorg/gradle/api/internal/initialization/ClassLoaderScope;Lorg/gradle/StartParameter;)Lorg/gradle/initialization/SettingsState;+9
j  org.gradle.initialization.RootBuildCacheControllerSettingsProcessor.process(Lorg/gradle/api/internal/GradleInternal;Lorg/gradle/initialization/SettingsLocation;Lorg/gradle/api/internal/initialization/ClassLoaderScope;Lorg/gradle/StartParameter;)Lorg/gradle/initialization/SettingsState;+9
j  org.gradle.initialization.BuildOperationSettingsProcessor$2.call(Lorg/gradle/internal/operations/BuildOperationContext;)Lorg/gradle/initialization/SettingsState;+23
j  org.gradle.initialization.BuildOperationSettingsProcessor$2.call(Lorg/gradle/internal/operations/BuildOperationContext;)Ljava/lang/Object;+2
j  org.gradle.internal.operations.DefaultBuildOperationRunner$CallableBuildOperationWorker.execute(Lorg/gradle/internal/operations/CallableBuildOperation;Lorg/gradle/internal/operations/BuildOperationContext;)V+3
j  org.gradle.internal.operations.DefaultBuildOperationRunner$CallableBuildOperationWorker.execute(Lorg/gradle/internal/operations/BuildOperation;Lorg/gradle/internal/operations/BuildOperationContext;)V+6
j  org.gradle.internal.operations.DefaultBuildOperationRunner$2.execute(Lorg/gradle/internal/operations/BuildOperationDescriptor;Lorg/gradle/internal/operations/BuildOperationState;Lorg/gradle/internal/operations/BuildOperationState;Lorg/gradle/internal/operations/DefaultBuildOperationRunner$ReadableBuildOperationContext;Lorg/gradle/internal/operations/DefaultBuildOperationRunner$BuildOperationExecutionListener;)Lorg/gradle/internal/operations/BuildOperation;+22
j  org.gradle.internal.operations.DefaultBuildOperationRunner$2.execute(Lorg/gradle/internal/operations/BuildOperationDescriptor;Lorg/gradle/internal/operations/BuildOperationState;Lorg/gradle/internal/operations/BuildOperationState;Lorg/gradle/internal/operations/DefaultBuildOperationRunner$ReadableBuildOperationContext;Lorg/gradle/internal/operations/DefaultBuildOperationRunner$BuildOperationExecutionListener;)Ljava/lang/Object;+8
j  org.gradle.internal.operations.DefaultBuildOperationRunner.execute(Lorg/gradle/internal/operations/BuildOperationDescriptor$Builder;Lorg/gradle/internal/operations/BuildOperationState;Lorg/gradle/internal/operations/DefaultBuildOperationRunner$BuildOperationExecution;)Ljava/lang/Object;+141
j  org.gradle.internal.operations.DefaultBuildOperationRunner.execute(Lorg/gradle/internal/operations/BuildOperation;Lorg/gradle/internal/operations/BuildOperationWorker;Lorg/gradle/internal/operations/BuildOperationState;)V+18
j  org.gradle.internal.operations.DefaultBuildOperationRunner.call(Lorg/gradle/internal/operations/CallableBuildOperation;)Ljava/lang/Object;+16
j  org.gradle.initialization.BuildOperationSettingsProcessor.process(Lorg/gradle/api/internal/GradleInternal;Lorg/gradle/initialization/SettingsLocation;Lorg/gradle/api/internal/initialization/ClassLoaderScope;Lorg/gradle/StartParameter;)Lorg/gradle/initialization/SettingsState;+17
j  org.gradle.initialization.DefaultSettingsLoader.findSettingsAndLoadIfAppropriate(Lorg/gradle/api/internal/GradleInternal;Lorg/gradle/StartParameter;Lorg/gradle/initialization/SettingsLocation;Lorg/gradle/api/internal/initialization/ClassLoaderScope;)Lorg/gradle/initialization/SettingsState;+9
j  org.gradle.initialization.DefaultSettingsLoader.findAndLoadSettings(Lorg/gradle/api/internal/GradleInternal;)Lorg/gradle/initialization/SettingsState;+103
j  org.gradle.initialization.SettingsAttachingSettingsLoader.findAndLoadSettings(Lorg/gradle/api/internal/GradleInternal;)Lorg/gradle/initialization/SettingsState;+5
j  org.gradle.internal.composite.CommandLineIncludedBuildSettingsLoader.findAndLoadSettings(Lorg/gradle/api/internal/GradleInternal;)Lorg/gradle/initialization/SettingsState;+5
j  org.gradle.internal.composite.ChildBuildRegisteringSettingsLoader.findAndLoadSettings(Lorg/gradle/api/internal/GradleInternal;)Lorg/gradle/initialization/SettingsState;+5
j  org.gradle.internal.composite.CompositeBuildSettingsLoader.findAndLoadSettings(Lorg/gradle/api/internal/GradleInternal;)Lorg/gradle/initialization/SettingsState;+5
j  org.gradle.initialization.InitScriptHandlingSettingsLoader.findAndLoadSettings(Lorg/gradle/api/internal/GradleInternal;)Lorg/gradle/initialization/SettingsState;+13
j  org.gradle.api.internal.initialization.CacheConfigurationsHandlingSettingsLoader.findAndLoadSettings(Lorg/gradle/api/internal/GradleInternal;)Lorg/gradle/initialization/SettingsState;+15
j  org.gradle.initialization.GradlePropertiesHandlingSettingsLoader.findAndLoadSettings(Lorg/gradle/api/internal/GradleInternal;)Lorg/gradle/initialization/SettingsState;+40
j  org.gradle.initialization.DefaultSettingsPreparer.prepareSettings(Lorg/gradle/api/internal/GradleInternal;)V+33
j  org.gradle.initialization.BuildOperationFiringSettingsPreparer$LoadBuild.doLoadBuild()V+11
j  org.gradle.initialization.BuildOperationFiringSettingsPreparer$LoadBuild.run(Lorg/gradle/internal/operations/BuildOperationContext;)V+1
j  org.gradle.internal.operations.DefaultBuildOperationRunner$1.execute(Lorg/gradle/internal/operations/RunnableBuildOperation;Lorg/gradle/internal/operations/BuildOperationContext;)V+2
j  org.gradle.internal.operations.DefaultBuildOperationRunner$1.execute(Lorg/gradle/internal/operations/BuildOperation;Lorg/gradle/internal/operations/BuildOperationContext;)V+6
j  org.gradle.internal.operations.DefaultBuildOperationRunner$2.execute(Lorg/gradle/internal/operations/BuildOperationDescriptor;Lorg/gradle/internal/operations/BuildOperationState;Lorg/gradle/internal/operations/BuildOperationState;Lorg/gradle/internal/operations/DefaultBuildOperationRunner$ReadableBuildOperationContext;Lorg/gradle/internal/operations/DefaultBuildOperationRunner$BuildOperationExecutionListener;)Lorg/gradle/internal/operations/BuildOperation;+22
j  org.gradle.internal.operations.DefaultBuildOperationRunner$2.execute(Lorg/gradle/internal/operations/BuildOperationDescriptor;Lorg/gradle/internal/operations/BuildOperationState;Lorg/gradle/internal/operations/BuildOperationState;Lorg/gradle/internal/operations/DefaultBuildOperationRunner$ReadableBuildOperationContext;Lorg/gradle/internal/operations/DefaultBuildOperationRunner$BuildOperationExecutionListener;)Ljava/lang/Object;+8
j  org.gradle.internal.operations.DefaultBuildOperationRunner.execute(Lorg/gradle/internal/operations/BuildOperationDescriptor$Builder;Lorg/gradle/internal/operations/BuildOperationState;Lorg/gradle/internal/operations/DefaultBuildOperationRunner$BuildOperationExecution;)Ljava/lang/Object;+141
j  org.gradle.internal.operations.DefaultBuildOperationRunner.execute(Lorg/gradle/internal/operations/BuildOperation;Lorg/gradle/internal/operations/BuildOperationWorker;Lorg/gradle/internal/operations/BuildOperationState;)V+18
j  org.gradle.internal.operations.DefaultBuildOperationRunner.run(Lorg/gradle/internal/operations/RunnableBuildOperation;)V+9
j  org.gradle.initialization.BuildOperationFiringSettingsPreparer.prepareSettings(Lorg/gradle/api/internal/GradleInternal;)V+31
j  org.gradle.initialization.VintageBuildModelController.lambda$prepareSettings$1()V+8
j  org.gradle.initialization.VintageBuildModelController$$Lambda$325+0x000001da90368800.run()V+4
j  org.gradle.internal.model.StateTransitionController.lambda$doTransition$14(Ljava/lang/Runnable;)Lorg/gradle/internal/build/ExecutionResult;+1
j  org.gradle.internal.model.StateTransitionController$$Lambda$324+0x000001da90369ce0.get()Ljava/lang/Object;+4
j  org.gradle.internal.model.StateTransitionController.doTransition(Lorg/gradle/internal/model/StateTransitionController$State;Lorg/gradle/internal/model/StateTransitionController$State;Ljava/util/function/Supplier;)Lorg/gradle/internal/build/ExecutionResult;+24
j  org.gradle.internal.model.StateTransitionController.doTransition(Lorg/gradle/internal/model/StateTransitionController$State;Lorg/gradle/internal/model/StateTransitionController$State;Ljava/lang/Runnable;)V+9
j  org.gradle.internal.model.StateTransitionController.lambda$transitionIfNotPreviously$11(Lorg/gradle/internal/model/StateTransitionController$State;Lorg/gradle/internal/model/StateTransitionController$State;Ljava/lang/Runnable;)V+16
j  org.gradle.internal.model.StateTransitionController$$Lambda$326+0x000001da90368a20.run()V+16
j  org.gradle.internal.work.DefaultSynchronizer.withLock(Ljava/lang/Runnable;)V+6
j  org.gradle.internal.model.StateTransitionController.transitionIfNotPreviously(Lorg/gradle/internal/model/StateTransitionController$State;Lorg/gradle/internal/model/StateTransitionController$State;Ljava/lang/Runnable;)V+13
j  org.gradle.initialization.VintageBuildModelController.prepareSettings()V+16
j  org.gradle.initialization.VintageBuildModelController.prepareToScheduleTasks()V+1
j  org.gradle.internal.build.DefaultBuildLifecycleController.lambda$prepareToScheduleTasks$6()V+9
j  org.gradle.internal.build.DefaultBuildLifecycleController$$Lambda$322+0x000001da903698a0.run()V+4
j  org.gradle.internal.model.StateTransitionController.lambda$doTransition$14(Ljava/lang/Runnable;)Lorg/gradle/internal/build/ExecutionResult;+1
j  org.gradle.internal.model.StateTransitionController$$Lambda$324+0x000001da90369ce0.get()Ljava/lang/Object;+4
j  org.gradle.internal.model.StateTransitionController.doTransition(Lorg/gradle/internal/model/StateTransitionController$State;Lorg/gradle/internal/model/StateTransitionController$State;Ljava/util/function/Supplier;)Lorg/gradle/internal/build/ExecutionResult;+24
j  org.gradle.internal.model.StateTransitionController.doTransition(Lorg/gradle/internal/model/StateTransitionController$State;Lorg/gradle/internal/model/StateTransitionController$State;Ljava/lang/Runnable;)V+9
j  org.gradle.internal.model.StateTransitionController.lambda$maybeTransition$9(Lorg/gradle/internal/model/StateTransitionController$State;Lorg/gradle/internal/model/StateTransitionController$State;Ljava/lang/Runnable;)V+16
j  org.gradle.internal.model.StateTransitionController$$Lambda$323+0x000001da90369ac0.run()V+16
j  org.gradle.internal.work.DefaultSynchronizer.withLock(Ljava/lang/Runnable;)V+6
j  org.gradle.internal.model.StateTransitionController.maybeTransition(Lorg/gradle/internal/model/StateTransitionController$State;Lorg/gradle/internal/model/StateTransitionController$State;Ljava/lang/Runnable;)V+13
j  org.gradle.internal.build.DefaultBuildLifecycleController.prepareToScheduleTasks()V+16
j  org.gradle.internal.buildtree.DefaultBuildTreeWorkPreparer.scheduleRequestedTasks(Lorg/gradle/internal/buildtree/BuildTreeWorkGraph;Lorg/gradle/execution/EntryTaskSelector;)Lorg/gradle/internal/buildtree/BuildTreeWorkGraph$FinalizedGraph;+4
j  org.gradle.internal.cc.impl.barrier.BarrierAwareBuildTreeWorkPreparer.scheduleRequestedTasks$lambda$0(Lorg/gradle/internal/cc/impl/barrier/BarrierAwareBuildTreeWorkPreparer;Lorg/gradle/internal/buildtree/BuildTreeWorkGraph;Lorg/gradle/execution/EntryTaskSelector;)Lorg/gradle/internal/buildtree/BuildTreeWorkGraph$FinalizedGraph;+6
j  org.gradle.internal.cc.impl.barrier.BarrierAwareBuildTreeWorkPreparer$$Lambda$321+0x000001da90352ac8.invoke()Ljava/lang/Object;+12
j  org.gradle.internal.cc.impl.barrier.VintageConfigurationTimeActionRunner.runConfigurationTimeAction(Lkotlin/jvm/functions/Function0;)Ljava/lang/Object;+25
j  org.gradle.internal.cc.impl.barrier.BarrierAwareBuildTreeWorkPreparer.scheduleRequestedTasks(Lorg/gradle/internal/buildtree/BuildTreeWorkGraph;Lorg/gradle/execution/EntryTaskSelector;)Lorg/gradle/internal/buildtree/BuildTreeWorkGraph$FinalizedGraph;+18
j  org.gradle.internal.cc.impl.VintageBuildTreeWorkController$scheduleAndRunRequestedTasks$1.apply(Lorg/gradle/internal/buildtree/BuildTreeWorkGraph;)Lorg/gradle/internal/build/ExecutionResult;+18
j  org.gradle.internal.cc.impl.VintageBuildTreeWorkController$scheduleAndRunRequestedTasks$1.apply(Ljava/lang/Object;)Ljava/lang/Object;+5
j  org.gradle.composite.internal.DefaultIncludedBuildTaskGraph.withNewWorkGraph(Ljava/util/function/Function;)Ljava/lang/Object;+30
j  org.gradle.internal.cc.impl.VintageBuildTreeWorkController.scheduleAndRunRequestedTasks(Lorg/gradle/execution/EntryTaskSelector;)Lorg/gradle/internal/build/ExecutionResult;+16
j  org.gradle.internal.buildtree.DefaultBuildTreeLifecycleController.lambda$scheduleAndRunTasks$1(Lorg/gradle/execution/EntryTaskSelector;)Lorg/gradle/internal/build/ExecutionResult;+5
j  org.gradle.internal.buildtree.DefaultBuildTreeLifecycleController$$Lambda$316+0x000001da9036b3e0.get()Ljava/lang/Object;+8
j  org.gradle.internal.buildtree.DefaultBuildTreeLifecycleController.lambda$runBuild$4(Ljava/util/function/Supplier;)Ljava/lang/Object;+1
j  org.gradle.internal.buildtree.DefaultBuildTreeLifecycleController$$Lambda$317+0x000001da9036b600.get()Ljava/lang/Object;+8
j  org.gradle.internal.model.StateTransitionController.lambda$transition$6(Ljava/util/function/Supplier;)Lorg/gradle/internal/build/ExecutionResult;+1
j  org.gradle.internal.model.StateTransitionController$$Lambda$319+0x000001da9036ba40.get()Ljava/lang/Object;+4
j  org.gradle.internal.model.StateTransitionController.doTransition(Lorg/gradle/internal/model/StateTransitionController$State;Lorg/gradle/internal/model/StateTransitionController$State;Ljava/util/function/Supplier;)Lorg/gradle/internal/build/ExecutionResult;+24
j  org.gradle.internal.model.StateTransitionController.lambda$transition$7(Lorg/gradle/internal/model/StateTransitionController$State;Lorg/gradle/internal/model/StateTransitionController$State;Ljava/util/function/Supplier;)Ljava/lang/Object;+9
j  org.gradle.internal.model.StateTransitionController$$Lambda$318+0x000001da9036b820.create()Ljava/lang/Object;+16
j  org.gradle.internal.work.DefaultSynchronizer.withLock(Lorg/gradle/internal/Factory;)Ljava/lang/Object;+6
j  org.gradle.internal.model.StateTransitionController.transition(Lorg/gradle/internal/model/StateTransitionController$State;Lorg/gradle/internal/model/StateTransitionController$State;Ljava/util/function/Supplier;)Ljava/lang/Object;+13
j  org.gradle.internal.buildtree.DefaultBuildTreeLifecycleController.runBuild(Ljava/util/function/Supplier;)Ljava/lang/Object;+17
j  org.gradle.internal.buildtree.DefaultBuildTreeLifecycleController.scheduleAndRunTasks(Lorg/gradle/execution/EntryTaskSelector;)V+8
j  org.gradle.internal.buildtree.DefaultBuildTreeLifecycleController.scheduleAndRunTasks()V+2
j  org.gradle.tooling.internal.provider.ExecuteBuildActionRunner.run(Lorg/gradle/internal/invocation/BuildAction;Lorg/gradle/internal/buildtree/BuildTreeLifecycleController;)Lorg/gradle/internal/buildtree/BuildActionRunner$Result;+12
j  org.gradle.launcher.exec.ChainingBuildActionRunner.run(Lorg/gradle/internal/invocation/BuildAction;Lorg/gradle/internal/buildtree/BuildTreeLifecycleController;)Lorg/gradle/internal/buildtree/BuildActionRunner$Result;+34
j  org.gradle.internal.buildtree.ProblemReportingBuildActionRunner.run(Lorg/gradle/internal/invocation/BuildAction;Lorg/gradle/internal/buildtree/BuildTreeLifecycleController;)Lorg/gradle/internal/buildtree/BuildActionRunner$Result;+12
j  org.gradle.launcher.exec.BuildOutcomeReportingBuildActionRunner.run(Lorg/gradle/internal/invocation/BuildAction;Lorg/gradle/internal/buildtree/BuildTreeLifecycleController;)Lorg/gradle/internal/buildtree/BuildActionRunner$Result;+69
j  org.gradle.tooling.internal.provider.FileSystemWatchingBuildActionRunner.run(Lorg/gradle/internal/invocation/BuildAction;Lorg/gradle/internal/buildtree/BuildTreeLifecycleController;)Lorg/gradle/internal/buildtree/BuildActionRunner$Result;+317
j  org.gradle.launcher.exec.BuildCompletionNotifyingBuildActionRunner.run(Lorg/gradle/internal/invocation/BuildAction;Lorg/gradle/internal/buildtree/BuildTreeLifecycleController;)Lorg/gradle/internal/buildtree/BuildActionRunner$Result;+6
j  org.gradle.launcher.exec.RootBuildLifecycleBuildActionExecutor.lambda$execute$0(Lorg/gradle/internal/invocation/BuildAction;Lorg/gradle/internal/buildtree/BuildTreeLifecycleController;)Lorg/gradle/internal/buildtree/BuildActionRunner$Result;+6
j  org.gradle.launcher.exec.RootBuildLifecycleBuildActionExecutor$$Lambda$287+0x000001da90357440.apply(Ljava/lang/Object;)Ljava/lang/Object;+12
j  org.gradle.composite.internal.DefaultRootBuildState.run(Ljava/util/function/Function;)Ljava/lang/Object;+87
j  org.gradle.launcher.exec.RootBuildLifecycleBuildActionExecutor.execute(Lorg/gradle/internal/invocation/BuildAction;Lorg/gradle/internal/buildtree/BuildTreeContext;)Lorg/gradle/internal/buildtree/BuildActionRunner$Result;+119
j  org.gradle.internal.buildtree.InitDeprecationLoggingActionExecutor.execute(Lorg/gradle/internal/invocation/BuildAction;Lorg/gradle/internal/buildtree/BuildTreeContext;)Lorg/gradle/internal/buildtree/BuildActionRunner$Result;+83
j  org.gradle.internal.buildtree.InitProblems.execute(Lorg/gradle/internal/invocation/BuildAction;Lorg/gradle/internal/buildtree/BuildTreeContext;)Lorg/gradle/internal/buildtree/BuildActionRunner$Result;+13
j  org.gradle.internal.buildtree.DefaultBuildTreeContext.execute(Lorg/gradle/internal/invocation/BuildAction;)Lorg/gradle/internal/buildtree/BuildActionRunner$Result;+64
j  org.gradle.launcher.exec.BuildTreeLifecycleBuildActionExecutor.lambda$execute$0(Lorg/gradle/internal/invocation/BuildAction;Lorg/gradle/internal/buildtree/BuildTreeContext;)Lorg/gradle/internal/buildtree/BuildActionRunner$Result;+2
j  org.gradle.launcher.exec.BuildTreeLifecycleBuildActionExecutor$$Lambda$211+0x000001da9027e228.apply(Ljava/lang/Object;)Ljava/lang/Object;+8
j  org.gradle.internal.buildtree.BuildTreeState.run(Ljava/util/function/Function;)Ljava/lang/Object;+47
j  org.gradle.launcher.exec.BuildTreeLifecycleBuildActionExecutor.execute(Lorg/gradle/internal/invocation/BuildAction;Lorg/gradle/internal/session/BuildSessionContext;)Lorg/gradle/internal/buildtree/BuildActionRunner$Result;+74
j  org.gradle.launcher.exec.RunAsBuildOperationBuildActionExecutor$2.call(Lorg/gradle/internal/operations/BuildOperationContext;)Lorg/gradle/internal/buildtree/BuildActionRunner$Result;+25
j  org.gradle.launcher.exec.RunAsBuildOperationBuildActionExecutor$2.call(Lorg/gradle/internal/operations/BuildOperationContext;)Ljava/lang/Object;+2
j  org.gradle.internal.operations.DefaultBuildOperationRunner$CallableBuildOperationWorker.execute(Lorg/gradle/internal/operations/CallableBuildOperation;Lorg/gradle/internal/operations/BuildOperationContext;)V+3
j  org.gradle.internal.operations.DefaultBuildOperationRunner$CallableBuildOperationWorker.execute(Lorg/gradle/internal/operations/BuildOperation;Lorg/gradle/internal/operations/BuildOperationContext;)V+6
j  org.gradle.internal.operations.DefaultBuildOperationRunner$2.execute(Lorg/gradle/internal/operations/BuildOperationDescriptor;Lorg/gradle/internal/operations/BuildOperationState;Lorg/gradle/internal/operations/BuildOperationState;Lorg/gradle/internal/operations/DefaultBuildOperationRunner$ReadableBuildOperationContext;Lorg/gradle/internal/operations/DefaultBuildOperationRunner$BuildOperationExecutionListener;)Lorg/gradle/internal/operations/BuildOperation;+22
j  org.gradle.internal.operations.DefaultBuildOperationRunner$2.execute(Lorg/gradle/internal/operations/BuildOperationDescriptor;Lorg/gradle/internal/operations/BuildOperationState;Lorg/gradle/internal/operations/BuildOperationState;Lorg/gradle/internal/operations/DefaultBuildOperationRunner$ReadableBuildOperationContext;Lorg/gradle/internal/operations/DefaultBuildOperationRunner$BuildOperationExecutionListener;)Ljava/lang/Object;+8
j  org.gradle.internal.operations.DefaultBuildOperationRunner.execute(Lorg/gradle/internal/operations/BuildOperationDescriptor$Builder;Lorg/gradle/internal/operations/BuildOperationState;Lorg/gradle/internal/operations/DefaultBuildOperationRunner$BuildOperationExecution;)Ljava/lang/Object;+141
j  org.gradle.internal.operations.DefaultBuildOperationRunner.execute(Lorg/gradle/internal/operations/BuildOperation;Lorg/gradle/internal/operations/BuildOperationWorker;Lorg/gradle/internal/operations/BuildOperationState;)V+18
j  org.gradle.internal.operations.DefaultBuildOperationRunner.call(Lorg/gradle/internal/operations/CallableBuildOperation;)Ljava/lang/Object;+16
j  org.gradle.launcher.exec.RunAsBuildOperationBuildActionExecutor.execute(Lorg/gradle/internal/invocation/BuildAction;Lorg/gradle/internal/session/BuildSessionContext;)Lorg/gradle/internal/buildtree/BuildActionRunner$Result;+23
j  org.gradle.launcher.exec.RunAsWorkerThreadBuildActionExecutor.lambda$execute$0(Lorg/gradle/internal/invocation/BuildAction;Lorg/gradle/internal/session/BuildSessionContext;)Lorg/gradle/internal/buildtree/BuildActionRunner$Result;+6
j  org.gradle.launcher.exec.RunAsWorkerThreadBuildActionExecutor$$Lambda$207+0x000001da9024a660.create()Ljava/lang/Object;+12
j  org.gradle.internal.work.DefaultWorkerLeaseService.withLocks(Ljava/util/Collection;Lorg/gradle/internal/Factory;)Ljava/lang/Object;+28
j  org.gradle.internal.work.DefaultWorkerLeaseService.runAsWorkerThread(Lorg/gradle/internal/Factory;)Ljava/lang/Object;+33
j  org.gradle.launcher.exec.RunAsWorkerThreadBuildActionExecutor.execute(Lorg/gradle/internal/invocation/BuildAction;Lorg/gradle/internal/session/BuildSessionContext;)Lorg/gradle/internal/buildtree/BuildActionRunner$Result;+12
j  org.gradle.tooling.internal.provider.continuous.ContinuousBuildActionExecutor.execute(Lorg/gradle/internal/invocation/BuildAction;Lorg/gradle/internal/session/BuildSessionContext;)Lorg/gradle/internal/buildtree/BuildActionRunner$Result;+58
j  org.gradle.tooling.internal.provider.SubscribableBuildActionExecutor.execute(Lorg/gradle/internal/invocation/BuildAction;Lorg/gradle/internal/session/BuildSessionContext;)Lorg/gradle/internal/buildtree/BuildActionRunner$Result;+30
j  org.gradle.internal.session.DefaultBuildSessionContext.execute(Lorg/gradle/internal/invocation/BuildAction;)Lorg/gradle/internal/buildtree/BuildActionRunner$Result;+64
j  org.gradle.internal.buildprocess.execution.BuildSessionLifecycleBuildActionExecutor$ActionImpl.apply(Lorg/gradle/internal/session/BuildSessionContext;)Lorg/gradle/launcher/exec/BuildActionResult;+6
j  org.gradle.internal.buildprocess.execution.BuildSessionLifecycleBuildActionExecutor$ActionImpl.apply(Ljava/lang/Object;)Ljava/lang/Object;+5
j  org.gradle.internal.session.BuildSessionState.run(Ljava/util/function/Function;)Ljava/lang/Object;+5
j  org.gradle.internal.buildprocess.execution.BuildSessionLifecycleBuildActionExecutor.execute(Lorg/gradle/internal/invocation/BuildAction;Lorg/gradle/launcher/exec/BuildActionParameters;Lorg/gradle/initialization/BuildRequestContext;)Lorg/gradle/launcher/exec/BuildActionResult;+95
j  org.gradle.internal.buildprocess.execution.BuildSessionLifecycleBuildActionExecutor.execute(Lorg/gradle/internal/invocation/BuildAction;Ljava/lang/Object;Ljava/lang/Object;)Lorg/gradle/launcher/exec/BuildActionResult;+10
j  org.gradle.internal.buildprocess.execution.StartParamsValidatingActionExecutor.execute(Lorg/gradle/internal/invocation/BuildAction;Lorg/gradle/launcher/exec/BuildActionParameters;Lorg/gradle/initialization/BuildRequestContext;)Lorg/gradle/launcher/exec/BuildActionResult;+142
j  org.gradle.internal.buildprocess.execution.StartParamsValidatingActionExecutor.execute(Lorg/gradle/internal/invocation/BuildAction;Ljava/lang/Object;Ljava/lang/Object;)Lorg/gradle/launcher/exec/BuildActionResult;+10
j  org.gradle.internal.buildprocess.execution.SessionFailureReportingActionExecutor.execute(Lorg/gradle/internal/invocation/BuildAction;Lorg/gradle/launcher/exec/BuildActionParameters;Lorg/gradle/initialization/BuildRequestContext;)Lorg/gradle/launcher/exec/BuildActionResult;+7
j  org.gradle.internal.buildprocess.execution.SessionFailureReportingActionExecutor.execute(Lorg/gradle/internal/invocation/BuildAction;Ljava/lang/Object;Ljava/lang/Object;)Lorg/gradle/launcher/exec/BuildActionResult;+10
j  org.gradle.internal.buildprocess.execution.SetupLoggingActionExecutor.execute(Lorg/gradle/internal/invocation/BuildAction;Lorg/gradle/launcher/exec/BuildActionParameters;Lorg/gradle/initialization/BuildRequestContext;)Lorg/gradle/launcher/exec/BuildActionResult;+50
j  org.gradle.internal.buildprocess.execution.SetupLoggingActionExecutor.execute(Lorg/gradle/internal/invocation/BuildAction;Ljava/lang/Object;Ljava/lang/Object;)Lorg/gradle/launcher/exec/BuildActionResult;+10
j  org.gradle.launcher.daemon.server.exec.ExecuteBuild.doBuild(Lorg/gradle/launcher/daemon/server/api/DaemonCommandExecution;Lorg/gradle/launcher/daemon/protocol/Build;)V+147
j  org.gradle.launcher.daemon.server.exec.BuildCommandOnly.execute(Lorg/gradle/launcher/daemon/server/api/DaemonCommandExecution;)V+49
j  org.gradle.launcher.daemon.server.api.DaemonCommandExecution.proceed()Z+23
j  org.gradle.launcher.daemon.server.exec.WatchForDisconnection.execute(Lorg/gradle/launcher/daemon/server/api/DaemonCommandExecution;)V+19
j  org.gradle.launcher.daemon.server.api.DaemonCommandExecution.proceed()Z+23
j  org.gradle.launcher.daemon.server.exec.ResetDeprecationLogger.execute(Lorg/gradle/launcher/daemon/server/api/DaemonCommandExecution;)V+7
j  org.gradle.launcher.daemon.server.api.DaemonCommandExecution.proceed()Z+23
j  org.gradle.launcher.daemon.server.exec.RequestStopIfSingleUsedDaemon.execute(Lorg/gradle/launcher/daemon/server/api/DaemonCommandExecution;)V+33
j  org.gradle.launcher.daemon.server.api.DaemonCommandExecution.proceed()Z+23
j  org.gradle.launcher.daemon.server.exec.ForwardClientInput.lambda$execute$0(Lorg/gradle/launcher/daemon/server/api/DaemonCommandExecution;Lorg/gradle/internal/daemon/clientinput/StdinHandler;)Ljava/lang/Object;+11
j  org.gradle.launcher.daemon.server.exec.ForwardClientInput$$Lambda$114+0x000001da9013b150.apply(Ljava/lang/Object;)Ljava/lang/Object;+8
j  org.gradle.internal.daemon.clientinput.ClientInputForwarder.forwardInput(Ljava/util/function/Function;)Ljava/lang/Object;+46
j  org.gradle.launcher.daemon.server.exec.ForwardClientInput.execute(Lorg/gradle/launcher/daemon/server/api/DaemonCommandExecution;)V+10
j  org.gradle.launcher.daemon.server.api.DaemonCommandExecution.proceed()Z+23
j  org.gradle.launcher.daemon.server.exec.LogAndCheckHealth.execute(Lorg/gradle/launcher/daemon/server/api/DaemonCommandExecution;)V+8
j  org.gradle.launcher.daemon.server.api.DaemonCommandExecution.proceed()Z+23
j  org.gradle.launcher.daemon.server.exec.LogToClient.doBuild(Lorg/gradle/launcher/daemon/server/api/DaemonCommandExecution;Lorg/gradle/launcher/daemon/protocol/Build;)V+87
j  org.gradle.launcher.daemon.server.exec.BuildCommandOnly.execute(Lorg/gradle/launcher/daemon/server/api/DaemonCommandExecution;)V+49
j  org.gradle.launcher.daemon.server.api.DaemonCommandExecution.proceed()Z+23
j  org.gradle.launcher.daemon.server.exec.EstablishBuildEnvironment.doBuild(Lorg/gradle/launcher/daemon/server/api/DaemonCommandExecution;Lorg/gradle/launcher/daemon/protocol/Build;)V+356
j  org.gradle.launcher.daemon.server.exec.BuildCommandOnly.execute(Lorg/gradle/launcher/daemon/server/api/DaemonCommandExecution;)V+49
j  org.gradle.launcher.daemon.server.api.DaemonCommandExecution.proceed()Z+23
j  org.gradle.launcher.daemon.server.exec.StartBuildOrRespondWithBusy$1.run()V+44
j  org.gradle.launcher.daemon.server.DaemonStateCoordinator.lambda$runCommand$0(Ljava/lang/Runnable;)V+1
j  org.gradle.launcher.daemon.server.DaemonStateCoordinator$$Lambda$113+0x000001da90139fb8.run()V+8
j  org.gradle.internal.concurrent.ExecutorPolicy$CatchAndRecordFailures.onExecute(Ljava/lang/Runnable;)V+1
j  org.gradle.internal.concurrent.AbstractManagedExecutor$1.run()V+25
j  java.util.concurrent.ThreadPoolExecutor.runWorker(Ljava/util/concurrent/ThreadPoolExecutor$Worker;)V+92 java.base@17.0.18
j  java.util.concurrent.ThreadPoolExecutor$Worker.run()V+5 java.base@17.0.18
j  java.lang.Thread.run()V+11 java.base@17.0.18
v  ~StubRoutines::call_stub

Compiled method (n/a) 55451  801     n 0       java.lang.ClassLoader::defineClass1 (native)
 total in heap  [0x000001da87b27410,0x000001da87b27910] = 1280
 relocation     [0x000001da87b27570,0x000001da87b275a8] = 56
 main code      [0x000001da87b275c0,0x000001da87b27910] = 848

[Constant Pool (empty)]

[MachCode]
[Entry Point]
  # {method} {0x000001da8f010f18} 'defineClass1' '(Ljava/lang/ClassLoader;Ljava/lang/String;[BIILjava/security/ProtectionDomain;Ljava/lang/String;)Ljava/lang/Class;' in 'java/lang/ClassLoader'
  # parm0:    rdx:rdx   = 'java/lang/ClassLoader'
  # parm1:    r8:r8     = 'java/lang/String'
  # parm2:    r9:r9     = '[B'
  # parm3:    rdi       = int
  # parm4:    rsi       = int
  # parm5:    rcx:rcx   = 'java/security/ProtectionDomain'
  # parm6:    [sp+0xa0]   = 'java/lang/String'  (sp of caller)
  0x000001da87b275c0: 448b 5208 | 49bb 0000 | 008f da01 | 0000 4d03 | d349 3bc2 | 0f84 0600 

  0x000001da87b275d8: ;   {runtime_call ic_miss_stub}
  0x000001da87b275d8: 0000 e9a1 | 9aa5 ff90 
[Verified Entry Point]
  0x000001da87b275e0: 8984 2400 | 90ff ff55 | 488b ec48 | 81ec 9000 | 0000 4881 | 7d10 0000 | 0000 488d | 4510 480f 
  0x000001da87b27600: 4445 1048 | 8944 2440 | 4889 4c24 | 7048 83f9 | 0048 8d44 | 2470 480f | 4444 2470 | 4889 4424 
  0x000001da87b27620: 3848 8974 | 2430 4889 | 7c24 284c | 894c 2458 | 4983 f900 | 488d 4424 | 5848 0f44 | 4424 5848 
  0x000001da87b27640: 8944 2420 | 4c89 4424 | 5049 83f8 | 004c 8d4c | 2450 4c0f | 444c 2450 | 4889 5424 | 4848 83fa 
  0x000001da87b27660: 004c 8d44 | 2448 4c0f | 4444 2448 

  0x000001da87b2766c: ;   {oop(a 'java/lang/Class'{0x00000000a0864080} = 'java/lang/ClassLoader')}
  0x000001da87b2766c: 49be 8040 | 86a0 0000 | 0000 4c89 | 7424 784c | 8d74 2478 | 498b d6c5 

  0x000001da87b27684: ;   {internal_word}
  0x000001da87b27684: f877 49ba | 8376 b287 | da01 0000 | 4d89 97a0 | 0200 0049 | 89a7 9802 

  0x000001da87b2769c: ;   {external_word}
  0x000001da87b2769c: 0000 49ba | d5c6 36cf | fb7f 0000 | 4180 3a00 | 0f84 5200 | 0000 5241 

  0x000001da87b276b4: ;   {metadata({method} {0x000001da8f010f18} 'defineClass1' '(Ljava/lang/ClassLoader;Ljava/lang/String;[BIILjava/security/ProtectionDomain;Ljava/lang/String;)Ljava/lang/Class;' in 'java/lang/ClassLoader')}
  0x000001da87b276b4: 5041 5148 | ba10 0f01 | 8fda 0100 | 0049 8bcf | 4883 ec20 | f7c4 0f00 | 0000 0f84 | 1a00 0000 
  0x000001da87b276d4: 4883 ec08 

  0x000001da87b276d8: ;   {runtime_call}
  0x000001da87b276d8: 49ba 50a0 | ecce fb7f | 0000 41ff | d248 83c4 | 08e9 0d00 

  0x000001da87b276ec: ;   {runtime_call}
  0x000001da87b276ec: 0000 49ba | 50a0 ecce | fb7f 0000 | 41ff d248 | 83c4 2041 | 5941 585a | 498d 8fb8 | 0200 0041 
  0x000001da87b2770c: c787 4003 | 0000 0400 

  0x000001da87b27714: ;   {runtime_call}
  0x000001da87b27714: 0000 49ba | ac16 024c | fc7f 0000 | 41ff d2c5 | f877 41c7 | 8740 0300 | 0005 0000 | 00f0 8344 
  0x000001da87b27734: 24c0 0049 | 3baf 4803 | 0000 0f87 | 1100 0000 | 4181 bf30 | 0300 0000 | 0000 000f | 842c 0000 
  0x000001da87b27754: 00c5 f877 | 4889 45f8 | 498b cf4c | 8be4 4883 | ec20 4883 

  0x000001da87b27768: ;   {runtime_call}
  0x000001da87b27768: e4f0 49ba | a0af fcce | fb7f 0000 | 41ff d249 | 8be4 4d33 | e448 8b45 | f841 c787 | 4003 0000 
  0x000001da87b27788: 0800 0000 | 4181 bfb0 | 0300 0002 | 0000 000f | 843f 0100 

  0x000001da87b2779c: ;   {external_word}
  0x000001da87b2779c: 0049 bad5 | c636 cffb | 7f00 0041 | 803a 000f | 8450 0000 | 0048 8945 

  0x000001da87b277b4: ;   {metadata({method} {0x000001da8f010f18} 'defineClass1' '(Ljava/lang/ClassLoader;Ljava/lang/String;[BIILjava/security/ProtectionDomain;Ljava/lang/String;)Ljava/lang/Class;' in 'java/lang/ClassLoader')}
  0x000001da87b277b4: f848 ba10 | 0f01 8fda | 0100 0049 | 8bcf 4883 | ec20 f7c4 | 0f00 0000 | 0f84 1a00 | 0000 4883 
  0x000001da87b277d4: ;   {runtime_call}
  0x000001da87b277d4: ec08 49ba | 50a0 ecce | fb7f 0000 | 41ff d248 | 83c4 08e9 | 0d00 0000 

  0x000001da87b277ec: ;   {runtime_call}
  0x000001da87b277ec: 49ba 50a0 | ecce fb7f | 0000 41ff | d248 83c4 | 2048 8b45 | f849 c787 | 9802 0000 | 0000 0000 
  0x000001da87b2780c: 49c7 87a0 | 0200 0000 | 0000 00c5 | f877 4885 | c00f 8493 | 0000 0048 | f7c0 0100 | 0000 0f84 
  0x000001da87b2782c: 8300 0000 | 488b 40ff | 4180 7f38 | 000f 846f | 0000 0048 | 83f8 000f | 8465 0000 | 0049 8b4f 
  0x000001da87b2784c: 2048 83f9 | 000f 8414 | 0000 0048 | 83e9 0849 | 894f 2049 | 034f 3048 | 8901 e943 | 0000 0050 
  0x000001da87b2786c: 498b d748 | 8bc8 4883 | ec20 f7c4 | 0f00 0000 | 0f84 1a00 | 0000 4883 

  0x000001da87b27884: ;   {runtime_call}
  0x000001da87b27884: ec08 49ba | 106a abce | fb7f 0000 | 41ff d248 | 83c4 08e9 | 0d00 0000 

  0x000001da87b2789c: ;   {runtime_call}
  0x000001da87b2789c: 49ba 106a | abce fb7f | 0000 41ff | d248 83c4 | 2058 e903 | 0000 0048 | 8b00 498b | 8fd8 0000 
  0x000001da87b278bc: 00c7 8100 | 0100 0000 | 0000 00c9 | 4981 7f08 | 0000 0000 | 0f85 0100 

  0x000001da87b278d4: ;   {runtime_call StubRoutines (1)}
  0x000001da87b278d4: 0000 c3e9 | 2496 a0ff | c5f8 7748 | 8945 f84c | 8be4 4883 | ec20 4883 

  0x000001da87b278ec: ;   {runtime_call}
  0x000001da87b278ec: e4f0 49ba | 40d1 ecce | fb7f 0000 | 41ff d249 | 8be4 4d33 | e448 8b45 | f8e9 93fe | ffff f4f4 
  0x000001da87b2790c: f4f4 f4f4 
[/MachCode]


Compiled method (c2) 55564 4461       4       java.security.SecureClassLoader::defineClass (16 bytes)
 total in heap  [0x000001da87da4d90,0x000001da87da8b00] = 15728
 relocation     [0x000001da87da4ef0,0x000001da87da5050] = 352
 main code      [0x000001da87da5060,0x000001da87da72e0] = 8832
 stub code      [0x000001da87da72e0,0x000001da87da7380] = 160
 oops           [0x000001da87da7380,0x000001da87da7390] = 16
 metadata       [0x000001da87da7390,0x000001da87da74f8] = 360
 scopes data    [0x000001da87da74f8,0x000001da87da83b8] = 3776
 scopes pcs     [0x000001da87da83b8,0x000001da87da88d8] = 1312
 dependencies   [0x000001da87da88d8,0x000001da87da88f0] = 24
 handler table  [0x000001da87da88f0,0x000001da87da8a70] = 384
 nul chk table  [0x000001da87da8a70,0x000001da87da8b00] = 144

[Constant Pool (empty)]

[MachCode]
[Entry Point]
  # {method} {0x000001da8f435008} 'defineClass' '(Ljava/lang/String;[BIILjava/security/CodeSource;)Ljava/lang/Class;' in 'java/security/SecureClassLoader'
  # this:     rdx:rdx   = 'java/security/SecureClassLoader'
  # parm0:    r8:r8     = 'java/lang/String'
  # parm1:    r9:r9     = '[B'
  # parm2:    rdi       = int
  # parm3:    rsi       = int
  # parm4:    rcx:rcx   = 'java/security/CodeSource'
  #           [sp+0xd0]  (sp of caller)
  0x000001da87da5060: 448b 5208 | 49bb 0000 | 008f da01 | 0000 4d03 | d349 3bc2 

  0x000001da87da5074: ;   {runtime_call ic_miss_stub}
  0x000001da87da5074: 0f85 06c0 | 7dff 6690 | 0f1f 4000 
[Verified Entry Point]
  0x000001da87da5080: 8984 2400 | 90ff ff55 | 4881 ecc0 | 0000 0089 | 7424 5489 | 7c24 504c | 894c 2448 | 4c89 4424 
  0x000001da87da50a0: 3848 8954 | 2440 4889 | 4c24 5848 | 85c9 0f84 | 2c1b 0000 | 4d8b 8708 | 0100 004d | 8bd0 4983 
  0x000001da87da50c0: c210 4d3b | 9718 0100 | 000f 83dc | 1300 004d | 8997 0801 | 0000 410f | 0d8a c000 | 0000 49c7 
  0x000001da87da50e0: 0001 0000 

  0x000001da87da50e4: ;   {metadata('java/security/SecureClassLoader$CodeSourceKey')}
  0x000001da87da50e4: 0041 c740 | 08e0 8314 | 004c 8b54 | 2458 4d8b | ca45 8948 | 0c49 8b8f | 0801 0000 | 4c8b 5424 
  0x000001da87da5104: 4041 8b6a | 504c 8bd1 | 4983 c218 | 4d3b 9718 | 0100 000f | 83af 1300 | 004d 8997 | 0801 0000 
  0x000001da87da5124: 410f 0d8a | c000 0000 | 48c7 0101 

  0x000001da87da5130: ;   {metadata('java/security/SecureClassLoader$1')}
  0x000001da87da5130: 0000 00c7 | 4108 f085 | 1400 4489 | 6114 4489 | 490c 4c8b | 5424 4044 | 8951 1044 

  0x000001da87da514c: ;   {metadata('java/util/concurrent/ConcurrentHashMap')}
  0x000001da87da514c: 8b55 0841 | 81fa 38e4 | 0000 0f85 | 8c16 0000 | 488b d54c | 8bc9 6690 

  0x000001da87da5164: ;   {optimized virtual_call}
  0x000001da87da5164: c5f8 77e8 

  0x000001da87da5168: ; ImmutableOopMap {[56]=Oop [64]=Oop [72]=Oop }
                      ;*invokeinterface computeIfAbsent {reexecute=0 rethrow=0 return_oop=1}
                      ; - java.security.SecureClassLoader::getProtectionDomain@29 (line 222)
                      ; - java.security.SecureClassLoader::defineClass@9 (line 150)
  0x000001da87da5168: 74c0 9cf8 

  0x000001da87da516c: ; implicit exception: dispatches to 0x000001da87da708c
  0x000001da87da516c: 448b 5808 

  0x000001da87da5170: ;   {metadata('java/security/ProtectionDomain')}
  0x000001da87da5170: 4181 fb80 | ec00 000f | 85a3 1e00 | 0048 8984 | 2498 0000 | 004c 8b54 | 2438 458b | 5214 458b 
  0x000001da87da5190: 6a0c 4585 | ed0f 8685 | 1600 004c | 8b5c 2438 | 450f be5b | 1045 85db | 0f85 2519 | 0000 4d8b 
  0x000001da87da51b0: c2c4 c1f9 | 6ec0 4d8d | 4210 b82f | 0000 0049 | 8bf8 418b | d548 8bdf | 83fa 100f | 8c79 0000 
  0x000001da87da51d0: 0083 fa20 | 0f8c 3600 | 0000 c5f9 | 6ed0 c4e2 | 7d78 d2c5 | e5ef db8b | ca83 e1e0 | 83e2 1fc5 
  0x000001da87da51f0: fe6f 0bc5 | f574 cac4 | e27d 17d9 | 0f83 6900 | 0000 4883 | c320 83e9 | 2075 e4e9 | 0d00 0000 
  0x000001da87da5210: c5f9 6ed0 | c5e1 efdb | c4e2 6900 | d383 fa10 | 0f8c 2400 | 0000 8bca | 83e1 f083 | e20f c5fa 
  0x000001da87da5230: 6f0b c5f1 | 74ca c4e2 | 7917 d90f | 832a 0000 | 0048 83c3 | 1083 e910 | 75e4 85d2 | 0f84 1200 
  0x000001da87da5250: 0000 0fb6 | 0b3b c174 | 1c48 83c3 | 0183 ea01 | 7402 ebee | bbff ffff | ffeb 0dc5 | fdd7 c90f 
  0x000001da87da5270: bcc1 4803 | d848 2bdf | 83fb ff0f | 8597 1800 | 0041 0fb6 | 2883 fd5b | 0f84 7619 | 0000 458b 
  0x000001da87da5290: cd41 8bcb | 41d3 f941 | 8bc9 83c1 | fb85 c97c | 5041 8038 | 6a75 4a41 | 83fd 040f | 86ab 1600 
  0x000001da87da52b0: 0041 807a | 1161 7539 | 4180 7a12 | 7675 3241 | 807a 1361 | 752b 4180 | 7a14 2e75 

  0x000001da87da52cc: ;   {oop(a 'jdk/internal/loader/ClassLoaders$PlatformClassLoader'{0x00000000a0560090})}
  0x000001da87da52cc: 2449 bb90 | 0056 a000 | 0000 0048 | 8b4c 2440 | 493b cb0f | 85af 1a00 

  0x000001da87da52e4: ;   {oop(a 'jdk/internal/loader/ClassLoaders$PlatformClassLoader'{0x00000000a0560090})}
  0x000001da87da52e4: 0048 bb90 | 0056 a000 | 0000 00eb | 0548 8b5c | 2440 4c8b | 9c24 9800 | 0000 458b | 7310 418b 
  0x000001da87da5304: c9ff c941 | 8bfd ffcf | 3bcf 0f4c | f985 ff0f | 8ce6 0000 | 0041 3bfd | 0f83 8214 | 0000 85ff 
  0x000001da87da5324: 0f8e 3215 | 0000 448b | df41 ffcb | 410f be4c | 3a10 83f9 | 2e0f 8467 | 0d00 00ff | cf41 3bfb 
  0x000001da87da5344: 7fea 83ff | 020f 8e93 | 0000 0044 | 8bdf 4183 | c3fe 33c9 | 83ff 0244 | 0f4c d941 | 81fb a00f 
  0x000001da87da5364: 0000 baa0 | 0f00 0044 | 0f47 da8b | f741 2bf3 | 0f1f 8400 | 0000 0000 | 6666 6690 | 4863 cf45 
  0x000001da87da5384: 0fbe 5c0a | 1041 83fb | 2e74 7745 | 0fbe 5c0a | 0f41 83fb | 2e74 6f8b | cf83 c1fe | 450f be5c 
  0x000001da87da53a4: 0a10 4183 | fb2e 7462 | 8bcf 83c1 | fd41 0fbe | 540a 1083 | fa2e 7452 | 83c7 fc3b | fe7f bd49 
  0x000001da87da53c4: 8b87 5003 | 0000 488b | 4c24 3848 | 8b94 2498 

  0x000001da87da53d4: ; ImmutableOopMap {r10=NarrowOop r8=Derived_oop_xmm0 rcx=Oop rbx=Oop rdx=Oop r14=NarrowOop xmm0=Oop [56]=Oop [64]=Oop [72]=Oop [152]=Oop }
                      ;*goto {reexecute=1 rethrow=0 return_oop=0}
                      ; - (reexecute) java.lang.StringLatin1::lastIndexOf@35 (line 294)
                      ; - java.lang.String::lastIndexOf@13 (line 2489)
                      ; - java.lang.String::lastIndexOf@8 (line 2451)
                      ; - java.lang.ClassLoader::checkCerts@3 (line 1153)
                      ; - java.lang.ClassLoader::preDefineClass@113 (line 907)
                      ; - java.lang.ClassLoader::defineClass@4 (line 1015)
                      ; - java.security.SecureClassLoader::defineClass@12 (line 150)
                      ;   {poll}
  0x000001da87da53d4: 0000 0085 | 0083 ff02 | 0f8f 6dff | ffff 83ff | ff7e 1890 | 450f be5c | 3a10 4183 | fb2e 0f84 
  0x000001da87da53f4: d416 0000 | ffcf 83ff | ff7f e9b9 | ffff ffff | eb08 8bcf | eb04 8bcf | ffc9 83f9 | ff0f 84da 
  0x000001da87da5414: 0c00 0085 | c90f 8c39 | 1700 0041 | 3bc9 0f8f | c018 0000 | 413b c90f | 846b 0c00 | 0085 c90f 
  0x000001da87da5434: 84a9 0c00 | 0049 8bb7 | 0801 0000 | 4c8b de49 | 83c3 184d | 3b9f 1801 | 0000 0f83 | c410 0000 
  0x000001da87da5454: 4d89 9f08 | 0100 0041 | 0f0d 8bc0 | 0000 0048 | c706 0100 

  0x000001da87da5468: ;   {metadata('java/lang/String')}
  0x000001da87da5468: 0000 c746 | 08e0 e900 | 0044 8966 | 0c4c 8966 | 1081 f900 | 0010 000f | 871b 1400 | 004c 63d9 
  0x000001da87da5488: 443b e98b | e941 0f4c | ed44 3bed | 0f82 7a14 | 0000 3bcd | 0f82 7214 | 0000 4983 | c317 498b 
  0x000001da87da54a8: fb48 83e7 | f881 f900 | 0010 000f | 87ed 1000 | 004d 8b8f | 0801 0000 | 498b d148 | 03d7 493b 
  0x000001da87da54c8: 9718 0100 | 000f 83d3 | 1000 0049 | 8997 0801 | 0000 0f0d | 8ac0 0000 | 0049 c701 | 0100 0000 
  0x000001da87da54e8: 0f0d 8a00 

  0x000001da87da54ec: ;   {metadata({type array byte})}
  0x000001da87da54ec: 0100 0041 | c741 0828 | 6700 0041 | 8949 0c0f | 0d8a 4001 | 0000 0f0d | 8a80 0100 | 0049 8bd1 
  0x000001da87da550c: 4883 c210 | 49c1 eb03 | 4d8b e985 | ed0f 8489 | 1300 003b | e90f 8cd9 | 0b00 0049 | 8be9 4d8b 
  0x000001da87da552c: d048 83c7 | f048 c1ef | 034c 8bc7 | 498b cac5 | f877 49ba | 6086 5687 | da01 0000 | 41ff d24c 
  0x000001da87da554c: 8bcd 4180 | 7f38 0075 | 0044 896e | 144d 8bd1 | 4c8b de4d | 33d3 49c1 | ea14 4d85 | d274 1a49 
  0x000001da87da556c: c1eb 0948 | b900 00db | f3da 0100 | 0049 03cb | 8039 040f | 8542 0c00 | 0044 8866 | 1041 8b6e 
  0x000001da87da558c: 1485 ed0f | 85a7 1600 | 0041 8b6e | 1085 ed0f | 85df 1600 | 0044 8b53 | 2c45 85d2 | 0f84 d511 
  0x000001da87da55ac: 0000 4889 | 5c24 2849 

  0x000001da87da55b4: ;   {oop(a 'java/security/cert/Certificate'[0] {0x00000000a0864100})}
  0x000001da87da55b4: 8bd2 49b9 | 0041 86a0 | 0000 0000 | 4c8b c6bf | 0100 0000 

  0x000001da87da55c8: ;   {optimized virtual_call}
  0x000001da87da55c8: c5f8 77e8 

  0x000001da87da55cc: ; ImmutableOopMap {[40]=Oop [56]=Oop [64]=Oop [72]=Oop [152]=Oop }
                      ;*invokevirtual putVal {reexecute=0 rethrow=0 return_oop=1}
                      ; - java.util.concurrent.ConcurrentHashMap::putIfAbsent@4 (line 1541)
                      ; - java.lang.ClassLoader::checkCerts@62 (line 1161)
                      ; - java.lang.ClassLoader::preDefineClass@113 (line 907)
                      ; - java.lang.ClassLoader::defineClass@4 (line 1015)
                      ; - java.security.SecureClassLoader::defineClass@12 (line 150)
  0x000001da87da55cc: f0a5 0200 | 4885 c074 | 1c44 8b58 

  0x000001da87da55d8: ;   {metadata('java/security/cert/Certificate'[])}
  0x000001da87da55d8: 0841 81fb | a029 1200 | 0f85 561a | 0000 8b68 | 0c85 ed0f | 87d3 1600 | 004c 8b9c | 2498 0000 
  0x000001da87da55f8: 0045 8b43 | 1041 8b68 | 0c44 8b55 | 3845 85d2 | 0f84 8611 | 0000 48ff | b424 9800 | 0000 488f 
  0x000001da87da5618: 4424 5849 | 8bd2 4c8b | c566 6690 

  0x000001da87da5624: ;   {optimized virtual_call}
  0x000001da87da5624: c5f8 77e8 

  0x000001da87da5628: ; ImmutableOopMap {[56]=Oop [64]=Oop [72]=Oop [88]=Oop [152]=Oop }
                      ;*invokevirtual toExternalForm {reexecute=0 rethrow=0 return_oop=1}
                      ; - java.net.URL::toExternalForm@5 (line 1039)
                      ; - java.net.URL::toString@1 (line 1025)
                      ; - java.lang.ClassLoader::defineClassSourceLocation@22 (line 917)
                      ; - java.lang.ClassLoader::defineClass@12 (line 1016)
                      ; - java.security.SecureClassLoader::defineClass@12 (line 150)
  0x000001da87da5628: 74ff f0ff | 488b 5424 | 404c 8b44 | 2438 4c8b | 4c24 488b | 7c24 508b | 7424 5448 | 8b8c 2498 
  0x000001da87da5648: 0000 0048 | 8904 2490 

  0x000001da87da5650: ;   {static_call}
  0x000001da87da5650: c5f8 77e8 

  0x000001da87da5654: ; ImmutableOopMap {[64]=Oop [88]=Oop [152]=Oop }
                      ;*invokestatic defineClass1 {reexecute=0 rethrow=0 return_oop=1}
                      ; - java.lang.ClassLoader::defineClass@27 (line 1017)
                      ; - java.security.SecureClassLoader::defineClass@12 (line 150)
  0x000001da87da5654: 881f d8ff | 4889 4424 | 4844 8b50 | 3c45 85d2 | 740f 49bd | 0000 dbf3 | da01 0000 | e954 0300 
  0x000001da87da5674: 004c 8b50 | 1045 8b5a | 0845 85db | 0f8c 3a13 | 0000 448b | 502c 4585 | d20f 84de | 0900 0049 
  0x000001da87da5694: 8bc2 448b | 5014 458b | 420c 0fbe | 4810 458b | c841 d3f9 | 458b d941 | ffcb 85c9 | 0f85 f616 
  0x000001da87da56b4: 0000 498b | ca48 894c | 2468 418b | c8ff c944 | 3bd9 410f | 4ccb 85c9 | 0f8c 3e0b | 0000 4585 
  0x000001da87da56d4: c00f 86b9 | 1200 0041 | 3bc8 0f83 | b012 0000 | 85c9 0f8e | f812 0000 | 448b d941 

  0x000001da87da56f0: ;   {oop(""{0x00000000a055a9c0})}
  0x000001da87da56f0: ffcb 48bb | c0a9 55a0 | 0000 0000 | 49bd 0000 | dbf3 da01 | 0000 410f | be54 0a10 | 83fa 2e0f 
  0x000001da87da5710: 84b9 0900 | 00ff c941 | 3bcb 7fea | 83f9 020f | 8e89 0000 | 0044 8bd9 | 4183 c3fe | 33d2 83f9 
  0x000001da87da5730: 0244 0f4c | da41 81fb | a00f 0000 | bfa0 0f00 | 0044 0f47 | df8b d141 | 2bd3 660f | 1f44 0000 
  0x000001da87da5750: 4863 f945 | 0fbe 5c3a | 1041 83fb | 2e74 7545 | 0fbe 5c3a | 0f41 83fb | 2e74 6e44 | 8bd9 4183 
  0x000001da87da5770: c3fe 430f | be74 1a10 | 83fe 2e74 | 6244 8bd9 | 4183 c3fd | 430f be7c | 1a10 83ff | 2e74 5083 
  0x000001da87da5790: c1fc 3bca | 7fba 4d8b | b750 0300 | 004c 8b5c 

  0x000001da87da57a0: ; ImmutableOopMap {r10=NarrowOop r11=Oop rbx=Oop rax=Oop [64]=Oop [72]=Oop [88]=Oop [104]=Oop }
                      ;*goto {reexecute=1 rethrow=0 return_oop=0}
                      ; - (reexecute) java.lang.StringLatin1::lastIndexOf@35 (line 294)
                      ; - java.lang.String::lastIndexOf@13 (line 2489)
                      ; - java.lang.String::lastIndexOf@8 (line 2451)
                      ; - java.lang.Class::getPackageName@47 (line 1085)
                      ; - java.lang.ClassLoader::postDefineClass@2 (line 924)
                      ; - java.lang.ClassLoader::defineClass@37 (line 1018)
                      ; - java.security.SecureClassLoader::defineClass@12 (line 150)
                      ;   {poll}
  0x000001da87da57a0: 2448 4185 | 0683 f902 | 0f8f 77ff | ffff 83f9 | ff0f 8e6d | 0a00 0090 | 450f be5c | 0a10 4183 
  0x000001da87da57c0: fb2e 0f84 | dc15 0000 | ffc9 83f9 | ff7f e9e9 | 500a 0000 | 448b d9eb | 0644 8bd9 | 41ff cb41 
  0x000001da87da57e0: 83fb ff0f | 8493 0100 | 0045 85db | 0f8c 0216 | 0000 453b | d90f 8f35 | 1600 0045 | 3bd9 0f84 
  0x000001da87da5800: bd08 0000 | 4585 db0f | 8422 0a00 | 0049 8bb7 | 0801 0000 | 4c8b ce49 | 83c1 184d | 3b8f 1801 
  0x000001da87da5820: 0000 0f83 | 400e 0000 | 4d89 8f08 | 0100 0041 | 0f0d 89c0 | 0000 0048 | c706 0100 

  0x000001da87da583c: ;   {metadata('java/lang/String')}
  0x000001da87da583c: 0000 c746 | 08e0 e900 | 0044 8966 | 0c4c 8966 | 1041 81fb | 0000 1000 | 0f87 b611 | 0000 4d63 
  0x000001da87da585c: cb45 3bc3 | 418b eb41 | 0f4c e844 | 3bc5 0f82 | 2412 0000 | 443b dd0f | 821b 1200 | 0049 83c1 
  0x000001da87da587c: 174d 8bc1 | 4983 e0f8 | 4181 fb00 | 0010 000f | 8721 0e00 | 004d 8bb7 | 0801 0000 | 498b ce49 
  0x000001da87da589c: 03c8 493b | 8f18 0100 | 000f 8307 | 0e00 0049 | 898f 0801 | 0000 0f0d | 89c0 0000 | 0049 c706 
  0x000001da87da58bc: 0100 0000 | 0f0d 8900 

  0x000001da87da58c4: ;   {metadata({type array byte})}
  0x000001da87da58c4: 0100 0041 | c746 0828 | 6700 0045 | 895e 0c0f | 0d89 4001 | 0000 0f0d | 8980 0100 | 0049 8bd6 
  0x000001da87da58e4: 4883 c210 | 49c1 e903 | 498b de85 | ed0f 8421 | 1100 004d | 8d52 1041 | 3beb 0f8c | bb09 0000 
  0x000001da87da5904: 4983 c0f0 | 49c1 e803 | 498b cac5 | f877 49ba | 6086 5687 | da01 0000 | 41ff d241 | 807f 3800 
  0x000001da87da5924: 7500 895e | 144d 8bd6 | 4c8b de4d | 33d3 49c1 | ea14 4d85 | d274 1a49 | c1eb 0948 | b900 00db 
  0x000001da87da5944: f3da 0100 | 0049 03cb | 8039 040f | 8500 0a00 | 0044 8866 | 104c 896c | 2428 488b | d64c 8b54 
  0x000001da87da5964: 2448 4c89 | 5424 2090 

  0x000001da87da596c: ;   {optimized virtual_call}
  0x000001da87da596c: c5f8 77e8 

  0x000001da87da5970: ; ImmutableOopMap {[32]=Oop [64]=Oop [72]=Oop [88]=Oop }
                      ;*invokevirtual intern {reexecute=0 rethrow=0 return_oop=1}
                      ; - java.lang.Class::getPackageName@65 (line 1086)
                      ; - java.lang.ClassLoader::postDefineClass@2 (line 924)
                      ; - java.lang.ClassLoader::defineClass@37 (line 1018)
                      ; - java.security.SecureClassLoader::defineClass@12 (line 150)
  0x000001da87da5970: ecfe d3ff | 488b d84c | 8b6c 2428 | 4180 7f38 | 000f 85b7 | 0800 004c | 8b54 2448 | 4c8b db4c 
  0x000001da87da5990: 8b44 2448 | 4589 583c | 4c8b db4d | 33da 49c1 | eb14 4d85 | db74 1f48 | 85db 741a | 49c1 ea09 
  0x000001da87da59b0: 48b9 0000 | dbf3 da01 | 0000 4903 | ca80 3904 | 0f85 b008 | 0000 4c8b | d34c 8b5c | 2440 418b 
  0x000001da87da59d0: 5b38 8b73 | 284d 8bc2 

  0x000001da87da59d8: ; implicit exception: dispatches to 0x000001da87da70cc
  0x000001da87da59d8: 418b 520c | 4c8b 5424 | 4845 8b4a | 3085 d20f | 8453 0500 | 0085 f60f | 8493 0000 | 0044 8b5e 
  0x000001da87da59f8: 0c44 8bd2 | 41c1 ea10 | 4433 d241 | 81e2 ffff | ff7f 4585 | db0f 868d | 1100 0041 | ffcb 4523 
  0x000001da87da5a18: da4d 63db | 468b 5c9e | 1045 85db | 7462 418b | 6b0c 413b | ea74 3d85 | ed0f 8d22 | 0300 00ba 
  0x000001da87da5a38: 45ff ffff | 488b 4c24 | 4848 894c | 2420 488b | 4c24 5848 | 894c 2438 | 4489 4c24 | 504c 8944 
  0x000001da87da5a58: 2458 4489 | 5c24 5444 | 8954 2460 

  0x000001da87da5a64: ;   {runtime_call UncommonTrapBlob}
  0x000001da87da5a64: c5f8 77e8 

  0x000001da87da5a68: ; ImmutableOopMap {[32]=Oop [56]=Oop [64]=Oop [80]=NarrowOop [84]=NarrowOop [88]=Oop }
                      ;*ifge {reexecute=1 rethrow=0 return_oop=0}
                      ; - (reexecute) java.util.concurrent.ConcurrentHashMap::get@86 (line 943)
                      ; - java.lang.ClassLoader::getNamedPackage@5 (line 340)
                      ; - java.lang.ClassLoader::postDefineClass@9 (line 924)
                      ; - java.lang.ClassLoader::defineClass@37 (line 1018)
                      ; - java.security.SecureClassLoader::defineClass@12 (line 150)
  0x000001da87da5a68: 940e 7eff | 418b 6b10 | 488b cd49 | 3bc8 0f85 | c801 0000 | 418b 6b14 | 85ed 0f85 | 3204 0000 
  0x000001da87da5a88: 498b 8708 | 0100 004c | 8bd0 4983 | c218 4d3b | 9718 0100 | 000f 838c | 0c00 004d | 8997 0801 
  0x000001da87da5aa8: 0000 410f | 0d8a c000 | 0000 48c7 | 0001 0000 

  0x000001da87da5ab8: ;   {metadata('java/lang/NamedPackage')}
  0x000001da87da5ab8: 00c7 4008 | 40f1 0100 | 4489 600c | 4c89 6010 | 458b 5014 

  0x000001da87da5acc: ; implicit exception: dispatches to 0x000001da87da71dc
  0x000001da87da5acc: 458b 5a0c | 4585 db0f | 87d4 0500 | 0045 85c9 | 0f84 7212 | 0000 4889 | 4424 684c | 8944 2450 
  0x000001da87da5aec: 4c89 6c24 | 2049 8bd1 | 4489 4c24 | 6048 8944 | 2430 4c89 | 4424 3841 | 8be9 6690 

  0x000001da87da5b08: ;   {optimized virtual_call}
  0x000001da87da5b08: c5f8 77e8 

  0x000001da87da5b0c: ; ImmutableOopMap {rbp=NarrowOop [48]=Oop [56]=Oop [64]=Oop [72]=Oop [80]=Oop [88]=Oop [96]=NarrowOop [104]=Oop }
                      ;*invokevirtual isNamed {reexecute=0 rethrow=0 return_oop=0}
                      ; - java.lang.NamedPackage::<init>@12 (line 48)
                      ; - java.lang.ClassLoader::getNamedPackage@22 (line 342)
                      ; - java.lang.ClassLoader::postDefineClass@9 (line 924)
                      ; - java.lang.ClassLoader::defineClass@37 (line 1018)
                      ; - java.security.SecureClassLoader::defineClass@12 (line 150)
  0x000001da87da5b0c: 107b f3ff | 85c0 0f85 | 4c12 0000 | 448b cd49 | 8be9 4489 | 4c24 6048 | 8b54 2450 

  0x000001da87da5b28: ;   {optimized virtual_call}
  0x000001da87da5b28: c5f8 77e8 

  0x000001da87da5b2c: ; ImmutableOopMap {rbp=Oop [64]=Oop [72]=Oop [80]=Oop [88]=Oop [96]=NarrowOop [104]=Oop }
                      ;*invokevirtual intern {reexecute=0 rethrow=0 return_oop=1}
                      ; - java.lang.NamedPackage::<init>@47 (line 51)
                      ; - java.lang.ClassLoader::getNamedPackage@22 (line 342)
                      ; - java.lang.ClassLoader::postDefineClass@9 (line 924)
                      ; - java.lang.ClassLoader::defineClass@37 (line 1018)
                      ; - java.security.SecureClassLoader::defineClass@12 (line 150)
  0x000001da87da5b2c: 30fd d3ff | 488b d841 | 807f 3800 | 0f85 9808 | 0000 4c8b | db4c 8b54 | 2468 4589 | 5a0c 4c8b 
  0x000001da87da5b4c: db4d 33da | 49c1 eb14 | 4d85 db74 | 1f48 85db | 741a 49c1 | ea09 48b9 | 0000 dbf3 | da01 0000 
  0x000001da87da5b6c: 4903 ca80 | 3904 0f85 | 9608 0000 | 4180 7f38 | 000f 851b | 0800 004c | 8b54 2468 | 448b 4424 
  0x000001da87da5b8c: 6045 8942 | 104c 8bd5 | 4c8b 5c24 | 684d 33d3 | 49c1 ea14 | 4d85 d274 | 1b45 85c0 | 7416 49c1 
  0x000001da87da5bac: eb09 4c8b | 4424 204d | 03c3 4180 | 3804 0f85 | 9708 0000 | 4c8b 5424 | 4045 8b5a | 3845 85db 
  0x000001da87da5bcc: 0f84 6211 | 0000 498b | d34c 8b44 | 2450 4c8b | 4c24 68bf | 0100 0000 

  0x000001da87da5be4: ;   {optimized virtual_call}
  0x000001da87da5be4: c5f8 77e8 

  0x000001da87da5be8: ; ImmutableOopMap {[64]=Oop [72]=Oop [88]=Oop [96]=NarrowOop [104]=Oop }
                      ;*invokevirtual putVal {reexecute=0 rethrow=0 return_oop=1}
                      ; - java.util.concurrent.ConcurrentHashMap::putIfAbsent@4 (line 1541)
                      ; - java.lang.ClassLoader::getNamedPackage@32 (line 344)
                      ; - java.lang.ClassLoader::postDefineClass@9 (line 924)
                      ; - java.lang.ClassLoader::defineClass@37 (line 1018)
                      ; - java.security.SecureClassLoader::defineClass@12 (line 150)
  0x000001da87da5be8: d49f 0200 | 4885 c00f | 84ed 0200 | 0044 8b58 | 0849 ba00 | 0000 8fda | 0100 004d | 03d3 4d8b 
  0x000001da87da5c08: ;   {metadata('java/lang/NamedPackage')}
  0x000001da87da5c08: 5238 49bb | 40f1 018f | da01 0000 | 4d3b d30f | 8527 1100 | 0048 8be8 | ba54 ffff | ff4c 8b54 
  0x000001da87da5c28: 2440 4c89 | 5424 284c | 8b54 2448 | 4c89 5424 | 3066 6690 

  0x000001da87da5c3c: ;   {runtime_call UncommonTrapBlob}
  0x000001da87da5c3c: c5f8 77e8 

  0x000001da87da5c40: ; ImmutableOopMap {rbp=Oop [40]=Oop [48]=Oop [88]=Oop [96]=NarrowOop [104]=Oop }
                      ;*ifnull {reexecute=1 rethrow=0 return_oop=0}
                      ; - (reexecute) java.lang.ClassLoader::getNamedPackage@42 (line 345)
                      ; - java.lang.ClassLoader::postDefineClass@9 (line 924)
                      ; - java.lang.ClassLoader::defineClass@37 (line 1018)
                      ; - java.security.SecureClassLoader::defineClass@12 (line 150)
  0x000001da87da5c40: bc0c 7eff 

  0x000001da87da5c44: ; implicit exception: dispatches to 0x000001da87da7200
  0x000001da87da5c44: 8b4d 0848 | 8bfd 4c3b | c70f 8429 

  0x000001da87da5c50: ;   {metadata('java/lang/String')}
  0x000001da87da5c50: feff ff81 | f9e0 e900 | 000f 85fa | 0000 0041 | 0fbe 5810 | 0fbe 6f10 | 3bdd 0f85 | 9412 0000 
  0x000001da87da5c70: 8b57 1441 | 8b78 148b | 5a0c 8b4f | 0c3b cb0f | 85d4 0000 | 0048 8bda | 488d 7210 | 488b df48 
  0x000001da87da5c90: 8d7f 1085 | c90f 84a5 | 0000 008b | c183 e01f | 83e1 e00f | 844b 0000 | 0048 8d3c | 0f48 8d34 
  0x000001da87da5cb0: 0e48 f7d9 | c5fe 6f04 | 0fc5 fe6f | 0c0e c5fd | efc1 c4e2 | 7d17 c00f | 857a 0000 | 0048 83c1 
  0x000001da87da5cd0: 2075 e185 | c00f 8465 | 0000 00c5 | fe6f 4407 | e0c5 fe6f | 4c06 e0c5 | fdef c1c4 | e27d 17c0 
  0x000001da87da5cf0: 7555 eb4c | 8bc8 83e1 | fc74 1948 | 8d3c 0f48 | 8d34 0e48 | f7d9 8b1c | 0f3b 1c0e | 7539 4883 
  0x000001da87da5d10: c104 75f2 | f7c0 0200 | 0000 7412 | 0fb7 1f0f | b70e 3bd9 | 7521 488d | 7f02 488d | 7602 f7c0 
  0x000001da87da5d30: 0100 0000 | 740a 0fb6 | 1f0f b60e | 3bd9 7507 | b801 0000 | 00eb 0233 | c0c5 fdef | c0c5 f5ef 
  0x000001da87da5d50: c985 c00f | 8523 fdff | ff45 8b5b | 1845 85db | 0f84 22fd | ffff 418b | 4b0c 498b | 9750 0300 
  0x000001da87da5d70: ; ImmutableOopMap {r11=Oop r8=Oop r9=NarrowOop [64]=Oop [72]=Oop [88]=Oop }
                      ;*if_icmpne {reexecute=1 rethrow=0 return_oop=0}
                      ; - (reexecute) java.util.concurrent.ConcurrentHashMap::get@127 (line 946)
                      ; - java.lang.ClassLoader::getNamedPackage@5 (line 340)
                      ; - java.lang.ClassLoader::postDefineClass@9 (line 924)
                      ; - java.lang.ClassLoader::defineClass@37 (line 1018)
                      ; - java.security.SecureClassLoader::defineClass@12 (line 150)
                      ;   {poll}
  0x000001da87da5d70: 0085 0241 | 3bca 7411 | 418b 4b18 | 85c9 0f84 | 04fd ffff | 4c8b d9eb | dd41 8b6b | 1048 8bcd 
  0x000001da87da5d90: 493b c80f | 8415 0100 | 008b 5d08 | 488b fd4c | 3bc7 0f84 | 0601 0000 

  0x000001da87da5da8: ;   {metadata('java/lang/String')}
  0x000001da87da5da8: 81fb e0e9 | 0000 0f85 | 1411 0000 | 410f be58 | 100f be6f | 103b dd0f | 85d1 1100 | 008b 7f14 
  0x000001da87da5dc8: 418b 5014 | 8b5f 0c8b | 4a0c 3bcb | 0f85 ee10 | 0000 488b | df48 8d77 | 1048 8bda | 488d 7a10 
  0x000001da87da5de8: 85c9 0f84 | a500 0000 | 8bc1 83e0 | 1f83 e1e0 | 0f84 4b00 | 0000 488d | 3c0f 488d | 340e 48f7 
  0x000001da87da5e08: d9c5 fe6f | 040f c5fe | 6f0c 0ec5 | fdef c1c4 | e27d 17c0 | 0f85 7a00 | 0000 4883 | c120 75e1 
  0x000001da87da5e28: 85c0 0f84 | 6500 0000 | c5fe 6f44 | 07e0 c5fe | 6f4c 06e0 | c5fd efc1 | c4e2 7d17 | c075 55eb 
  0x000001da87da5e48: 4c8b c883 | e1fc 7419 | 488d 3c0f | 488d 340e | 48f7 d98b | 1c0f 3b1c | 0e75 3948 | 83c1 0475 
  0x000001da87da5e68: f2f7 c002 | 0000 0074 | 120f b71f | 0fb7 0e3b | d975 2148 | 8d7f 0248 | 8d76 02f7 | c001 0000 
  0x000001da87da5e88: 0074 0a0f | b61f 0fb6 | 0e3b d975 | 07b8 0100 | 0000 eb02 | 33c0 c5fd | efc0 c5f5 | efc9 85c0 
  0x000001da87da5ea8: 0f84 1a10 | 0000 418b | 6b14 85ed | 0f84 cefb | ffff 448b | 5d08 49ba | 0000 008f | da01 0000 
  0x000001da87da5ec8: 4d03 d34d 

  0x000001da87da5ecc: ;   {metadata('java/lang/NamedPackage')}
  0x000001da87da5ecc: 8b52 3849 | bb40 f101 | 8fda 0100 | 004d 3bd3 | 0f85 a20b | 0000 4c8b | 5424 5845 | 8b5a 1041 
  0x000001da87da5eec: 8b6b 1485 | ed0f 8579 | 0f00 0041 | 8b6b 1085 | ed0f 8581 | 0f00 0048 | 8b44 2448 | c5f8 7748 
  0x000001da87da5f0c: 81c4 c000 

  0x000001da87da5f10: ;   {poll_return}
  0x000001da87da5f10: 0000 5d49 | 3ba7 4803 | 0000 0f87 | 9413 0000 | c30f b644 | 1910 418b | d2c1 e205 | 412b d203 
  0x000001da87da5f30: d0ff c33b | df0f 8d29 | 0100 0044 | 8bd2 ebe1 | 450f b650 | 1145 85d2 | 0f85 5605 | 0000 450f 
  0x000001da87da5f50: be50 1045 | 85d2 0f85 | 8010 0000 | 418b 4814 

  0x000001da87da5f60: ; implicit exception: dispatches to 0x000001da87da7238
  0x000001da87da5f60: 8b79 0c85 | ff0f 866b | 0100 0044 | 8bdf 41ff | cb44 3bdf | 0f83 ce0f | 0000 440f | b651 1044 
  0x000001da87da5f80: 8bdf 4183 | c3fd 4183 | fb01 0f8e | fc0f 0000 | 488b e941 | 8bc2 c1e0 | 0541 2bc2 | 488b d3bb 
  0x000001da87da5fa0: 0100 0000 | 4d8b f5c4 | c1f9 6ec0 | c5f9 6ed6 | c4c1 796e | c944 8bcf | 442b cb41 | 83c1 fd45 
  0x000001da87da5fc0: 33d2 443b | db45 0f4c | ca41 81f9 | a00f 0000 | 41b8 a00f | 0000 450f | 47c8 4403 | cb66 6690 
  0x000001da87da5fe0: 4c63 eb46 | 0fb6 5429 | 1046 0fb6 | 4429 1342 | 0fb6 7429 | 1146 0fb6 | 6c29 1241 | 03c2 448b 
  0x000001da87da6000: d041 c1e2 | 0544 2bd0 | 4403 d641 | 8bc2 c1e0 | 0541 2bc2 | 4103 c544 | 8bd0 41c1 | e205 442b 
  0x000001da87da6020: d045 03d0 | 418b c2c1 | e005 412b | c283 c304 | 413b d97c | ab4d 8b87 

  0x000001da87da6038: ; ImmutableOopMap {rcx=NarrowOop rdx=Oop rbp=Oop xmm0=Oop xmm1=NarrowOop xmm2=NarrowOop [64]=Oop [72]=Oop [88]=Oop }
                      ;*goto {reexecute=1 rethrow=0 return_oop=0}
                      ; - (reexecute) java.lang.StringLatin1::hashCode@37 (line 196)
                      ; - java.lang.String::hashCode@27 (line 2344)
                      ; - java.util.concurrent.ConcurrentHashMap::get@1 (line 936)
                      ; - java.lang.ClassLoader::getNamedPackage@5 (line 340)
                      ; - java.lang.ClassLoader::postDefineClass@9 (line 924)
                      ; - java.lang.ClassLoader::defineClass@37 (line 1018)
                      ; - java.security.SecureClassLoader::defineClass@12 (line 150)
  0x000001da87da6038: 5003 0000 

  0x000001da87da603c: ;   {poll}
  0x000001da87da603c: 4185 0041 | 3bdb 0f8c | 6dff ffff | 4d8b eec4 | c1f9 7ec0 | c5f9 7ed6 | c4c1 797e | c93b df0f 
  0x000001da87da605c: 8cc0 feff | ff41 8bd2 | 85d2 746e | 4189 500c | e97c f9ff | ff48 8bd0 | 4889 4424 | 3066 6690 
  0x000001da87da607c: ;   {optimized virtual_call}
  0x000001da87da607c: c5f8 77e8 

  0x000001da87da6080: ; ImmutableOopMap {[48]=Oop [64]=Oop [72]=Oop [88]=Oop [152]=Oop }
                      ;*invokevirtual initClassName {reexecute=0 rethrow=0 return_oop=1}
                      ; - java.lang.Class::getName@14 (line 865)
                      ; - java.lang.Class::getPackageName@40 (line 1084)
                      ; - java.lang.ClassLoader::postDefineClass@2 (line 924)
                      ; - java.lang.ClassLoader::defineClass@37 (line 1018)
                      ; - java.security.SecureClassLoader::defineClass@12 (line 150)
  0x000001da87da6080: 5cb0 d7ff | 4885 c00f | 8509 f6ff | ffba f6ff | ffff 6690 

  0x000001da87da6094: ;   {runtime_call UncommonTrapBlob}
  0x000001da87da6094: c5f8 77e8 

  0x000001da87da6098: ; ImmutableOopMap {}
                      ;*invokevirtual lastIndexOf {reexecute=0 rethrow=0 return_oop=0}
                      ; - java.lang.Class::getPackageName@47 (line 1085)
                      ; - java.lang.ClassLoader::postDefineClass@2 (line 924)
                      ; - java.lang.ClassLoader::defineClass@37 (line 1018)
                      ; - java.security.SecureClassLoader::defineClass@12 (line 150)
  0x000001da87da6098: 6408 7eff | 488b 7424 | 38e9 e3f4 | ffff 8bcf | e961 f3ff | ff4c 896c | 2420 4c89 | 4424 5048 
  0x000001da87da60b8: 8944 2468 | e95a faff | ff4c 896c | 2428 488b | f0e9 90f8 | ffff 448b | d9e9 09f7 | ffff 41c6 
  0x000001da87da60d8: 4011 0133 | d2e9 0bf9 

  0x000001da87da60e0: ;   {oop(""{0x00000000a055a9c0})}
  0x000001da87da60e0: ffff 48be | c0a9 55a0 | 0000 0000 | e998 f4ff 

  0x000001da87da60f0: ;   {oop(""{0x00000000a055a9c0})}
  0x000001da87da60f0: ff48 bec0 | a955 a000 | 0000 00e9 | 89f4 ffff | c4e1 f96e | c248 8974 | 2430 4489 | 7424 2848 
  0x000001da87da6110: 895c 2420 | 4d8b d04c | 63c5 498b | c848 83c1 | 1048 8bd1 | 4883 e2f8 | 498b f948 | 03fa 498b 
  0x000001da87da6130: e948 c1e9 | 034c 2bd9 | 498b cb48 | 33c0 4883 | f908 7f10 | 48ff c978 | 4f48 8904 | cf48 ffc9 
  0x000001da87da6150: 7df7 eb44 | c5f5 efc9 | e90d 0000 | 00c5 fe7f | 0fc5 fe7f | 4f20 4883 | c740 4883 | e908 7ded 
  0x000001da87da6170: 4883 c104 | 7c0c c5fe | 7f0f 4883 | c720 4883 | e904 4883 | c104 7e10 | 48ff c9c5 | f9d6 0f48 
  0x000001da87da6190: 83c7 0848 | ffc9 7df3 | 498b cac4 | e1f9 7ec2 | c5f8 7749 | ba60 7f56 | 87da 0100 | 0041 ffd2 
  0x000001da87da61b0: 488b 5c24 | 2044 8b74 | 2428 488b | 7424 304c | 8bcd e987 | f3ff ff4d | 8b57 404d | 8b5f 50f0 
  0x000001da87da61d0: 8344 24c0 | 0080 3900 | 0f84 a7f3 | ffff 4488 | 214d 85d2 | 7518 498b | d7c5 f877 | 49ba f069 
  0x000001da87da61f0: abce fb7f | 0000 41ff | d2e9 87f3 | ffff 4b89 | 4c13 f849 | 83c2 f84d | 8957 40e9 | 75f3 ffff 
  0x000001da87da6210: ;   {oop(""{0x00000000a055a9c0})}
  0x000001da87da6210: 48bb c0a9 | 55a0 0000 | 0000 49bd | 0000 dbf3 | da01 0000 | 41bb ffff | ffff e9b0 

  0x000001da87da622c: ;   {oop(""{0x00000000a055a9c0})}
  0x000001da87da622c: f5ff ff48 | bec0 a955 | a000 0000 | 00e9 1bf7 | ffff 4c8b | 5424 4845 | 8b5a 3c45 | 85db 0f84 
  0x000001da87da624c: 37f7 ffff | 4d8b 5720 | 498b cb4d | 85d2 0f84 | 7c0b 0000 | 4d8b 5f30 | 4b89 4c13 | f849 83c2 
  0x000001da87da626c: f84d 8957 | 20e9 11f7 | ffff 4d8b | 5740 4d8b | 5f50 f083 | 4424 c000 | 8039 000f | 8439 f7ff 
  0x000001da87da628c: ff44 8821 | 4d85 d275 | 1849 8bd7 | c5f8 7749 | baf0 69ab | cefb 7f00 | 0041 ffd2 | e919 f7ff 
  0x000001da87da62ac: ff4b 894c | 13f8 4983 | c2f8 4d89 | 5740 e907 | f7ff ff4c | 63c5 4d8b | d849 83c3 | 1049 8bcb 
  0x000001da87da62cc: 4883 e1f8 | 498b fe48 | 03f9 49c1 | eb03 4d2b | cb49 8bc9 | 4833 c048 | 83f9 087f | 1048 ffc9 
  0x000001da87da62ec: 784f 4889 | 04cf 48ff | c97d f7eb | 44c5 fdef | c0e9 0d00 | 0000 c5fe | 7f07 c5fe | 7f47 2048 
  0x000001da87da630c: 83c7 4048 | 83e9 087d | ed48 83c1 | 047c 0cc5 | fe7f 0748 | 83c7 2048 | 83e9 0448 | 83c1 047e 
  0x000001da87da632c: 1048 ffc9 | c5f9 d607 | 4883 c708 | 48ff c97d | f349 8bca | c5f8 7749 | ba60 7f56 | 87da 0100 
  0x000001da87da634c: 0041 ffd2 | e9ca f5ff | ff4d 8b57 | 404d 8b5f | 50f0 8344 | 24c0 0080 | 3900 0f84 | e9f5 ffff 
  0x000001da87da636c: 4488 214d | 85d2 7518 | 498b d7c5 | f877 49ba | f069 abce | fb7f 0000 | 41ff d2e9 | c9f5 ffff 
  0x000001da87da638c: 4b89 4c13 | f849 83c2 | f84d 8957 | 40e9 b7f5 | ffff 4c8b | 5424 6845 | 8b5a 1045 | 85db 0f84 
  0x000001da87da63ac: d3f7 ffff | 4d8b 5720 | 498b cb4d | 85d2 0f84 | d80a 0000 | 4d8b 5f30 | 4b89 4c13 | f849 83c2 
  0x000001da87da63cc: f84d 8957 | 20e9 adf7 | ffff 4c8b | 5424 6845 | 8b52 0c45 | 85d2 0f84 | 56f7 ffff | 4d8b 5f20 
  0x000001da87da63ec: 498b ca4d | 85db 0f84 | b80a 0000 | 4d8b 5730 | 4b89 4c1a | f849 83c3 | f84d 895f | 20e9 30f7 
  0x000001da87da640c: ffff 4d8b | 5750 4d8b | 5f40 f083 | 4424 c000 | 8039 000f | 8453 f7ff | ff44 8821 | 4d85 db75 
  0x000001da87da642c: 1849 8bd7 | c5f8 7749 | baf0 69ab | cefb 7f00 | 0041 ffd2 | e933 f7ff | ff4b 894c | 1af8 4983 
  0x000001da87da644c: c3f8 4d89 | 5f40 e921 | f7ff ff4d | 8b57 404d | 8b5f 50f0 | 8344 24c0 | 0041 8038 | 000f 8451 
  0x000001da87da646c: f7ff ff45 | 8820 4d85 | d275 1b49 | 8bc8 498b | d7c5 f877 | 49ba f069 | abce fb7f | 0000 41ff 
  0x000001da87da648c: d2e9 2ef7 | ffff 4f89 | 4413 f849 | 83c2 f84d | 8957 40e9 | 1cf7 ffff | 33d2 e942 

  0x000001da87da64a8: ;   {metadata('java/security/SecureClassLoader$CodeSourceKey')}
  0x000001da87da64a8: f5ff ff48 | bae0 8314 | 8fda 0100 | 0048 8b6c | 2440 6690 

  0x000001da87da64bc: ;   {runtime_call _new_instance_Java}
  0x000001da87da64bc: c5f8 77e8 

  0x000001da87da64c0: ; ImmutableOopMap {rbp=Oop [56]=Oop [64]=Oop [72]=Oop [88]=Oop }
                      ;*new {reexecute=0 rethrow=0 return_oop=1}
                      ; - java.security.SecureClassLoader::getProtectionDomain@6 (line 221)
                      ; - java.security.SecureClassLoader::defineClass@9 (line 150)
  0x000001da87da64c0: bc4d 7fff | 4c8b c0e9 | 21ec ffff | 4489 4c24 | 304c 8944 | 2428 4c8b | 5424 404c | 8954 2420 
  0x000001da87da64e0: 4c8b 5424 

  0x000001da87da64e4: ;   {metadata('java/security/SecureClassLoader$1')}
  0x000001da87da64e4: 5848 baf0 | 8514 8fda | 0100 004c | 8954 2460 

  0x000001da87da64f4: ;   {runtime_call _new_instance_Java}
  0x000001da87da64f4: c5f8 77e8 

  0x000001da87da64f8: ; ImmutableOopMap {rbp=NarrowOop [32]=Oop [40]=Oop [48]=NarrowOop [56]=Oop [72]=Oop [96]=Oop }
                      ;*new {reexecute=0 rethrow=0 return_oop=1}
                      ; - java.security.SecureClassLoader::getProtectionDomain@20 (line 222)
                      ; - java.security.SecureClassLoader::defineClass@9 (line 150)
  0x000001da87da64f8: 844d 7fff | 4c8b 5c24 | 204c 895c | 2440 4c8b | 4424 2844 | 8b4c 2430 | 488b c8e9 | 26ec ffff 
  0x000001da87da6518: 894c 2474 | 4489 7424 | 7048 895c | 2468 4c89 | 4424 60c5 | fb11 4424 | 5844 896c | 2434 4489 
  0x000001da87da6538: 5424 304c | 8b94 2498 | 0000 004c | 8954 2428 | 4c8b 5424 | 384c 8954 | 2420 488b 

  0x000001da87da6554: ;   {metadata('java/lang/String')}
  0x000001da87da6554: 6c24 4048 | bae0 e900 | 8fda 0100 | 0066 6690 

  0x000001da87da6564: ;   {runtime_call _new_instance_Java}
  0x000001da87da6564: c5f8 77e8 

  0x000001da87da6568: ; ImmutableOopMap {rbp=Oop [32]=Oop [40]=Oop [48]=NarrowOop [72]=Oop [88]=Oop [96]=Derived_oop_[88] [104]=Oop [112]=NarrowOop [152]=Oop }
                      ;*new {reexecute=0 rethrow=0 return_oop=1}
                      ; - java.lang.StringLatin1::newString@7 (line 769)
                      ; - java.lang.String::substring@41 (line 2714)
                      ; - java.lang.ClassLoader::checkCerts@21 (line 1154)
                      ; - java.lang.ClassLoader::preDefineClass@113 (line 907)
                      ; - java.lang.ClassLoader::defineClass@4 (line 1015)
                      ; - java.security.SecureClassLoader::defineClass@12 (line 150)
  0x000001da87da6568: 144d 7fff | 4889 6c24 | 404c 8b54 | 2420 4c89 | 5424 3844 | 8b54 2430 | 448b 6c24 | 34c5 fb10 
  0x000001da87da6588: 4424 584c | 8b44 2460 | 488b 5c24 | 6844 8b74 | 2470 8b4c | 2474 488b | f0e9 d3ee | ffff 4889 
  0x000001da87da65a8: bc24 9000 | 0000 4c89 | 9c24 8800 | 0000 4889 | b424 8000 | 0000 894c | 2478 4489 | 7424 2448 
  0x000001da87da65c8: 895c 2470 | 4c89 4424 | 68c5 fb11 | 4424 604c | 8b9c 2498 | 0000 004c | 895c 2458 | 4c8b 5c24 
  0x000001da87da65e8: 384c 895c | 2430 4c8b | 5c24 404c | 895c 2428 

  0x000001da87da65f8: ;   {metadata({type array byte})}
  0x000001da87da65f8: 48ba 2867 | 008f da01 | 0000 4489 | 5424 2044 | 8bc1 6690 

  0x000001da87da660c: ;   {runtime_call _new_array_nozero_Java}
  0x000001da87da660c: c5f8 77e8 

  0x000001da87da6610: ; ImmutableOopMap {[32]=NarrowOop [36]=NarrowOop [40]=Oop [48]=Oop [72]=Oop [88]=Oop [96]=Oop [104]=Derived_oop_[96] [112]=Oop [128]=Oop }
                      ;*newarray {reexecute=0 rethrow=0 return_oop=1}
                      ; - java.util.Arrays::copyOfRange@41 (line 3822)
                      ; - java.lang.StringLatin1::newString@16 (line 769)
                      ; - java.lang.String::substring@41 (line 2714)
                      ; - java.lang.ClassLoader::checkCerts@21 (line 1154)
                      ; - java.lang.ClassLoader::preDefineClass@113 (line 907)
                      ; - java.lang.ClassLoader::defineClass@4 (line 1015)
                      ; - java.security.SecureClassLoader::defineClass@12 (line 150)
  0x000001da87da6610: 6c52 7fff | 4c8b 5c24 | 284c 895c | 2440 4c8b | 5c24 304c | 895c 2438 | 4c8b 5c24 | 584c 899c 
  0x000001da87da6630: 2498 0000 | 004c 8b44 | 2468 488b | 5c24 7044 | 8b74 2424 | 8b4c 2478 | 488b b424 | 8000 0000 
  0x000001da87da6650: 4c8b 9c24 | 8800 0000 | 488b bc24 | 9000 0000 | 4c8b c8e9 | a1ee ffff | 4489 5c24 | 3044 8944 
  0x000001da87da6670: 242c 4489 | 5424 284c | 8b54 2448 | 4c89 5424 | 2049 8bed 

  0x000001da87da6684: ;   {metadata('java/lang/String')}
  0x000001da87da6684: 48ba e0e9 | 008f da01 | 0000 6690 

  0x000001da87da6690: ;   {runtime_call _new_instance_Java}
  0x000001da87da6690: c5f8 77e8 

  0x000001da87da6694: ; ImmutableOopMap {[32]=Oop [40]=NarrowOop [64]=Oop [72]=Oop [88]=Oop [104]=Oop }
                      ;*new {reexecute=0 rethrow=0 return_oop=1}
                      ; - java.lang.StringLatin1::newString@7 (line 769)
                      ; - java.lang.String::substring@41 (line 2714)
                      ; - java.lang.Class::getPackageName@62 (line 1086)
                      ; - java.lang.ClassLoader::postDefineClass@2 (line 924)
                      ; - java.lang.ClassLoader::defineClass@37 (line 1018)
                      ; - java.security.SecureClassLoader::defineClass@12 (line 150)
  0x000001da87da6694: e84b 7fff | 4c8b ed44 | 8b54 2428 | 448b 4424 | 2c44 8b5c | 2430 488b | f0e9 9bf1 | ffff 48ff 
  0x000001da87da66b4: 7424 6848 | 8f84 2480 | 0000 004c | 8944 2460 | 4c89 4c24 | 5048 8974 | 2438 4489 | 5c24 3444 
  0x000001da87da66d4: 8954 2430 | 4c8b 5424 | 484c 8954 | 2428 4c89 

  0x000001da87da66e4: ;   {metadata({type array byte})}
  0x000001da87da66e4: 6c24 2048 | ba28 6700 | 8fda 0100 | 0045 8bc3 

  0x000001da87da66f4: ;   {runtime_call _new_array_nozero_Java}
  0x000001da87da66f4: c5f8 77e8 

  0x000001da87da66f8: ; ImmutableOopMap {[40]=Oop [48]=NarrowOop [56]=Oop [64]=Oop [72]=Oop [88]=Oop [128]=Oop }
                      ;*newarray {reexecute=0 rethrow=0 return_oop=1}
                      ; - java.util.Arrays::copyOfRange@41 (line 3822)
                      ; - java.lang.StringLatin1::newString@16 (line 769)
                      ; - java.lang.String::substring@41 (line 2714)
                      ; - java.lang.Class::getPackageName@62 (line 1086)
                      ; - java.lang.ClassLoader::postDefineClass@2 (line 924)
                      ; - java.lang.ClassLoader::defineClass@37 (line 1018)
                      ; - java.security.SecureClassLoader::defineClass@12 (line 150)
  0x000001da87da66f8: 8451 7fff | 4c8b 6c24 | 2044 8b54 | 2430 448b | 5c24 3448 | 8b74 2438 | 4c8b 4c24 | 504c 8b44 
  0x000001da87da6718: 2460 4c8b | f048 ffb4 | 2480 0000 | 0048 8f44 | 2468 e9b2 | f1ff ff44 | 894c 2438 | 4c89 4424 
  0x000001da87da6738: 304c 8b54 | 2448 4c89 | 5424 284c | 896c 2420 | 488b 6c24 

  0x000001da87da674c: ;   {metadata('java/lang/NamedPackage')}
  0x000001da87da674c: 4048 ba40 | f101 8fda | 0100 0090 

  0x000001da87da6758: ;   {runtime_call _new_instance_Java}
  0x000001da87da6758: c5f8 77e8 

  0x000001da87da675c: ; ImmutableOopMap {rbp=Oop [40]=Oop [48]=Oop [56]=NarrowOop [88]=Oop }
                      ;*new {reexecute=0 rethrow=0 return_oop=1}
                      ; - java.lang.ClassLoader::getNamedPackage@16 (line 342)
                      ; - java.lang.ClassLoader::postDefineClass@9 (line 924)
                      ; - java.lang.ClassLoader::defineClass@37 (line 1018)
                      ; - java.security.SecureClassLoader::defineClass@12 (line 150)
  0x000001da87da675c: 204b 7fff | 4889 6c24 | 404c 8b6c | 2420 4c8b | 5424 284c | 8954 2448 | 4c8b 4424 | 3044 8b4c 
  0x000001da87da677c: 2438 e945 | f3ff ffba | f6ff ffff | 488b ee90 

  0x000001da87da678c: ;   {runtime_call UncommonTrapBlob}
  0x000001da87da678c: c5f8 77e8 

  0x000001da87da6790: ; ImmutableOopMap {rbp=Oop }
                      ;*invokevirtual putIfAbsent {reexecute=0 rethrow=0 return_oop=0}
                      ; - java.lang.ClassLoader::checkCerts@62 (line 1161)
                      ; - java.lang.ClassLoader::preDefineClass@113 (line 907)
                      ; - java.lang.ClassLoader::defineClass@4 (line 1015)
                      ; - java.security.SecureClassLoader::defineClass@12 (line 150)
  0x000001da87da6790: 6c01 7eff | baf6 ffff | ff66 6690 

  0x000001da87da679c: ;   {runtime_call UncommonTrapBlob}
  0x000001da87da679c: c5f8 77e8 

  0x000001da87da67a0: ; ImmutableOopMap {rbp=NarrowOop }
                      ;*invokevirtual toExternalForm {reexecute=0 rethrow=0 return_oop=0}
                      ; - java.net.URL::toExternalForm@5 (line 1039)
                      ; - java.net.URL::toString@1 (line 1025)
                      ; - java.lang.ClassLoader::defineClassSourceLocation@22 (line 917)
                      ; - java.lang.ClassLoader::defineClass@12 (line 1016)
                      ; - java.security.SecureClassLoader::defineClass@12 (line 150)
  0x000001da87da67a0: 5c01 7eff | ba76 ffff | ff48 8b6c | 2440 4489 | 5424 2889 | 7c24 304c | 8b54 2448 | 4c89 5424 
  0x000001da87da67c0: 4044 8b54 | 2450 4489 | 5424 3444 | 8b5c 2454 | 4489 5c24 | 4848 895c | 2450 4489 | 7424 4c90 
  0x000001da87da67e0: ;   {runtime_call UncommonTrapBlob}
  0x000001da87da67e0: c5f8 77e8 

  0x000001da87da67e4: ; ImmutableOopMap {rbp=Oop [40]=NarrowOop [56]=Oop [64]=Oop [76]=NarrowOop [80]=Oop [152]=Oop }
                      ;*iflt {reexecute=1 rethrow=0 return_oop=0}
                      ; - (reexecute) java.lang.StringLatin1::lastIndexOf@19 (line 294)
                      ; - java.lang.String::lastIndexOf@13 (line 2489)
                      ; - java.lang.String::lastIndexOf@8 (line 2451)
                      ; - java.lang.ClassLoader::checkCerts@3 (line 1153)
                      ; - java.lang.ClassLoader::preDefineClass@113 (line 907)
                      ; - java.lang.ClassLoader::defineClass@4 (line 1015)
                      ; - java.security.SecureClassLoader::defineClass@12 (line 150)
  0x000001da87da67e4: 1801 7eff | bade ffff | ff4c 8b54 | 2440 4c89 | 5424 204c | 8b54 2438 | 4c89 5424 | 284c 8b54 
  0x000001da87da6804: 2448 4c89 | 5424 304c | 8944 2440 | 4889 4c24 | 4866 6690 

  0x000001da87da6818: ;   {runtime_call UncommonTrapBlob}
  0x000001da87da6818: c5f8 77e8 

  0x000001da87da681c: ; ImmutableOopMap {rbp=NarrowOop [32]=Oop [40]=Oop [48]=Oop [64]=Oop [72]=Oop }
                      ;*invokeinterface computeIfAbsent {reexecute=0 rethrow=0 return_oop=0}
                      ; - java.security.SecureClassLoader::getProtectionDomain@29 (line 222)
                      ; - java.security.SecureClassLoader::defineClass@9 (line 150)
  0x000001da87da681c: e000 7eff | ba45 ffff | ff48 8b6c | 2440 4c8b | 5424 384c | 8954 2430 | 4c8b 5424 | 484c 8954 
  0x000001da87da683c: 2440 448b | 5424 5044 | 8954 2448 | 448b 5c24 | 5444 895c | 244c 6690 

  0x000001da87da6854: ;   {runtime_call UncommonTrapBlob}
  0x000001da87da6854: c5f8 77e8 

  0x000001da87da6858: ; ImmutableOopMap {rbp=Oop [48]=Oop [64]=Oop [152]=Oop }
                      ;*ifeq {reexecute=1 rethrow=0 return_oop=0}
                      ; - (reexecute) java.lang.ClassLoader::checkName@8 (line 1145)
                      ; - java.lang.ClassLoader::preDefineClass@1 (line 890)
                      ; - java.lang.ClassLoader::defineClass@4 (line 1015)
                      ; - java.security.SecureClassLoader::defineClass@12 (line 150)
  0x000001da87da6858: a400 7eff | ba6e ffff | ff48 8b6c | 2440 4489 | 5424 2889 | 7c24 304c | 8b54 2448 | 4c89 5424 
  0x000001da87da6878: 4044 8b54 | 2450 4489 | 5424 3444 | 8b5c 2454 | 4489 5c24 | 4848 895c | 2450 4489 | 7424 4c90 
  0x000001da87da6898: ;   {runtime_call UncommonTrapBlob}
  0x000001da87da6898: c5f8 77e8 

  0x000001da87da689c: ; ImmutableOopMap {rbp=Oop [40]=NarrowOop [56]=Oop [64]=Oop [76]=NarrowOop [80]=Oop [152]=Oop }
                      ;*iflt {reexecute=1 rethrow=0 return_oop=0}
                      ; - (reexecute) java.lang.StringLatin1::lastIndexOf@19 (line 294)
                      ; - java.lang.String::lastIndexOf@13 (line 2489)
                      ; - java.lang.String::lastIndexOf@8 (line 2451)
                      ; - java.lang.ClassLoader::checkCerts@3 (line 1153)
                      ; - java.lang.ClassLoader::preDefineClass@113 (line 907)
                      ; - java.lang.ClassLoader::defineClass@4 (line 1015)
                      ; - java.security.SecureClassLoader::defineClass@12 (line 150)
  0x000001da87da689c: 6000 7eff | 4c63 d9e9 | e0eb ffff | 4983 c3fe | 498b cb48 | 8bfa 4833 | c048 83f9 | 087f 1048 
  0x000001da87da68bc: ffc9 784f | 4889 04cf | 48ff c97d | f7eb 44c5 | fdef c0e9 | 0d00 0000 | c5fe 7f07 | c5fe 7f47 
  0x000001da87da68dc: 2048 83c7 | 4048 83e9 | 087d ed48 | 83c1 047c | 0cc5 fe7f | 0748 83c7 | 2048 83e9 | 0448 83c1 
  0x000001da87da68fc: 047e 1048 | ffc9 c5f9 | d607 4883 | c708 48ff | c97d f3e9 | 3aec ffff | bacc ffff | ff48 8b6c 
  0x000001da87da691c: 2440 4489 | 5424 2889 | 4c24 304c | 8b54 2448 | 4c89 5424 | 4044 8b5c | 2450 4489 | 5c24 3444 
  0x000001da87da693c: 8b54 2454 | 4489 5424 | 4848 895c | 2450 4489 | 7424 4c48 | 8974 2468 

  0x000001da87da6954: ;   {runtime_call UncommonTrapBlob}
  0x000001da87da6954: c5f8 77e8 

  0x000001da87da6958: ; ImmutableOopMap {rbp=Oop [40]=NarrowOop [56]=Oop [64]=Oop [76]=NarrowOop [80]=Oop [104]=Oop [152]=Oop }
                      ;*newarray {reexecute=1 rethrow=0 return_oop=0}
                      ; - (reexecute) java.util.Arrays::copyOfRange@41 (line 3822)
                      ; - java.lang.StringLatin1::newString@16 (line 769)
                      ; - java.lang.String::substring@41 (line 2714)
                      ; - java.lang.ClassLoader::checkCerts@21 (line 1154)
                      ; - java.lang.ClassLoader::preDefineClass@113 (line 907)
                      ; - java.lang.ClassLoader::defineClass@4 (line 1015)
                      ; - java.security.SecureClassLoader::defineClass@12 (line 150)
  0x000001da87da6958: a4ff 7dff | bae4 ffff | ff48 8b6c | 2440 4489 | 5424 344c | 8b54 2448 | 4c89 5424 | 4044 8b54 
  0x000001da87da6978: 2450 4489 | 5424 4844 | 8b5c 2454 | 4489 5c24 | 4c66 6690 

  0x000001da87da698c: ;   {runtime_call UncommonTrapBlob}
  0x000001da87da698c: c5f8 77e8 

  0x000001da87da6990: ; ImmutableOopMap {rbp=Oop [52]=NarrowOop [56]=Oop [64]=Oop [152]=Oop }
                      ;*baload {reexecute=0 rethrow=0 return_oop=0}
                      ; - java.lang.String::startsWith@80 (line 2270)
                      ; - java.lang.String::startsWith@3 (line 2302)
                      ; - java.lang.ClassLoader::preDefineClass@43 (line 896)
                      ; - java.lang.ClassLoader::defineClass@4 (line 1015)
                      ; - java.security.SecureClassLoader::defineClass@12 (line 150)
  0x000001da87da6990: 6cff 7dff | ba76 ffff | ff48 8b6c | 2448 4c8b | 5c24 404c | 895c 2438 | 4489 5424 | 4889 4c24 
  0x000001da87da69b0: 5048 8944 | 2458 6690 

  0x000001da87da69b8: ;   {runtime_call UncommonTrapBlob}
  0x000001da87da69b8: c5f8 77e8 

  0x000001da87da69bc: ; ImmutableOopMap {rbp=Oop [56]=Oop [72]=NarrowOop [88]=Oop [152]=Oop }
                      ;*iflt {reexecute=1 rethrow=0 return_oop=0}
                      ; - (reexecute) java.lang.StringLatin1::lastIndexOf@19 (line 294)
                      ; - java.lang.String::lastIndexOf@13 (line 2489)
                      ; - java.lang.String::lastIndexOf@8 (line 2451)
                      ; - java.lang.Class::getPackageName@47 (line 1085)
                      ; - java.lang.ClassLoader::postDefineClass@2 (line 924)
                      ; - java.lang.ClassLoader::defineClass@37 (line 1018)
                      ; - java.security.SecureClassLoader::defineClass@12 (line 150)
  0x000001da87da69bc: 40ff 7dff | ba45 ffff | ff48 8944 | 2428 4c8b | 5424 404c | 8954 2438 | 4889 4424 | 4066 6690 
  0x000001da87da69dc: ;   {runtime_call UncommonTrapBlob}
  0x000001da87da69dc: c5f8 77e8 

  0x000001da87da69e0: ; ImmutableOopMap {[40]=Oop [56]=Oop [64]=Oop [152]=Oop }
                      ;*ifeq {reexecute=1 rethrow=0 return_oop=0}
                      ; - (reexecute) java.lang.Class::getPackageName@13 (line 1080)
                      ; - java.lang.ClassLoader::postDefineClass@2 (line 924)
                      ; - java.lang.ClassLoader::defineClass@37 (line 1018)
                      ; - java.security.SecureClassLoader::defineClass@12 (line 150)
  0x000001da87da69e0: 1cff 7dff | ba6e ffff | ff48 8b6c | 2448 4c8b | 5c24 404c | 895c 2438 | 4489 5424 | 4889 4c24 
  0x000001da87da6a00: 5048 8944 | 2458 6690 

  0x000001da87da6a08: ;   {runtime_call UncommonTrapBlob}
  0x000001da87da6a08: c5f8 77e8 

  0x000001da87da6a0c: ; ImmutableOopMap {rbp=Oop [56]=Oop [72]=NarrowOop [88]=Oop [152]=Oop }
                      ;*iflt {reexecute=1 rethrow=0 return_oop=0}
                      ; - (reexecute) java.lang.StringLatin1::lastIndexOf@19 (line 294)
                      ; - java.lang.String::lastIndexOf@13 (line 2489)
                      ; - java.lang.String::lastIndexOf@8 (line 2451)
                      ; - java.lang.Class::getPackageName@47 (line 1085)
                      ; - java.lang.ClassLoader::postDefineClass@2 (line 924)
                      ; - java.lang.ClassLoader::defineClass@37 (line 1018)
                      ; - java.security.SecureClassLoader::defineClass@12 (line 150)
  0x000001da87da6a0c: f0fe 7dff | 4d63 cbe9 | 45ee ffff | 4983 c1fe | 498b c948 | 8bfa 4833 | c048 83f9 | 087f 1048 
  0x000001da87da6a2c: ffc9 784f | 4889 04cf | 48ff c97d | f7eb 44c5 | fdef c0e9 | 0d00 0000 | c5fe 7f07 | c5fe 7f47 
  0x000001da87da6a4c: 2048 83c7 | 4048 83e9 | 087d ed48 | 83c1 047c | 0cc5 fe7f | 0748 83c7 | 2048 83e9 | 0448 83c1 
  0x000001da87da6a6c: 047e 1048 | ffc9 c5f9 | d607 4883 | c708 48ff | c97d f3e9 | 9bee ffff | bade ffff | ff66 6690 
  0x000001da87da6a8c: ;   {runtime_call UncommonTrapBlob}
  0x000001da87da6a8c: c5f8 77e8 

  0x000001da87da6a90: ; ImmutableOopMap {rbp=NarrowOop }
                      ;*checkcast {reexecute=0 rethrow=0 return_oop=0}
                      ; - java.lang.ClassLoader::getNamedPackage@8 (line 340)
                      ; - java.lang.ClassLoader::postDefineClass@9 (line 924)
                      ; - java.lang.ClassLoader::defineClass@37 (line 1018)
                      ; - java.security.SecureClassLoader::defineClass@12 (line 150)
  0x000001da87da6a90: 6cfe 7dff | bacc ffff | ff48 8b6c | 2448 4c8b | 4424 584c | 8944 2430 | 4c8b 4424 | 404c 8944 
  0x000001da87da6ab0: 2438 4489 | 5424 4844 | 895c 2450 | 4889 7424 | 6066 6690 

  0x000001da87da6ac4: ;   {runtime_call UncommonTrapBlob}
  0x000001da87da6ac4: c5f8 77e8 

  0x000001da87da6ac8: ; ImmutableOopMap {rbp=Oop [48]=Oop [56]=Oop [72]=NarrowOop [96]=Oop }
                      ;*newarray {reexecute=1 rethrow=0 return_oop=0}
                      ; - (reexecute) java.util.Arrays::copyOfRange@41 (line 3822)
                      ; - java.lang.StringLatin1::newString@16 (line 769)
                      ; - java.lang.String::substring@41 (line 2714)
                      ; - java.lang.Class::getPackageName@62 (line 1086)
                      ; - java.lang.ClassLoader::postDefineClass@2 (line 924)
                      ; - java.lang.ClassLoader::defineClass@37 (line 1018)
                      ; - java.security.SecureClassLoader::defineClass@12 (line 150)
  0x000001da87da6ac8: 34fe 7dff | 8bcf e93b | e9ff ff45 | 85db 400f | 95c5 400f | b6ed 83f5 | 01ba 45ff | ffff 4c8b 
  0x000001da87da6ae8: 5424 404c | 8954 2428 | 4c8b 5424 | 484c 8954 | 2440 448b | 5424 5044 | 8954 2448 | 448b 5c24 
  0x000001da87da6b08: 5444 895c | 244c 6690 

  0x000001da87da6b10: ;   {runtime_call UncommonTrapBlob}
  0x000001da87da6b10: c5f8 77e8 

  0x000001da87da6b14: ; ImmutableOopMap {[40]=Oop [56]=Oop [64]=Oop [152]=Oop }
                      ;*ifeq {reexecute=1 rethrow=0 return_oop=0}
                      ; - (reexecute) java.lang.String::indexOf@4 (line 2423)
                      ; - java.lang.String::indexOf@3 (line 2380)
                      ; - java.lang.ClassLoader::checkName@16 (line 1147)
                      ; - java.lang.ClassLoader::preDefineClass@1 (line 890)
                      ; - java.lang.ClassLoader::defineClass@4 (line 1015)
                      ; - java.security.SecureClassLoader::defineClass@12 (line 150)
  0x000001da87da6b14: e8fd 7dff | ba45 ffff | ff48 8b6c | 2440 4c8b | 5424 384c | 8954 2430 | 4c8b 5424 | 484c 8954 
  0x000001da87da6b34: 2440 448b | 5c24 5044 | 895c 2448 | 448b 5424 | 5444 8954 | 244c 895c | 2458 6690 

  0x000001da87da6b50: ;   {runtime_call UncommonTrapBlob}
  0x000001da87da6b50: c5f8 77e8 

  0x000001da87da6b54: ; ImmutableOopMap {rbp=Oop [48]=Oop [64]=Oop [152]=Oop }
                      ;*if_icmpne {reexecute=1 rethrow=0 return_oop=0}
                      ; - (reexecute) java.lang.ClassLoader::checkName@20 (line 1147)
                      ; - java.lang.ClassLoader::preDefineClass@1 (line 890)
                      ; - java.lang.ClassLoader::defineClass@4 (line 1015)
                      ; - java.security.SecureClassLoader::defineClass@12 (line 150)
  0x000001da87da6b54: a8fd 7dff | ba45 ffff | ff48 8b6c | 2440 894c | 242c 894c | 2430 4c8b | 5424 484c | 8954 2440 
  0x000001da87da6b74: 448b 5c24 | 5044 895c | 2434 448b | 5424 5444 | 8954 2448 | 4889 5c24 | 5044 8974 | 244c 4489 
  0x000001da87da6b94: 4c24 6c90 

  0x000001da87da6b98: ;   {runtime_call UncommonTrapBlob}
  0x000001da87da6b98: c5f8 77e8 

  0x000001da87da6b9c: ; ImmutableOopMap {rbp=Oop [56]=Oop [64]=Oop [76]=NarrowOop [80]=Oop [152]=Oop }
                      ;*if_icmpgt {reexecute=1 rethrow=0 return_oop=0}
                      ; - (reexecute) java.lang.String::checkBoundsBeginEnd@6 (line 4605)
                      ; - java.lang.String::substring@8 (line 2709)
                      ; - java.lang.ClassLoader::checkCerts@21 (line 1154)
                      ; - java.lang.ClassLoader::preDefineClass@113 (line 907)
                      ; - java.lang.ClassLoader::defineClass@4 (line 1015)
                      ; - java.security.SecureClassLoader::defineClass@12 (line 150)
  0x000001da87da6b9c: 60fd 7dff | ba45 ffff | ff48 8b6c | 2448 488b | 4c24 5848 | 894c 2430 | 488b 4c24 | 4048 894c 
  0x000001da87da6bbc: 2438 4489 | 4c24 484c | 8944 2450 | 8974 244c | 4489 5424 | 5c44 895c | 2460 6690 

  0x000001da87da6bd8: ;   {runtime_call UncommonTrapBlob}
  0x000001da87da6bd8: c5f8 77e8 

  0x000001da87da6bdc: ; ImmutableOopMap {rbp=Oop [48]=Oop [56]=Oop [72]=NarrowOop [76]=NarrowOop [80]=Oop }
                      ;*ifle {reexecute=1 rethrow=0 return_oop=0}
                      ; - (reexecute) java.util.concurrent.ConcurrentHashMap::get@23 (line 937)
                      ; - java.lang.ClassLoader::getNamedPackage@5 (line 340)
                      ; - java.lang.ClassLoader::postDefineClass@9 (line 924)
                      ; - java.lang.ClassLoader::defineClass@37 (line 1018)
                      ; - java.security.SecureClassLoader::defineClass@12 (line 150)
  0x000001da87da6bdc: 20fd 7dff | ba45 ffff | ff48 8b6c | 2440 4c89 | 4424 284c | 894c 2430 | 4889 4c24 | 4866 6690 
  0x000001da87da6bfc: ;   {runtime_call UncommonTrapBlob}
  0x000001da87da6bfc: c5f8 77e8 

  0x000001da87da6c00: ; ImmutableOopMap {rbp=Oop [40]=Oop [48]=Oop [72]=Oop [88]=Oop }
                      ;*ifnonnull {reexecute=1 rethrow=0 return_oop=0}
                      ; - (reexecute) java.security.SecureClassLoader::getProtectionDomain@1 (line 213)
                      ; - java.security.SecureClassLoader::defineClass@9 (line 150)
  0x000001da87da6c00: fcfc 7dff | ba45 ffff | ff4c 8b54 | 2440 4c89 | 5424 284c | 8b54 2448 | 4c89 5424 | 4044 8b54 
  0x000001da87da6c20: 2450 4489 | 5424 4844 | 8b5c 2454 | 4489 5c24 | 4c66 6690 

  0x000001da87da6c34: ;   {runtime_call UncommonTrapBlob}
  0x000001da87da6c34: c5f8 77e8 

  0x000001da87da6c38: ; ImmutableOopMap {[40]=Oop [56]=Oop [64]=Oop [152]=Oop }
                      ;*if_icmpne {reexecute=1 rethrow=0 return_oop=0}
                      ; - (reexecute) java.lang.ClassLoader::checkName@30 (line 1147)
                      ; - java.lang.ClassLoader::preDefineClass@1 (line 890)
                      ; - java.lang.ClassLoader::defineClass@4 (line 1015)
                      ; - java.security.SecureClassLoader::defineClass@12 (line 150)
  0x000001da87da6c38: c4fc 7dff | ba45 ffff | ff4c 8b54 | 2440 4c89 | 5424 204c | 8b54 2448 | 4c89 5424 | 4044 8b54 
  0x000001da87da6c58: 2450 4489 | 5424 4844 | 8b5c 2454 | 4489 5c24 | 4c48 895c | 2450 4889 | 7424 5844 | 8974 2460 
  0x000001da87da6c78: ;   {runtime_call UncommonTrapBlob}
  0x000001da87da6c78: c5f8 77e8 

  0x000001da87da6c7c: ; ImmutableOopMap {rbp=NarrowOop [32]=Oop [56]=Oop [64]=Oop [80]=Oop [88]=Oop [96]=NarrowOop [152]=Oop }
                      ;*ifnull {reexecute=1 rethrow=0 return_oop=0}
                      ; - (reexecute) java.security.CodeSource::getCertificates@4 (line 202)
                      ; - java.lang.ClassLoader::checkCerts@34 (line 1158)
                      ; - java.lang.ClassLoader::preDefineClass@113 (line 907)
                      ; - java.lang.ClassLoader::defineClass@4 (line 1015)
                      ; - java.security.SecureClassLoader::defineClass@12 (line 150)
  0x000001da87da6c7c: 80fc 7dff | ba45 ffff | ff4c 8b54 | 2440 4c89 | 5424 204c | 8b54 2448 | 4c89 5424 | 4044 8b54 
  0x000001da87da6c9c: 2450 4489 | 5424 4844 | 8b5c 2454 | 4489 5c24 | 4c48 895c | 2450 4889 | 7424 5844 | 8974 2460 
  0x000001da87da6cbc: ;   {runtime_call UncommonTrapBlob}
  0x000001da87da6cbc: c5f8 77e8 

  0x000001da87da6cc0: ; ImmutableOopMap {rbp=NarrowOop [32]=Oop [56]=Oop [64]=Oop [80]=Oop [88]=Oop [96]=NarrowOop [152]=Oop }
                      ;*ifnull {reexecute=1 rethrow=0 return_oop=0}
                      ; - (reexecute) java.security.CodeSource::getCertificates@22 (line 205)
                      ; - java.lang.ClassLoader::checkCerts@34 (line 1158)
                      ; - java.lang.ClassLoader::preDefineClass@113 (line 907)
                      ; - java.lang.ClassLoader::defineClass@4 (line 1015)
                      ; - java.security.SecureClassLoader::defineClass@12 (line 150)
  0x000001da87da6cc0: 3cfc 7dff | ba45 ffff | ff4c 8b54 | 2440 4c89 | 5424 204c | 8b54 2448 | 4c89 5424 | 4066 6690 
  0x000001da87da6ce0: ;   {runtime_call UncommonTrapBlob}
  0x000001da87da6ce0: c5f8 77e8 

  0x000001da87da6ce4: ; ImmutableOopMap {[32]=Oop [56]=Oop [64]=Oop [152]=Oop }
                      ;*ifne {reexecute=1 rethrow=0 return_oop=0}
                      ; - (reexecute) java.lang.ClassLoader::compareCerts@7 (line 1176)
                      ; - java.lang.ClassLoader::checkCerts@80 (line 1162)
                      ; - java.lang.ClassLoader::preDefineClass@113 (line 907)
                      ; - java.lang.ClassLoader::defineClass@4 (line 1015)
                      ; - java.security.SecureClassLoader::defineClass@12 (line 150)
  0x000001da87da6ce4: 18fc 7dff | ba45 ffff | ff48 8b6c | 2440 894c | 242c 894c | 2430 4c8b | 5424 484c | 8954 2440 
  0x000001da87da6d04: 448b 5c24 | 5044 895c | 2434 448b | 5424 5444 | 8954 2448 | 4889 5c24 | 5044 8974 | 244c 4489 
  0x000001da87da6d24: 4c24 6c44 | 894c 2470 

  0x000001da87da6d2c: ;   {runtime_call UncommonTrapBlob}
  0x000001da87da6d2c: c5f8 77e8 

  0x000001da87da6d30: ; ImmutableOopMap {rbp=Oop [56]=Oop [64]=Oop [76]=NarrowOop [80]=Oop [152]=Oop }
                      ;*if_icmple {reexecute=1 rethrow=0 return_oop=0}
                      ; - (reexecute) java.lang.String::checkBoundsBeginEnd@11 (line 4605)
                      ; - java.lang.String::substring@8 (line 2709)
                      ; - java.lang.ClassLoader::checkCerts@21 (line 1154)
                      ; - java.lang.ClassLoader::preDefineClass@113 (line 907)
                      ; - java.lang.ClassLoader::defineClass@4 (line 1015)
                      ; - java.security.SecureClassLoader::defineClass@12 (line 150)
  0x000001da87da6d30: ccfb 7dff | baf6 ffff | ff66 6690 

  0x000001da87da6d3c: ;   {runtime_call UncommonTrapBlob}
  0x000001da87da6d3c: c5f8 77e8 

  0x000001da87da6d40: ; ImmutableOopMap {[80]=Oop [104]=Oop }
                      ;*invokevirtual putIfAbsent {reexecute=0 rethrow=0 return_oop=0}
                      ; - java.lang.ClassLoader::getNamedPackage@32 (line 344)
                      ; - java.lang.ClassLoader::postDefineClass@9 (line 924)
                      ; - java.lang.ClassLoader::defineClass@37 (line 1018)
                      ; - java.security.SecureClassLoader::defineClass@12 (line 150)
  0x000001da87da6d40: bcfb 7dff | bade ffff | ff48 8be8 

  0x000001da87da6d4c: ;   {runtime_call UncommonTrapBlob}
  0x000001da87da6d4c: c5f8 77e8 

  0x000001da87da6d50: ; ImmutableOopMap {rbp=Oop }
                      ;*checkcast {reexecute=0 rethrow=0 return_oop=0}
                      ; - java.lang.ClassLoader::getNamedPackage@35 (line 344)
                      ; - java.lang.ClassLoader::postDefineClass@9 (line 924)
                      ; - java.lang.ClassLoader::defineClass@37 (line 1018)
                      ; - java.security.SecureClassLoader::defineClass@12 (line 150)
  0x000001da87da6d50: acfb 7dff | baf6 ffff | ff66 6690 

  0x000001da87da6d5c: ;   {runtime_call UncommonTrapBlob}
  0x000001da87da6d5c: c5f8 77e8 

  0x000001da87da6d60: ; ImmutableOopMap {}
                      ;*invokevirtual isNamed {reexecute=0 rethrow=0 return_oop=0}
                      ; - java.lang.NamedPackage::<init>@12 (line 48)
                      ; - java.lang.ClassLoader::getNamedPackage@22 (line 342)
                      ; - java.lang.ClassLoader::postDefineClass@9 (line 924)
                      ; - java.lang.ClassLoader::defineClass@37 (line 1018)
                      ; - java.security.SecureClassLoader::defineClass@12 (line 150)
  0x000001da87da6d60: 9cfb 7dff | ba12 0000 | 0048 8b6c | 2448 4c8b | 5424 404c | 8954 2438 | 4c8b 5424 | 504c 8954 
  0x000001da87da6d80: 2440 448b | 5c24 6044 | 895c 244c 

  0x000001da87da6d8c: ;   {runtime_call UncommonTrapBlob}
  0x000001da87da6d8c: c5f8 77e8 

  0x000001da87da6d90: ; ImmutableOopMap {rbp=Oop [56]=Oop [64]=Oop [76]=NarrowOop [88]=Oop [96]=NarrowOop [104]=Oop }
                      ;*new {reexecute=0 rethrow=0 return_oop=0}
                      ; - java.lang.NamedPackage::<init>@18 (line 49)
                      ; - java.lang.ClassLoader::getNamedPackage@22 (line 342)
                      ; - java.lang.ClassLoader::postDefineClass@9 (line 924)
                      ; - java.lang.ClassLoader::defineClass@37 (line 1018)
                      ; - java.security.SecureClassLoader::defineClass@12 (line 150)
  0x000001da87da6d90: 6cfb 7dff | ba37 0100 | 0066 6690 

  0x000001da87da6d9c: ;   {runtime_call UncommonTrapBlob}
  0x000001da87da6d9c: c5f8 77e8 

  0x000001da87da6da0: ; ImmutableOopMap {[56]=Oop [64]=Oop [72]=Oop }
                      ;*new {reexecute=0 rethrow=0 return_oop=0}
                      ; - java.lang.ClassLoader::preDefineClass@56 (line 898)
                      ; - java.lang.ClassLoader::defineClass@4 (line 1015)
                      ; - java.security.SecureClassLoader::defineClass@12 (line 150)
  0x000001da87da6da0: 5cfb 7dff | 448b d9e9 | 33ea ffff | 85c9 400f | 95c5 400f | b6ed 83f5 | 01ba 45ff | ffff 4c8b 
  0x000001da87da6dc0: 5424 484c | 8954 2420 | 4889 4424 | 5844 895c | 2460 6690 

  0x000001da87da6dd4: ;   {runtime_call UncommonTrapBlob}
  0x000001da87da6dd4: c5f8 77e8 

  0x000001da87da6dd8: ; ImmutableOopMap {[32]=Oop [64]=Oop [88]=Oop [152]=Oop }
                      ;*ifeq {reexecute=1 rethrow=0 return_oop=0}
                      ; - (reexecute) java.lang.String::lastIndexOf@4 (line 2489)
                      ; - java.lang.String::lastIndexOf@8 (line 2451)
                      ; - java.lang.Class::getPackageName@47 (line 1085)
                      ; - java.lang.ClassLoader::postDefineClass@2 (line 924)
                      ; - java.lang.ClassLoader::defineClass@37 (line 1018)
                      ; - java.security.SecureClassLoader::defineClass@12 (line 150)
  0x000001da87da6dd8: 24fb 7dff | 498b d7c5 | f877 49ba | 106a abce | fb7f 0000 | 41ff d2e9 | 93eb ffff | ba45 ffff 
  0x000001da87da6df8: ff48 8b6c | 2448 4c8b | 5424 584c | 8954 2430 | 4c8b 5424 | 404c 8954 | 2438 4489 | 5c24 4c44 
  0x000001da87da6e18: 895c 2450 | 4889 4424 | 5844 894c | 2460 6690 

  0x000001da87da6e28: ;   {runtime_call UncommonTrapBlob}
  0x000001da87da6e28: c5f8 77e8 

  0x000001da87da6e2c: ; ImmutableOopMap {rbp=Oop [48]=Oop [56]=Oop [88]=Oop }
                      ;*if_icmpgt {reexecute=1 rethrow=0 return_oop=0}
                      ; - (reexecute) java.lang.String::checkBoundsBeginEnd@6 (line 4605)
                      ; - java.lang.String::substring@8 (line 2709)
                      ; - java.lang.Class::getPackageName@62 (line 1086)
                      ; - java.lang.ClassLoader::postDefineClass@2 (line 924)
                      ; - java.lang.ClassLoader::defineClass@37 (line 1018)
                      ; - java.security.SecureClassLoader::defineClass@12 (line 150)
  0x000001da87da6e2c: d0fa 7dff | ba45 ffff | ff48 8b6c | 2448 4c8b | 5424 584c | 8954 2430 | 4c8b 5424 | 404c 8954 
  0x000001da87da6e4c: 2438 4489 | 5c24 4c44 | 895c 2450 | 4889 4424 | 5844 894c | 2460 4489 | 4c24 6490 

  0x000001da87da6e68: ;   {runtime_call UncommonTrapBlob}
  0x000001da87da6e68: c5f8 77e8 

  0x000001da87da6e6c: ; ImmutableOopMap {rbp=Oop [48]=Oop [56]=Oop [88]=Oop }
                      ;*if_icmple {reexecute=1 rethrow=0 return_oop=0}
                      ; - (reexecute) java.lang.String::checkBoundsBeginEnd@11 (line 4605)
                      ; - java.lang.String::substring@8 (line 2709)
                      ; - java.lang.Class::getPackageName@62 (line 1086)
                      ; - java.lang.ClassLoader::postDefineClass@2 (line 924)
                      ; - java.lang.ClassLoader::defineClass@37 (line 1018)
                      ; - java.security.SecureClassLoader::defineClass@12 (line 150)
  0x000001da87da6e6c: 90fa 7dff | ba45 ffff | ff44 895c | 2438 6690 

  0x000001da87da6e7c: ;   {runtime_call UncommonTrapBlob}
  0x000001da87da6e7c: c5f8 77e8 

  0x000001da87da6e80: ; ImmutableOopMap {rbp=NarrowOop [56]=NarrowOop [64]=Oop [72]=Oop }
                      ;*ifnull {reexecute=1 rethrow=0 return_oop=0}
                      ; - (reexecute) java.security.CodeSource::getCertificates@4 (line 202)
                      ; - java.lang.ClassLoader::postDefineClass@24 (line 927)
                      ; - java.lang.ClassLoader::defineClass@37 (line 1018)
                      ; - java.security.SecureClassLoader::defineClass@12 (line 150)
  0x000001da87da6e80: 7cfa 7dff | ba45 ffff | ff44 895c | 2438 6690 

  0x000001da87da6e90: ;   {runtime_call UncommonTrapBlob}
  0x000001da87da6e90: c5f8 77e8 

  0x000001da87da6e94: ; ImmutableOopMap {rbp=NarrowOop [56]=NarrowOop [64]=Oop [72]=Oop }
                      ;*ifnull {reexecute=1 rethrow=0 return_oop=0}
                      ; - (reexecute) java.security.CodeSource::getCertificates@22 (line 205)
                      ; - java.lang.ClassLoader::postDefineClass@24 (line 927)
                      ; - java.lang.ClassLoader::defineClass@37 (line 1018)
                      ; - java.security.SecureClassLoader::defineClass@12 (line 150)
  0x000001da87da6e94: 68fa 7dff | 498b d7c5 | f877 49ba | 106a abce | fb7f 0000 | 41ff d2e9 | d3ec ffff | 498b d7c5 
  0x000001da87da6eb4: f877 49ba | 106a abce | fb7f 0000 | 41ff d2e9 | 76ec ffff | ba45 ffff | ff48 8b6c | 2448 488b 
  0x000001da87da6ed4: 4c24 5848 | 894c 2430 | 488b 4c24 | 4048 894c | 2438 4489 | 4c24 484c | 8944 2450 | 4c89 5c24 
  0x000001da87da6ef4: 5844 8954 | 244c 6690 

  0x000001da87da6efc: ;   {runtime_call UncommonTrapBlob}
  0x000001da87da6efc: c5f8 77e8 

  0x000001da87da6f00: ; ImmutableOopMap {rbp=Oop [48]=Oop [56]=Oop [72]=NarrowOop [80]=Oop [88]=Oop }
                      ;*ifeq {reexecute=1 rethrow=0 return_oop=0}
                      ; - (reexecute) java.util.concurrent.ConcurrentHashMap::get@152 (line 947)
                      ; - java.lang.ClassLoader::getNamedPackage@5 (line 340)
                      ; - java.lang.ClassLoader::postDefineClass@9 (line 924)
                      ; - java.lang.ClassLoader::defineClass@37 (line 1018)
                      ; - java.security.SecureClassLoader::defineClass@12 (line 150)
  0x000001da87da6f00: fcf9 7dff | ba45 ffff | ff48 8b4c | 2448 4889 | 4c24 2048 | 8b4c 2458 | 4889 4c24 | 3844 894c 
  0x000001da87da6f20: 2450 4c89 | 4424 584c | 8944 2460 | 4489 5c24 | 5444 8954 | 2468 4889 | 7c24 7089 | 5c24 6c90 
  0x000001da87da6f40: ;   {runtime_call UncommonTrapBlob}
  0x000001da87da6f40: c5f8 77e8 

  0x000001da87da6f44: ; ImmutableOopMap {[32]=Oop [56]=Oop [64]=Oop [80]=NarrowOop [84]=NarrowOop [88]=Oop [96]=Oop [112]=Oop }
                      ;*if_icmpne {reexecute=1 rethrow=0 return_oop=0}
                      ; - (reexecute) java.lang.String::equals@33 (line 1830)
                      ; - java.util.concurrent.ConcurrentHashMap::get@73 (line 940)
                      ; - java.lang.ClassLoader::getNamedPackage@5 (line 340)
                      ; - java.lang.ClassLoader::postDefineClass@9 (line 924)
                      ; - java.lang.ClassLoader::defineClass@37 (line 1018)
                      ; - java.security.SecureClassLoader::defineClass@12 (line 150)
  0x000001da87da6f44: b8f9 7dff | ba76 ffff | ff48 8b6c | 2448 4c8b | 5424 584c | 8954 2430 | 4c8b 5424 | 404c 8954 
  0x000001da87da6f64: 2438 4489 | 4c24 484c | 8944 2450 | 4c89 4424 | 5889 4c24 | 4c89 7c24 | 6489 5c24 | 6866 6690 
  0x000001da87da6f84: ;   {runtime_call UncommonTrapBlob}
  0x000001da87da6f84: c5f8 77e8 

  0x000001da87da6f88: ; ImmutableOopMap {rbp=Oop [48]=Oop [56]=Oop [72]=NarrowOop [76]=NarrowOop [80]=Oop [88]=Oop [104]=NarrowOop }
                      ;*if_icmpge {reexecute=1 rethrow=0 return_oop=0}
                      ; - (reexecute) java.lang.StringLatin1::hashCode@13 (line 196)
                      ; - java.lang.String::hashCode@27 (line 2344)
                      ; - java.util.concurrent.ConcurrentHashMap::get@1 (line 936)
                      ; - java.lang.ClassLoader::getNamedPackage@5 (line 340)
                      ; - java.lang.ClassLoader::postDefineClass@9 (line 924)
                      ; - java.lang.ClassLoader::defineClass@37 (line 1018)
                      ; - java.security.SecureClassLoader::defineClass@12 (line 150)
  0x000001da87da6f88: 74f9 7dff | bb01 0000 | 00e9 c3f0 | ffff ba45 | ffff ff48 | 8b4c 2448 | 4889 4c24 | 2048 8b4c 
  0x000001da87da6fa8: 2458 4889 | 4c24 3844 | 894c 2450 | 4c89 4424 | 584c 8944 | 2460 4c89 | 5c24 6844 | 8954 2454 
  0x000001da87da6fc8: 4889 7c24 | 7089 5c24 | 7866 6690 

  0x000001da87da6fd4: ;   {runtime_call UncommonTrapBlob}
  0x000001da87da6fd4: c5f8 77e8 

  0x000001da87da6fd8: ; ImmutableOopMap {[32]=Oop [56]=Oop [64]=Oop [80]=NarrowOop [88]=Oop [96]=Oop [104]=Oop [112]=Oop }
                      ;*if_icmpne {reexecute=1 rethrow=0 return_oop=0}
                      ; - (reexecute) java.lang.String::equals@33 (line 1830)
                      ; - java.util.concurrent.ConcurrentHashMap::get@149 (line 947)
                      ; - java.lang.ClassLoader::getNamedPackage@5 (line 340)
                      ; - java.lang.ClassLoader::postDefineClass@9 (line 924)
                      ; - java.lang.ClassLoader::defineClass@37 (line 1018)
                      ; - java.security.SecureClassLoader::defineClass@12 (line 150)
  0x000001da87da6fd8: 24f9 7dff | 4585 d240 | 0f95 c540 | 0fb6 ed83 | f501 ba45 | ffff ff4c | 8b54 2448 | 4c89 5424 
  0x000001da87da6ff8: 204c 8b54 | 2458 4c89 | 5424 3844 | 894c 2450 | 4c89 4424 | 584c 8944 | 2460 895c | 2454 6690 
  0x000001da87da7018: ;   {runtime_call UncommonTrapBlob}
  0x000001da87da7018: c5f8 77e8 

  0x000001da87da701c: ; ImmutableOopMap {[32]=Oop [56]=Oop [64]=Oop [80]=NarrowOop [84]=NarrowOop [88]=Oop [96]=Oop }
                      ;*ifeq {reexecute=1 rethrow=0 return_oop=0}
                      ; - (reexecute) java.lang.String::hashCode@20 (line 2344)
                      ; - java.util.concurrent.ConcurrentHashMap::get@1 (line 936)
                      ; - java.lang.ClassLoader::getNamedPackage@5 (line 340)
                      ; - java.lang.ClassLoader::postDefineClass@9 (line 924)
                      ; - java.lang.ClassLoader::defineClass@37 (line 1018)
                      ; - java.security.SecureClassLoader::defineClass@12 (line 150)
  0x000001da87da701c: e0f8 7dff | bade ffff | ff4c 8b54 | 2438 4c89 | 5424 2048 | 8944 2438 

  0x000001da87da7034: ;   {runtime_call UncommonTrapBlob}
  0x000001da87da7034: c5f8 77e8 

  0x000001da87da7038: ; ImmutableOopMap {[32]=Oop [56]=Oop [64]=Oop [72]=Oop }
                      ;*checkcast {reexecute=0 rethrow=0 return_oop=0}
                      ; - java.security.SecureClassLoader::getProtectionDomain@34 (line 222)
                      ; - java.security.SecureClassLoader::defineClass@9 (line 150)
  0x000001da87da7038: c4f8 7dff | bade ffff | ff48 8b6c | 2440 4c8b | 5424 484c | 8954 2440 | 448b 5424 | 5044 8954 
  0x000001da87da7058: 2448 448b | 5424 5444 | 8954 244c | 4889 4424 | 5066 6690 

  0x000001da87da706c: ;   {runtime_call UncommonTrapBlob}
  0x000001da87da706c: c5f8 77e8 

  0x000001da87da7070: ; ImmutableOopMap {rbp=Oop [40]=Oop [56]=Oop [64]=Oop [80]=Oop [152]=Oop }
                      ;*checkcast {reexecute=0 rethrow=0 return_oop=0}
                      ; - java.lang.ClassLoader::checkCerts@65 (line 1161)
                      ; - java.lang.ClassLoader::preDefineClass@113 (line 907)
                      ; - java.lang.ClassLoader::defineClass@4 (line 1015)
                      ; - java.security.SecureClassLoader::defineClass@12 (line 150)
  0x000001da87da7070: 8cf8 7dff | baf6 ffff | ff49 8be8 | 4889 4c24 | 2066 6690 

  0x000001da87da7084: ;   {runtime_call UncommonTrapBlob}
  0x000001da87da7084: c5f8 77e8 

  0x000001da87da7088: ; ImmutableOopMap {rbp=Oop [32]=Oop }
                      ;*invokeinterface computeIfAbsent {reexecute=0 rethrow=0 return_oop=0}
                      ; - java.security.SecureClassLoader::getProtectionDomain@29 (line 222)
                      ; - java.security.SecureClassLoader::defineClass@9 (line 150)
  0x000001da87da7088: 74f8 7dff | baf4 ffff | ff66 6690 

  0x000001da87da7094: ;   {runtime_call UncommonTrapBlob}
  0x000001da87da7094: c5f8 77e8 

  0x000001da87da7098: ; ImmutableOopMap {[56]=Oop [64]=Oop [72]=Oop }
                      ;*checkcast {reexecute=0 rethrow=0 return_oop=0}
                      ; - java.security.SecureClassLoader::getProtectionDomain@34 (line 222)
                      ; - java.security.SecureClassLoader::defineClass@9 (line 150)
  0x000001da87da7098: 64f8 7dff | baf6 ffff | ff66 6690 

  0x000001da87da70a4: ;   {runtime_call UncommonTrapBlob}
  0x000001da87da70a4: c5f8 77e8 

  0x000001da87da70a8: ; ImmutableOopMap {}
                      ;*arraylength {reexecute=0 rethrow=0 return_oop=0}
                      ; - java.lang.String::isEmpty@4 (line 1494)
                      ; - java.lang.ClassLoader::checkName@5 (line 1145)
                      ; - java.lang.ClassLoader::preDefineClass@1 (line 890)
                      ; - java.lang.ClassLoader::defineClass@4 (line 1015)
                      ; - java.security.SecureClassLoader::defineClass@12 (line 150)
  0x000001da87da70a8: 54f8 7dff | baf6 ffff | ff66 6690 

  0x000001da87da70b4: ;   {runtime_call UncommonTrapBlob}
  0x000001da87da70b4: c5f8 77e8 

  0x000001da87da70b8: ; ImmutableOopMap {}
                      ;*invokevirtual getPackageName {reexecute=0 rethrow=0 return_oop=0}
                      ; - java.lang.ClassLoader::postDefineClass@2 (line 924)
                      ; - java.lang.ClassLoader::defineClass@37 (line 1018)
                      ; - java.security.SecureClassLoader::defineClass@12 (line 150)
  0x000001da87da70b8: 44f8 7dff | baf6 ffff | ff49 8bea 

  0x000001da87da70c4: ;   {runtime_call UncommonTrapBlob}
  0x000001da87da70c4: c5f8 77e8 

  0x000001da87da70c8: ; ImmutableOopMap {rbp=Oop }
                      ;*invokevirtual get {reexecute=0 rethrow=0 return_oop=0}
                      ; - java.lang.ClassLoader::getNamedPackage@5 (line 340)
                      ; - java.lang.ClassLoader::postDefineClass@9 (line 924)
                      ; - java.lang.ClassLoader::defineClass@37 (line 1018)
                      ; - java.security.SecureClassLoader::defineClass@12 (line 150)
  0x000001da87da70c8: 34f8 7dff | baf6 ffff | ff66 6690 

  0x000001da87da70d4: ;   {runtime_call UncommonTrapBlob}
  0x000001da87da70d4: c5f8 77e8 

  0x000001da87da70d8: ; ImmutableOopMap {}
                      ;*invokevirtual hashCode {reexecute=0 rethrow=0 return_oop=0}
                      ; - java.util.concurrent.ConcurrentHashMap::get@1 (line 936)
                      ; - java.lang.ClassLoader::getNamedPackage@5 (line 340)
                      ; - java.lang.ClassLoader::postDefineClass@9 (line 924)
                      ; - java.lang.ClassLoader::defineClass@37 (line 1018)
                      ; - java.security.SecureClassLoader::defineClass@12 (line 150)
  0x000001da87da70d8: 24f8 7dff | 4d85 d240 | 0f95 c540 | 0fb6 ed83 | f501 ba45 | ffff ff48 | 8944 2430 

  0x000001da87da70f4: ;   {runtime_call UncommonTrapBlob}
  0x000001da87da70f4: c5f8 77e8 

  0x000001da87da70f8: ; ImmutableOopMap {[48]=Oop [64]=Oop [72]=Oop [152]=Oop }
                      ;*ifeq {reexecute=1 rethrow=0 return_oop=0}
                      ; - (reexecute) java.lang.Class::getPackageName@29 (line 1081)
                      ; - java.lang.ClassLoader::postDefineClass@2 (line 924)
                      ; - java.lang.ClassLoader::defineClass@37 (line 1018)
                      ; - java.security.SecureClassLoader::defineClass@12 (line 150)
  0x000001da87da70f8: 04f8 7dff | baf6 ffff | ff66 6690 

  0x000001da87da7104: ;   {runtime_call UncommonTrapBlob}
  0x000001da87da7104: c5f8 77e8 

  0x000001da87da7108: ; ImmutableOopMap {}
                      ;*arraylength {reexecute=0 rethrow=0 return_oop=0}
                      ; - java.lang.String::length@4 (line 1481)
                      ; - java.lang.String::lastIndexOf@3 (line 2451)
                      ; - java.lang.Class::getPackageName@47 (line 1085)
                      ; - java.lang.ClassLoader::postDefineClass@2 (line 924)
                      ; - java.lang.ClassLoader::defineClass@37 (line 1018)
                      ; - java.security.SecureClassLoader::defineClass@12 (line 150)
  0x000001da87da7108: f4f7 7dff | ba45 ffff | ff48 8b6c | 2440 4c8b | 5424 384c | 8954 2430 | 4c8b 5424 | 484c 8954 
  0x000001da87da7128: 2440 448b | 5c24 5044 | 895c 2448 | 448b 5424 | 5444 8954 | 244c 6690 

  0x000001da87da7140: ;   {runtime_call UncommonTrapBlob}
  0x000001da87da7140: c5f8 77e8 

  0x000001da87da7144: ; ImmutableOopMap {rbp=Oop [48]=Oop [64]=Oop [152]=Oop }
                      ;*ifnull {reexecute=1 rethrow=0 return_oop=0}
                      ; - (reexecute) java.lang.ClassLoader::checkName@1 (line 1145)
                      ; - java.lang.ClassLoader::preDefineClass@1 (line 890)
                      ; - java.lang.ClassLoader::defineClass@4 (line 1015)
                      ; - java.security.SecureClassLoader::defineClass@12 (line 150)
  0x000001da87da7144: b8f7 7dff | ba45 ffff | ff48 8b6c | 2440 4c8b | 5424 484c | 8954 2430 | 448b 5424 | 5044 8954 
  0x000001da87da7164: 2440 448b | 5c24 5444 | 895c 2444 | 4889 5c24 | 4848 8974 | 2458 4489 | 7424 5490 

  0x000001da87da7180: ;   {runtime_call UncommonTrapBlob}
  0x000001da87da7180: c5f8 77e8 

  0x000001da87da7184: ; ImmutableOopMap {rbp=Oop [48]=Oop [56]=Oop [72]=Oop [84]=NarrowOop [88]=Oop [152]=Oop }
                      ;*ifnull {reexecute=1 rethrow=0 return_oop=0}
                      ; - (reexecute) java.lang.ClassLoader::checkCerts@30 (line 1157)
                      ; - java.lang.ClassLoader::preDefineClass@113 (line 907)
                      ; - java.lang.ClassLoader::defineClass@4 (line 1015)
                      ; - java.security.SecureClassLoader::defineClass@12 (line 150)
  0x000001da87da7184: 78f7 7dff | ba45 ffff | ff48 8b6c | 2440 4c8b | 5424 384c | 8954 2428 | 4489 4424 | 4466 6690 
  0x000001da87da71a4: ;   {runtime_call UncommonTrapBlob}
  0x000001da87da71a4: c5f8 77e8 

  0x000001da87da71a8: ; ImmutableOopMap {rbp=Oop [40]=Oop [68]=NarrowOop [72]=Oop [152]=Oop }
                      ;*ifnull {reexecute=1 rethrow=0 return_oop=0}
                      ; - (reexecute) java.lang.ClassLoader::defineClassSourceLocation@8 (line 916)
                      ; - java.lang.ClassLoader::defineClass@12 (line 1016)
                      ; - java.security.SecureClassLoader::defineClass@12 (line 150)
  0x000001da87da71a8: 54f7 7dff | ba45 ffff | ff4c 8b54 | 2440 4c89 | 5424 204c | 8b54 2438 | 4c89 5424 | 304c 8b54 
  0x000001da87da71c8: 2448 4c89 | 5424 3844 | 8944 2448 

  0x000001da87da71d4: ;   {runtime_call UncommonTrapBlob}
  0x000001da87da71d4: c5f8 77e8 

  0x000001da87da71d8: ; ImmutableOopMap {rbp=NarrowOop [32]=Oop [48]=Oop [56]=Oop [72]=NarrowOop [152]=Oop }
                      ;*ifnull {reexecute=1 rethrow=0 return_oop=0}
                      ; - (reexecute) java.lang.ClassLoader::defineClassSourceLocation@15 (line 916)
                      ; - java.lang.ClassLoader::defineClass@12 (line 1016)
                      ; - java.security.SecureClassLoader::defineClass@12 (line 150)
  0x000001da87da71d8: 24f7 7dff | baf6 ffff | ff66 6690 

  0x000001da87da71e4: ;   {runtime_call UncommonTrapBlob}
  0x000001da87da71e4: c5f8 77e8 

  0x000001da87da71e8: ; ImmutableOopMap {}
                      ;*arraylength {reexecute=0 rethrow=0 return_oop=0}
                      ; - java.lang.String::isEmpty@4 (line 1494)
                      ; - java.lang.NamedPackage::<init>@5 (line 48)
                      ; - java.lang.ClassLoader::getNamedPackage@22 (line 342)
                      ; - java.lang.ClassLoader::postDefineClass@9 (line 924)
                      ; - java.lang.ClassLoader::defineClass@37 (line 1018)
                      ; - java.security.SecureClassLoader::defineClass@12 (line 150)
  0x000001da87da71e8: 14f7 7dff | ba45 ffff | ff44 895c | 2438 6690 

  0x000001da87da71f8: ;   {runtime_call UncommonTrapBlob}
  0x000001da87da71f8: c5f8 77e8 

  0x000001da87da71fc: ; ImmutableOopMap {[56]=NarrowOop [64]=Oop [72]=Oop [88]=Oop }
                      ;*ifnull {reexecute=1 rethrow=0 return_oop=0}
                      ; - (reexecute) java.lang.ClassLoader::postDefineClass@17 (line 926)
                      ; - java.lang.ClassLoader::defineClass@37 (line 1018)
                      ; - java.security.SecureClassLoader::defineClass@12 (line 150)
  0x000001da87da71fc: 00f7 7dff | ba45 ffff | ff48 8b4c | 2448 4889 | 4c24 2048 | 8b4c 2458 | 4889 4c24 | 3844 894c 
  0x000001da87da721c: 2450 4c89 | 4424 5844 | 895c 2454 | 4489 5424 | 6066 6690 

  0x000001da87da7230: ;   {runtime_call UncommonTrapBlob}
  0x000001da87da7230: c5f8 77e8 

  0x000001da87da7234: ; ImmutableOopMap {rbp=NarrowOop [32]=Oop [56]=Oop [64]=Oop [80]=NarrowOop [84]=NarrowOop [88]=Oop }
                      ;*ifnull {reexecute=1 rethrow=0 return_oop=0}
                      ; - (reexecute) java.util.concurrent.ConcurrentHashMap::get@67 (line 940)
                      ; - java.lang.ClassLoader::getNamedPackage@5 (line 340)
                      ; - java.lang.ClassLoader::postDefineClass@9 (line 924)
                      ; - java.lang.ClassLoader::defineClass@37 (line 1018)
                      ; - java.security.SecureClassLoader::defineClass@12 (line 150)
  0x000001da87da7234: c8f6 7dff | baf6 ffff | ff66 6690 

  0x000001da87da7240: ;   {runtime_call UncommonTrapBlob}
  0x000001da87da7240: c5f8 77e8 

  0x000001da87da7244: ; ImmutableOopMap {}
                      ;*arraylength {reexecute=0 rethrow=0 return_oop=0}
                      ; - java.lang.StringLatin1::hashCode@5 (line 196)
                      ; - java.lang.String::hashCode@27 (line 2344)
                      ; - java.util.concurrent.ConcurrentHashMap::get@1 (line 936)
                      ; - java.lang.ClassLoader::getNamedPackage@5 (line 340)
                      ; - java.lang.ClassLoader::postDefineClass@9 (line 924)
                      ; - java.lang.ClassLoader::defineClass@37 (line 1018)
                      ; - java.security.SecureClassLoader::defineClass@12 (line 150)
  0x000001da87da7244: b8f6 7dff | ba45 ffff | ff48 8b4c | 2448 4889 | 4c24 2048 | 8b4c 2458 | 4889 4c24 | 3844 894c 
  0x000001da87da7264: 2450 4c89 | 4424 584c | 895c 2460 | 4489 5424 | 5466 6690 

  0x000001da87da7278: ;   {runtime_call UncommonTrapBlob}
  0x000001da87da7278: c5f8 77e8 

  0x000001da87da727c: ; ImmutableOopMap {rbp=NarrowOop [32]=Oop [56]=Oop [64]=Oop [80]=NarrowOop [88]=Oop [96]=Oop }
                      ;*ifnull {reexecute=1 rethrow=0 return_oop=0}
                      ; - (reexecute) java.util.concurrent.ConcurrentHashMap::get@143 (line 946)
                      ; - java.lang.ClassLoader::getNamedPackage@5 (line 340)
                      ; - java.lang.ClassLoader::postDefineClass@9 (line 924)
                      ; - java.lang.ClassLoader::defineClass@37 (line 1018)
                      ; - java.security.SecureClassLoader::defineClass@12 (line 150)
  0x000001da87da727c: 80f6 7dff | eb1f eb1d | eb1b eb19 | eb17 eb10 | eb0e eb11 | eb0f eb0d | eb0b eb09 | eb07 eb05 
  0x000001da87da729c: 488b d0eb | 0348 8bd0 | c5f8 7748 | 81c4 c000 

  0x000001da87da72ac: ;   {runtime_call _rethrow_Java}
  0x000001da87da72ac: 0000 5de9 | cc60 7fff 

  0x000001da87da72b4: ;   {internal_word}
  0x000001da87da72b4: 49ba 135f | da87 da01 | 0000 4d89 | 9760 0300 

  0x000001da87da72c4: ;   {runtime_call SafepointBlob}
  0x000001da87da72c4: 00e9 3607 | 7eff f4f4 | f4f4 f4f4 | f4f4 f4f4 | f4f4 f4f4 | f4f4 f4f4 | f4f4 f4f4 
[Stub Code]
  0x000001da87da72e0: ;   {no_reloc}
  0x000001da87da72e0: 48bb 0000 | 0000 0000 

  0x000001da87da72e8: ;   {runtime_call}
  0x000001da87da72e8: 0000 e9fb 

  0x000001da87da72ec: ;   {static_stub}
  0x000001da87da72ec: ffff ff48 | bb00 0000 | 0000 0000 

  0x000001da87da72f8: ;   {runtime_call}
  0x000001da87da72f8: 00e9 fbff 

  0x000001da87da72fc: ;   {static_stub}
  0x000001da87da72fc: ffff 48bb | 0000 0000 | 0000 0000 

  0x000001da87da7308: ;   {runtime_call}
  0x000001da87da7308: e9fb ffff 

  0x000001da87da730c: ;   {static_stub}
  0x000001da87da730c: ff48 bb00 | 0000 0000 

  0x000001da87da7314: ;   {runtime_call}
  0x000001da87da7314: 0000 00e9 | fbff ffff 

  0x000001da87da731c: ;   {static_stub}
  0x000001da87da731c: 48bb 0000 | 0000 0000 

  0x000001da87da7324: ;   {runtime_call}
  0x000001da87da7324: 0000 e9fb 

  0x000001da87da7328: ;   {static_stub}
  0x000001da87da7328: ffff ff48 | bb00 0000 | 0000 0000 

  0x000001da87da7334: ;   {runtime_call}
  0x000001da87da7334: 00e9 fbff 

  0x000001da87da7338: ;   {static_stub}
  0x000001da87da7338: ffff 48bb | 0000 0000 | 0000 0000 

  0x000001da87da7344: ;   {runtime_call}
  0x000001da87da7344: e9fb ffff 

  0x000001da87da7348: ;   {static_stub}
  0x000001da87da7348: ff48 bb00 | 0000 0000 

  0x000001da87da7350: ;   {runtime_call}
  0x000001da87da7350: 0000 00e9 | fbff ffff 

  0x000001da87da7358: ;   {static_stub}
  0x000001da87da7358: 48bb 0000 | 0000 0000 

  0x000001da87da7360: ;   {runtime_call}
  0x000001da87da7360: 0000 e9fb 

  0x000001da87da7364: ;   {runtime_call ExceptionBlob}
  0x000001da87da7364: ffff ffe9 | 94f6 7eff 
[Deopt Handler Code]
  0x000001da87da736c: e800 0000 | 0048 832c 

  0x000001da87da7374: ;   {runtime_call DeoptimizationBlob}
  0x000001da87da7374: 2405 e925 | f97d fff4 | f4f4 f4f4 
[/MachCode]


Compiled method (c2) 56879 3762       4       java.net.URLClassLoader$1::run (5 bytes)
 total in heap  [0x000001da87d2c510,0x000001da87d37620] = 45328
 relocation     [0x000001da87d2c670,0x000001da87d2cc58] = 1512
 main code      [0x000001da87d2cc60,0x000001da87d33500] = 26784
 stub code      [0x000001da87d33500,0x000001da87d33860] = 864
 oops           [0x000001da87d33860,0x000001da87d33898] = 56
 metadata       [0x000001da87d33898,0x000001da87d33cc8] = 1072
 scopes data    [0x000001da87d33cc8,0x000001da87d35db8] = 8432
 scopes pcs     [0x000001da87d35db8,0x000001da87d36a68] = 3248
 dependencies   [0x000001da87d36a68,0x000001da87d36b10] = 168
 handler table  [0x000001da87d36b10,0x000001da87d37560] = 2640
 nul chk table  [0x000001da87d37560,0x000001da87d37620] = 192

[Constant Pool (empty)]

[MachCode]
[Entry Point]
  # {method} {0x000001dafb09ae40} 'run' '()Ljava/lang/Object;' in 'java/net/URLClassLoader$1'
  #           [sp+0x120]  (sp of caller)
  0x000001da87d2cc60: 448b 5208 | 49bb 0000 | 008f da01 | 0000 4d03 | d349 3bc2 

  0x000001da87d2cc74: ;   {runtime_call ic_miss_stub}
  0x000001da87d2cc74: 0f85 0644 | 85ff 6690 | 0f1f 4000 
[Verified Entry Point]
  0x000001da87d2cc80: 8984 2400 | 90ff ff55 | 4881 ec10 | 0100 004c | 8bf2 8b4a | 0c44 0fbe | 5110 4585 | d20f 85a5 
  0x000001da87d2cca0: 4c00 0044 | 8b41 1441 | 8b78 0c4c | 8be9 4d8b | 9790 0200 | 004d 8b12 | 4c89 5424 | 2085 ff0f 
  0x000001da87d2ccc0: 86d3 0300 | 008b d7ff | ca3b d70f | 83ef 4900 | 008b f783 | c6fd 498b | c041 8078 | 102e 0f84 
  0x000001da87d2cce0: cb2d 0000 | 83fe 010f | 8ef3 4900 | 0041 bb01 | 0000 00bd | 0100 0000 | 448b cf45 | 2bcb 4183 
  0x000001da87d2cd00: c1fd 4533 | d241 3bf3 | 450f 4cca | 4181 f9a0 | 0f00 0041 | baa0 0f00 | 0045 0f47 | ca45 03cb 
  0x000001da87d2cd20: 418b d8c5 | f96e c5c5 | f96e d20f | 1f44 0000 | 4963 d344 | 0fbe 4413 | 1041 83f8 | 2e74 5a44 
  0x000001da87d2cd40: 0fbe 5413 | 1141 83fa | 2e74 5344 | 0fbe 4413 | 1241 83f8 | 2e74 3e44 | 0fbe 5413 | 1341 8beb 
  0x000001da87d2cd60: 83c5 0341 | 83fa 2e74 | 3a41 83c3 | 0445 3bd9 | 7cbe 4d8b | 8750 0300 

  0x000001da87d2cd78: ; ImmutableOopMap {rcx=NarrowOop rbx=NarrowOop rax=Oop r13=Oop r14=Oop [32]=Oop }
                      ;*if_icmpne {reexecute=1 rethrow=0 return_oop=0}
                      ; - (reexecute) java.lang.StringLatin1::replace@28 (line 307)
                      ; - java.lang.String::replace@18 (line 2808)
                      ; - java.net.URLClassLoader$1::run@8 (line 423)
                      ; - java.net.URLClassLoader$1::run@1 (line 421)
                      ;   {poll}
  0x000001da87d2cd78: 0041 8500 | 443b de0f | 8d8b 3200 | 0044 8bc3 | c5f9 7ec5 | c5f9 7ed2 | e963 ffff | ff41 83c3 
  0x000001da87d2cd98: 0241 8beb | eb05 418b | ebff c544 | 8bc3 c5f9 | 7ec3 c5f9 | 7ed2 3bef | 0f8d e702 | 0000 81ff 
  0x000001da87d2cdb8: 0000 1000 | 0f87 0936 | 0000 4d8b | 9708 0100 | 004c 63df | 4983 c317 | 4983 e3f8 | 4d8b ca4d 
  0x000001da87d2cdd8: 03cb 4d3b | 8f18 0100 | 000f 83e4 | 3500 004d | 898f 0801 | 0000 410f | 0d89 c000 | 0000 49c7 
  0x000001da87d2cdf8: 0201 0000 | 0041 0f0d | 8900 0100 

  0x000001da87d2ce04: ;   {metadata({type array byte})}
  0x000001da87d2ce04: 0041 c742 | 0828 6700 | 0041 897a | 0c41 0f0d | 8940 0100 | 0041 0f0d | 8980 0100 | 0085 ed0f 
  0x000001da87d2ce24: 8ef5 0000 | 0044 8bdd | 41ff cb44 | 3bdf 0f83 | 9c4c 0000 | 85ff 0f86 | 944c 0000 | 450f be48 
  0x000001da87d2ce44: 1045 884a | 1041 83fb | 010f 8ea5 | 4c00 00c4 | c1f9 6ee2 | c4e1 f96e | d8c5 f96e | cec5 f96e 
  0x000001da87d2ce64: d2c5 f96e | c345 8bd0 | 41b8 d007 | 0000 41b9 | 0100 0000 | 8bf5 412b | f1ff ce33 | d245 3bd9 
  0x000001da87d2ce84: 0f4c f281 | fed0 0700 | 0041 0f47 | f041 03f1 | 0f1f 8400 | 0000 0000 | 6666 6690 | 4963 d141 
  0x000001da87d2cea4: 0fbe 5c12 | 10c4 e1f9 | 7ee0 885c | 1010 410f | be5c 1211 | 885c 1011 | 4183 c102 | 443b ce7c 
  0x000001da87d2cec4: db49 8b9f 

  0x000001da87d2cec8: ; ImmutableOopMap {r10=NarrowOop rcx=NarrowOop rax=Oop r13=Oop r14=Oop xmm3=Oop xmm4=Oop [32]=Oop }
                      ;*goto {reexecute=1 rethrow=0 return_oop=0}
                      ; - (reexecute) java.lang.StringLatin1::replace@76 (line 314)
                      ; - java.lang.String::replace@18 (line 2808)
                      ; - java.net.URLClassLoader$1::run@8 (line 423)
                      ; - java.net.URLClassLoader$1::run@1 (line 421)
  0x000001da87d2cec8: 5003 0000 

  0x000001da87d2cecc: ;   {poll}
  0x000001da87d2cecc: 8503 453b | cb7c a545 | 8bc2 c5f9 | 7ec3 c5f9 | 7ed2 c5f9 | 7ece c4e1 | f97e d8c4 | c1f9 7ee2 
  0x000001da87d2ceec: 443b cd7d | 2dc5 f96e | cec4 c1f9 | 6ec2 4d63 | d947 0fbe | 5418 10c4 | e1f9 7ec6 | 4688 541e 
  0x000001da87d2cf0c: 1041 ffc1 | 443b cd7c | e5c5 f97e | cec4 c1f9 | 7ec2 3bef | 0f8d 2801 | 0000 3bef | 0f83 5a48 
  0x000001da87d2cf2c: 0000 3bd7 | 0f83 5248 | 0000 448b | dd41 ffc3 | 4863 cd45 | 0fbe 4c08 | 1041 83f9 | 2e0f 8426 
  0x000001da87d2cf4c: 0d00 0045 | 884c 0a10 | ffc5 413b | eb7c e13b | ee0f 8dc9 | 0000 00e9 | 7800 0000 | ba2f 0000 
  0x000001da87d2cf6c: 0066 6690 | 4388 541a | 1243 0fbe | 5418 1383 | fa2e 743d | 4388 541a | 1383 c504 | 413b e97d 
  0x000001da87d2cf8c: 454c 63dd | 430f be54 | 1810 83fa | 2e74 2943 | 8854 1a10 | 430f be54 | 1811 83fa | 2e74 2043 
  0x000001da87d2cfac: 8854 1a11 | 430f be54 | 1812 83fa | 2e75 b5eb | abba 2f00 | 0000 ebbc | ba2f 0000 | 00eb d0ba 
  0x000001da87d2cfcc: 2f00 0000 | ebd9 4d8b | 9f50 0300 

  0x000001da87d2cfd8: ; ImmutableOopMap {r10=Oop r8=NarrowOop rax=Oop r13=Oop r14=Oop [32]=Oop }
                      ;*goto {reexecute=1 rethrow=0 return_oop=0}
                      ; - (reexecute) java.lang.StringLatin1::replace@113 (line 321)
                      ; - java.lang.String::replace@18 (line 2808)
                      ; - java.net.URLClassLoader$1::run@8 (line 423)
                      ; - java.net.URLClassLoader$1::run@1 (line 421)
                      ;   {poll}
  0x000001da87d2cfd8: 0041 8503 | 3bee 7d4c | 448b cf44 | 2bcd 4183 | c1fd 4533 | db3b f545 | 0f4c cb41 | 81f9 a00f 
  0x000001da87d2cff8: 0000 41bb | a00f 0000 | 450f 47cb | 4403 cdeb | 84c6 440f | 102e c644 | 0f11 63c6 | 440f 126c 
  0x000001da87d2d018: c644 0f13 | 61c6 440f | 1473 c644 | 0f15 73e9 | 7c01 0000 | 3bef 7d1e | 4c63 cd47 | 0fbe 5c08 
  0x000001da87d2d038: 1041 83fb | 2e0f 84e0 | 1500 0047 | 885c 0a10 | ffc5 3bef | 7ce2 4d8b | 9f08 0100 | 004d 8bc3 
  0x000001da87d2d058: 4983 c018 | 4d3b 8718 | 0100 000f | 83e5 3300 | 004d 8987 | 0801 0000 | 410f 0d88 | c000 0000 
  0x000001da87d2d078: 49c7 0301 

  0x000001da87d2d07c: ;   {metadata('java/lang/String')}
  0x000001da87d2d07c: 0000 0041 | c743 08e0 | e900 0045 | 8963 0c4d | 8963 104d | 8bc2 4589 | 4314 eb0b | bb01 0000 
  0x000001da87d2d09c: 004d 8bd0 | 4d8b dd41 | 8b72 0c85 | f60f 86d1 | 0b00 0045 | 0fbe 6b10 | 448b ce41 | 8bcd 41d3 
  0x000001da87d2d0bc: f949 63c1 | 4183 fd01 | 0f84 394a | 0000 4585 | c90f 8ca5 | 4900 0048 | 8be8 4883 | c506 448b 
  0x000001da87d2d0dc: c545 85c0 | 0f8c b249 | 0000 488b | cd48 c1f9 | 208b c941 | d3e0 4585 | c00f 8c29 | 4a00 0041 
  0x000001da87d2d0fc: 81f8 0000 | 1000 0f87 | 3146 0000 | 4963 c841 | 81f8 0000 | 1000 0f87 | e931 0000 | 498b bf08 
  0x000001da87d2d11c: 0100 0048 | 83c1 1748 | 83e1 f848 | 8bd7 4803 | d149 3b97 | 1801 0000 | 0f83 c731 | 0000 4989 
  0x000001da87d2d13c: 9708 0100 | 000f 0d8a | c000 0000 | 48c7 0701 | 0000 000f | 0d8a 0001 

  0x000001da87d2d154: ;   {metadata({type array byte})}
  0x000001da87d2d154: 0000 c747 | 0828 6700 | 0044 8947 | 0c0f 0d8a | 4001 0000 | 0f0d 8a80 | 0100 0041 | 8bd1 83c2 
  0x000001da87d2d174: 0644 3bc2 | 0f82 c345 | 0000 4963 | c945 85c9 | 0f8e 7ffe | ffff c644 | 0f15 73c6 | 440f 1473 
  0x000001da87d2d194: c644 0f13 | 61c6 440f | 126c c644 | 0f11 63c6 | 440f 102e | 4585 ed0f | 8503 4900 | 0044 3bc6 
  0x000001da87d2d1b4: 0f82 ae45 | 0000 85f6 | 7621 488b | d748 83c2 | 1049 83c2 | 104c 63c6 | 498b cac5 | f877 49ba 
  0x000001da87d2d1d4: 607f 5687 | da01 0000 | 41ff d249 | 8b87 0801 | 0000 4c8b | d049 83c2 | 184d 3b97 | 1801 0000 
  0x000001da87d2d1f4: 0f83 8e31 | 0000 4d89 | 9708 0100 | 0041 0f0d | 8ac0 0000 | 0048 c700 | 0100 0000 

  0x000001da87d2d210: ;   {metadata('java/lang/String')}
  0x000001da87d2d210: c740 08e0 | e900 0044 | 8960 0c44 | 8960 104c | 8bdf 4489 | 5814 4889 | 4424 4045 | 8b5e 1045 
  0x000001da87d2d230: 8b5b 5445 | 85db 0f84 | 7444 0000 | 895c 2430 | 4c89 7424 | 284d 8bd3 | 4c89 5424 | 3844 895c 
  0x000001da87d2d250: 2434 498b | d245 33c0 

  0x000001da87d2d258: ;   {optimized virtual_call}
  0x000001da87d2d258: c5f8 77e8 

  0x000001da87d2d25c: ; ImmutableOopMap {[32]=Oop [40]=Oop [52]=NarrowOop [56]=Oop [64]=Oop }
                      ;*invokevirtual getLoader {reexecute=0 rethrow=0 return_oop=1}
                      ; - jdk.internal.loader.URLClassPath::getResource@42 (line 320)
                      ; - java.net.URLClassLoader$1::run@26 (line 424)
                      ; - java.net.URLClassLoader$1::run@1 (line 421)
  0x000001da87d2d25c: a04f fdff | 4885 c00f | 84f1 0900 | 004c 8b4c | 2440 4d8b | c148 bf00 | 00db f3da | 0100 0045 
  0x000001da87d2d27c: 33db e970 | 0100 0066 | 0f1f 8400 | 0000 0000 | 6666 6690 | 488b d548 | 8954 2478 

  0x000001da87d2d298: ;   {optimized virtual_call}
  0x000001da87d2d298: c5f8 77e8 

  0x000001da87d2d29c: ; ImmutableOopMap {rbp=NarrowOop [32]=Oop [40]=Oop [52]=NarrowOop [56]=Oop [64]=Oop [72]=NarrowOop [88]=Oop [96]=NarrowOop [104]=Oop [120]=Oop }
                      ;*invokevirtual checkForSpecialAttributes {reexecute=0 rethrow=0 return_oop=0}
                      ; - java.util.jar.JarFile::isMultiRelease@16 (line 388)
                      ; - jdk.internal.loader.URLClassPath$JarLoader::checkResource@4 (line 857)
                      ; - jdk.internal.loader.URLClassPath$JarLoader::getResource@34 (line 958)
                      ; - jdk.internal.loader.URLClassPath::getResource@53 (line 321)
                      ; - java.net.URLClassLoader$1::run@26 (line 424)
                      ; - java.net.URLClassLoader$1::run@1 (line 421)
  0x000001da87d2d29c: 20a2 0a00 | 440f b655 | 134c 8b5c | 2468 458b | 5b3c 498b | 8708 0100 | 004c 8bc0 | 4983 c040 
  0x000001da87d2d2bc: 4585 d24c | 8b54 2440 | 4d0f 45d3 | 4c89 5424 | 704d 3b87 | 1801 0000 | 0f83 372c | 0000 4d89 
  0x000001da87d2d2dc: 8708 0100 | 0041 0f0d | 88c0 0000 | 0048 c700 | 0100 0000 

  0x000001da87d2d2f0: ;   {metadata('java/net/URL')}
  0x000001da87d2d2f0: c740 0848 | 7006 0044 | 8960 0c4c | 8960 104c | 8960 184c | 8960 204c | 8960 284c | 8960 304c 
  0x000001da87d2d310: 8960 3848 | 8944 2478 | 4c8b 5424 | 5841 8b6a | 0c48 8b54 | 2470 4533 | c066 6690 

  0x000001da87d2d32c: ;   {static_call}
  0x000001da87d2d32c: c5f8 77e8 

  0x000001da87d2d330: ; ImmutableOopMap {rbp=NarrowOop [32]=Oop [40]=Oop [52]=NarrowOop [56]=Oop [64]=Oop [72]=NarrowOop [88]=Oop [96]=NarrowOop [104]=Oop [120]=Oop }
                      ;*invokestatic encodePath {reexecute=0 rethrow=0 return_oop=1}
                      ; - jdk.internal.loader.URLClassPath$JarLoader::checkResource@33 (line 862)
                      ; - jdk.internal.loader.URLClassPath$JarLoader::getResource@34 (line 958)
                      ; - jdk.internal.loader.URLClassPath::getResource@53 (line 321)
                      ; - java.net.URLClassLoader$1::run@26 (line 424)
                      ; - java.net.URLClassLoader$1::run@1 (line 421)
  0x000001da87d2d330: 6cb1 0500 | 4c8b c548 | 8b54 2478 | 4c8b c833 | ff66 6690 

  0x000001da87d2d344: ;   {optimized virtual_call}
  0x000001da87d2d344: c5f8 77e8 

  0x000001da87d2d348: ; ImmutableOopMap {[32]=Oop [40]=Oop [52]=NarrowOop [56]=Oop [64]=Oop [72]=NarrowOop [88]=Oop [96]=NarrowOop [104]=Oop [120]=Oop }
                      ;*invokespecial <init> {reexecute=0 rethrow=0 return_oop=0}
                      ; - java.net.URL::<init>@4 (line 569)
                      ; - jdk.internal.loader.URLClassPath$JarLoader::checkResource@36 (line 862)
                      ; - jdk.internal.loader.URLClassPath$JarLoader::getResource@34 (line 958)
                      ; - jdk.internal.loader.URLClassPath::getResource@53 (line 321)
                      ; - java.net.URLClassLoader$1::run@26 (line 424)
                      ; - java.net.URLClassLoader$1::run@1 (line 421)
  0x000001da87d2d348: 94ce a7f8 | 498b 8708 | 0100 004c | 8bd0 4983 | c228 4d3b | 9718 0100 | 000f 83c6 | 2b00 004d 
  0x000001da87d2d368: 8997 0801 | 0000 410f | 0d8a c000 | 0000 48c7 | 0001 0000 

  0x000001da87d2d37c: ;   {metadata('jdk/internal/loader/URLClassPath$JarLoader$2')}
  0x000001da87d2d37c: 00c7 4008 | 6052 1900 | 4489 600c | 4c89 6010 | 4489 601c | 4c89 6020 | 4c8b 5424 | 7844 8950 
  0x000001da87d2d39c: 1844 8b54 | 2448 4489 | 5014 448b | 5c24 6044 | 8958 204c | 8b54 2468 | 4489 501c | 4885 c00f 
  0x000001da87d2d3bc: 85be 0100 | 008b 6c24 | 4cff c548 | 8b54 2438 | 448b c590 

  0x000001da87d2d3d0: ;   {optimized virtual_call}
  0x000001da87d2d3d0: c5f8 77e8 

  0x000001da87d2d3d4: ; ImmutableOopMap {[32]=Oop [40]=Oop [52]=NarrowOop [56]=Oop [64]=Oop [72]=NarrowOop }
                      ;*invokevirtual getLoader {reexecute=0 rethrow=0 return_oop=1}
                      ; - jdk.internal.loader.URLClassPath::getResource@42 (line 320)
                      ; - java.net.URLClassLoader$1::run@26 (line 424)
                      ; - java.net.URLClassLoader$1::run@1 (line 421)
  0x000001da87d2d3d4: 284e fdff | 4885 c00f | 8479 0800 | 004c 8b4c | 2440 448b | 4424 4848 | 8b7c 2450 | 448b dd48 
  0x000001da87d2d3f4: 8bc8 8b58 

  0x000001da87d2d3f8: ;   {metadata('jdk/internal/loader/URLClassPath$JarLoader')}
  0x000001da87d2d3f8: 0881 fb70 | 5919 000f | 85d0 2a00 | 0044 8b51 | 1848 8bd9 | 4585 d274 | 7c41 8b52 

  0x000001da87d2d414: ;   {metadata('java/util/jar/JarFile')}
  0x000001da87d2d414: 0881 fa88 | 8018 000f | 8527 3100 | 0089 5c24 | 6044 895c | 244c 4889 | 4c24 5848 | 897c 2450 
  0x000001da87d2d434: 4489 4424 | 484c 894c | 2440 498b | d24d 8bc1 

  0x000001da87d2d444: ;   {optimized virtual_call}
  0x000001da87d2d444: c5f8 77e8 

  0x000001da87d2d448: ; ImmutableOopMap {[32]=Oop [40]=Oop [52]=NarrowOop [56]=Oop [64]=Oop [72]=NarrowOop [88]=Oop [96]=NarrowOop }
                      ;*invokevirtual getEntry {reexecute=0 rethrow=0 return_oop=1}
                      ; - java.util.jar.JarFile::getJarEntry@2 (line 473)
                      ; - jdk.internal.loader.URLClassPath$JarLoader::getResource@22 (line 956)
                      ; - jdk.internal.loader.URLClassPath::getResource@53 (line 321)
                      ; - java.net.URLClassLoader$1::run@26 (line 424)
                      ; - java.net.URLClassLoader$1::run@1 (line 421)
  0x000001da87d2d448: f4ce 0a00 | 4885 c00f | 84d9 1100 | 0044 8b50 

  0x000001da87d2d458: ;   {metadata('java/util/jar/JarFile$JarFileEntry')}
  0x000001da87d2d458: 0841 81fa | 60b2 1800 | 0f85 fa51 | 0000 4889 | 4424 684c | 8b54 2458 | 418b 6a18 

  0x000001da87d2d474: ; implicit exception: dispatches to 0x000001da87d32710
  0x000001da87d2d474: 440f b655 | 1345 85d2 | 0f84 0efe | ffff 41ba | 0100 0000 | e918 feff | ff49 8b87 | 0801 0000 
  0x000001da87d2d494: 4c8b d049 | 83c2 104d | 3b97 1801 | 0000 0f83 | f42f 0000 | 4d89 9708 | 0100 0041 | 0f0d 8ac0 
  0x000001da87d2d4b4: 0000 0048 | c700 0100 

  0x000001da87d2d4bc: ;   {metadata('jdk/internal/loader/URLClassPath$JarLoader$1')}
  0x000001da87d2d4bc: 0000 c740 | 08c8 5419 | 0044 8960 | 0c89 580c | 448b 512c 

  0x000001da87d2d4d0: ;   {oop(a 'java/lang/Class'{0x00000000a0a72bd0} = 'java/lang/System')}
  0x000001da87d2d4d0: 48ba d02b | a7a0 0000 | 0000 8b6a | 7c85 ed0f | 855b 4600 | 0045 85d2 | 0f84 9527 | 0000 4889 
  0x000001da87d2d4f0: 4424 6889 | 5c24 4c44 | 895c 2458 | 4889 4c24 | 5048 897c | 2460 4489 | 4424 484c | 894c 2440 
  0x000001da87d2d510: 498b ea48 | 8bd5 6690 

  0x000001da87d2d518: ;   {static_call}
  0x000001da87d2d518: c5f8 77e8 

  0x000001da87d2d51c: ; ImmutableOopMap {rbp=Oop [32]=Oop [40]=Oop [52]=NarrowOop [56]=Oop [64]=Oop [72]=NarrowOop [76]=NarrowOop [80]=Oop [104]=Oop }
                      ;*invokestatic ensureMaterializedForStackWalk {reexecute=0 rethrow=0 return_oop=0}
                      ; - java.security.AccessController::executePrivileged@5 (line 803)
                      ; - java.security.AccessController::doPrivileged@13 (line 712)
                      ; - jdk.internal.loader.URLClassPath$JarLoader::ensureOpen@19 (line 763)
                      ; - jdk.internal.loader.URLClassPath$JarLoader::getResource@1 (line 952)
                      ; - jdk.internal.loader.URLClassPath::getResource@53 (line 321)
                      ; - java.net.URLClassLoader$1::run@26 (line 424)
                      ; - java.net.URLClassLoader$1::run@1 (line 421)
  0x000001da87d2d51c: 6044 85ff | 4c8b 4c24 | 4048 8b4c | 2450 448b | 5c24 5848 | 8b44 2468 | 4489 5c24 | 5848 894c 
  0x000001da87d2d53c: 2450 4c89 | 4c24 4048 | 8bd0 6690 

  0x000001da87d2d548: ;   {optimized virtual_call}
  0x000001da87d2d548: c5f8 77e8 

  0x000001da87d2d54c: ; ImmutableOopMap {rbp=Oop [32]=Oop [40]=Oop [52]=NarrowOop [56]=Oop [64]=Oop [72]=NarrowOop [76]=NarrowOop [80]=Oop }
                      ;*invokevirtual run {reexecute=0 rethrow=0 return_oop=1}
                      ; - jdk.internal.loader.URLClassPath$JarLoader$1::run@1 (line 764)
                      ; - java.security.AccessController::executePrivileged@29 (line 807)
                      ; - java.security.AccessController::doPrivileged@13 (line 712)
                      ; - jdk.internal.loader.URLClassPath$JarLoader::ensureOpen@19 (line 763)
                      ; - jdk.internal.loader.URLClassPath$JarLoader::getResource@1 (line 952)
                      ; - jdk.internal.loader.URLClassPath::getResource@53 (line 321)
                      ; - java.net.URLClassLoader$1::run@26 (line 424)
                      ; - java.net.URLClassLoader$1::run@1 (line 421)
  0x000001da87d2d54c: 303e 85ff | 488b 4c24 | 5044 8b51 | 1845 85d2 | 0f84 4a42 | 0000 4c8b | 4c24 4044 | 8b44 2448 
  0x000001da87d2d56c: 488b 7c24 | 6044 8b5c | 2458 8b5c | 244c e992 | feff ff4c | 8b54 2428 | 458b 5a10 | 418b 5a0c 
  0x000001da87d2d58c: 4585 db0f | 843f 4200 | 0044 895c | 243c 488b | f0c5 f877 | 49ba 20fb | e5ce fb7f | 0000 41ff 
  0x000001da87d2d5ac: d248 8944 | 2448 448b | 5314 458b | 420c 0fbe | 4b10 458b | d841 d3fb | 41ff cb85 | c90f 85b5 
  0x000001da87d2d5cc: 4500 0041 | 8bf8 ffcf | 443b df41 | 0f4c fb48 | 8bcb 85ff | 0f8c e500 | 0000 4585 | c00f 8629 
  0x000001da87d2d5ec: 4200 0041 | 3bf8 0f83 | 2042 0000 | 85ff 0f8e | 2443 0000 | 448b df41 | ffcb 450f | be4c 3a10 
  0x000001da87d2d60c: 4183 f92e | 0f84 3724 | 0000 ffcf | 413b fb7f | e983 ff02 | 0f8e 8800 | 0000 448b | c741 83c0 
  0x000001da87d2d62c: fe33 d283 | ff02 440f | 4cc2 4181 | f8a0 0f00 | 0041 bba0 | 0f00 0045 | 0f47 c38b | d741 2bd0 
  0x000001da87d2d64c: 0f1f 4000 | 4c63 c747 | 0fbe 5c02 | 1041 83fb | 2e74 7447 | 0fbe 4402 | 0f41 83f8 | 2e74 6d44 
  0x000001da87d2d66c: 8bdf 4183 | c3fe 470f | be4c 1a10 | 4183 f92e | 7460 448b | df41 83c3 | fd47 0fbe | 441a 1041 
  0x000001da87d2d68c: 83f8 2e74 | 4d83 c7fc | 3bfa 7fb8 | 4d8b 8750 | 0300 004d 

  0x000001da87d2d6a0: ; ImmutableOopMap {r10=NarrowOop r9=Oop rcx=Oop rbx=NarrowOop rsi=Oop [32]=Oop [40]=Oop [60]=NarrowOop }
                      ;*goto {reexecute=1 rethrow=0 return_oop=0}
                      ; - (reexecute) java.lang.StringLatin1::lastIndexOf@35 (line 294)
                      ; - java.lang.String::lastIndexOf@13 (line 2489)
                      ; - java.lang.String::lastIndexOf@8 (line 2451)
                      ; - java.net.URLClassLoader::defineClass@7 (line 486)
                      ; - java.net.URLClassLoader$1::run@43 (line 427)
                      ; - java.net.URLClassLoader$1::run@1 (line 421)
                      ;   {poll}
  0x000001da87d2d6a0: 8bca 4185 | 0083 ff02 | 0f8f 78ff | ffff 83ff | ff7e 1890 | 450f be5c | 3a10 4183 | fb2e 0f84 
  0x000001da87d2d6c0: b844 0000 | ffcf 83ff | ff7f e941 | bbff ffff | ffeb 0b44 | 8bdf eb06 | 448b df41 | ffcb 4c8b 
  0x000001da87d2d6e0: c645 8b50 

  0x000001da87d2d6e4: ;   {metadata('jdk/internal/loader/URLClassPath$JarLoader$2')}
  0x000001da87d2d6e4: 0841 81fa | 6052 1900 | 0f85 832a | 0000 498b | e88b 7d20 

  0x000001da87d2d6f8: ; implicit exception: dispatches to 0x000001da87d32860
  0x000001da87d2d6f8: 448b 4f1c | 4c89 8c24 | c000 0000 | 8b74 243c | 488b d641 | 83fb ff0f | 84e0 2a00 | 0044 8b4b 
  0x000001da87d2d718: 1441 8b79 | 0c89 7c24 | 6c44 894c | 2468 4889 | 5424 6044 | 8954 2434 | 4889 4c24 | 3889 7424 
  0x000001da87d2d738: 584c 8944 | 2440 0fbe | 4b10 895c | 245c 8bef | d3fd 4585 | db0f 8c75 | 4400 0044 | 3bdd 0f8f 
  0x000001da87d2d758: c444 0000 | 443b dd0f | 84d6 2200 | 0085 c90f | 85df 4400 | 0045 8bd3 | 4585 db0f | 84c8 2800 
  0x000001da87d2d778: 004d 8b87 | 0801 0000 | 4d8b d849 | 83c3 184d | 3b9f 1801 | 0000 0f83 | 712d 0000 | 4d89 9f08 
  0x000001da87d2d798: 0100 0041 | 0f0d 8bc0 | 0000 0049 | c700 0100 

  0x000001da87d2d7a8: ;   {metadata('java/lang/String')}
  0x000001da87d2d7a8: 0000 41c7 | 4008 e0e9 | 0000 4589 | 600c 4d89 | 6010 4181 | fa00 0010 | 000f 87a5 | 4100 004d 
  0x000001da87d2d7c8: 63da 4c89 | 4424 7044 | 8b4c 246c | 453b ca41 | 8bea 410f | 4ce9 443b | cd0f 8246 | 4200 0044 
  0x000001da87d2d7e8: 3bd5 0f82 | 3d42 0000 | 4489 5424 | 6c49 83c3 | 174c 895c | 2478 4d8b | d349 83e2 | f84c 8994 
  0x000001da87d2d808: 2480 0000 | 0044 8b5c | 246c 4181 | fb00 0010 | 000f 8708 | 2d00 0049 | 8b9f 0801 | 0000 4c8b 
  0x000001da87d2d828: d34c 8b9c | 2480 0000 | 004d 03d3 | 4d3b 9718 | 0100 000f | 83e6 2c00 | 004d 8997 | 0801 0000 
  0x000001da87d2d848: 410f 0d8a | c000 0000 | 48c7 0301 | 0000 0041 | 0f0d 8a00 

  0x000001da87d2d85c: ;   {metadata({type array byte})}
  0x000001da87d2d85c: 0100 00c7 | 4308 2867 | 0000 448b | 5c24 6c44 | 895b 0c41 | 0f0d 8a40 | 0100 0041 | 0f0d 8a80 
  0x000001da87d2d87c: 0100 004c | 8bcb 4983 | c110 488b | 4c24 7848 | c1e9 0348 | 8bf3 85ed | 0f84 da40 | 0000 448b 
  0x000001da87d2d89c: 5c24 6844 | 8b54 2468 | 4d8d 5a10 | 3b6c 246c | 0f8c 9e27 | 0000 4c8b | 8424 8000 | 0000 4983 
  0x000001da87d2d8bc: c0f0 49c1 | e803 498b | cb49 8bd1 | c5f8 7749 | ba60 8656 | 87da 0100 | 0041 ffd2 | 4c8b 4424 
  0x000001da87d2d8dc: 7041 8970 | 144d 8bd0 | 4c8b db4d | 33da 49c1 | eb14 4d85 | db74 1a49 | c1ea 0948 | b900 00db 
  0x000001da87d2d8fc: f3da 0100 | 0049 03ca | 8039 040f | 85d9 2700 | 0045 8860 | 104c 8984 | 24c8 0000 | 0044 8b5c 
  0x000001da87d2d91c: ;   {metadata('jdk/internal/loader/URLClassPath$JarLoader$2')}
  0x000001da87d2d91c: 2434 4181 | fb60 5219 | 000f 8511 | 3f00 004c | 8b5c 2440 

  0x000001da87d2d930: ;   {oop(a 'java/lang/Class'{0x00000000a0a72598} = 'jdk/internal/access/SharedSecrets')}
  0x000001da87d2d930: 49ba 9825 | a7a0 0000 | 0000 458b | 92c8 0000 | 0045 8b4a | 084c 895c | 2468 458b | 5b20 458b 
  0x000001da87d2d950: ;   {metadata('java/util/jar/JavaUtilJarAccessImpl')}
  0x000001da87d2d950: 5b18 4181 | f9d8 0d19 | 000f 8509 | 3f00 0045 | 85db 0f84 | 883e 0000 | 418b eb4d | 8bd3 4c89 
  0x000001da87d2d970: 5424 704c | 8b44 2470 | 488d 9c24 | 0001 0000 | 498b 0048 | f7c0 0200 | 0000 7524 | 4883 c801 
  0x000001da87d2d990: 4889 03f0 | 490f b118 | 0f84 3e00 | 0000 482b | c448 81e0 | 07f0 ffff | 4889 03e9 | 2c00 0000 
  0x000001da87d2d9b0: 4c8b d048 | 33c0 f04d | 0fb1 7a3e | 48c7 0303 | 0000 000f | 8413 0000 | 004c 3bf8 | 0f85 0a00 
  0x000001da87d2d9d0: 0000 49ff | 8286 0000 | 0048 33c0 | 0f85 d63e | 0000 443b | 6530 0f85 | 8128 0000 | 440f b655 
  0x000001da87d2d9f0: 1245 85d2 | 0f85 5b20 | 0000 4c8b | 5c24 7048 | 8d84 2400 | 0100 0048 | 8138 0000 | 0000 0f84 
  0x000001da87d2da10: 8300 0000 | 4d8b 1349 | f7c2 0200 | 0000 746f | 4981 ba86 | 0000 0000 | 0000 0074 | 0949 ff8a 
  0x000001da87d2da30: 8600 0000 | eb51 498b | 8296 0000 | 0049 0b82 | 8e00 0000 | 750a 49c7 | 423e 0000 | 0000 eb47 
  0x000001da87d2da50: 4981 ba9e | 0000 0000 | 0000 0074 | 2548 33c0 | 49c7 423e | 0000 0000 | f083 0424 | 0049 81ba 
  0x000001da87d2da70: 9e00 0000 | 0000 0000 | 750d f04d | 0fb1 7a3e | 7505 83c8 | 01eb 10f7 | c000 0000 | 00eb 084c 
  0x000001da87d2da90: 8b10 f04d | 0fb1 130f | 8534 3e00 | 004c 8b44 | 2468 458b | 5020 418b | 6a18 448b 

  0x000001da87d2daac: ;   {metadata('java/util/jar/JarFile')}
  0x000001da87d2daac: 5508 4181 | fa88 8018 | 000f 853c | 3e00 004c | 8bd5 4d8b | ca45 8b51 | 2845 85d2 | 0f84 760b 
  0x000001da87d2dacc: 0000 418b | 6a0c 4180 | 7f38 000f | 8558 2600 | 008b 4d08 | 418b fa4d | 8bd9 4d8b | d04c 8b47 
  0x000001da87d2daec: ;   {oop(a 'java/lang/Class'{0x00000000a0a728c8} = 'java/lang/ref/SoftReference')}
  0x000001da87d2daec: 2049 b9c8 | 28a7 a000 | 0000 004d | 8b49 704d | 3bc1 0f85 | a21f 0000 

  0x000001da87d2db04: ;   {metadata('java/util/jar/Manifest')}
  0x000001da87d2db04: 81f9 009c | 0600 0f85 | b44b 0000 | 4d8b c24c | 8944 2450 | 488b 5424 | 604c 8b84 | 24c8 0000 
  0x000001da87d2db24: 004c 8bcd | 488b bc24 | c000 0000 

  0x000001da87d2db30: ;   {optimized virtual_call}
  0x000001da87d2db30: c5f8 77e8 

  0x000001da87d2db34: ; ImmutableOopMap {rbp=Oop [40]=Oop [56]=Oop [64]=Oop [80]=Oop [88]=NarrowOop [92]=NarrowOop [96]=Oop [192]=Oop [200]=Oop }
                      ;*invokevirtual getAndVerifyPackage {reexecute=0 rethrow=0 return_oop=1}
                      ; - java.net.URLClassLoader::defineClass@46 (line 492)
                      ; - java.net.URLClassLoader$1::run@43 (line 427)
                      ; - java.net.URLClassLoader$1::run@1 (line 421)
  0x000001da87d2db34: 489a fbff | 4885 c00f | 8493 0400 | 004c 8b44 | 2440 8b74 | 2458 488b | 4c24 3848 | 894c 2420 
  0x000001da87d2db54: 8974 2430 | 4c89 4424 | 4049 8bd0 

  0x000001da87d2db60: ;   {optimized virtual_call}
  0x000001da87d2db60: c5f8 77e8 

  0x000001da87d2db64: ; ImmutableOopMap {[32]=Oop [40]=Oop [48]=NarrowOop [64]=Oop [92]=NarrowOop [96]=Oop [192]=Oop }
                      ;*invokevirtual getByteBuffer {reexecute=0 rethrow=0 return_oop=1}
                      ; - java.net.URLClassLoader::defineClass@132 (line 511)
                      ; - java.net.URLClassLoader$1::run@43 (line 427)
                      ; - java.net.URLClassLoader$1::run@1 (line 421)
  0x000001da87d2db64: f8f7 0000 | 4885 c00f | 8583 4000 | 0048 8b54 | 2440 8b6a 

  0x000001da87d2db78: ;   {metadata('jdk/internal/loader/URLClassPath$JarLoader$2')}
  0x000001da87d2db78: 0881 fd60 | 5219 000f | 853e 2600 | 0048 8954 | 2438 6690 

  0x000001da87d2db8c: ;   {optimized virtual_call}
  0x000001da87d2db8c: c5f8 77e8 

  0x000001da87d2db90: ; ImmutableOopMap {[32]=Oop [40]=Oop [48]=NarrowOop [56]=Oop [64]=Oop [92]=NarrowOop [96]=Oop [192]=Oop }
                      ;*invokevirtual getBytes {reexecute=0 rethrow=0 return_oop=1}
                      ; - java.net.URLClassLoader::defineClass@179 (line 519)
                      ; - java.net.URLClassLoader$1::run@43 (line 427)
                      ; - java.net.URLClassLoader$1::run@1 (line 421)
  0x000001da87d2db90: 2c1b 0b00 | 4889 4424 

  0x000001da87d2db98: ;   {metadata('jdk/internal/loader/URLClassPath$JarLoader$2')}
  0x000001da87d2db98: 3881 fd60 | 5219 000f | 853d 2600 | 0048 8b54 | 2440 6690 

  0x000001da87d2dbac: ;   {optimized virtual_call}
  0x000001da87d2dbac: c5f8 77e8 

  0x000001da87d2dbb0: ; ImmutableOopMap {[32]=Oop [40]=Oop [48]=NarrowOop [56]=Oop [64]=Oop [92]=NarrowOop [96]=Oop [192]=Oop }
                      ;*invokevirtual getCodeSigners {reexecute=0 rethrow=0 return_oop=1}
                      ; - java.net.URLClassLoader::defineClass@185 (line 521)
                      ; - java.net.URLClassLoader$1::run@43 (line 427)
                      ; - java.net.URLClassLoader$1::run@1 (line 421)
  0x000001da87d2dbb0: 2c01 fcff | 488b e849 | 8b87 0801 | 0000 4c8b | d049 83c2 | 284d 3b97 | 1801 0000 | 0f83 1a29 
  0x000001da87d2dbd0: 0000 4d89 | 9708 0100 | 0041 0f0d | 8ac0 0000 | 0048 c700 | 0100 0000 

  0x000001da87d2dbe8: ;   {metadata('java/security/CodeSource')}
  0x000001da87d2dbe8: c740 08a0 | ee00 0044 | 8960 0c4c | 8960 104c | 8960 184c | 8960 2048 | 8944 2450 | 488b d04c 
  0x000001da87d2dc08: 8b84 24c0 | 0000 004c | 8bcd 6690 

  0x000001da87d2dc14: ;   {optimized virtual_call}
  0x000001da87d2dc14: c5f8 77e8 

  0x000001da87d2dc18: ; ImmutableOopMap {[32]=Oop [40]=Oop [48]=NarrowOop [56]=Oop [64]=Oop [80]=Oop [92]=NarrowOop [96]=Oop }
                      ;*invokespecial <init> {reexecute=0 rethrow=0 return_oop=0}
                      ; - java.net.URLClassLoader::defineClass@198 (line 522)
                      ; - java.net.URLClassLoader$1::run@43 (line 427)
                      ; - java.net.URLClassLoader$1::run@1 (line 421)
  0x000001da87d2dc18: a414 0b00 

  0x000001da87d2dc1c: ;   {oop(a 'jdk/internal/perf/PerfCounter'{0x00000000a0aa8030})}
  0x000001da87d2dc1c: 48ba 3080 | aaa0 0000 | 0000 4c8b | 4424 4890 

  0x000001da87d2dc2c: ;   {optimized virtual_call}
  0x000001da87d2dc2c: c5f8 77e8 

  0x000001da87d2dc30: ; ImmutableOopMap {[32]=Oop [40]=Oop [48]=NarrowOop [56]=Oop [64]=Oop [80]=Oop [92]=NarrowOop [96]=Oop }
                      ;*invokevirtual addElapsedTimeFrom {reexecute=0 rethrow=0 return_oop=0}
                      ; - java.net.URLClassLoader::defineClass@207 (line 523)
                      ; - java.net.URLClassLoader$1::run@43 (line 427)
                      ; - java.net.URLClassLoader$1::run@1 (line 421)
  0x000001da87d2dc30: 0c08 edff | 4c8b 4c24 | 3841 8b71 | 0c48 8b54 | 2460 4c8b | 4424 2033 | ff48 8b4c | 2450 6690 
  0x000001da87d2dc50: ;   {optimized virtual_call}
  0x000001da87d2dc50: c5f8 77e8 

  0x000001da87d2dc54: ; ImmutableOopMap {[40]=Oop [64]=Oop }
                      ;*invokevirtual defineClass {reexecute=0 rethrow=0 return_oop=1}
                      ; - java.net.URLClassLoader::defineClass@220 (line 524)
                      ; - java.net.URLClassLoader$1::run@43 (line 427)
                      ; - java.net.URLClassLoader$1::run@1 (line 421)
  0x000001da87d2dc54: 2874 0700 | eb02 33c0 | c5f8 7748 | 81c4 1001 

  0x000001da87d2dc64: ;   {poll_return}
  0x000001da87d2dc64: 0000 5d49 | 3ba7 4803 | 0000 0f87 | 5858 0000 | c341 b92f | 0000 00e9 | cff2 ffff | 498b 8708 
  0x000001da87d2dc84: 0100 004c | 8bd0 4983 | c218 4d3b | 9718 0100 | 000f 83b2 | 3500 004d | 8997 0801 | 0000 410f 
  0x000001da87d2dca4: 0d8a c000 | 0000 48c7 | 0001 0000 

  0x000001da87d2dcb0: ;   {metadata('java/lang/String')}
  0x000001da87d2dcb0: 00c7 4008 | e0e9 0000 | 4489 600c | 4489 6010 

  0x000001da87d2dcc0: ;   {oop([B{0x00000000a0a4d288})}
  0x000001da87d2dcc0: c740 1488 

  0x000001da87d2dcc4: ;   {oop(".class"{0x00000000a0a4d270})}
  0x000001da87d2dcc4: d2a4 a049 | ba70 d2a4 | a000 0000 | 0045 8b52 | 0c44 8950 | 0c48 8944 | 2440 e948 | f5ff ff49 
  0x000001da87d2dce4: 3bc8 0f84 | 2e06 0000 | 4585 db0f | 840c 0100 | 0041 8b4b 

  0x000001da87d2dcf8: ;   {metadata('java/lang/String')}
  0x000001da87d2dcf8: 0881 f9e0 | e900 000f | 85fc 0000 | 004d 8bc3 | 410f be6b | 1044 3bf5 | 0f85 0648 | 0000 418b 
  0x000001da87d2dd18: 4a0c 4d8b | d845 8b5b | 1441 8b5b | 0c3b cb0f | 85d4 0000 | 004d 8bc3 | 498d 7310 | 4d8b da49 
  0x000001da87d2dd38: 8d7a 1085 | c90f 84a5 | 0000 008b | c183 e01f | 83e1 e00f | 844b 0000 | 0048 8d3c | 0f48 8d34 
  0x000001da87d2dd58: 0e48 f7d9 | c5fe 6f04 | 0fc5 fe6f | 0c0e c5fd | efc1 c4e2 | 7d17 c00f | 857a 0000 | 0048 83c1 
  0x000001da87d2dd78: 2075 e185 | c00f 8465 | 0000 00c5 | fe6f 4407 | e0c5 fe6f | 4c06 e0c5 | fdef c1c4 | e27d 17c0 
  0x000001da87d2dd98: 7555 eb4c | 8bc8 83e1 | fc74 1948 | 8d3c 0f48 | 8d34 0e48 | f7d9 8b1c | 0f3b 1c0e | 7539 4883 
  0x000001da87d2ddb8: c104 75f2 | f7c0 0200 | 0000 7412 | 0fb7 1f0f | b70e 3bd9 | 7521 488d | 7f02 488d | 7602 f7c0 
  0x000001da87d2ddd8: 0100 0000 | 740a 0fb6 | 1f0f b60e | 3bd9 7507 | b801 0000 | 00eb 0233 | c0c5 fdef | c0c5 f5ef 
  0x000001da87d2ddf8: c985 c00f | 8519 0500 | 0045 8bdd | 418b 6b18 | 85ed 0f84 | 7501 0000 | 458b 5b08 

  0x000001da87d2de14: ;   {metadata('java/util/HashMap$TreeNode')}
  0x000001da87d2de14: 4181 fbe0 | f512 000f | 84ca 4500 | 004c 8bdd | 4d8b c341 | 8b48 0c41 | 3bc9 0f85 | 3401 0000 
  0x000001da87d2de34: 418b 5810 | 4c8b db48 | 8b8c 24a8 | 0000 004c | 3bd9 0f84 | d704 0000 | 493b cb0f | 84ce 0400 
  0x000001da87d2de54: 0085 db0f | 840b 0100 | 008b 4b08 

  0x000001da87d2de60: ;   {metadata('java/lang/String')}
  0x000001da87d2de60: 81f9 e0e9 | 0000 0f85 | fc00 0000 | 4c8b db49 | 8bdb 410f | be6b 1044 | 3bf5 0f85 | 1047 0000 
  0x000001da87d2de80: 418b 4a0c | 458b 5b14 | 418b 7b0c | 3bcf 0f85 | d400 0000 | 498b db49 | 8d73 104d | 8bda 498d 
  0x000001da87d2dea0: 7a10 85c9 | 0f84 a500 | 0000 8bc1 | 83e0 1f83 | e1e0 0f84 | 4b00 0000 | 488d 3c0f | 488d 340e 
  0x000001da87d2dec0: 48f7 d9c5 | fe6f 040f | c5fe 6f0c | 0ec5 fdef | c1c4 e27d | 17c0 0f85 | 7a00 0000 | 4883 c120 
  0x000001da87d2dee0: 75e1 85c0 | 0f84 6500 | 0000 c5fe | 6f44 07e0 | c5fe 6f4c | 06e0 c5fd | efc1 c4e2 | 7d17 c075 
  0x000001da87d2df00: 55eb 4c8b | c883 e1fc | 7419 488d | 3c0f 488d | 340e 48f7 | d98b 1c0f | 3b1c 0e75 | 3948 83c1 
  0x000001da87d2df20: 0475 f2f7 | c002 0000 | 0074 120f | b71f 0fb7 | 0e3b d975 | 2148 8d7f | 0248 8d76 | 02f7 c001 
  0x000001da87d2df40: 0000 0074 | 0a0f b61f | 0fb6 0e3b | d975 07b8 | 0100 0000 | eb02 33c0 | c5fd efc0 | c5f5 efc9 
  0x000001da87d2df60: 85c0 0f85 | bb03 0000 | 4d8b 9f50 | 0300 0041 

  0x000001da87d2df70: ; ImmutableOopMap {r10=NarrowOop rcx=NarrowOop [40]=Oop [56]=Oop [64]=Oop [80]=Oop [88]=NarrowOop [92]=NarrowOop [96]=Oop [104]=Oop [112]=Oop [168]=Oop [192]=Oop [200]=Oop }
                      ;*ifnonnull {reexecute=1 rethrow=0 return_oop=0}
                      ; - (reexecute) java.util.HashMap::getNode@145 (line 579)
                      ; - java.util.HashMap::get@2 (line 556)
                      ; - java.util.jar.Manifest::getAttributes@5 (line 159)
                      ; - java.util.jar.Manifest::getTrustedAttributes@2 (line 176)
                      ; - java.util.jar.JavaUtilJarAccessImpl::getTrustedAttributes@2 (line 68)
                      ; - java.net.URLClassLoader::definePackage@42 (line 552)
                      ; - java.net.URLClassLoader::defineClass@64 (line 495)
                      ; - java.net.URLClassLoader$1::run@43 (line 427)
                      ; - java.net.URLClassLoader$1::run@1 (line 421)
                      ;   {poll}
  0x000001da87d2df70: 8b48 1841 | 8503 85c9 | 740b 4c8b | d94d 8bc3 | e9a2 feff | ff45 33d2 | 4533 db45 | 33c0 4533 
  0x000001da87d2df90: c933 c933 | db33 ff4c | 8994 24f8 | 0000 004c | 899c 24f0 | 0000 004c | 8984 24e8 | 0000 004c 
  0x000001da87d2dfb0: 898c 24e0 | 0000 0048 | 898c 24d8 | 0000 0048 | 899c 24b8 | 0000 0048 | 89bc 24d0 | 0000 00e9 
  0x000001da87d2dfd0: cb04 0000 | 4c8b dd48 | 85ed 0f84 | 5322 0000 

  0x000001da87d2dfe0: ;   {oop(a 'java/lang/Class'{0x00000000a0a72598} = 'jdk/internal/access/SharedSecrets')}
  0x000001da87d2dfe0: 49ba 9825 | a7a0 0000 | 0000 458b | 92c8 0000 | 0045 8b4a | 0844 894c | 2420 4889 | 6c24 684d 
  0x000001da87d2e000: 8bda 4c89 | 5c24 7044 | 8954 2434 | 41b8 2e00 | 0000 488b | 9424 c800 | 0000 41b9 | 2f00 0000 
  0x000001da87d2e020: 488b 6c24 | 2866 6690 

  0x000001da87d2e028: ;   {optimized virtual_call}
  0x000001da87d2e028: c5f8 77e8 

  0x000001da87d2e02c: ; ImmutableOopMap {rbp=Oop [40]=Oop [52]=NarrowOop [56]=Oop [64]=Oop [80]=Oop [88]=NarrowOop [92]=NarrowOop [96]=Oop [104]=Oop [112]=Oop [192]=Oop [200]=Oop }
                      ;*invokevirtual replace {reexecute=0 rethrow=0 return_oop=1}
                      ; - java.net.URLClassLoader::definePackage@33 (line 552)
                      ; - java.net.URLClassLoader::defineClass@64 (line 495)
                      ; - java.net.URLClassLoader$1::run@43 (line 427)
                      ; - java.net.URLClassLoader$1::run@1 (line 421)
  0x000001da87d2e02c: 307b e6ff 

  0x000001da87d2e030: ; implicit exception: dispatches to 0x000001da87d32918
  0x000001da87d2e030: 448b 5814 

  0x000001da87d2e034: ; implicit exception: dispatches to 0x000001da87d32944
  0x000001da87d2e034: 458b 4b0c | 4585 c90f | 869e 3100 | 0044 898c | 2484 0000 | 0044 899c | 2480 0000 | 0048 8944 
  0x000001da87d2e054: 2478 440f | be50 1044 | 8994 2488 | 0000 0045 | 8bd9 418b | ca41 d3fb | 4489 9c24 | 8c00 0000 
  0x000001da87d2e074: 4d63 d34c | 8994 2490 | 0000 0083 | f901 0f84 | 943e 0000 | 448b 9c24 | 8c00 0000 | 4585 db0f 
  0x000001da87d2e094: 8c47 3d00 | 0049 8bea | 4883 c501 | 448b dd45 | 8bd3 4585 | db0f 8c7d | 3d00 004c | 8bdd 49c1 
  0x000001da87d2e0b4: fb20 418b | cb41 d3e2 | 4489 9424 | 9800 0000 | 4585 d20f | 8c9b 3e00 | 0041 81fa | 0000 1000 
  0x000001da87d2e0d4: 0f87 be3b | 0000 4d63 | da41 81fa | 0000 1000 | 0f87 9c31 | 0000 4d8b | 9708 0100 | 0049 83c3 
  0x000001da87d2e0f4: 1749 83e3 | f84d 8bc2 | 4d03 c34d | 3b87 1801 | 0000 0f83 | 7a31 0000 | 4d89 8708 | 0100 0041 
  0x000001da87d2e114: 0f0d 88c0 | 0000 0049 | c702 0100 | 0000 410f | 0d88 0001 

  0x000001da87d2e128: ;   {metadata({type array byte})}
  0x000001da87d2e128: 0000 41c7 | 4208 2867 | 0000 448b | 9c24 9800 | 0000 4589 | 5a0c 410f | 0d88 4001 | 0000 410f 
  0x000001da87d2e148: 0d88 8001 | 0000 4c89 | 9424 a000 | 0000 448b | 8424 8c00 | 0000 41ff | c044 8b9c | 2498 0000 
  0x000001da87d2e168: 0045 8bd3 | 453b d80f | 82bb 3b00 | 004c 8b9c | 24a0 0000 | 0044 8b8c | 248c 0000 | 0043 c644 
  0x000001da87d2e188: 0b10 2f44 | 8b9c 2488 | 0000 0045 | 85db 0f85 | d83c 0000 | 458b da44 | 3b9c 2484 | 0000 000f 
  0x000001da87d2e1a8: 82d3 3b00 | 0044 8b94 | 2484 0000 | 0045 85d2 | 7631 458b | da48 8b94 | 24a0 0000 | 0048 83c2 
  0x000001da87d2e1c8: 1044 8b84 | 2480 0000 | 004d 8bd0 | 498d 4810 | 4d63 c3c5 | f877 49ba | 607f 5687 | da01 0000 
  0x000001da87d2e1e8: 41ff d249 | 8b87 0801 | 0000 4c8b | d049 83c2 | 184d 3b97 | 1801 0000 | 0f83 a230 | 0000 4d89 
  0x000001da87d2e208: 9708 0100 | 0041 0f0d | 8ac0 0000 | 0048 c700 | 0100 0000 

  0x000001da87d2e21c: ;   {metadata('java/lang/String')}
  0x000001da87d2e21c: c740 08e0 | e900 0044 | 8960 0c44 | 8960 104c | 8b94 24a0 | 0000 004d | 8bda 4489 | 5814 4889 
  0x000001da87d2e23c: 8424 a800 | 0000 448b 

  0x000001da87d2e244: ;   {metadata('java/util/jar/JavaUtilJarAccessImpl')}
  0x000001da87d2e244: 5c24 2041 | 81fb d80d | 1900 0f85 | 4c3a 0000 | 4c8b 5424 | 684d 8bc2 | 418b 6810 

  0x000001da87d2e260: ; implicit exception: dispatches to 0x000001da87d32970
  0x000001da87d2e260: 448b 5d08 

  0x000001da87d2e264: ;   {metadata('java/util/HashMap')}
  0x000001da87d2e264: 4181 fb20 | 360b 000f | 857f 3a00 | 004c 8944 | 2470 4c8b | d545 8b5a | 24c4 c179 | 6ec3 4585 
  0x000001da87d2e284: db0f 84fa | fcff ff45 | 8b53 0c45 | 8bda 4585 | d20f 8639 | 3c00 004c | 8b94 24a8 | 0000 0045 
  0x000001da87d2e2a4: 8b4a 0c45 | 0fbe 4210 | 458b f045 | 8b52 1441 | ffcb c4c1 | 796e d345 | 85c9 0f84 | f717 0000 
  0x000001da87d2e2c4: 458b c141 | c1e8 1045 | 8bd8 4533 | d945 8bcb | c4c1 797e | d045 23c3 | 418b c8c4 | c179 7ec3 
  0x000001da87d2e2e4: 458b 5c8b | 1045 8beb | 4585 db0f | 8490 fcff | ff45 8b43 | 0c45 3bc1 | 0f85 fffa | ffff 458b 
  0x000001da87d2e304: 5b10 4d8b | c348 8b8c | 24a8 0000 | 004c 3bc1 | 0f85 c9f9 | ffff 458b | dd4d 8bd3 | 4d8b c241 
  0x000001da87d2e324: 8b68 1485 | ed0f 8456 | fcff ff44 

  0x000001da87d2e330: ;   {metadata('java/util/jar/Attributes')}
  0x000001da87d2e330: 8b5d 0841 | 81fb f84c | 1800 0f85 | 4c43 0000 | 4c8b 5424 | 7045 8b52 | 144c 8bdd | 498b eb45 
  0x000001da87d2e350: 85d2 741c | 498b d24c | 8b84 24a8 | 0000 0090 

  0x000001da87d2e360: ;   {optimized virtual_call}
  0x000001da87d2e360: c5f8 77e8 

  0x000001da87d2e364: ; ImmutableOopMap {rbp=Oop [40]=Oop [56]=Oop [64]=Oop [80]=Oop [88]=NarrowOop [92]=NarrowOop [96]=Oop [104]=Oop [112]=Oop [168]=Oop [192]=Oop [200]=Oop }
                      ;*invokevirtual isTrustedManifestEntry {reexecute=0 rethrow=0 return_oop=0}
                      ; - java.util.jar.Manifest::getTrustedAttributes@22 (line 177)
                      ; - java.util.jar.JavaUtilJarAccessImpl::getTrustedAttributes@2 (line 68)
                      ; - java.net.URLClassLoader::definePackage@42 (line 552)
                      ; - java.net.URLClassLoader::defineClass@64 (line 495)
                      ; - java.net.URLClassLoader$1::run@43 (line 427)
                      ; - java.net.URLClassLoader$1::run@1 (line 421)
  0x000001da87d2e364: 1830 85ff | 85c0 0f84 | 483c 0000 

  0x000001da87d2e370: ;   {oop(a 'java/util/jar/Attributes$Name'{0x00000000a088f548})}
  0x000001da87d2e370: 488b d549 | b848 f588 | a000 0000 | 0066 6690 

  0x000001da87d2e380: ;   {optimized virtual_call}
  0x000001da87d2e380: c5f8 77e8 

  0x000001da87d2e384: ; ImmutableOopMap {rbp=Oop [40]=Oop [56]=Oop [64]=Oop [80]=Oop [88]=NarrowOop [92]=NarrowOop [96]=Oop [104]=Oop [112]=Oop [192]=Oop [200]=Oop }
                      ;*invokevirtual getValue {reexecute=0 rethrow=0 return_oop=1}
                      ; - java.net.URLClassLoader::definePackage@59 (line 554)
                      ; - java.net.URLClassLoader::defineClass@64 (line 495)
                      ; - java.net.URLClassLoader$1::run@43 (line 427)
                      ; - java.net.URLClassLoader$1::run@1 (line 421)
  0x000001da87d2e384: f82f 85ff | 4889 4424 | 2048 8bd5 

  0x000001da87d2e390: ;   {oop(a 'java/util/jar/Attributes$Name'{0x00000000a088f3d0})}
  0x000001da87d2e390: 49b8 d0f3 | 88a0 0000 | 0000 6690 

  0x000001da87d2e39c: ;   {optimized virtual_call}
  0x000001da87d2e39c: c5f8 77e8 

  0x000001da87d2e3a0: ; ImmutableOopMap {rbp=Oop [32]=Oop [40]=Oop [56]=Oop [64]=Oop [80]=Oop [88]=NarrowOop [92]=NarrowOop [96]=Oop [104]=Oop [112]=Oop [192]=Oop [200]=Oop }
                      ;*invokevirtual getValue {reexecute=0 rethrow=0 return_oop=1}
                      ; - java.net.URLClassLoader::definePackage@69 (line 555)
                      ; - java.net.URLClassLoader::defineClass@64 (line 495)
                      ; - java.net.URLClassLoader$1::run@43 (line 427)
                      ; - java.net.URLClassLoader$1::run@1 (line 421)
  0x000001da87d2e3a0: dc2f 85ff | 4889 4424 | 3048 8bd5 

  0x000001da87d2e3ac: ;   {oop(a 'java/util/jar/Attributes$Name'{0x00000000a088f480})}
  0x000001da87d2e3ac: 49b8 80f4 | 88a0 0000 | 0000 6690 

  0x000001da87d2e3b8: ;   {optimized virtual_call}
  0x000001da87d2e3b8: c5f8 77e8 

  0x000001da87d2e3bc: ; ImmutableOopMap {rbp=Oop [32]=Oop [40]=Oop [48]=Oop [56]=Oop [64]=Oop [80]=Oop [88]=NarrowOop [92]=NarrowOop [96]=Oop [104]=Oop [112]=Oop [192]=Oop [200]=Oop }
                      ;*invokevirtual getValue {reexecute=0 rethrow=0 return_oop=1}
                      ; - java.net.URLClassLoader::definePackage@79 (line 556)
                      ; - java.net.URLClassLoader::defineClass@64 (line 495)
                      ; - java.net.URLClassLoader$1::run@43 (line 427)
                      ; - java.net.URLClassLoader$1::run@1 (line 421)
  0x000001da87d2e3bc: c02f 85ff | 4889 4424 | 7848 8bd5 

  0x000001da87d2e3c8: ;   {oop(a 'java/util/jar/Attributes$Name'{0x00000000a05dac60})}
  0x000001da87d2e3c8: 49b8 60ac | 5da0 0000 | 0000 6690 

  0x000001da87d2e3d4: ;   {optimized virtual_call}
  0x000001da87d2e3d4: c5f8 77e8 

  0x000001da87d2e3d8: ; ImmutableOopMap {rbp=Oop [32]=Oop [40]=Oop [48]=Oop [56]=Oop [64]=Oop [80]=Oop [88]=NarrowOop [92]=NarrowOop [96]=Oop [104]=Oop [112]=Oop [120]=Oop [192]=Oop [200]=Oop }
                      ;*invokevirtual getValue {reexecute=0 rethrow=0 return_oop=1}
                      ; - java.net.URLClassLoader::definePackage@89 (line 557)
                      ; - java.net.URLClassLoader::defineClass@64 (line 495)
                      ; - java.net.URLClassLoader$1::run@43 (line 427)
                      ; - java.net.URLClassLoader$1::run@1 (line 421)
  0x000001da87d2e3d8: a42f 85ff | 4889 8424 | 8000 0000 

  0x000001da87d2e3e4: ;   {oop(a 'java/util/jar/Attributes$Name'{0x00000000a05dadd8})}
  0x000001da87d2e3e4: 488b d549 | b8d8 ad5d | a000 0000 | 0066 6690 

  0x000001da87d2e3f4: ;   {optimized virtual_call}
  0x000001da87d2e3f4: c5f8 77e8 

  0x000001da87d2e3f8: ; ImmutableOopMap {rbp=Oop [32]=Oop [40]=Oop [48]=Oop [56]=Oop [64]=Oop [80]=Oop [88]=NarrowOop [92]=NarrowOop [96]=Oop [104]=Oop [112]=Oop [120]=Oop [128]=Oop [192]=Oop [200]=Oop }
                      ;*invokevirtual getValue {reexecute=0 rethrow=0 return_oop=1}
                      ; - java.net.URLClassLoader::definePackage@99 (line 558)
                      ; - java.net.URLClassLoader::defineClass@64 (line 495)
                      ; - java.net.URLClassLoader$1::run@43 (line 427)
                      ; - java.net.URLClassLoader$1::run@1 (line 421)
  0x000001da87d2e3f8: 842f 85ff | 4889 8424 | 8800 0000 

  0x000001da87d2e404: ;   {oop(a 'java/util/jar/Attributes$Name'{0x00000000a088f6e0})}
  0x000001da87d2e404: 488b d549 | b8e0 f688 | a000 0000 | 0066 6690 

  0x000001da87d2e414: ;   {optimized virtual_call}
  0x000001da87d2e414: c5f8 77e8 

  0x000001da87d2e418: ; ImmutableOopMap {rbp=Oop [32]=Oop [40]=Oop [48]=Oop [56]=Oop [64]=Oop [80]=Oop [88]=NarrowOop [92]=NarrowOop [96]=Oop [104]=Oop [112]=Oop [120]=Oop [128]=Oop [136]=Oop [192]=Oop [200]=Oop }
                      ;*invokevirtual getValue {reexecute=0 rethrow=0 return_oop=1}
                      ; - java.net.URLClassLoader::definePackage@109 (line 559)
                      ; - java.net.URLClassLoader::defineClass@64 (line 495)
                      ; - java.net.URLClassLoader$1::run@43 (line 427)
                      ; - java.net.URLClassLoader$1::run@1 (line 421)
  0x000001da87d2e418: 642f 85ff | 4889 8424 | 9000 0000 

  0x000001da87d2e424: ;   {oop(a 'java/util/jar/Attributes$Name'{0x00000000a0a50c68})}
  0x000001da87d2e424: 488b d549 | b868 0ca5 | a000 0000 | 0048 8b6c | 2428 6690 

  0x000001da87d2e438: ;   {optimized virtual_call}
  0x000001da87d2e438: c5f8 77e8 

  0x000001da87d2e43c: ; ImmutableOopMap {rbp=Oop [32]=Oop [40]=Oop [48]=Oop [56]=Oop [64]=Oop [80]=Oop [88]=NarrowOop [92]=NarrowOop [96]=Oop [104]=Oop [112]=Oop [120]=Oop [128]=Oop [136]=Oop [144]=Oop [192]=Oop [200]=Oop }
                      ;*invokevirtual getValue {reexecute=0 rethrow=0 return_oop=1}
                      ; - java.net.URLClassLoader::definePackage@119 (line 560)
                      ; - java.net.URLClassLoader::defineClass@64 (line 495)
                      ; - java.net.URLClassLoader$1::run@43 (line 427)
                      ; - java.net.URLClassLoader$1::run@1 (line 421)
  0x000001da87d2e43c: 402f 85ff | 4889 8424 | d000 0000 | 4c8b 9424 | 9000 0000 | 4c89 9424 | b800 0000 | 4c8b 9424 
  0x000001da87d2e45c: 8800 0000 | 4c89 9424 | d800 0000 | 4c8b 9424 | 8000 0000 | 4c89 9424 | e000 0000 | 4c8b 5424 
  0x000001da87d2e47c: 784c 8994 | 24e8 0000 | 004c 8b54 | 2430 4c89 | 9424 f000 | 0000 4c8b | 5424 204c | 8994 24f8 
  0x000001da87d2e49c: 0000 004c | 8b54 2470 | 458b 520c | 418b ea45 | 85d2 0f84 | 6a17 0000 | 4c89 5424 | 204c 8b94 
  0x000001da87d2e4bc: 24f8 0000 | 004d 85d2 | 0f84 ce17 | 0000 4c8b | 9424 f000 | 0000 4d85 | d20f 84e2 | 1700 004c 
  0x000001da87d2e4dc: 8b94 24e8 | 0000 004d | 85d2 0f84 | f517 0000 | 4c8b 9424 | e000 0000 | 4d85 d20f | 8408 1800 
  0x000001da87d2e4fc: 004c 8b94 | 24d8 0000 | 004d 85d2 | 0f84 1b18 | 0000 4c8b | 9424 b800 | 0000 4d85 | d20f 842e 
  0x000001da87d2e51c: 1800 004c | 8b94 24d0 | 0000 004d | 85d2 0f84 | 4118 0000 | 4c8b 9424 | d800 0000 | 4c89 9424 
  0x000001da87d2e53c: b000 0000 | 4c8b 9424 | e000 0000 | 4c89 9424 | a800 0000 | 4c8b 9424 | e800 0000 | 4c89 9424 
  0x000001da87d2e55c: a000 0000 | 4c8b 9424 | f000 0000 | 4c89 9424 | 9800 0000 | 4c8b 9424 | f800 0000 | 4c89 9424 
  0x000001da87d2e57c: 9000 0000 | 4c8b 8424 | d000 0000 

  0x000001da87d2e588: ;   {oop("true"{0x00000000a0a4d2a0})}
  0x000001da87d2e588: 48ba a0d2 | a4a0 0000 | 0000 488b | 6c24 2844 | 8b5c 2458 | 4489 5c24 | 3466 6690 

  0x000001da87d2e5a4: ;   {optimized virtual_call}
  0x000001da87d2e5a4: c5f8 77e8 

  0x000001da87d2e5a8: ; ImmutableOopMap {rbp=Oop [40]=Oop [52]=NarrowOop [56]=Oop [64]=Oop [80]=Oop [88]=NarrowOop [92]=NarrowOop [96]=Oop [104]=Oop [144]=Oop [152]=Oop [160]=Oop [168]=Oop [176]=Oop [184]=Oop [192]=Oop [200]=Oop }
                      ;*invokevirtual equalsIgnoreCase {reexecute=0 rethrow=0 return_oop=0}
                      ; - java.net.URLClassLoader::definePackage@245 (line 586)
                      ; - java.net.URLClassLoader::defineClass@64 (line 495)
                      ; - java.net.URLClassLoader$1::run@43 (line 427)
                      ; - java.net.URLClassLoader$1::run@1 (line 421)
  0x000001da87d2e5a8: 3408 f3ff | 85c0 0f84 | c716 0000 | 4c8b 9424 | c000 0000 | 488b 5424 | 604c 8b84 | 24c8 0000 
  0x000001da87d2e5c8: 004c 8b8c | 2490 0000 | 0048 8bbc | 2498 0000 | 0048 8bb4 | 24a0 0000 | 0048 8b8c | 24a8 0000 
  0x000001da87d2e5e8: 004c 8b9c | 24b0 0000 | 004c 891c | 244c 8b9c | 24b8 0000 | 004c 895c | 2408 4c89 | 5424 1090 
  0x000001da87d2e608: ;   {optimized virtual_call}
  0x000001da87d2e608: c5f8 77e8 

  0x000001da87d2e60c: ; ImmutableOopMap {rbp=Oop [40]=Oop [52]=NarrowOop [56]=Oop [64]=Oop [80]=Oop [88]=NarrowOop [92]=NarrowOop [96]=Oop [104]=Oop [192]=Oop [200]=Oop }
                      ;*invokevirtual definePackage {reexecute=0 rethrow=0 return_oop=1}
                      ; - java.net.URLClassLoader::definePackage@270 (line 589)
                      ; - java.net.URLClassLoader::defineClass@64 (line 495)
                      ; - java.net.URLClassLoader$1::run@43 (line 427)
                      ; - java.net.URLClassLoader$1::run@1 (line 421)
  0x000001da87d2e60c: 107b 59f8 | 4c8b 4424 | 408b 7424 | 5848 8b4c | 2438 e92c | f5ff ff41 | bb2f 0000 | 00e9 15ea 
  0x000001da87d2e62c: ffff 4c8b | 4424 5845 | 3b60 200f | 85b3 1700 | 0033 c0e9 | 74ed ffff | 453b 612c | 0f84 fb18 
  0x000001da87d2e64c: 0000 458b | 592c 4585 | db0f 84d1 | 1b00 004c | 8944 2468 | 450f b651 | 124c 894c | 2470 4d8b 
  0x000001da87d2e66c: c34c 8944 | 2420 4489 | 5c24 3445 | 85d2 0f85 | 9902 0000 | 498b d148 | 8b6c 2428 

  0x000001da87d2e688: ;   {optimized virtual_call}
  0x000001da87d2e688: c5f8 77e8 

  0x000001da87d2e68c: ; ImmutableOopMap {rbp=Oop [40]=Oop [56]=Oop [64]=Oop [88]=NarrowOop [92]=NarrowOop [96]=Oop [104]=Oop [112]=Oop [192]=Oop [200]=Oop }
                      ;*invokespecial getInputStream {reexecute=0 rethrow=0 return_oop=1}
                      ; - java.util.jar.JarFile::getManifestFromReference@130 (line 432)
                      ; - java.util.jar.JarFile::getManifest@1 (line 406)
                      ; - jdk.internal.loader.URLClassPath$JarLoader$2::getManifest@22 (line 886)
                      ; - java.net.URLClassLoader::defineClass@34 (line 491)
                      ; - java.net.URLClassLoader$1::run@43 (line 427)
                      ; - java.net.URLClassLoader$1::run@1 (line 421)
  0x000001da87d2e68c: 9080 f5ff | 4889 4424 | 2049 8b87 | 0801 0000 | 4c8b d049 | 83c2 184d | 3b97 1801 | 0000 0f83 
  0x000001da87d2e6ac: 912f 0000 | 4d89 9708 | 0100 0041 | 0f0d 8ac0 | 0000 0048 | c700 0100 

  0x000001da87d2e6c4: ;   {metadata('java/util/jar/Manifest')}
  0x000001da87d2e6c4: 0000 c740 | 0800 9c06 | 0044 8960 | 0c4c 8960 | 104c 8bd0 | 4c89 5424 | 784c 8b54 | 2470 418b 
  0x000001da87d2e6e4: 6a14 4d8b | 9708 0100 | 004d 8bda | 4983 c310 | 4d3b 9f18 | 0100 000f | 8358 2f00 | 004d 899f 
  0x000001da87d2e704: 0801 0000 | 410f 0d8b | c000 0000 | 49c7 0201 

  0x000001da87d2e714: ;   {metadata('java/util/jar/Attributes')}
  0x000001da87d2e714: 0000 0041 | c742 08f8 | 4c18 0045 | 8962 0c4c | 8994 2480 | 0000 0049 | 8b87 0801 | 0000 4c8b 
  0x000001da87d2e734: d049 83c2 | 384d 3b97 | 1801 0000 | 0f83 e22e | 0000 4d89 | 9708 0100 | 0041 0f0d | 8ac0 0000 
  0x000001da87d2e754: 0048 c700 | 0100 0000 

  0x000001da87d2e75c: ;   {metadata('java/util/LinkedHashMap')}
  0x000001da87d2e75c: c740 0820 | 3a0b 0044 | 8960 0c4c | 8960 104c | 8960 284c | 8960 3049 | ba00 0000 | 0010 0000 
  0x000001da87d2e77c: 004c 8950 | 1848 c740 | 2000 0040 | 3f44 8860 | 2c4c 8bd5 | 4c89 9424 | 8800 0000 | 4c8b d04c 
  0x000001da87d2e79c: 8b9c 2480 | 0000 004d | 33d3 4c8b | c04c 8b8c | 2480 0000 | 0045 8941 | 0c49 c1ea | 1449 8bd9 
  0x000001da87d2e7bc: 4d85 d274 | 1a49 c1eb | 0948 b900 | 00db f3da | 0100 0049 | 03cb 8039 | 040f 8529 | 2900 0041 
  0x000001da87d2e7dc: 807f 3800 | 0f85 6d28 | 0000 4c8b | 5424 7841 | 895a 0c4c | 8b94 2480 | 0000 004c | 8b5c 2478 
  0x000001da87d2e7fc: 4d33 d349 | c1ea 144d | 85d2 741a | 49c1 eb09 | 48b9 0000 | dbf3 da01 | 0000 4903 | cb80 3904 
  0x000001da87d2e81c: 0f85 2b29 | 0000 4d8b | 9708 0100 | 004d 8bda | 4983 c330 | 4d3b 9f18 | 0100 000f | 8337 2e00 
  0x000001da87d2e83c: 004d 899f | 0801 0000 | 410f 0d8b | c000 0000 | 49c7 0201 

  0x000001da87d2e850: ;   {metadata('java/util/HashMap')}
  0x000001da87d2e850: 0000 0041 | c742 0820 | 360b 0045 | 8962 0c4d | 8962 104d | 8962 184d | 8962 2849 | c742 2000 
  0x000001da87d2e870: 0040 3f41 | 807f 3800 | 0f85 0d28 | 0000 498b | da4c 8b54 | 2478 4c8b | db4d 33da | 4c8b cb4c 
  0x000001da87d2e890: 8b44 2478 | 4589 4810 | 49c1 eb14 | 4d85 db74 | 1a49 c1ea | 0948 b900 | 00db f3da | 0100 0049 
  0x000001da87d2e8b0: 03ca 8039 | 040f 85db | 2800 0048 | 8b54 2478 | 4c8b 4424 | 204c 8b8c | 2488 0000 | 0048 8b6c 
  0x000001da87d2e8d0: 2428 6690 

  0x000001da87d2e8d4: ;   {optimized virtual_call}
  0x000001da87d2e8d4: c5f8 77e8 

  0x000001da87d2e8d8: ; ImmutableOopMap {rbp=Oop [32]=Oop [40]=Oop [56]=Oop [64]=Oop [88]=NarrowOop [92]=NarrowOop [96]=Oop [104]=Oop [112]=Oop [120]=Oop [192]=Oop [200]=Oop }
                      ;*invokevirtual read {reexecute=0 rethrow=0 return_oop=0}
                      ; - java.util.jar.Manifest::<init>@29 (line 100)
                      ; - java.util.jar.Manifest::<init>@4 (line 87)
                      ; - java.util.jar.JarFile::getManifestFromReference@143 (line 433)
                      ; - java.util.jar.JarFile::getManifest@1 (line 406)
                      ; - jdk.internal.loader.URLClassPath$JarLoader$2::getManifest@22 (line 886)
                      ; - java.net.URLClassLoader::defineClass@34 (line 491)
                      ; - java.net.URLClassLoader$1::run@43 (line 427)
                      ; - java.net.URLClassLoader$1::run@1 (line 421)
  0x000001da87d2e8d8: 64df 58f8 | 4180 7f38 | 000f 85df | 2700 004c | 8b54 2478 | 4589 6214 | 4c8b 5c24 | 2045 8b43 
  0x000001da87d2e8f8: ;   {metadata('java/util/zip/ZipFile$ZipFileInflaterInputStream')}
  0x000001da87d2e8f8: 0841 81f8 | e891 1b00 | 0f85 f237 | 0000 498b | ea49 8bd3 

  0x000001da87d2e90c: ;   {optimized virtual_call}
  0x000001da87d2e90c: c5f8 77e8 

  0x000001da87d2e910: ; ImmutableOopMap {rbp=Oop [40]=Oop [56]=Oop [64]=Oop [88]=NarrowOop [92]=NarrowOop [96]=Oop [104]=Oop [112]=Oop [192]=Oop [200]=Oop }
                      ;*invokevirtual close {reexecute=0 rethrow=0 return_oop=0}
                      ; - java.util.jar.JarFile::getManifestFromReference@152 (line 434)
                      ; - java.util.jar.JarFile::getManifest@1 (line 406)
                      ; - jdk.internal.loader.URLClassPath$JarLoader$2::getManifest@22 (line 886)
                      ; - java.net.URLClassLoader::defineClass@34 (line 491)
                      ; - java.net.URLClassLoader$1::run@43 (line 427)
                      ; - java.net.URLClassLoader$1::run@1 (line 421)
  0x000001da87d2e910: cc49 f4ff | e926 1000 | 0049 8bd1 | 488b 6c24 | 2866 6690 

  0x000001da87d2e924: ;   {optimized virtual_call}
  0x000001da87d2e924: c5f8 77e8 

  0x000001da87d2e928: ; ImmutableOopMap {rbp=Oop [32]=Oop [40]=Oop [52]=NarrowOop [56]=Oop [64]=Oop [88]=NarrowOop [92]=NarrowOop [96]=Oop [104]=Oop [112]=Oop [192]=Oop [200]=Oop }
                      ;*invokespecial getInputStream {reexecute=0 rethrow=0 return_oop=1}
                      ; - java.util.jar.JarFile::getBytes@2 (line 801)
                      ; - java.util.jar.JarFile::getManifestFromReference@44 (line 419)
                      ; - java.util.jar.JarFile::getManifest@1 (line 406)
                      ; - jdk.internal.loader.URLClassPath$JarLoader$2::getManifest@22 (line 886)
                      ; - java.net.URLClassLoader::defineClass@34 (line 491)
                      ; - java.net.URLClassLoader$1::run@43 (line 427)
                      ; - java.net.URLClassLoader$1::run@1 (line 421)
  0x000001da87d2e928: 542a 85ff | 4889 4424 | 7844 8b5c | 2434 498b | 6b20 4881 | fd00 24f4 | 000f 8fa1 | 3600 0044 
  0x000001da87d2e948: 8bdd 4183 | fbff 0f84 | a416 0000 | 4181 fbff | ff00 000f | 8f33 0100 | 0041 81fb | 0000 1000 
  0x000001da87d2e968: 0f87 ce39 | 0000 418b | eb49 63cb | 81fd 0000 | 1000 0f87 | 102d 0000 | 4d8b 9708 | 0100 0048 
  0x000001da87d2e988: 83c1 174c | 8bd9 4983 | e3f8 4d8b | c24d 03c3 | 4d3b 8718 | 0100 000f | 83eb 2c00 | 004d 8987 
  0x000001da87d2e9a8: 0801 0000 | 410f 0d88 | c000 0000 | 49c7 0201 | 0000 0041 | 0f0d 8800 

  0x000001da87d2e9c0: ;   {metadata({type array byte})}
  0x000001da87d2e9c0: 0100 0041 | c742 0828 | 6700 0041 | 896a 0c41 | 0f0d 8840 | 0100 0049 | 8bfa 4883 | c710 410f 
  0x000001da87d2e9e0: 0d88 8001 | 0000 48c1 | e903 4883 | c1fe 4833 | c048 83f9 | 087f 1048 | ffc9 784f | 4889 04cf 
  0x000001da87d2ea00: 48ff c97d | f7eb 44c5 | fdef c0e9 | 0d00 0000 | c5fe 7f07 | c5fe 7f47 | 2048 83c7 | 4048 83e9 
  0x000001da87d2ea20: 087d ed48 | 83c1 047c | 0cc5 fe7f | 0748 83c7 | 2048 83e9 | 0448 83c1 | 047e 1048 | ffc9 c5f9 
  0x000001da87d2ea40: d607 4883 | c708 48ff | c97d f34c | 8994 2480 | 0000 0044 | 8bd5 418b | ea48 8b54 | 2478 4c8b 
  0x000001da87d2ea60: 8424 8000 | 0000 4533 | c941 8bfa | 6690 c5f8 | 7748 b8ff | ffff ffff 

  0x000001da87d2ea78: ;   {virtual_call}
  0x000001da87d2ea78: ffff ffe8 

  0x000001da87d2ea7c: ; ImmutableOopMap {[32]=Oop [40]=Oop [52]=NarrowOop [56]=Oop [64]=Oop [88]=NarrowOop [92]=NarrowOop [96]=Oop [104]=Oop [112]=Oop [120]=Oop [128]=Oop [192]=Oop [200]=Oop }
                      ;*invokevirtual readNBytes {reexecute=0 rethrow=0 return_oop=0}
                      ; - java.util.jar.JarFile::getBytes@109 (line 817)
                      ; - java.util.jar.JarFile::getManifestFromReference@44 (line 419)
                      ; - java.util.jar.JarFile::getManifest@1 (line 406)
                      ; - jdk.internal.loader.URLClassPath$JarLoader$2::getManifest@22 (line 886)
                      ; - java.net.URLClassLoader::defineClass@34 (line 491)
                      ; - java.net.URLClassLoader$1::run@43 (line 427)
                      ; - java.net.URLClassLoader$1::run@1 (line 421)
  0x000001da87d2ea7c: 002c 85ff | 448b d848 | 8b84 2480 | 0000 0089 | ac24 8000 | 0000 eb3a | 4489 9c24 | 8000 0000 
  0x000001da87d2ea9c: 488b d048 | 8b6c 2428 | 6690 c5f8 | 7748 b8ff | ffff ffff 

  0x000001da87d2eab0: ;   {virtual_call}
  0x000001da87d2eab0: ffff ffe8 

  0x000001da87d2eab4: ; ImmutableOopMap {rbp=Oop [32]=Oop [40]=Oop [52]=NarrowOop [56]=Oop [64]=Oop [88]=NarrowOop [92]=NarrowOop [96]=Oop [104]=Oop [112]=Oop [120]=Oop [192]=Oop [200]=Oop }
                      ;*invokevirtual readAllBytes {reexecute=0 rethrow=0 return_oop=1}
                      ; - java.util.jar.JarFile::getBytes@118 (line 819)
                      ; - java.util.jar.JarFile::getManifestFromReference@44 (line 419)
                      ; - java.util.jar.JarFile::getManifest@1 (line 406)
                      ; - jdk.internal.loader.URLClassPath$JarLoader$2::getManifest@22 (line 886)
                      ; - java.net.URLClassLoader::defineClass@34 (line 491)
                      ; - java.net.URLClassLoader$1::run@43 (line 427)
                      ; - java.net.URLClassLoader$1::run@1 (line 421)
  0x000001da87d2eab4: c82b 85ff 

  0x000001da87d2eab8: ; implicit exception: dispatches to 0x000001da87d329f8
  0x000001da87d2eab8: 448b 580c | 448b 9424 | 8000 0000 | 4183 faff | 0f84 3515 | 0000 448b | 8424 8000 | 0000 453b 
  0x000001da87d2ead8: c30f 8595 | 3500 0048 | 8984 24d0 | 0000 0048 | 8b54 2478 | 488b 6c24 | 2890 c5f8 | 7748 b8ff 
  0x000001da87d2eaf8: ffff ffff 

  0x000001da87d2eafc: ;   {virtual_call}
  0x000001da87d2eafc: ffff ffe8 

  0x000001da87d2eb00: ; ImmutableOopMap {rbp=Oop [32]=Oop [40]=Oop [52]=NarrowOop [56]=Oop [64]=Oop [88]=NarrowOop [92]=NarrowOop [96]=Oop [104]=Oop [112]=Oop [192]=Oop [200]=Oop [208]=Oop }
                      ;*invokevirtual close {reexecute=0 rethrow=0 return_oop=0}
                      ; - java.util.jar.JarFile::getBytes@190 (line 826)
                      ; - java.util.jar.JarFile::getManifestFromReference@44 (line 419)
                      ; - java.util.jar.JarFile::getManifest@1 (line 406)
                      ; - jdk.internal.loader.URLClassPath$JarLoader$2::getManifest@22 (line 886)
                      ; - java.net.URLClassLoader::defineClass@34 (line 491)
                      ; - java.net.URLClassLoader$1::run@43 (line 427)
                      ; - java.net.URLClassLoader$1::run@1 (line 421)
  0x000001da87d2eb00: 7c2b 85ff | 4c8b 5424 | 7041 0fb6 | 6a11 85ed | 0f85 2236 | 0000 498b | d248 8b6c | 2428 6690 
  0x000001da87d2eb20: ;   {optimized virtual_call}
  0x000001da87d2eb20: c5f8 77e8 

  0x000001da87d2eb24: ; ImmutableOopMap {rbp=Oop [32]=Oop [40]=Oop [52]=NarrowOop [56]=Oop [64]=Oop [88]=NarrowOop [92]=NarrowOop [96]=Oop [104]=Oop [112]=Oop [192]=Oop [200]=Oop [208]=Oop }
                      ;*invokevirtual getManifestNum {reexecute=0 rethrow=0 return_oop=0}
                      ; - java.util.zip.ZipFile$1::getManifestNum@1 (line 1119)
                      ; - java.util.jar.JarFile::getManifestFromReference@59 (line 421)
                      ; - java.util.jar.JarFile::getManifest@1 (line 406)
                      ; - jdk.internal.loader.URLClassPath$JarLoader$2::getManifest@22 (line 886)
                      ; - java.net.URLClassLoader::defineClass@34 (line 491)
                      ; - java.net.URLClassLoader$1::run@43 (line 427)
                      ; - java.net.URLClassLoader$1::run@1 (line 421)
  0x000001da87d2eb24: 5828 85ff | 83f8 010f | 8547 3600 | 004d 8b97 | 0801 0000 | 4d8b da49 | 83c3 604d | 3b9f 1801 
  0x000001da87d2eb44: 0000 0f83 | 6e28 0000 | 4d89 9f08 | 0100 0041 | 0f0d 8bc0 | 0000 0049 | c702 0100 | 0000 498b 
  0x000001da87d2eb64: fa48 83c7 

  0x000001da87d2eb68: ;   {metadata('java/util/jar/JarVerifier')}
  0x000001da87d2eb68: 1041 c742 | 0878 7518 | 0045 8962 | 0cb9 0a00 | 0000 c5fd | efc0 e90d | 0000 00c5 | fe7f 07c5 
  0x000001da87d2eb88: fe7f 4720 | 4883 c740 | 4883 e908 | 7ded 4883 | c104 7c0c | c5fe 7f07 | 4883 c720 | 4883 e904 
  0x000001da87d2eba8: 4883 c104 | 7e10 48ff | c9c5 f9d6 | 0748 83c7 | 0848 ffc9 | 7df3 4c89 | 5424 7844 | 8b5c 2434 
  0x000001da87d2ebc8: 458b 5308 

  0x000001da87d2ebcc: ;   {metadata('java/util/jar/JarFile$JarFileEntry')}
  0x000001da87d2ebcc: 4181 fa60 | b218 000f | 854f 3400 | 004c 8b54 | 2420 4c8b | 5c24 7841 | c643 0e01 | 458b 5a60 
  0x000001da87d2ebec: 4489 5c24 | 2049 8b87 | 0801 0000 | 4c8b 5424 | 7841 c642 | 0d01 4c8b | d049 83c2 | 1049 8beb 
  0x000001da87d2ec0c: 4d3b 9718 | 0100 000f | 83bf 2900 | 004d 8997 | 0801 0000 | 410f 0d8a | c000 0000 | 48c7 0001 
  0x000001da87d2ec2c: ;   {metadata('java/lang/Object')}
  0x000001da87d2ec2c: 0000 00c7 | 4008 580d | 0000 4489 | 600c 4c8b | 9424 d000 | 0000 458b | 520c 4489 | 5424 244c 
  0x000001da87d2ec4c: 8b54 2478 | 4d8b da44 | 899c 24d8 | 0000 004c | 8bd0 4c8b | 5c24 784d | 33d3 4c8b | c84c 8b44 
  0x000001da87d2ec6c: 2478 4589 | 4834 49c1 | ea14 4c8b | 8424 d000 | 0000 4d8b | c844 894c | 2434 4d85 | d274 1a49 
  0x000001da87d2ec8c: c1eb 0948 | b900 00db | f3da 0100 | 0049 03cb | 8039 040f | 85c6 2200 | 004d 8b97 | 0801 0000 
  0x000001da87d2ecac: 4d8b da49 | 83c3 304d | 3b9f 1801 | 0000 0f83 | 4c29 0000 | 4d89 9f08 | 0100 0041 | 0f0d 8bc0 
  0x000001da87d2eccc: 0000 0049 | c702 0100 

  0x000001da87d2ecd4: ;   {metadata('java/util/HashMap')}
  0x000001da87d2ecd4: 0000 41c7 | 4208 2036 | 0b00 4589 | 620c 4d89 | 6210 4d89 | 6218 4d89 | 6228 49c7 | 4220 0000 
  0x000001da87d2ecf4: 403f 498b | da41 807f | 3800 0f85 | 1c1c 0000 | 4c8b d34d | 8bda 4c8b | 5424 7845 | 895a 404c 
  0x000001da87d2ed14: 8bdb 4d33 | da49 c1eb | 144d 85db | 741a 49c1 | ea09 48b9 | 0000 dbf3 | da01 0000 | 4903 ca80 
  0x000001da87d2ed34: 3904 0f85 | e621 0000 | 4d8b 9708 | 0100 004d | 8bda 4983 | c330 4d3b | 9f18 0100 | 000f 839a 
  0x000001da87d2ed54: 2800 004d | 899f 0801 | 0000 410f | 0d8b c000 | 0000 49c7 | 0201 0000 

  0x000001da87d2ed6c: ;   {metadata('java/util/HashMap')}
  0x000001da87d2ed6c: 0041 c742 | 0820 360b | 0045 8962 | 0c4d 8962 | 104d 8962 | 184d 8962 | 2849 c742 | 2000 0040 
  0x000001da87d2ed8c: 3f49 8bda | 4180 7f38 | 000f 85f5 | 1b00 004c | 8bd3 4d8b | da4c 8b54 | 2478 4589 | 5a44 4c8b 
  0x000001da87d2edac: db4d 33da | 49c1 eb14 | 4d85 db74 | 1a49 c1ea | 0948 b900 | 00db f3da | 0100 0049 | 03ca 8039 
  0x000001da87d2edcc: 040f 852b | 2000 004d | 8b97 0801 | 0000 4d8b | da49 83c3 | 104d 3b9f | 1801 0000 | 0f83 ca27 
  0x000001da87d2edec: 0000 4d89 | 9f08 0100 | 0041 0f0d | 8bc0 0000 | 0049 c702 | 0100 0000 | 410f 0d8b | 0001 0000 
  0x000001da87d2ee0c: ;   {metadata('java/security/CodeSigner'[])}
  0x000001da87d2ee0c: 41c7 4208 | 783c 0401 | 410f 0d8b | 4001 0000 | 4589 620c | 410f 0d8b | 8001 0000 | 498b da41 
  0x000001da87d2ee2c: 807f 3800 | 0f85 221b | 0000 4c8b | d34d 8bda | 4c8b 5424 | 7845 895a | 504c 8bdb | 4d33 da49 
  0x000001da87d2ee4c: c1eb 144d | 85db 741a | 49c1 ea09 | 48b9 0000 | dbf3 da01 | 0000 4903 | ca80 3904 | 0f85 6b20 
  0x000001da87d2ee6c: 0000 4180 | 7f38 000f | 8537 1a00 | 004c 8b54 | 2478 448b | 5c24 2045 | 895a 304c | 8bd5 4c8b 
  0x000001da87d2ee8c: 5c24 784d | 33d3 49c1 | ea14 4d85 | d274 2444 | 8b44 2420 | 4585 c074 | 1a49 c1eb | 0948 b900 
  0x000001da87d2eeac: 00db f3da | 0100 0049 | 03cb 8039 | 040f 85f5 | 2000 0041 | 807f 3800 | 0f85 7619 | 0000 4c8b 
  0x000001da87d2eecc: 5424 7844 | 8b5c 2434 | 4589 5a2c | 4c8b 9424 | d000 0000 | 4c8b 5c24 | 784d 33d3 | 49c1 ea14 
  0x000001da87d2eeec: 4d85 d274 | 1a49 c1eb | 0948 b900 | 00db f3da | 0100 0049 | 03cb 8039 | 040f 85aa | 1e00 004d 
  0x000001da87d2ef0c: 8b97 0801 | 0000 4d8b | da49 83c3 | 304d 3b9f | 1801 0000 | 0f83 1326 | 0000 4d89 | 9f08 0100 
  0x000001da87d2ef2c: 0041 0f0d | 8bc0 0000 | 0049 c702 | 0100 0000 

  0x000001da87d2ef3c: ;   {metadata('java/util/Hashtable')}
  0x000001da87d2ef3c: 41c7 4208 | 806f 0100 | 4589 620c | 4d89 6218 | 4d89 6220 | 4d89 6228 | 49bb 0000 | 0000 0000 
  0x000001da87d2ef5c: 403f 4d89 | 5a10 498b | ea49 8b87 | 0801 0000 | 4c8b d049 | 83c2 404d | 3b97 1801 | 0000 0f83 
  0x000001da87d2ef7c: 5d25 0000 | 4d89 9708 | 0100 0041 | 0f0d 8ac0 | 0000 0048 | c700 0100 | 0000 410f | 0d8a 0001 
  0x000001da87d2ef9c: ;   {metadata('java/util/Hashtable$Entry'[])}
  0x000001da87d2ef9c: 0000 c740 | 0870 9e15 | 0041 0f0d | 8a40 0100 | 00c7 400c | 0b00 0000 | 410f 0d8a | 8001 0000 
  0x000001da87d2efbc: 4c89 6010 | 4c89 6018 | 4c89 6020 | 4c89 6028 | 4c89 6030 | 4c89 6038 | 4c8b d549 | 8bda 4c8b 
  0x000001da87d2efdc: d845 895a | 1c4c 8bd0 | 4c8b dd4d | 33d3 49c1 | ea14 4d85 | d274 1a49 | c1eb 0948 | b900 00db 
  0x000001da87d2effc: f3da 0100 | 0049 03cb | 8039 040f | 855f 1d00 | 0041 807f | 3800 0f85 | 6018 0000 | 4c8b 5424 
  0x000001da87d2f01c: 7841 895a | 144c 8bd5 | 41c7 4210 | 0800 0000 | 4c8b 5c24 | 784d 33d3 | 49c1 ea14 | 4d85 d274 
  0x000001da87d2f03c: 1a49 c1eb | 0948 b900 | 00db f3da | 0100 0049 | 03cb 8039 | 040f 85f0 | 1d00 004d | 8b97 0801 
  0x000001da87d2f05c: 0000 4d8b | da49 83c3 | 304d 3b9f | 1801 0000 | 0f83 0625 | 0000 4d89 | 9f08 0100 | 0041 0f0d 
  0x000001da87d2f07c: 8bc0 0000 | 0049 c702 | 0100 0000 

  0x000001da87d2f088: ;   {metadata('java/util/Hashtable')}
  0x000001da87d2f088: 41c7 4208 | 806f 0100 | 4589 620c | 4d89 6218 | 4d89 6220 | 4d89 6228 | 49bb 0000 | 0000 0000 
  0x000001da87d2f0a8: 403f 4d89 | 5a10 498b | ea49 8b87 | 0801 0000 | 4c8b d049 | 83c2 404d | 3b97 1801 | 0000 0f83 
  0x000001da87d2f0c8: 5024 0000 | 4d89 9708 | 0100 0041 | 0f0d 8ac0 | 0000 0048 | c700 0100 | 0000 410f | 0d8a 0001 
  0x000001da87d2f0e8: ;   {metadata('java/util/Hashtable$Entry'[])}
  0x000001da87d2f0e8: 0000 c740 | 0870 9e15 | 0041 0f0d | 8a40 0100 | 00c7 400c | 0b00 0000 | 410f 0d8a | 8001 0000 
  0x000001da87d2f108: 4c89 6010 | 4c89 6018 | 4c89 6020 | 4c89 6028 | 4c89 6030 | 4c89 6038 | 4c8b d549 | 8bfa 4c8b 
  0x000001da87d2f128: d044 8955 | 1c4c 8bd0 | 4c8b dd4d | 33d3 49c1 | ea14 4d85 | d274 1a49 | c1eb 0948 | b900 00db 
  0x000001da87d2f148: f3da 0100 | 0049 03cb | 8039 040f | 8537 1d00 | 0041 807f | 3800 0f85 | 8417 0000 | 4c8b 5424 
  0x000001da87d2f168: 7841 897a | 104c 8bd5 | 41c7 4210 | 0800 0000 | 4c8b 5c24 | 784d 33d3 | 49c1 ea14 | 4d85 d274 
  0x000001da87d2f188: 1a49 c1eb | 0948 b900 | 00db f3da | 0100 0049 | 03cb 8039 | 040f 8513 | 1a00 004d | 8b97 0801 
  0x000001da87d2f1a8: 0000 4d8b | da49 83c3 | 304d 3b9f | 1801 0000 | 0f83 9a23 | 0000 4d89 | 9f08 0100 | 0041 0f0d 
  0x000001da87d2f1c8: 8bc0 0000 | 0049 c702 | 0100 0000 

  0x000001da87d2f1d4: ;   {metadata('java/util/Hashtable')}
  0x000001da87d2f1d4: 41c7 4208 | 806f 0100 | 4589 620c | 4d89 6218 | 4d89 6220 | 4d89 6228 | 49bb 0000 | 0000 0000 
  0x000001da87d2f1f4: 403f 4d89 | 5a10 498b | ea49 8b87 | 0801 0000 | 4c8b d049 | 83c2 404d | 3b97 1801 | 0000 0f83 
  0x000001da87d2f214: 8822 0000 | 4d89 9708 | 0100 0041 | 0f0d 8ac0 | 0000 0048 | c700 0100 | 0000 410f | 0d8a 0001 
  0x000001da87d2f234: ;   {metadata('java/util/Hashtable$Entry'[])}
  0x000001da87d2f234: 0000 c740 | 0870 9e15 | 0041 0f0d | 8a40 0100 | 00c7 400c | 0b00 0000 | 410f 0d8a | 8001 0000 
  0x000001da87d2f254: 4c89 6010 | 4c89 6018 | 4c89 6020 | 4c89 6028 | 4c89 6030 | 4c89 6038 | 4c8b d549 | 8bda 4c8b 
  0x000001da87d2f274: d845 895a | 1c4c 8bd0 | 4c8b dd4d | 33d3 49c1 | ea14 4d85 | d274 1a49 | c1eb 0948 | b900 00db 
  0x000001da87d2f294: f3da 0100 | 0049 03cb | 8039 040f | 85a3 1900 | 0041 807f | 3800 0f85 | 5815 0000 | 4c8b 5424 
  0x000001da87d2f2b4: 7841 895a | 184c 8bd5 | 41c7 4210 | 0800 0000 | 4c8b 5c24 | 784d 33d3 | 49c1 ea14 | 4d85 d274 
  0x000001da87d2f2d4: 1a49 c1eb | 0948 b900 | 00db f3da | 0100 0049 | 03cb 8039 | 040f 85a2 | 1900 004d | 8b97 0801 
  0x000001da87d2f2f4: 0000 4d8b | da49 83c3 | 184d 3b9f | 1801 0000 | 0f83 8e22 | 0000 4d89 | 9f08 0100 | 0041 0f0d 
  0x000001da87d2f314: 8bc0 0000 | 0049 c702 | 0100 0000 

  0x000001da87d2f320: ;   {metadata('java/util/ArrayList')}
  0x000001da87d2f320: 41c7 4208 | 10df 0000 | 4589 620c | 4589 6210 

  0x000001da87d2f330: ;   {oop(a 'java/lang/Object'[0] {0x00000000a05cd160})}
  0x000001da87d2f330: 41c7 4214 | 60d1 5ca0 | 498b da41 | 807f 3800 | 0f85 1a14 | 0000 4c8b | d34d 8bda | 4c8b 5424 
  0x000001da87d2f350: 7845 895a | 1c4c 8bdb | 4d33 da49 | c1eb 144d | 85db 741a | 49c1 ea09 | 48b9 0000 | dbf3 da01 
  0x000001da87d2f370: 0000 4903 | ca80 3904 | 0f85 ef17 | 0000 4d8b | 9708 0100 | 004d 8bda | 4983 c318 | 4d3b 9f18 
  0x000001da87d2f390: 0100 000f | 8364 2100 | 004d 899f | 0801 0000 | 410f 0d8b | c000 0000 | 49c7 0201 

  0x000001da87d2f3ac: ;   {metadata('java/io/ByteArrayOutputStream')}
  0x000001da87d2f3ac: 0000 0041 | c742 08e8 | 0119 0045 | 8962 0c4d | 8962 1049 | 8bea 498b | 8708 0100 | 004c 8bd0 
  0x000001da87d2f3cc: 4983 c230 | 4d3b 9718 | 0100 000f | 83e0 2000 | 004d 8997 | 0801 0000 | 410f 0d8a | c000 0000 
  0x000001da87d2f3ec: 48c7 0001 | 0000 0041 | 0f0d 8a00 

  0x000001da87d2f3f8: ;   {metadata({type array byte})}
  0x000001da87d2f3f8: 0100 00c7 | 4008 2867 | 0000 410f | 0d8a 4001 | 0000 c740 | 0c20 0000 | 0041 0f0d | 8a80 0100 
  0x000001da87d2f418: 004c 8960 | 104c 8960 | 184c 8960 | 204c 8960 | 284c 8bd5 | 498b fa4c | 8bd0 4489 | 5510 4c8b 
  0x000001da87d2f438: d04c 8bdd | 4d33 d349 | c1ea 144d | 85d2 741a | 49c1 eb09 | 48b9 0000 | dbf3 da01 | 0000 4903 
  0x000001da87d2f458: cb80 3904 | 0f85 9d17 | 0000 4180 | 7f38 000f | 852b 1300 | 004c 8b54 | 2478 4189 | 7a24 4c8b 
  0x000001da87d2f478: d54c 8b5c | 2478 4d33 | d349 c1ea | 144d 85d2 | 741a 49c1 | eb09 48b9 | 0000 dbf3 | da01 0000 
  0x000001da87d2f498: 4903 cb80 | 3904 0f85 | 3618 0000 | 4d8b 9708 | 0100 004d | 8bda 4983 | c318 4d3b | 9f18 0100 
  0x000001da87d2f4b8: 000f 8389 | 1f00 004d | 899f 0801 | 0000 410f | 0d8b c000 | 0000 49c7 | 0201 0000 

  0x000001da87d2f4d4: ;   {metadata('java/util/ArrayList')}
  0x000001da87d2f4d4: 0041 c742 | 0810 df00 | 0045 8962 | 0c45 8962 

  0x000001da87d2f4e4: ;   {oop(a 'java/lang/Object'[0] {0x00000000a05cd160})}
  0x000001da87d2f4e4: 1041 c742 | 1460 d15c | a049 8bda | 4180 7f38 | 000f 852d | 1200 004c | 8bd3 4c8b | 5c24 7845 
  0x000001da87d2f504: 8953 384d | 8bd3 4c8b | db4d 33da | 49c1 eb14 | 4d85 db74 | 1a49 c1ea | 0948 b900 | 00db f3da 
  0x000001da87d2f524: 0100 0049 | 03ca 8039 | 040f 85f0 | 1700 004d | 8b97 0801 | 0000 4d8b | da49 83c3 | 304d 3b9f 
  0x000001da87d2f544: 1801 0000 | 0f83 da1e | 0000 4d89 | 9f08 0100 | 0041 0f0d | 8bc0 0000 | 0049 c702 | 0100 0000 
  0x000001da87d2f564: ;   {metadata('java/util/HashMap')}
  0x000001da87d2f564: 41c7 4208 | 2036 0b00 | 4589 620c | 4d89 6210 | 4d89 6218 | 4d89 6228 | 49c7 4220 | 0000 403f 
  0x000001da87d2f584: 498b da41 | 807f 3800 | 0f85 5e11 | 0000 4c8b | d34c 8b5c | 2478 4589 | 533c 4d8b | d34c 8bdb 
  0x000001da87d2f5a4: 4d33 da49 | c1eb 144d | 85db 741a | 49c1 ea09 | 48b9 0000 | dbf3 da01 | 0000 4903 | ca80 3904 
  0x000001da87d2f5c4: 0f85 7f14 | 0000 4180 | 7f38 000f | 85fb 1100 | 004c 8b54 | 2470 448b | 9c24 d800 | 0000 4589 
  0x000001da87d2f5e4: 5a30 4c8b | 5424 784c | 8b5c 2470 | 4d33 d349 | c1ea 144d | 85d2 741a | 49c1 eb09 | 48b9 0000 
  0x000001da87d2f604: dbf3 da01 | 0000 4903 | cb80 3904 | 0f85 7c14 | 0000 498b | 8708 0100 | 004c 8bd0 | 4983 c218 
  0x000001da87d2f624: 4d3b 9718 | 0100 000f | 83a3 1d00 | 004d 8997 | 0801 0000 | 410f 0d8a | c000 0000 | 48c7 0001 
  0x000001da87d2f644: ;   {metadata('java/util/jar/Manifest')}
  0x000001da87d2f644: 0000 00c7 | 4008 009c | 0600 4489 | 600c 4c89 | 6010 4c8b | d04c 8954 | 2478 4c8b | 5424 7045 
  0x000001da87d2f664: 8b52 3044 | 8954 2420 | 4d8b 9708 | 0100 004d | 8bda 4983 | c320 448b | 4c24 204d | 8bc1 4c89 
  0x000001da87d2f684: 8424 8000 | 0000 4d3b | 9f18 0100 | 000f 8372 | 1d00 004d | 899f 0801 | 0000 410f | 0d8b c000 
  0x000001da87d2f6a4: 0000 49c7 | 0201 0000 

  0x000001da87d2f6ac: ;   {metadata('java/io/ByteArrayInputStream')}
  0x000001da87d2f6ac: 0041 c742 | 08c0 a201 | 0045 8962 | 0c4d 8962 | 104d 8962 | 184c 8994 | 2488 0000 | 0044 8b5c 
  0x000001da87d2f6cc: 2424 4589 | 5a14 448b | 4424 3445 | 8942 184c | 8b54 2470 | 418b 6a14 | 4d8b 9708 | 0100 004d 
  0x000001da87d2f6ec: 8bda 4983 | c310 4d3b | 9f18 0100 | 000f 8369 | 1d00 004d | 899f 0801 | 0000 410f | 0d8b c000 
  0x000001da87d2f70c: 0000 49c7 | 0201 0000 

  0x000001da87d2f714: ;   {metadata('java/util/jar/Attributes')}
  0x000001da87d2f714: 0041 c742 | 08f8 4c18 | 0045 8962 | 0c4c 8994 | 2490 0000 | 0049 8b87 | 0801 0000 | 4c8b d049 
  0x000001da87d2f734: 83c2 384d | 3b97 1801 | 0000 0f83 | ad1c 0000 | 4d89 9708 | 0100 0041 | 0f0d 8ac0 | 0000 0048 
  0x000001da87d2f754: c700 0100 

  0x000001da87d2f758: ;   {metadata('java/util/LinkedHashMap')}
  0x000001da87d2f758: 0000 c740 | 0820 3a0b | 0044 8960 | 0c4c 8960 | 104c 8960 | 284c 8960 | 3049 ba00 | 0000 0010 
  0x000001da87d2f778: 0000 004c | 8950 1848 | c740 2000 | 0040 3f44 | 8860 2c4c | 8b94 2490 | 0000 0049 | 8bda 4c8b 
  0x000001da87d2f798: d04c 8b9c | 2490 0000 | 004d 33d3 | 4c8b c84c | 8b84 2490 | 0000 0045 | 8948 0c49 | c1ea 144c 
  0x000001da87d2f7b8: 8bc5 4c89 | 8424 9800 | 0000 4d85 | d274 1a49 | c1eb 0948 | b900 00db | f3da 0100 | 0049 03cb 
  0x000001da87d2f7d8: 8039 040f | 8543 1300 | 0041 807f | 3800 0f85 | cc0e 0000 | 4c8b 5424 | 7841 895a | 0c4c 8b94 
  0x000001da87d2f7f8: 2490 0000 | 004c 8b5c | 2478 4d33 | d349 c1ea | 144d 85d2 | 741a 49c1 | eb09 48b9 | 0000 dbf3 
  0x000001da87d2f818: da01 0000 | 4903 cb80 | 3904 0f85 | d811 0000 | 4d8b 9708 | 0100 004d | 8bda 4983 | c330 4d3b 
  0x000001da87d2f838: 9f18 0100 | 000f 8341 | 1c00 004d | 899f 0801 | 0000 410f | 0d8b c000 | 0000 49c7 | 0201 0000 
  0x000001da87d2f858: ;   {metadata('java/util/HashMap')}
  0x000001da87d2f858: 0041 c742 | 0820 360b | 0045 8962 | 0c4d 8962 | 104d 8962 | 184d 8962 | 2849 c742 | 2000 0040 
  0x000001da87d2f878: 3f49 8bda | 4180 7f38 | 000f 85f9 | 0d00 004c | 8bd3 4d8b | da4c 8b54 | 2478 4589 | 5a10 4c8b 
  0x000001da87d2f898: db4d 33da | 49c1 eb14 | 4d85 db74 | 1a49 c1ea | 0948 b900 | 00db f3da | 0100 0049 | 03ca 8039 
  0x000001da87d2f8b8: 040f 851c | 1200 0048 | 8b54 2478 | 4c8b 8424 | 8800 0000 | 4c8b 8c24 | 9800 0000 | 488b 6c24 
  0x000001da87d2f8d8: 2866 6690 

  0x000001da87d2f8dc: ;   {optimized virtual_call}
  0x000001da87d2f8dc: c5f8 77e8 

  0x000001da87d2f8e0: ; ImmutableOopMap {rbp=Oop [32]=NarrowOop [40]=Oop [56]=Oop [64]=Oop [88]=NarrowOop [92]=NarrowOop [96]=Oop [104]=Oop [112]=Oop [120]=Oop [128]=Oop [192]=Oop [200]=Oop }
                      ;*invokevirtual read {reexecute=0 rethrow=0 return_oop=0}
                      ; - java.util.jar.Manifest::<init>@29 (line 100)
                      ; - java.util.jar.JarFile::getManifestFromReference@121 (line 430)
                      ; - java.util.jar.JarFile::getManifest@1 (line 406)
                      ; - jdk.internal.loader.URLClassPath$JarLoader$2::getManifest@22 (line 886)
                      ; - java.net.URLClassLoader::defineClass@34 (line 491)
                      ; - java.net.URLClassLoader$1::run@43 (line 427)
                      ; - java.net.URLClassLoader$1::run@1 (line 421)
  0x000001da87d2f8e0: 9c1a 85ff | 4180 7f38 | 000f 85d9 | 1000 004c | 8b54 2478 | 448b 5c24 | 2045 895a | 144c 8b94 
  0x000001da87d2f900: 2480 0000 | 004c 8b5c | 2478 4d33 | d349 c1ea | 144d 85d2 | 7424 448b | 4424 2045 | 85c0 741a 
  0x000001da87d2f920: 49c1 eb09 | 48b9 0000 | dbf3 da01 | 0000 4903 | cb80 3904 | 0f85 c316 | 0000 488b | 6c24 784d 
  0x000001da87d2f940: 8b97 0801 | 0000 4d8b | da49 83c3 | 284d 3b9f | 1801 0000 | 0f83 c019 | 0000 4d89 | 9f08 0100 
  0x000001da87d2f960: 0041 0f0d | 8bc0 0000 | 0049 c702 | 0100 0000 

  0x000001da87d2f970: ;   {metadata('java/lang/ref/SoftReference')}
  0x000001da87d2f970: 41c7 4208 | b063 0400 | 4589 620c | 4d89 6210 | 4d89 6218 | 4d89 6220 | 498b fa4c | 8bd5 4489 
  0x000001da87d2f990: 570c 4180 | 7f38 000f | 85df 0b00 | 004c 8bd7 

  0x000001da87d2f9a0: ;   {oop(a 'java/lang/ref/ReferenceQueue$Null'{0x00000000a0559e10})}
  0x000001da87d2f9a0: 41c7 4210 | 109e 55a0 

  0x000001da87d2f9a8: ;   {oop(a 'java/lang/ref/ReferenceQueue$Null'{0x00000000a0559e10})}
  0x000001da87d2f9a8: 488b df49 | bb10 9e55 | a000 0000 | 004d 33da | 49c1 eb14 | 4d85 db74 | 1a49 c1ea | 0948 b900 
  0x000001da87d2f9c8: 00db f3da | 0100 0049 | 03ca 8039 | 040f 850f | 0c00 00f0 | 8344 24c0 | 0041 807f | 3800 0f85 
  0x000001da87d2f9e8: c60b 0000 | 4c8b 5424 | 7041 895a 

  0x000001da87d2f9f4: ;   {oop(a 'java/lang/Class'{0x00000000a0a728c8} = 'java/lang/ref/SoftReference')}
  0x000001da87d2f9f4: 2849 bac8 | 28a7 a000 | 0000 004d | 8b52 704c | 8957 204c | 8bd7 4c8b | 5c24 704d | 33d3 49c1 
  0x000001da87d2fa14: ea14 4d85 | d274 1649 | c1eb 094c | 8b44 2450 | 4d03 c341 | 8038 040f | 8502 0c00 | 004c 8b44 
  0x000001da87d2fa34: 2468 e9d8 | e0ff ff4c | 8b54 2438 | 4c89 9424 | c800 0000 | e9cc deff | ff44 8bdf | e989 dcff 
  0x000001da87d2fa54: ff89 6c24 | 3448 8b54 | 2470 448b | 4424 304c | 8bd2 498b | ea66 6690 

  0x000001da87d2fa6c: ;   {optimized virtual_call}
  0x000001da87d2fa6c: c5f8 77e8 

  0x000001da87d2fa70: ; ImmutableOopMap {rbp=Oop [32]=Oop [40]=Oop [52]=NarrowOop [56]=Oop [64]=Oop [88]=NarrowOop [92]=NarrowOop [96]=Oop [104]=Oop [112]=Oop [192]=Oop [200]=Oop }
                      ;*invokevirtual getManifestName {reexecute=0 rethrow=0 return_oop=1}
                      ; - java.util.zip.ZipFile$1::getManifestName@2 (line 1123)
                      ; - java.util.jar.JarFile::maybeInstantiateVerifier@20 (line 723)
                      ; - java.util.jar.JarFile::ensureInitialization@1 (line 1031)
                      ; - java.util.jar.JavaUtilJarAccessImpl::ensureInitialization@1 (line 72)
                      ; - jdk.internal.loader.URLClassPath$JarLoader$2::getManifest@10 (line 885)
                      ; - java.net.URLClassLoader::defineClass@34 (line 491)
                      ; - java.net.URLClassLoader$1::run@43 (line 427)
                      ; - java.net.URLClassLoader$1::run@1 (line 421)
  0x000001da87d2fa70: 8c3b 4ef8 | 4885 c00f | 85bb 2900 | 0044 8b54 | 2434 4588 | 6212 453b | 6230 0f84 | 6adf ffff 
  0x000001da87d2fa90: 418b ea4c | 8b54 2420 | 458b 5244 | 440f b645 | 11e9 d807 | 0000 4c89 | 4f20 e955 | e0ff ff33 
  0x000001da87d2fab0: edbb 0100 | 0000 e9f3 | d2ff ff4c | 8b9c 24a8 | 0000 0045 | 0fb6 4311 | 4585 c00f | 8575 1500 
  0x000001da87d2fad0: 0045 85f6 | 0f85 aa29 | 0000 418b | 6a0c 85ed | 0f86 2c07 | 0000 448b | c541 ffc8 | 443b c50f 
  0x000001da87d2faf0: 8352 2800 | 0045 0fb6 | 4210 8bdd | 83c3 fd83 | fb01 0f8e | a600 0000 | c4c1 797e | c14d 8bd9 
  0x000001da87d2fb10: 418b d0c1 | e205 412b | d04d 8bca | 8bfd 2b7c | 2430 83c7 | fd33 c93b | 5c24 300f | 4cf9 81ff 
  0x000001da87d2fb30: a00f 0000 | b9a0 0f00 | 000f 47f9 | 037c 2430 | 4863 7424 | 3045 0fb6 | 4432 1041 | 0fb6 4432 
  0x000001da87d2fb50: 1341 0fb6 | 4c32 1141 | 0fb6 7432 | 1241 03d0 | 448b ea41 | c1e5 0544 | 2bea 4403 | e941 8bcd 
  0x000001da87d2fb70: c1e1 0541 | 2bcd 03ce | 448b c141 | c1e0 0544 | 2bc1 4403 | c041 8bd0 | c1e2 0541 | 2bd0 8b74 
  0x000001da87d2fb90: 2430 83c6 | 0489 7424 | 303b f77c | a349 8b8f 

  0x000001da87d2fba0: ; ImmutableOopMap {r10=NarrowOop r11=Oop r9=Oop xmm0=NarrowOop [40]=Oop [56]=Oop [64]=Oop [80]=Oop [88]=NarrowOop [92]=NarrowOop [96]=Oop [104]=Oop [112]=Oop [168]=Oop [192]=Oop [200]=Oop }
                      ;*goto {reexecute=1 rethrow=0 return_oop=0}
                      ; - (reexecute) java.lang.StringLatin1::hashCode@37 (line 196)
                      ; - java.lang.String::hashCode@27 (line 2344)
                      ; - java.util.HashMap::hash@9 (line 338)
                      ; - java.util.HashMap::getNode@23 (line 568)
                      ; - java.util.HashMap::get@2 (line 556)
                      ; - java.util.jar.Manifest::getAttributes@5 (line 159)
                      ; - java.util.jar.Manifest::getTrustedAttributes@2 (line 176)
                      ; - java.util.jar.JavaUtilJarAccessImpl::getTrustedAttributes@2 (line 68)
                      ; - java.net.URLClassLoader::definePackage@42 (line 552)
                      ; - java.net.URLClassLoader::defineClass@64 (line 495)
                      ; - java.net.URLClassLoader$1::run@43 (line 427)
                      ; - java.net.URLClassLoader$1::run@1 (line 421)
  0x000001da87d2fba0: 5003 0000 

  0x000001da87d2fba4: ;   {poll}
  0x000001da87d2fba4: 8501 3bf3 | 0f8c 6eff | ffff 448b | 4c24 3044 | 3bcd 7d61 | 448b 5c24 | 3045 8bcb | 470f b65c 
  0x000001da87d2fbc4: 0a10 418b | d8c1 e305 | 412b d841 | 03db 458b | d941 ffc3 | 458b cb44 | 3bdd 7d05 | 448b c3eb 
  0x000001da87d2fbe4: db85 db0f | 8425 0600 | 004c 8b9c | 24a8 0000 | 0041 895b | 0c44 8bdb | 41c1 eb10 | 458b c344 
  0x000001da87d2fc04: 33c3 458b | c8c4 c179 | 7ed3 4523 | d841 8bcb | e9c6 e6ff | ff41 8bd8 | ebc7 4c8b | 9424 d800 
  0x000001da87d2fc24: 0000 4c89 | 9424 b000 | 0000 4c8b | 9424 e000 | 0000 4c89 | 9424 a800 | 0000 4c8b | 9424 e800 
  0x000001da87d2fc44: 0000 4c89 | 9424 a000 | 0000 4c8b | 9424 f000 | 0000 4c89 | 9424 9800 | 0000 4c8b | 9424 f800 
  0x000001da87d2fc64: 0000 4c89 | 9424 9000 | 0000 4c8b | 8424 d000 | 0000 e90d | e9ff ff45 | 33d2 e939 | e9ff ff33 
  0x000001da87d2fc84: ed44 8944 | 2448 4889 | 7c24 6089 | 5c24 4ce9 | 9cd8 ffff | 488b 5424 

  0x000001da87d2fc9c: ;   {oop(a 'java/util/jar/Attributes$Name'{0x00000000a088f548})}
  0x000001da87d2fc9c: 2049 b848 | f588 a000 | 0000 0090 

  0x000001da87d2fca8: ;   {optimized virtual_call}
  0x000001da87d2fca8: c5f8 77e8 

  0x000001da87d2fcac: ; ImmutableOopMap {rbp=NarrowOop [32]=Oop [40]=Oop [56]=Oop [64]=Oop [80]=Oop [88]=NarrowOop [92]=NarrowOop [96]=Oop [104]=Oop [184]=Oop [192]=Oop [200]=Oop [208]=Oop [216]=Oop [224]=Oop [232]=Oop [240]=Oop }
                      ;*invokevirtual getValue {reexecute=0 rethrow=0 return_oop=1}
                      ; - java.net.URLClassLoader::definePackage@145 (line 565)
                      ; - java.net.URLClassLoader::defineClass@64 (line 495)
                      ; - java.net.URLClassLoader$1::run@43 (line 427)
                      ; - java.net.URLClassLoader$1::run@1 (line 421)
  0x000001da87d2fcac: 3028 0b00 | 4889 8424 | f800 0000 | e90d e8ff | ff48 8b54 

  0x000001da87d2fcc0: ;   {oop(a 'java/util/jar/Attributes$Name'{0x00000000a088f3d0})}
  0x000001da87d2fcc0: 2420 49b8 | d0f3 88a0 | 0000 0000 

  0x000001da87d2fccc: ;   {optimized virtual_call}
  0x000001da87d2fccc: c5f8 77e8 

  0x000001da87d2fcd0: ; ImmutableOopMap {rbp=NarrowOop [32]=Oop [40]=Oop [56]=Oop [64]=Oop [80]=Oop [88]=NarrowOop [92]=NarrowOop [96]=Oop [104]=Oop [184]=Oop [192]=Oop [200]=Oop [208]=Oop [216]=Oop [224]=Oop [232]=Oop [248]=Oop }
                      ;*invokevirtual getValue {reexecute=0 rethrow=0 return_oop=1}
                      ; - java.net.URLClassLoader::definePackage@160 (line 568)
                      ; - java.net.URLClassLoader::defineClass@64 (line 495)
                      ; - java.net.URLClassLoader$1::run@43 (line 427)
                      ; - java.net.URLClassLoader$1::run@1 (line 421)
  0x000001da87d2fcd0: 0c28 0b00 | 4889 8424 | f000 0000 | e9fa e7ff | ff48 8b54 

  0x000001da87d2fce4: ;   {oop(a 'java/util/jar/Attributes$Name'{0x00000000a088f480})}
  0x000001da87d2fce4: 2420 49b8 | 80f4 88a0 | 0000 0000 

  0x000001da87d2fcf0: ;   {optimized virtual_call}
  0x000001da87d2fcf0: c5f8 77e8 

  0x000001da87d2fcf4: ; ImmutableOopMap {rbp=NarrowOop [32]=Oop [40]=Oop [56]=Oop [64]=Oop [80]=Oop [88]=NarrowOop [92]=NarrowOop [96]=Oop [104]=Oop [184]=Oop [192]=Oop [200]=Oop [208]=Oop [216]=Oop [224]=Oop [240]=Oop [248]=Oop }
                      ;*invokevirtual getValue {reexecute=0 rethrow=0 return_oop=1}
                      ; - java.net.URLClassLoader::definePackage@175 (line 571)
                      ; - java.net.URLClassLoader::defineClass@64 (line 495)
                      ; - java.net.URLClassLoader$1::run@43 (line 427)
                      ; - java.net.URLClassLoader$1::run@1 (line 421)
  0x000001da87d2fcf4: e827 0b00 | 4889 8424 | e800 0000 | e9e7 e7ff | ff48 8b54 

  0x000001da87d2fd08: ;   {oop(a 'java/util/jar/Attributes$Name'{0x00000000a05dac60})}
  0x000001da87d2fd08: 2420 49b8 | 60ac 5da0 | 0000 0000 

  0x000001da87d2fd14: ;   {optimized virtual_call}
  0x000001da87d2fd14: c5f8 77e8 

  0x000001da87d2fd18: ; ImmutableOopMap {rbp=NarrowOop [32]=Oop [40]=Oop [56]=Oop [64]=Oop [80]=Oop [88]=NarrowOop [92]=NarrowOop [96]=Oop [104]=Oop [184]=Oop [192]=Oop [200]=Oop [208]=Oop [216]=Oop [232]=Oop [240]=Oop [248]=Oop }
                      ;*invokevirtual getValue {reexecute=0 rethrow=0 return_oop=1}
                      ; - java.net.URLClassLoader::definePackage@190 (line 574)
                      ; - java.net.URLClassLoader::defineClass@64 (line 495)
                      ; - java.net.URLClassLoader$1::run@43 (line 427)
                      ; - java.net.URLClassLoader$1::run@1 (line 421)
  0x000001da87d2fd18: c427 0b00 | 4889 8424 | e000 0000 | e9d4 e7ff | ff48 8b54 

  0x000001da87d2fd2c: ;   {oop(a 'java/util/jar/Attributes$Name'{0x00000000a05dadd8})}
  0x000001da87d2fd2c: 2420 49b8 | d8ad 5da0 | 0000 0000 

  0x000001da87d2fd38: ;   {optimized virtual_call}
  0x000001da87d2fd38: c5f8 77e8 

  0x000001da87d2fd3c: ; ImmutableOopMap {rbp=NarrowOop [32]=Oop [40]=Oop [56]=Oop [64]=Oop [80]=Oop [88]=NarrowOop [92]=NarrowOop [96]=Oop [104]=Oop [184]=Oop [192]=Oop [200]=Oop [208]=Oop [224]=Oop [232]=Oop [240]=Oop [248]=Oop }
                      ;*invokevirtual getValue {reexecute=0 rethrow=0 return_oop=1}
                      ; - java.net.URLClassLoader::definePackage@205 (line 577)
                      ; - java.net.URLClassLoader::defineClass@64 (line 495)
                      ; - java.net.URLClassLoader$1::run@43 (line 427)
                      ; - java.net.URLClassLoader$1::run@1 (line 421)
  0x000001da87d2fd3c: a027 0b00 | 4889 8424 | d800 0000 | e9c1 e7ff | ff48 8b54 

  0x000001da87d2fd50: ;   {oop(a 'java/util/jar/Attributes$Name'{0x00000000a088f6e0})}
  0x000001da87d2fd50: 2420 49b8 | e0f6 88a0 | 0000 0000 

  0x000001da87d2fd5c: ;   {optimized virtual_call}
  0x000001da87d2fd5c: c5f8 77e8 

  0x000001da87d2fd60: ; ImmutableOopMap {rbp=NarrowOop [32]=Oop [40]=Oop [56]=Oop [64]=Oop [80]=Oop [88]=NarrowOop [92]=NarrowOop [96]=Oop [104]=Oop [192]=Oop [200]=Oop [208]=Oop [216]=Oop [224]=Oop [232]=Oop [240]=Oop [248]=Oop }
                      ;*invokevirtual getValue {reexecute=0 rethrow=0 return_oop=1}
                      ; - java.net.URLClassLoader::definePackage@220 (line 580)
                      ; - java.net.URLClassLoader::defineClass@64 (line 495)
                      ; - java.net.URLClassLoader$1::run@43 (line 427)
                      ; - java.net.URLClassLoader$1::run@1 (line 421)
  0x000001da87d2fd60: 7c27 0b00 | 4889 8424 | b800 0000 | e9ae e7ff | ff48 8b54 

  0x000001da87d2fd74: ;   {oop(a 'java/util/jar/Attributes$Name'{0x00000000a0a50c68})}
  0x000001da87d2fd74: 2420 49b8 | 680c a5a0 | 0000 0000 | 488b 6c24 | 2844 8b5c | 2458 4489 | 5c24 3490 

  0x000001da87d2fd90: ;   {optimized virtual_call}
  0x000001da87d2fd90: c5f8 77e8 

  0x000001da87d2fd94: ; ImmutableOopMap {rbp=Oop [40]=Oop [52]=NarrowOop [56]=Oop [64]=Oop [80]=Oop [88]=NarrowOop [92]=NarrowOop [96]=Oop [104]=Oop [184]=Oop [192]=Oop [200]=Oop [216]=Oop [224]=Oop [232]=Oop [240]=Oop [248]=Oop }
                      ;*invokevirtual getValue {reexecute=0 rethrow=0 return_oop=1}
                      ; - java.net.URLClassLoader::definePackage@235 (line 583)
                      ; - java.net.URLClassLoader::defineClass@64 (line 495)
                      ; - java.net.URLClassLoader$1::run@43 (line 427)
                      ; - java.net.URLClassLoader$1::run@1 (line 421)
  0x000001da87d2fd94: 4827 0b00 | 4c8b 9424 | d800 0000 | 4c89 9424 | b000 0000 | 4c8b 9424 | e000 0000 | 4c89 9424 
  0x000001da87d2fdb4: a800 0000 | 4c8b 9424 | e800 0000 | 4c89 9424 | a000 0000 | 4c8b 9424 | f000 0000 | 4c89 9424 
  0x000001da87d2fdd4: 9800 0000 | 4c8b 9424 | f800 0000 | 4c89 9424 | 9000 0000 | 4c8b c0e9 | 98e7 ffff | 4d8b 8f08 
  0x000001da87d2fdf4: 0100 004d | 8bd1 4983 | c210 4d3b | 9718 0100 | 000f 83d8 | 1b00 004d | 8997 0801 | 0000 410f 
  0x000001da87d2fe14: 0d8a c000 | 0000 49c7 | 0101 0000 

  0x000001da87d2fe20: ;   {metadata('java/util/HashSet')}
  0x000001da87d2fe20: 0041 c741 | 08f8 6b11 | 0045 8961 | 0c49 8b87 | 0801 0000 | 4c8b d049 | 83c2 304d | 3b97 1801 
  0x000001da87d2fe40: 0000 0f83 | bb1b 0000 | 4d89 9708 | 0100 0041 | 0f0d 8ac0 | 0000 0048 | c700 0100 

  0x000001da87d2fe5c: ;   {metadata('java/util/HashMap')}
  0x000001da87d2fe5c: 0000 c740 | 0820 360b | 0044 8960 | 0c4c 8960 | 104c 8960 | 184c 8960 | 2848 c740 | 2000 0040 
  0x000001da87d2fe7c: 3f4c 8bd0 | 4589 510c | 4c8b d04d | 8bd9 4d33 | d349 c1ea | 144d 85d2 | 741a 49c1 | eb09 48b9 
  0x000001da87d2fe9c: 0000 dbf3 | da01 0000 | 4903 cb80 | 3904 0f85 | 1514 0000 | 4d8b d949 | 8bd0 4c8b | 4424 4045 
  0x000001da87d2febc: 33c9 498b | fb48 8b6c | 2428 6690 

  0x000001da87d2fec8: ;   {optimized virtual_call}
  0x000001da87d2fec8: c5f8 77e8 

  0x000001da87d2fecc: ; ImmutableOopMap {rbp=Oop [32]=Oop [40]=Oop [52]=NarrowOop [56]=Oop [64]=Oop [72]=NarrowOop }
                      ;*invokevirtual getResource {reexecute=0 rethrow=0 return_oop=1}
                      ; - jdk.internal.loader.URLClassPath$JarLoader::getResource@61 (line 964)
                      ; - jdk.internal.loader.URLClassPath::getResource@53 (line 321)
                      ; - java.net.URLClassLoader$1::run@26 (line 424)
                      ; - java.net.URLClassLoader$1::run@1 (line 421)
  0x000001da87d2fecc: 1089 0100 | e9e3 d4ff | ff44 895c | 244c 4889 | 7c24 5044 | 8944 2448 | 4c89 4c24 | 4048 8bd0 
  0x000001da87d2feec: 4d8b c145 | 33c9 488b | 6c24 2866 | 6690 c5f8 | 7748 b880 | 8f8d abda 

  0x000001da87d2ff04: ;   {virtual_call}
  0x000001da87d2ff04: 0100 00e8 

  0x000001da87d2ff08: ; ImmutableOopMap {rbp=Oop [32]=Oop [40]=Oop [52]=NarrowOop [56]=Oop [64]=Oop [72]=NarrowOop }
                      ;*invokevirtual getResource {reexecute=0 rethrow=0 return_oop=1}
                      ; - jdk.internal.loader.URLClassPath::getResource@53 (line 321)
                      ; - java.net.URLClassLoader$1::run@26 (line 424)
                      ; - java.net.URLClassLoader$1::run@1 (line 421)
  0x000001da87d2ff08: a0bf 84ff | e9a7 d4ff 

  0x000001da87d2ff10: ;   {metadata('java/net/URL')}
  0x000001da87d2ff10: ff48 ba48 | 7006 8fda | 0100 0048 | 8b6c 2428 

  0x000001da87d2ff20: ;   {runtime_call _new_instance_Java}
  0x000001da87d2ff20: c5f8 77e8 

  0x000001da87d2ff24: ; ImmutableOopMap {rbp=Oop [32]=Oop [40]=Oop [52]=NarrowOop [56]=Oop [64]=Oop [72]=NarrowOop [88]=Oop [96]=NarrowOop [104]=Oop [112]=Oop }
                      ;*new {reexecute=0 rethrow=0 return_oop=1}
                      ; - jdk.internal.loader.URLClassPath$JarLoader::checkResource@22 (line 862)
                      ; - jdk.internal.loader.URLClassPath$JarLoader::getResource@34 (line 958)
                      ; - jdk.internal.loader.URLClassPath::getResource@53 (line 321)
                      ; - java.net.URLClassLoader$1::run@26 (line 424)
                      ; - java.net.URLClassLoader$1::run@1 (line 421)
  0x000001da87d2ff24: 58b3 86ff | e9e6 d3ff 

  0x000001da87d2ff2c: ;   {metadata('jdk/internal/loader/URLClassPath$JarLoader$2')}
  0x000001da87d2ff2c: ff48 ba60 | 5219 8fda | 0100 0048 | 8b6c 2458 

  0x000001da87d2ff3c: ;   {runtime_call _new_instance_Java}
  0x000001da87d2ff3c: c5f8 77e8 

  0x000001da87d2ff40: ; ImmutableOopMap {rbp=Oop [32]=Oop [40]=Oop [52]=NarrowOop [56]=Oop [64]=Oop [72]=NarrowOop [96]=NarrowOop [104]=Oop [120]=Oop }
                      ;*new {reexecute=0 rethrow=0 return_oop=1}
                      ; - jdk.internal.loader.URLClassPath$JarLoader::checkResource@65 (line 875)
                      ; - jdk.internal.loader.URLClassPath$JarLoader::getResource@34 (line 958)
                      ; - jdk.internal.loader.URLClassPath::getResource@53 (line 321)
                      ; - java.net.URLClassLoader$1::run@26 (line 424)
                      ; - java.net.URLClassLoader$1::run@1 (line 421)
  0x000001da87d2ff40: 3cb3 86ff | e94b d4ff | ff4c 894c | 2470 498b | d145 33c0 | 488b 6c24 | 2866 6690 

  0x000001da87d2ff5c: ;   {optimized virtual_call}
  0x000001da87d2ff5c: c5f8 77e8 

  0x000001da87d2ff60: ; ImmutableOopMap {rbp=Oop [40]=Oop [56]=Oop [64]=Oop [88]=NarrowOop [92]=NarrowOop [96]=Oop [104]=Oop [112]=Oop [192]=Oop [200]=Oop }
                      ;*invokevirtual getManifestName {reexecute=0 rethrow=0 return_oop=1}
                      ; - java.util.zip.ZipFile$1::getManifestName@2 (line 1123)
                      ; - java.util.jar.JarFile::getManEntry@12 (line 942)
                      ; - java.util.jar.JarFile::getManifestFromReference@27 (line 414)
                      ; - java.util.jar.JarFile::getManifest@1 (line 406)
                      ; - jdk.internal.loader.URLClassPath$JarLoader$2::getManifest@22 (line 886)
                      ; - java.net.URLClassLoader::defineClass@34 (line 491)
                      ; - java.net.URLClassLoader$1::run@43 (line 427)
                      ; - java.net.URLClassLoader$1::run@1 (line 421)
  0x000001da87d2ff60: 1c14 85ff | 4885 c00f | 8496 0200 | 0048 8b54 | 2470 4c8b | c066 6690 

  0x000001da87d2ff78: ;   {optimized virtual_call}
  0x000001da87d2ff78: c5f8 77e8 

  0x000001da87d2ff7c: ; ImmutableOopMap {rbp=Oop [40]=Oop [56]=Oop [64]=Oop [88]=NarrowOop [92]=NarrowOop [96]=Oop [104]=Oop [112]=Oop [192]=Oop [200]=Oop }
                      ;*invokespecial getEntry {reexecute=0 rethrow=0 return_oop=1}
                      ; - java.util.jar.JarFile::getManEntry@25 (line 944)
                      ; - java.util.jar.JarFile::getManifestFromReference@27 (line 414)
                      ; - java.util.jar.JarFile::getManifest@1 (line 406)
                      ; - jdk.internal.loader.URLClassPath$JarLoader$2::getManifest@22 (line 886)
                      ; - java.net.URLClassLoader::defineClass@34 (line 491)
                      ; - java.net.URLClassLoader$1::run@43 (line 427)
                      ; - java.net.URLClassLoader$1::run@1 (line 421)
  0x000001da87d2ff7c: 0014 85ff 

  0x000001da87d2ff80: ; implicit exception: dispatches to 0x000001da87d32ab4
  0x000001da87d2ff80: 448b 5008 

  0x000001da87d2ff84: ;   {metadata('java/util/jar/JarEntry')}
  0x000001da87d2ff84: 488b d849 | bb68 af18 | 8fda 0100 | 0049 b800 | 0000 8fda | 0100 004d | 03c2 4d8b | 5040 4d3b 
  0x000001da87d2ffa4: d30f 8535 | 2500 0041 | 807f 3800 | 0f85 7e13 | 0000 4c8b | 4c24 704c | 8bdb 4d8b | d14d 8bc3 
  0x000001da87d2ffc4: 4589 412c | 4d33 da49 | c1eb 144d | 85db 741a | 49c1 ea09 | 48b9 0000 | dbf3 da01 | 0000 4903 
  0x000001da87d2ffe4: ca80 3904 | 0f85 8413 | 0000 4c8b | 4424 68e9 | 56e6 ffff | 41bb ffff | ffff e991 | eaff ff48 
  0x000001da87d30004: 8984 24d0 | 0000 00e9 | d7ea ffff | 448b c3c5 | f97e c3c5 | f97e d244 | 3bdf 0f8d | 79d0 ffff 
  0x000001da87d30024: 470f be54 | 1810 4183 | fa2e 0f84 | 1112 0000 | 41ff c344 | 3bdf 7ce8 | e95c d0ff 

  0x000001da87d30040: ;   {oop(""{0x00000000a055a9c0})}
  0x000001da87d30040: ff49 b8c0 | a955 a000 | 0000 00e9 | c1d8 ffff | 4c63 c54d | 8bd0 4983 | c210 498b | d248 83e2 
  0x000001da87d30060: f848 8bfb | 4803 fa49 | c1ea 0349 | 2bca 4833 | c048 83f9 | 087f 1048 | ffc9 784f | 4889 04cf 
  0x000001da87d30080: 48ff c97d | f7eb 44c5 | fdef c0e9 | 0d00 0000 | c5fe 7f07 | c5fe 7f47 | 2048 83c7 | 4048 83e9 
  0x000001da87d300a0: 087d ed48 | 83c1 047c | 0cc5 fe7f | 0748 83c7 | 2048 83e9 | 0448 83c1 | 047e 1048 | ffc9 c5f9 
  0x000001da87d300c0: d607 4883 | c708 48ff | c97d f349 | 8bcb 498b | d1c5 f877 | 49ba 607f | 5687 da01 | 0000 41ff 
  0x000001da87d300e0: d2e9 f2d7 | ffff 4d8b | 5740 4d8b | 5f50 f083 | 4424 c000 | 8039 000f | 8410 d8ff | ff44 8821 
  0x000001da87d30100: 4d85 d275 | 1e49 8bd8 | 498b d7c5 | f877 49ba | f069 abce | fb7f 0000 | 41ff d24c | 8bc3 e9ea 
  0x000001da87d30120: d7ff ff4b | 894c 13f8 | 4983 c2f8 | 4d89 5740 | e9d8 d7ff | ff85 ed0f | 84a0 d9ff | ff41 8bf2 
  0x000001da87d30140: 498b f949 | 8bd8 4d8b | 5720 488b | cd4d 85d2 | 0f84 2a1b | 0000 4d8b | 5f30 4b89 | 4c13 f849 
  0x000001da87d30160: 83c2 f84d | 8957 204c | 8bc3 4c8b | cf44 8bd6 | e968 d9ff | ff44 8954 | 2438 4489 | 5c24 3448 
  0x000001da87d30180: 894c 2458 | 8beb 4c89 | 4424 4049 | 8bd0 c5f8 | 7748 b880 | 898d abda 

  0x000001da87d30198: ;   {virtual_call}
  0x000001da87d30198: 0100 00e8 

  0x000001da87d3019c: ; ImmutableOopMap {rbp=NarrowOop [32]=Oop [40]=Oop [60]=NarrowOop [64]=Oop [88]=Oop }
                      ;*invokevirtual getCodeSourceURL {reexecute=0 rethrow=0 return_oop=1}
                      ; - java.net.URLClassLoader::defineClass@13 (line 487)
                      ; - java.net.URLClassLoader$1::run@43 (line 427)
                      ; - java.net.URLClassLoader$1::run@1 (line 421)
  0x000001da87d3019c: 845b 85ff | 4889 8424 | c000 0000 | 4c8b 4424 | 408b dd48 | 8b4c 2458 | 448b 5c24 | 3444 8b54 
  0x000001da87d301bc: 2438 e941 | d5ff ff66 | 6690 c5f8 | 7748 b8c0 | eb46 90da 

  0x000001da87d301d0: ;   {virtual_call}
  0x000001da87d301d0: 0100 00e8 

  0x000001da87d301d4: ; ImmutableOopMap {[32]=Oop [40]=Oop [48]=NarrowOop [64]=Oop [92]=NarrowOop [96]=Oop [192]=Oop }
                      ;*invokevirtual getBytes {reexecute=0 rethrow=0 return_oop=1}
                      ; - java.net.URLClassLoader::defineClass@179 (line 519)
                      ; - java.net.URLClassLoader$1::run@43 (line 427)
                      ; - java.net.URLClassLoader$1::run@1 (line 421)
  0x000001da87d301d4: 08b7 0a00 | 4889 4424 | 38e9 b7d9 

  0x000001da87d301e0: ;   {metadata('jdk/internal/loader/URLClassPath$FileLoader$1')}
  0x000001da87d301e0: ffff 81fd | c0eb 4601 | 0f85 4b24 | 0000 33ed | e9c2 d9ff | ff89 5c24 | 5c48 8954 | 2460 e94c 
  0x000001da87d30200: d9ff ff4c | 8b44 2468 | 4c8b 4c24 | 70e9 3ce4 | ffff 4c8b | 9c24 a800 | 0000 41c6 | 4311 0133 
  0x000001da87d30220: c945 33db | 458b cbe9 | b3e0 ffff | 33ed e9e0 | d8ff ff48 | 8b54 2460 | 4c8b 8424 | c800 0000 
  0x000001da87d30240: 4533 c933 | ff33 f633 | c945 33d2 | 4c89 1424 | 4c89 5424 | 084c 8954 | 2410 488b | 6c24 2890 
  0x000001da87d30260: ;   {optimized virtual_call}
  0x000001da87d30260: c5f8 77e8 

  0x000001da87d30264: ; ImmutableOopMap {rbp=Oop [40]=Oop [56]=Oop [64]=Oop [80]=Oop [88]=NarrowOop [92]=NarrowOop [96]=Oop [192]=Oop [200]=Oop }
                      ;*invokevirtual definePackage {reexecute=0 rethrow=0 return_oop=1}
                      ; - java.net.URLClassLoader::defineClass@81 (line 497)
                      ; - java.net.URLClassLoader$1::run@43 (line 427)
                      ; - java.net.URLClassLoader$1::run@1 (line 421)
  0x000001da87d30264: 1811 85ff | e9a3 e3ff | ff4c 8b54 | 2420 458b | 5244 448b | dd45 0fb6 | 4311 4585 | c00f 8573 
  0x000001da87d30284: ;   {oop(a 'java/lang/Boolean'{0x00000000a0594f30} = true)}
  0x000001da87d30284: d7ff ff49 | b930 4f59 | a000 0000 | 0045 85d2 | 0f84 5614 | 0000 498b 

  0x000001da87d3029c: ;   {oop(a 'java/lang/ThreadLocal'{0x00000000a0a721d0})}
  0x000001da87d3029c: d249 b8d0 | 21a7 a000 | 0000 0090 

  0x000001da87d302a8: ;   {optimized virtual_call}
  0x000001da87d302a8: c5f8 77e8 

  0x000001da87d302ac: ; ImmutableOopMap {rbp=NarrowOop [32]=Oop [40]=Oop [56]=Oop [64]=Oop [88]=NarrowOop [92]=NarrowOop [96]=Oop [104]=Oop [112]=Oop [192]=Oop [200]=Oop }
                      ;*invokevirtual set {reexecute=0 rethrow=0 return_oop=0}
                      ; - java.lang.ThreadLocal::set@17 (line 222)
                      ; - java.util.jar.JarFile::ensureInitialization@37 (line 1036)
                      ; - java.util.jar.JavaUtilJarAccessImpl::ensureInitialization@1 (line 72)
                      ; - jdk.internal.loader.URLClassPath$JarLoader$2::getManifest@10 (line 885)
                      ; - java.net.URLClassLoader::defineClass@34 (line 491)
                      ; - java.net.URLClassLoader$1::run@43 (line 427)
                      ; - java.net.URLClassLoader$1::run@1 (line 421)
  0x000001da87d302ac: d010 85ff | 488b 5424 | 7066 6690 

  0x000001da87d302b8: ;   {optimized virtual_call}
  0x000001da87d302b8: c5f8 77e8 

  0x000001da87d302bc: ; ImmutableOopMap {rbp=NarrowOop [32]=Oop [40]=Oop [56]=Oop [64]=Oop [88]=NarrowOop [92]=NarrowOop [96]=Oop [104]=Oop [112]=Oop [192]=Oop [200]=Oop }
                      ;*invokevirtual initializeVerifier {reexecute=0 rethrow=0 return_oop=0}
                      ; - java.util.jar.JarFile::ensureInitialization@41 (line 1038)
                      ; - java.util.jar.JavaUtilJarAccessImpl::ensureInitialization@1 (line 72)
                      ; - jdk.internal.loader.URLClassPath$JarLoader$2::getManifest@10 (line 885)
                      ; - java.net.URLClassLoader::defineClass@34 (line 491)
                      ; - java.net.URLClassLoader$1::run@43 (line 427)
                      ; - java.net.URLClassLoader$1::run@1 (line 421)
  0x000001da87d302bc: c010 85ff | c645 1101 | 4c8b 5c24 | 2045 8b53 | 4445 85d2 | 0f84 3714 | 0000 498b 

  0x000001da87d302d8: ;   {oop(a 'java/lang/ThreadLocal'{0x00000000a0a721d0})}
  0x000001da87d302d8: d249 b8d0 | 21a7 a000 

  0x000001da87d302e0: ;   {oop(a 'java/lang/Boolean'{0x00000000a05e55f0} = false)}
  0x000001da87d302e0: 0000 0049 | b9f0 555e | a000 0000 | 0048 8b6c | 2428 6690 

  0x000001da87d302f4: ;   {optimized virtual_call}
  0x000001da87d302f4: c5f8 77e8 

  0x000001da87d302f8: ; ImmutableOopMap {rbp=Oop [40]=Oop [56]=Oop [64]=Oop [88]=NarrowOop [92]=NarrowOop [96]=Oop [104]=Oop [112]=Oop [192]=Oop [200]=Oop }
                      ;*invokevirtual set {reexecute=0 rethrow=0 return_oop=0}
                      ; - java.lang.ThreadLocal::set@17 (line 222)
                      ; - java.util.jar.JarFile::ensureInitialization@55 (line 1041)
                      ; - java.util.jar.JavaUtilJarAccessImpl::ensureInitialization@1 (line 72)
                      ; - jdk.internal.loader.URLClassPath$JarLoader$2::getManifest@10 (line 885)
                      ; - java.net.URLClassLoader::defineClass@34 (line 491)
                      ; - java.net.URLClassLoader$1::run@43 (line 427)
                      ; - java.net.URLClassLoader$1::run@1 (line 421)
  0x000001da87d302f8: 8410 85ff | e9f9 d6ff | ff44 8944 | 2458 4889 | 4424 5044 | 894c 244c | 4489 6c24 | 4889 7424 
  0x000001da87d30318: 2c4c 895c | 2440 4c89 | 5424 384c | 8b54 2420 | 4c89 5424 | 3089 5c24 | 284c 8974 

  0x000001da87d30334: ;   {metadata({type array byte})}
  0x000001da87d30334: 2420 48ba | 2867 008f | da01 0000 

  0x000001da87d30340: ;   {runtime_call _new_array_Java}
  0x000001da87d30340: c5f8 77e8 

  0x000001da87d30344: ; ImmutableOopMap {[32]=Oop [48]=Oop [56]=Oop [64]=Oop }
                      ;*invokevirtual allocateUninitializedArray0 {reexecute=0 rethrow=0 return_oop=1}
                      ; - jdk.internal.misc.Unsafe::allocateUninitializedArray@51 (line 1375)
                      ; - java.lang.StringConcatHelper::newArray@33 (line 497)
                      ; - java.lang.StringConcatHelper::simpleConcat@61 (line 421)
                      ; - java.lang.String::concat@11 (line 2774)
                      ; - java.net.URLClassLoader$1::run@13 (line 423)
                      ; - java.net.URLClassLoader$1::run@1 (line 421)
  0x000001da87d30344: 38b2 86ff | 488b c84c | 8b74 2420 | 8b5c 2428 | 4c8b 5424 | 304c 8954 | 2420 4c8b | 5424 384c 
  0x000001da87d30364: 8b5c 2440 | 8b74 242c | 448b 6c24 | 4844 8b4c | 244c 488b | 4424 5044 | 8b44 2458 | 488b f9e9 
  0x000001da87d30384: e7cd ffff | 4889 7c24 | 304c 8b54 | 2420 4c89 | 5424 2889 | 5c24 2049 

  0x000001da87d3039c: ;   {metadata('java/lang/String')}
  0x000001da87d3039c: 8bee 48ba | e0e9 008f | da01 0000 

  0x000001da87d303a8: ;   {runtime_call _new_instance_Java}
  0x000001da87d303a8: c5f8 77e8 

  0x000001da87d303ac: ; ImmutableOopMap {rbp=Oop [40]=Oop [48]=Oop }
                      ;*new {reexecute=0 rethrow=0 return_oop=1}
                      ; - java.lang.StringConcatHelper::newString@6 (line 387)
                      ; - java.lang.StringConcatHelper::simpleConcat@90 (line 426)
                      ; - java.lang.String::concat@11 (line 2774)
                      ; - java.net.URLClassLoader$1::run@13 (line 423)
                      ; - java.net.URLClassLoader$1::run@1 (line 421)
  0x000001da87d303ac: d0ae 86ff | 4c8b f58b | 5c24 204c | 8b54 2428 | 4c89 5424 | 2048 8b7c | 2430 e954 | ceff ff48 
  0x000001da87d303cc: 8944 2450 | 8974 244c | 8954 2448 | 4c8b 5424 | 204c 8954 | 2440 895c | 2434 4c89 | 6c24 3889 
  0x000001da87d303ec: 7c24 3044 | 8944 242c | 894c 2428 | 4c89 7424 

  0x000001da87d303fc: ;   {metadata({type array byte})}
  0x000001da87d303fc: 2048 ba28 | 6700 8fda | 0100 0044 | 8bc7 6690 

  0x000001da87d3040c: ;   {runtime_call _new_array_Java}
  0x000001da87d3040c: c5f8 77e8 

  0x000001da87d30410: ; ImmutableOopMap {[32]=Oop [40]=NarrowOop [44]=NarrowOop [56]=Oop [64]=Oop [80]=Oop }
                      ;*invokevirtual allocateUninitializedArray0 {reexecute=0 rethrow=0 return_oop=1}
                      ; - jdk.internal.misc.Unsafe::allocateUninitializedArray@51 (line 1375)
                      ; - java.lang.StringConcatHelper::newArray@33 (line 497)
                      ; - java.lang.StringLatin1::replace@49 (line 313)
                      ; - java.lang.String::replace@18 (line 2808)
                      ; - java.net.URLClassLoader$1::run@8 (line 423)
                      ; - java.net.URLClassLoader$1::run@1 (line 421)
  0x000001da87d30410: 6cb1 86ff | 4c8b d04c | 8b74 2420 | 8b4c 2428 | 448b 4424 | 2c8b 7c24 | 304c 8b6c | 2438 8b5c 
  0x000001da87d30430: 2434 4c8b | 5c24 404c | 895c 2420 | 8b54 2448 | 8b74 244c | 488b 4424 | 50e9 d3c9 | ffff 4c89 
  0x000001da87d30450: 5424 384c | 8b54 2420 | 4c89 5424 | 3089 5c24 | 284c 8974 

  0x000001da87d30464: ;   {metadata('java/lang/String')}
  0x000001da87d30464: 2420 48ba | e0e9 008f | da01 0000 | 498b ed90 

  0x000001da87d30474: ;   {runtime_call _new_instance_Java}
  0x000001da87d30474: c5f8 77e8 

  0x000001da87d30478: ; ImmutableOopMap {rbp=Oop [32]=Oop [48]=Oop [56]=Oop }
                      ;*new {reexecute=0 rethrow=0 return_oop=1}
                      ; - java.lang.StringLatin1::replace@116 (line 322)
                      ; - java.lang.String::replace@18 (line 2808)
                      ; - java.net.URLClassLoader$1::run@8 (line 423)
                      ; - java.net.URLClassLoader$1::run@1 (line 421)
  0x000001da87d30478: 04ae 86ff | 4c8b 7424 | 208b 5c24 | 284c 8b54 | 2430 4c89 | 5424 204c | 8b54 2438 | 4c8b d8e9 
  0x000001da87d30498: f3cb ffff | 895c 245c | 4489 5c24 | 5848 894c | 2450 4889 | 7c24 4841 | 8be8 4c89 

  0x000001da87d304b4: ;   {metadata('jdk/internal/loader/URLClassPath$JarLoader$1')}
  0x000001da87d304b4: 4c24 4048 | bac8 5419 | 8fda 0100 | 0066 6690 

  0x000001da87d304c4: ;   {runtime_call _new_instance_Java}
  0x000001da87d304c4: c5f8 77e8 

  0x000001da87d304c8: ; ImmutableOopMap {rbp=NarrowOop [32]=Oop [40]=Oop [52]=NarrowOop [56]=Oop [64]=Oop [80]=Oop [92]=NarrowOop }
                      ;*new {reexecute=0 rethrow=0 return_oop=1}
                      ; - jdk.internal.loader.URLClassPath$JarLoader::ensureOpen@7 (line 763)
                      ; - jdk.internal.loader.URLClassPath$JarLoader::getResource@1 (line 952)
                      ; - jdk.internal.loader.URLClassPath::getResource@53 (line 321)
                      ; - java.net.URLClassLoader$1::run@26 (line 424)
                      ; - java.net.URLClassLoader$1::run@1 (line 421)
  0x000001da87d304c8: b4ad 86ff | 4c8b 4c24 | 4044 8bc5 | 488b 7c24 | 4848 8b4c | 2450 448b | 5c24 588b | 5c24 5ce9 
  0x000001da87d304e8: ddcf ffff 

  0x000001da87d304ec: ;   {metadata('java/security/CodeSource')}
  0x000001da87d304ec: 48ba a0ee | 008f da01 | 0000 6690 

  0x000001da87d304f8: ;   {runtime_call _new_instance_Java}
  0x000001da87d304f8: c5f8 77e8 

  0x000001da87d304fc: ; ImmutableOopMap {rbp=Oop [32]=Oop [40]=Oop [48]=NarrowOop [56]=Oop [64]=Oop [92]=NarrowOop [96]=Oop [192]=Oop }
                      ;*new {reexecute=0 rethrow=0 return_oop=1}
                      ; - java.net.URLClassLoader::defineClass@190 (line 522)
                      ; - java.net.URLClassLoader$1::run@43 (line 427)
                      ; - java.net.URLClassLoader$1::run@1 (line 421)
  0x000001da87d304fc: 80ad 86ff | e9fa d6ff | ff41 8bea 

  0x000001da87d30508: ;   {metadata('java/lang/String')}
  0x000001da87d30508: 48ba e0e9 | 008f da01 | 0000 6690 

  0x000001da87d30514: ;   {runtime_call _new_instance_Java}
  0x000001da87d30514: c5f8 77e8 

  0x000001da87d30518: ; ImmutableOopMap {[32]=Oop [40]=Oop [56]=Oop [64]=Oop [88]=NarrowOop [92]=NarrowOop [96]=Oop [104]=NarrowOop [192]=Oop }
                      ;*new {reexecute=0 rethrow=0 return_oop=1}
                      ; - java.lang.StringLatin1::newString@7 (line 769)
                      ; - java.lang.String::substring@41 (line 2714)
                      ; - java.net.URLClassLoader::defineClass@28 (line 489)
                      ; - java.net.URLClassLoader$1::run@43 (line 427)
                      ; - java.net.URLClassLoader$1::run@1 (line 421)
  0x000001da87d30518: 64ad 86ff | 448b d54c | 8bc0 e993 

  0x000001da87d30524: ;   {metadata({type array byte})}
  0x000001da87d30524: d2ff ff48 | ba28 6700 | 8fda 0100 | 0044 8b44 | 246c 6690 

  0x000001da87d30538: ;   {runtime_call _new_array_nozero_Java}
  0x000001da87d30538: c5f8 77e8 

  0x000001da87d3053c: ; ImmutableOopMap {[32]=Oop [40]=Oop [56]=Oop [64]=Oop [88]=NarrowOop [92]=NarrowOop [96]=Oop [104]=NarrowOop [112]=Oop [192]=Oop }
                      ;*newarray {reexecute=0 rethrow=0 return_oop=1}
                      ; - java.util.Arrays::copyOfRange@41 (line 3822)
                      ; - java.lang.StringLatin1::newString@16 (line 769)
                      ; - java.lang.String::substring@41 (line 2714)
                      ; - java.net.URLClassLoader::defineClass@28 (line 489)
                      ; - java.net.URLClassLoader$1::run@43 (line 427)
                      ; - java.net.URLClassLoader$1::run@1 (line 421)
  0x000001da87d3053c: 40b3 86ff | 488b d8e9 | 37d3 ffff | ba66 ffff | ff48 8b6c | 2428 8b5c | 2434 895c | 2420 4489 
  0x000001da87d3055c: 5c24 2448 | 894c 2430 | 4c89 4c24 | 3844 8954 | 2440 4c89 | 4c24 4890 

  0x000001da87d30574: ;   {runtime_call UncommonTrapBlob}
  0x000001da87d30574: c5f8 77e8 

  0x000001da87d30578: ; ImmutableOopMap {rbp=Oop [32]=NarrowOop [48]=Oop [56]=Oop [64]=NarrowOop [72]=Oop }
                      ;*invokevirtual getEntry {reexecute=0 rethrow=0 return_oop=0}
                      ; - java.util.jar.JarFile::getJarEntry@2 (line 473)
                      ; - jdk.internal.loader.URLClassPath$JarLoader::getResource@22 (line 956)
                      ; - jdk.internal.loader.URLClassPath::getResource@53 (line 321)
                      ; - java.net.URLClassLoader$1::run@26 (line 424)
                      ; - java.net.URLClassLoader$1::run@1 (line 421)
  0x000001da87d30578: 8463 85ff | 4c8b d745 | 8b5a 1045 | 85db 0f84 | 11f4 ffff | 4d8b 5720 | 498b cb4d | 85d2 0f84 
  0x000001da87d30598: 2c1b 0000 | 4d8b 5f30 | 4b89 4c13 | f849 83c2 | f84d 8957 | 20e9 ebf3 | ffff 4c8b | 5424 7045 
  0x000001da87d305b8: 8b5a 2845 | 85db 0f84 | 28f4 ffff | 4d8b 5720 | 498b cb4d | 85d2 0f84 | 0c1b 0000 | 4d8b 5f30 
  0x000001da87d305d8: 4b89 4c13 | f849 83c2 | f84d 8957 | 20e9 02f4 | ffff 4d8b | 5740 4d8b | 5f50 f083 | 4424 c000 
  0x000001da87d305f8: 8039 000f | 84da f3ff | ff44 8821 | 4d85 d275 | 1849 8bd7 | c5f8 7749 | baf0 69ab | cefb 7f00 
  0x000001da87d30618: 0041 ffd2 | e9ba f3ff | ff4b 894c | 13f8 4983 | c2f8 4d89 | 5740 e9a8 | f3ff ff4d | 8b57 404d 
  0x000001da87d30638: 8b5f 50f0 | 8344 24c0 | 0041 8038 | 000f 84e6 | f3ff ff45 | 8820 4d85 | d275 1b49 | 8bc8 498b 
  0x000001da87d30658: d7c5 f877 | 49ba f069 | abce fb7f | 0000 41ff | d2e9 c3f3 | ffff 4f89 | 4413 f849 | 83c2 f84d 
  0x000001da87d30678: 8957 40e9 | b1f3 ffff | 4c8b 5424 | 7845 8b52 | 1045 85d2 | 0f84 f5f1 | ffff 4d8b | 5f20 498b 
  0x000001da87d30698: ca4d 85db | 0f84 621b | 0000 4d8b | 5730 4b89 | 4c1a f849 | 83c3 f84d | 895f 20e9 | cff1 ffff 
  0x000001da87d306b8: 4c8b 5424 | 7845 8b52 | 0c45 85d2 | 0f84 22f1 | ffff 4d8b | 5f20 498b | ca4d 85db | 0f84 e21a 
  0x000001da87d306d8: 0000 4d8b | 5730 4b89 | 4c1a f849 | 83c3 f84d | 895f 20e9 | fcf0 ffff | 4c8b 5424 | 7845 8b5a 
  0x000001da87d306f8: 3c45 85db | 0f84 90ee | ffff 4d8b | 5720 498b | cb4d 85d2 | 0f84 da1a | 0000 4d8b | 5f30 4b89 
  0x000001da87d30718: 4c13 f849 | 83c2 f84d | 8957 20e9 | 6aee ffff | 4c8b 5424 | 7845 8b5a | 3845 85db | 0f84 c1ed 
  0x000001da87d30738: ffff 4d8b | 5720 498b | cb4d 85d2 | 0f84 8a1a | 0000 4d8b | 5f30 4b89 | 4c13 f849 | 83c2 f84d 
  0x000001da87d30758: 8957 20e9 | 9bed ffff | 4c8b 5424 | 7845 8b52 | 1c45 85d2 | 0f84 d4eb | ffff 4d8b | 5f20 498b 
  0x000001da87d30778: ca4d 85db | 0f84 ca1a | 0000 4d8b | 5730 4b89 | 4c1a f849 | 83c3 f84d | 895f 20e9 | aeeb ffff 
  0x000001da87d30798: 4c8b 5424 | 7845 8b5a | 2445 85db | 0f84 c3ec | ffff 4d8b | 5720 498b | cb4d 85d2 | 0f84 c21a 
  0x000001da87d307b8: 0000 4d8b | 5f30 4b89 | 4c13 f849 | 83c2 f84d | 8957 20e9 | 9dec ffff | 4c8b 5424 | 7045 8b5a 
  0x000001da87d307d8: 3045 85db | 0f84 f3ed | ffff 4d8b | 5720 498b | cb4d 85d2 | 0f84 2a1a | 0000 4d8b | 5f30 4b89 
  0x000001da87d307f8: 4c13 f849 | 83c2 f84d | 8957 20e9 | cded ffff | 4c8b 5424 | 7845 8b52 | 1845 85d2 | 0f84 96ea 
  0x000001da87d30818: ffff 4d8b | 5f20 498b | ca4d 85db | 0f84 0a1a | 0000 4d8b | 5730 4b89 | 4c1a f849 | 83c3 f84d 
  0x000001da87d30838: 895f 20e9 | 70ea ffff | 4c8b 5424 | 7845 8b5a | 2c45 85db | 0f84 78e6 | ffff 4d8b | 5720 498b 
  0x000001da87d30858: cb4d 85d2 | 0f84 921a | 0000 4d8b | 5f30 4b89 | 4c13 f849 | 83c2 f84d | 8957 20e9 | 52e6 ffff 
  0x000001da87d30878: 4c8b 5424 | 7845 8b52 | 1445 85d2 | 0f84 8ee7 | ffff 4d8b | 5f20 498b | ca4d 85db | 0f84 121a 
  0x000001da87d30898: 0000 4d8b | 5730 4b89 | 4c1a f849 | 83c3 f84d | 895f 20e9 | 68e7 ffff | 4c8b 5424 | 7845 8b52 
  0x000001da87d308b8: 3045 85d2 | 0f84 b7e5 | ffff 4d8b | 5f20 498b | ca4d 85db | 0f84 0a1a | 0000 4d8b | 5730 4b89 
  0x000001da87d308d8: 4c1a f849 | 83c3 f84d | 895f 20e9 | 91e5 ffff | 4c8b 5424 | 7845 8b5a | 1045 85db | 0f84 6ae8 
  0x000001da87d308f8: ffff 4d8b | 5720 498b | cb4d 85d2 | 0f84 5a19 | 0000 4d8b | 5f30 4b89 | 4c13 f849 | 83c2 f84d 
  0x000001da87d30918: 8957 20e9 | 44e8 ffff | 4c8b 5424 | 7845 8b52 | 4045 85d2 | 0f84 d2e3 | ffff 4d8b | 5f20 498b 
  0x000001da87d30938: ca4d 85db | 0f84 ca19 | 0000 4d8b | 5730 4b89 | 4c1a f849 | 83c3 f84d | 895f 20e9 | ace3 ffff 
  0x000001da87d30958: 4c8b 5424 | 7845 8b52 | 5045 85d2 | 0f84 cce4 | ffff 4d8b | 5f20 498b | ca4d 85db 

  0x000001da87d30974: ;   {no_reloc}
  0x000001da87d30974: 0f84 4a19 | 0000 4d8b | 5730 4b89 | 4c1a f849 | 83c3 f84d | 895f 20e9 | a6e4 ffff | 4c8b 5424 
  0x000001da87d30994: 7845 8b52 | 4445 85d2 | 0f84 f9e3 | ffff 4d8b | 5f20 498b | ca4d 85db | 0f84 e218 | 0000 4d8b 
  0x000001da87d309b4: 5730 4b89 | 4c1a f849 | 83c3 f84d | 895f 20e9 | d3e3 ffff | 4c8b 5424 | 7845 8b52 | 1445 85d2 
  0x000001da87d309d4: 0f84 15ef | ffff 4d8b | 5f20 498b | ca4d 85db | 0f84 3a19 | 0000 4d8b | 5730 4b89 | 4c1a f849 
  0x000001da87d309f4: 83c3 f84d | 895f 20e9 | efee ffff | 4d8b 5740 | 4d8b 5f50 | f083 4424 | c000 8039 | 000f 8411 
  0x000001da87d30a14: eeff ff44 | 8821 4d85 | d275 1849 | 8bd7 c5f8 | 7749 baf0 | 69ab cefb | 7f00 0041 | ffd2 e9f1 
  0x000001da87d30a34: edff ff4b | 894c 13f8 | 4983 c2f8 | 4d89 5740 | e9df edff | ff4d 8b57 | 504d 8b5f | 40f0 8344 
  0x000001da87d30a54: 24c0 0080 | 3900 0f84 | 6aeb ffff | 4488 214d | 85db 7518 | 498b d7c5 | f877 49ba | f069 abce 
  0x000001da87d30a74: fb7f 0000 | 41ff d2e9 | 4aeb ffff | 4b89 4c1a | f849 83c3 | f84d 895f | 40e9 38eb | ffff 4d8b 
  0x000001da87d30a94: 5740 4d8b | 5f50 f083 | 4424 c000 | 8039 000f | 846d ebff | ff44 8821 | 4d85 d275 | 1849 8bd7 
  0x000001da87d30ab4: c5f8 7749 | baf0 69ab | cefb 7f00 | 0041 ffd2 | e94d ebff | ff4b 894c | 13f8 4983 | c2f8 4d89 
  0x000001da87d30ad4: 5740 e93b | ebff ff4d | 8b57 504d | 8b5f 40f0 | 8344 24c0 | 0080 3900 | 0f84 cded | ffff 4488 
  0x000001da87d30af4: 214d 85db | 7518 498b | d7c5 f877 | 49ba f069 | abce fb7f | 0000 41ff | d2e9 aded | ffff 4b89 
  0x000001da87d30b14: 4c1a f849 | 83c3 f84d | 895f 40e9 | 9bed ffff | 4d8b 5750 | 4d8b 5f40 | f083 4424 | c000 8039 
  0x000001da87d30b34: 000f 84a6 | ecff ff44 | 8821 4d85 | db75 1849 | 8bd7 c5f8 | 7749 baf0 | 69ab cefb | 7f00 0041 
  0x000001da87d30b54: ffd2 e986 | ecff ff4b | 894c 1af8 | 4983 c3f8 | 4d89 5f40 | e974 ecff | ff4d 8b57 | 504d 8b5f 
  0x000001da87d30b74: 40f0 8344 | 24c0 0080 | 3900 0f84 | fae7 ffff | 4488 214d | 85db 7518 | 498b d7c5 | f877 49ba 
  0x000001da87d30b94: f069 abce | fb7f 0000 | 41ff d2e9 | dae7 ffff | 4b89 4c1a | f849 83c3 | f84d 895f | 40e9 c8e7 
  0x000001da87d30bb4: ffff 4d8b | 5740 4d8b | 5f50 f083 | 4424 c000 | 8039 000f | 84d6 e5ff | ff44 8821 | 4d85 d275 
  0x000001da87d30bd4: 1849 8bd7 | c5f8 7749 | baf0 69ab | cefb 7f00 | 0041 ffd2 | e9b6 e5ff | ff4b 894c | 13f8 4983 
  0x000001da87d30bf4: c2f8 4d89 | 5740 e9a4 | e5ff ff4d | 8b57 504d | 8b5f 40f0 | 8344 24c0 | 0080 3900 | 0f84 4ce8 
  0x000001da87d30c14: ffff 4488 | 214d 85db | 7518 498b | d7c5 f877 | 49ba f069 | abce fb7f | 0000 41ff | d2e9 2ce8 
  0x000001da87d30c34: ffff 4b89 | 4c1a f849 | 83c3 f84d | 895f 40e9 | 1ae8 ffff | 4d8b 5750 | 4d8b 5f40 | f083 4424 
  0x000001da87d30c54: c000 8039 | 000f 8446 | e6ff ff44 | 8821 4d85 | db75 1849 | 8bd7 c5f8 | 7749 baf0 | 69ab cefb 
  0x000001da87d30c74: 7f00 0041 | ffd2 e926 | e6ff ff4b | 894c 1af8 | 4983 c3f8 | 4d89 5f40 | e914 e6ff | ff4d 8b57 
  0x000001da87d30c94: 404d 8b5f | 50f0 8344 | 24c0 0080 | 3900 0f84 | 47e6 ffff | 4488 214d | 85d2 7518 | 498b d7c5 
  0x000001da87d30cb4: f877 49ba | f069 abce | fb7f 0000 | 41ff d2e9 | 27e6 ffff | 4b89 4c13 | f849 83c2 | f84d 8957 
  0x000001da87d30cd4: 40e9 15e6 | ffff 4d8b | 5740 4d8b | 5f50 f083 | 4424 c000 | 8039 000f | 84b3 e7ff | ff44 8821 
  0x000001da87d30cf4: 4d85 d275 | 1849 8bd7 | c5f8 7749 | baf0 69ab | cefb 7f00 | 0041 ffd2 | e993 e7ff | ff4b 894c 
  0x000001da87d30d14: 13f8 4983 | c2f8 4d89 | 5740 e981 | e7ff ff4d | 8b57 504d | 8b5f 40f0 | 8344 24c0 | 0080 3900 
  0x000001da87d30d34: 0f84 f9e7 | ffff 4488 | 214d 85db | 7518 498b | d7c5 f877 | 49ba f069 | abce fb7f | 0000 41ff 
  0x000001da87d30d54: d2e9 d9e7 | ffff 4b89 | 4c1a f849 | 83c3 f84d | 895f 40e9 | c7e7 ffff | 4d8b 5750 | 4d8b 5f40 
  0x000001da87d30d74: ;   {no_reloc}
  0x000001da87d30d74: f083 4424 | c000 8039 | 000f 848a | e2ff ff44 | 8821 4d85 | db75 1849 | 8bd7 c5f8 | 7749 baf0 
  0x000001da87d30d94: 69ab cefb | 7f00 0041 | ffd2 e96a | e2ff ff4b | 894c 1af8 | 4983 c3f8 | 4d89 5f40 | e958 e2ff 
  0x000001da87d30db4: ff4d 8b57 | 404d 8b5f | 50f0 8344 | 24c0 0080 | 3900 0f84 | 3fe1 ffff | 4488 214d | 85d2 7518 
  0x000001da87d30dd4: 498b d7c5 | f877 49ba | f069 abce | fb7f 0000 | 41ff d2e9 | 1fe1 ffff | 4b89 4c13 | f849 83c2 
  0x000001da87d30df4: f84d 8957 | 40e9 0de1 | ffff 4d8b | 5750 4d8b | 5f40 f083 | 4424 c000 | 8039 000f | 84be dfff 
  0x000001da87d30e14: ff44 8821 | 4d85 db75 | 1849 8bd7 | c5f8 7749 | baf0 69ab | cefb 7f00 | 0041 ffd2 | e99e dfff 
  0x000001da87d30e34: ff4b 894c | 1af8 4983 | c3f8 4d89 | 5f40 e98c | dfff ff4d | 8b57 404d | 8b5f 50f0 | 8344 24c0 
  0x000001da87d30e54: 0080 3900 | 0f84 f9e1 | ffff 4488 | 214d 85d2 | 7518 498b | d7c5 f877 | 49ba f069 | abce fb7f 
  0x000001da87d30e74: 0000 41ff | d2e9 d9e1 | ffff 4b89 | 4c13 f849 | 83c2 f84d | 8957 40e9 | c7e1 ffff | 4d8b 5750 
  0x000001da87d30e94: 4d8b 5f40 | f083 4424 | c000 8039 | 000f 84b2 | e2ff ff44 | 8821 4d85 | db75 1849 | 8bd7 c5f8 
  0x000001da87d30eb4: 7749 baf0 | 69ab cefb | 7f00 0041 | ffd2 e992 | e2ff ff4b | 894c 1af8 | 4983 c3f8 | 4d89 5f40 
  0x000001da87d30ed4: e980 e2ff | ff4d 8b57 | 504d 8b5f | 40f0 8344 | 24c0 0080 | 3900 0f84 | 7edf ffff | 4488 214d 
  0x000001da87d30ef4: 85db 7518 | 498b d7c5 | f877 49ba | f069 abce | fb7f 0000 | 41ff d2e9 | 5edf ffff | 4b89 4c1a 
  0x000001da87d30f14: f849 83c3 | f84d 895f | 40e9 4cdf | ffff 4d8b | 5750 4d8b | 5f40 f083 | 4424 c000 | 8039 000f 
  0x000001da87d30f34: 8403 deff | ff44 8821 | 4d85 db75 | 1849 8bd7 | c5f8 7749 | baf0 69ab | cefb 7f00 | 0041 ffd2 
  0x000001da87d30f54: e9e3 ddff | ff4b 894c | 1af8 4983 | c3f8 4d89 | 5f40 e9d1 | ddff ff4d | 8b57 504d | 8b5f 40f0 
  0x000001da87d30f74: 8344 24c0 | 0080 3900 | 0f84 23dd | ffff 4488 | 214d 85db | 7518 498b | d7c5 f877 | 49ba f069 
  0x000001da87d30f94: abce fb7f | 0000 41ff | d2e9 03dd | ffff 4b89 | 4c1a f849 | 83c3 f84d | 895f 40e9 | f1dc ffff 
  0x000001da87d30fb4: 4d8b 5740 | 4d8b 5f50 | f083 4424 | c000 8039 | 000f 84f4 | deff ff44 | 8821 4d85 | d275 1849 
  0x000001da87d30fd4: 8bd7 c5f8 | 7749 baf0 | 69ab cefb | 7f00 0041 | ffd2 e9d4 | deff ff4b | 894c 13f8 | 4983 c2f8 
  0x000001da87d30ff4: 4d89 5740 | e9c2 deff | ff4d 8b57 | 404d 8b5f | 50f0 8344 | 24c0 0080 | 3900 0f84 | 26e9 ffff 
  0x000001da87d31014: 4488 214d | 85d2 7518 | 498b d7c5 | f877 49ba | f069 abce | fb7f 0000 | 41ff d2e9 | 06e9 ffff 
  0x000001da87d31034: 4b89 4c13 | f849 83c2 | f84d 8957 | 40e9 f4e8 | ffff 33c9 | 4533 db45 | 8bcb e98c | d2ff ff4c 
  0x000001da87d31054: 8b54 2478 | 458b 5a0c | 4585 db0f | 8481 d7ff | ff4d 8b57 | 2049 8bcb | 4d85 d20f | 842b 1300 
  0x000001da87d31074: 004d 8b5f | 304b 894c | 13f8 4983 | c2f8 4d89 | 5720 e95b | d7ff ff49 | 8bda 4c8b | 5424 7845 
  0x000001da87d31094: 8b5a 1045 | 85db 0f84 | e1d7 ffff | 4d8b 5720 | 498b cb4d | 85d2 0f84 | 0813 0000 | 4d8b 5f30 
  0x000001da87d310b4: 4b89 4c13 | f849 83c2 | f84d 8957 | 20e9 bbd7 | ffff 4c8b | 5424 7845 | 8b42 1445 | 85c0 0f84 
  0x000001da87d310d4: 14d8 ffff | 4d8b 5f20 | 498b c84d | 85db 0f84 | e812 0000 | 498b da4d | 8b57 304b | 894c 1af8 
  0x000001da87d310f4: 4983 c3f8 | 4d89 5f20 | 4c8b d3e9 | e8d7 ffff | 4d8b 5750 | 4d8b 5f40 | f083 4424 | c000 8039 
  0x000001da87d31114: 000f 84c0 | d6ff ff44 | 8821 4d85 | db75 1849 | 8bd7 c5f8 | 7749 baf0 | 69ab cefb | 7f00 0041 
  0x000001da87d31134: ffd2 e9a0 | d6ff ff4b | 894c 1af8 | 4983 c3f8 | 4d89 5f40 | e98e d6ff | ff4d 8b57 | 504d 8b5f 
  0x000001da87d31154: 40f0 8344 | 24c0 0080 | 3900 0f84 | bed6 ffff | 4488 214d | 85db 7518 | 498b d7c5 | f877 49ba 
  0x000001da87d31174: ;   {no_reloc}
  0x000001da87d31174: f069 abce | fb7f 0000 | 41ff d2e9 | 9ed6 ffff | 4b89 4c1a | f849 83c3 | f84d 895f | 40e9 8cd6 
  0x000001da87d31194: ffff 4d8b | 5750 4d8b | 5f40 f083 | 4424 c000 | 8039 000f | 840e d7ff | ff44 8821 | 4d85 db75 
  0x000001da87d311b4: 1849 8bd7 | c5f8 7749 | baf0 69ab | cefb 7f00 | 0041 ffd2 | e9ee d6ff | ff4b 894c | 1af8 4983 
  0x000001da87d311d4: c3f8 4d89 | 5f40 e9dc | d6ff ff49 | 8b87 0801 | 0000 4c8b | d049 83c2 | 184d 3b97 | 1801 0000 
  0x000001da87d311f4: 0f83 2514 | 0000 4d89 | 9708 0100 | 0041 0f0d | 8ac0 0000 | 0048 c700 | 0100 0000 

  0x000001da87d31210: ;   {metadata('java/lang/String')}
  0x000001da87d31210: c740 08e0 | e900 0044 | 8960 0c44 

  0x000001da87d3121c: ;   {oop([B{0x00000000a0a4d220})}
  0x000001da87d3121c: 8960 10c7 | 4014 20d2 

  0x000001da87d31224: ;   {oop("/"{0x00000000a0a4d208})}
  0x000001da87d31224: a4a0 49ba | 08d2 a4a0 | 0000 0000 | 458b 5a0c | 4489 580c | 4889 8424 | a800 0000 | e9fd cfff 
  0x000001da87d31244: ff41 8beb | e961 bbff | ff4c 8b54 | 2420 4c89 | 5424 2889 | 5c24 2049 

  0x000001da87d3125c: ;   {metadata('java/lang/String')}
  0x000001da87d3125c: 8bee 48ba | e0e9 008f | da01 0000 

  0x000001da87d31268: ;   {runtime_call _new_instance_Java}
  0x000001da87d31268: c5f8 77e8 

  0x000001da87d3126c: ; ImmutableOopMap {rbp=Oop [40]=Oop }
                      ;*new {reexecute=0 rethrow=0 return_oop=1}
                      ; - java.lang.StringConcatHelper::simpleConcat@17 (line 411)
                      ; - java.lang.String::concat@11 (line 2774)
                      ; - java.net.URLClassLoader$1::run@13 (line 423)
                      ; - java.net.URLClassLoader$1::run@1 (line 421)
  0x000001da87d3126c: 10a0 86ff | 4c8b f58b | 5c24 204c | 8b54 2428 | 4c89 5424 | 20e9 3aca 

  0x000001da87d31284: ;   {metadata({type array byte})}
  0x000001da87d31284: ffff 48ba | 2867 008f | da01 0000 | 448b 8424 | 9800 0000 

  0x000001da87d31298: ;   {runtime_call _new_array_Java}
  0x000001da87d31298: c5f8 77e8 

  0x000001da87d3129c: ; ImmutableOopMap {[40]=Oop [52]=NarrowOop [56]=Oop [64]=Oop [80]=Oop [88]=NarrowOop [92]=NarrowOop [96]=Oop [104]=Oop [112]=Oop [120]=Oop [128]=NarrowOop [192]=Oop [200]=Oop }
                      ;*invokevirtual allocateUninitializedArray0 {reexecute=0 rethrow=0 return_oop=1}
                      ; - jdk.internal.misc.Unsafe::allocateUninitializedArray@51 (line 1375)
                      ; - java.lang.StringConcatHelper::newArray@33 (line 497)
                      ; - java.lang.StringConcatHelper::simpleConcat@61 (line 421)
                      ; - java.lang.String::concat@11 (line 2774)
                      ; - java.net.URLClassLoader::definePackage@39 (line 552)
                      ; - java.net.URLClassLoader::defineClass@64 (line 495)
                      ; - java.net.URLClassLoader$1::run@43 (line 427)
                      ; - java.net.URLClassLoader$1::run@1 (line 421)
  0x000001da87d3129c: e0a2 86ff | 4c8b d0e9 | a6ce ffff 

  0x000001da87d312a8: ;   {metadata('java/lang/String')}
  0x000001da87d312a8: 48ba e0e9 | 008f da01 | 0000 488b | 6c24 2890 

  0x000001da87d312b8: ;   {runtime_call _new_instance_Java}
  0x000001da87d312b8: c5f8 77e8 

  0x000001da87d312bc: ; ImmutableOopMap {rbp=Oop [40]=Oop [52]=NarrowOop [56]=Oop [64]=Oop [80]=Oop [88]=NarrowOop [92]=NarrowOop [96]=Oop [104]=Oop [112]=Oop [160]=Oop [192]=Oop [200]=Oop }
                      ;*new {reexecute=0 rethrow=0 return_oop=1}
                      ; - java.lang.StringConcatHelper::newString@6 (line 387)
                      ; - java.lang.StringConcatHelper::simpleConcat@90 (line 426)
                      ; - java.lang.String::concat@11 (line 2774)
                      ; - java.net.URLClassLoader::definePackage@39 (line 552)
                      ; - java.net.URLClassLoader::defineClass@64 (line 495)
                      ; - java.net.URLClassLoader$1::run@43 (line 427)
                      ; - java.net.URLClassLoader$1::run@1 (line 421)
  0x000001da87d312bc: c09f 86ff | e966 cfff | ff4d 8b57 | 404d 8b5f | 50f0 8344 | 24c0 0080 | 3900 0f84 | d4eb ffff 
  0x000001da87d312dc: 4488 214d | 85d2 7524 | 498b f949 | 8bd8 498b | d7c5 f877 | 49ba f069 | abce fb7f | 0000 41ff 
  0x000001da87d312fc: d24c 8bc3 | 4c8b cfe9 | a8eb ffff | 4b89 4c13 | f849 83c2 | f84d 8957 | 40e9 96eb 

  0x000001da87d31318: ;   {metadata('java/lang/ref/SoftReference')}
  0x000001da87d31318: ffff 48ba | b063 048f | da01 0000 

  0x000001da87d31324: ;   {runtime_call _new_instance_Java}
  0x000001da87d31324: c5f8 77e8 

  0x000001da87d31328: ; ImmutableOopMap {rbp=Oop [40]=Oop [56]=Oop [64]=Oop [88]=NarrowOop [92]=NarrowOop [96]=Oop [104]=Oop [112]=Oop [192]=Oop [200]=Oop }
                      ;*new {reexecute=0 rethrow=0 return_oop=1}
                      ; - java.util.jar.JarFile::getManifestFromReference@184 (line 436)
                      ; - java.util.jar.JarFile::getManifest@1 (line 406)
                      ; - jdk.internal.loader.URLClassPath$JarLoader$2::getManifest@22 (line 886)
                      ; - java.net.URLClassLoader::defineClass@34 (line 491)
                      ; - java.net.URLClassLoader$1::run@43 (line 427)
                      ; - java.net.URLClassLoader$1::run@1 (line 421)
  0x000001da87d31328: 549f 86ff | 4c8b d0e9 | 54e6 ffff | 4c8b 4c24 | 7045 8b51 | 2c45 85d2 | 0f84 75ec | ffff 4d8b 
  0x000001da87d31348: 5f20 498b | ca4d 85db | 0f84 ae12 | 0000 498b | f94d 8b57 | 304b 894c | 1af8 4983 | c3f8 4d89 
  0x000001da87d31368: 5f20 4c8b | cfe9 49ec | ffff 498b | d94d 8b57 | 404d 8b5f | 50f0 8344 | 24c0 0080 | 3900 742a 
  0x000001da87d31388: 4488 214d | 85d2 740f | 4b89 4c13 | f849 83c2 | f84d 8957 | 40eb 1349 | 8bd7 c5f8 | 7749 baf0 
  0x000001da87d313a8: 69ab cefb | 7f00 0041 | ffd2 4c8b | cbe9 34ec 

  0x000001da87d313b8: ;   {metadata('java/util/jar/JarVerifier')}
  0x000001da87d313b8: ffff 48ba | 7875 188f | da01 0000 

  0x000001da87d313c4: ;   {runtime_call _new_instance_Java}
  0x000001da87d313c4: c5f8 77e8 

  0x000001da87d313c8: ; ImmutableOopMap {rbp=Oop [32]=Oop [40]=Oop [52]=NarrowOop [56]=Oop [64]=Oop [88]=NarrowOop [92]=NarrowOop [96]=Oop [104]=Oop [112]=Oop [192]=Oop [200]=Oop [208]=Oop }
                      ;*new {reexecute=0 rethrow=0 return_oop=1}
                      ; - java.util.jar.JarFile::getManifestFromReference@69 (line 422)
                      ; - java.util.jar.JarFile::getManifest@1 (line 406)
                      ; - jdk.internal.loader.URLClassPath$JarLoader$2::getManifest@22 (line 886)
                      ; - java.net.URLClassLoader::defineClass@34 (line 491)
                      ; - java.net.URLClassLoader$1::run@43 (line 427)
                      ; - java.net.URLClassLoader$1::run@1 (line 421)
  0x000001da87d313c8: b49e 86ff | 4c8b d0e9 | ead7 ffff 

  0x000001da87d313d4: ;   {metadata('java/util/jar/Manifest')}
  0x000001da87d313d4: 48ba 009c | 068f da01 | 0000 488b | 6c24 2890 

  0x000001da87d313e4: ;   {runtime_call _new_instance_Java}
  0x000001da87d313e4: c5f8 77e8 

  0x000001da87d313e8: ; ImmutableOopMap {rbp=Oop [40]=Oop [52]=NarrowOop [56]=Oop [64]=Oop [88]=NarrowOop [92]=NarrowOop [96]=Oop [104]=Oop [112]=Oop [192]=Oop [200]=Oop [208]=Oop }
                      ;*new {reexecute=0 rethrow=0 return_oop=1}
                      ; - java.util.jar.JarFile::getManifestFromReference@101 (line 430)
                      ; - java.util.jar.JarFile::getManifest@1 (line 406)
                      ; - jdk.internal.loader.URLClassPath$JarLoader$2::getManifest@22 (line 886)
                      ; - java.net.URLClassLoader::defineClass@34 (line 491)
                      ; - java.net.URLClassLoader$1::run@43 (line 427)
                      ; - java.net.URLClassLoader$1::run@1 (line 421)
  0x000001da87d313e8: 949e 86ff | e965 e2ff 

  0x000001da87d313f0: ;   {metadata('java/util/LinkedHashMap')}
  0x000001da87d313f0: ff48 ba20 | 3a0b 8fda | 0100 0090 

  0x000001da87d313fc: ;   {runtime_call _new_instance_Java}
  0x000001da87d313fc: c5f8 77e8 

  0x000001da87d31400: ; ImmutableOopMap {rbp=NarrowOop [32]=NarrowOop [40]=Oop [56]=Oop [64]=Oop [88]=NarrowOop [92]=NarrowOop [96]=Oop [104]=Oop [112]=Oop [120]=Oop [128]=Oop [136]=Oop [144]=Oop [192]=Oop [200]=Oop }
                      ;*new {reexecute=0 rethrow=0 return_oop=1}
                      ; - java.util.jar.Attributes::<init>@5 (line 82)
                      ; - java.util.jar.Attributes::<init>@3 (line 72)
                      ; - java.util.jar.Manifest::<init>@9 (line 54)
                      ; - java.util.jar.JarFile::getManifestFromReference@121 (line 430)
                      ; - java.util.jar.JarFile::getManifest@1 (line 406)
                      ; - jdk.internal.loader.URLClassPath$JarLoader$2::getManifest@22 (line 886)
                      ; - java.net.URLClassLoader::defineClass@34 (line 491)
                      ; - java.net.URLClassLoader$1::run@43 (line 427)
                      ; - java.net.URLClassLoader$1::run@1 (line 421)
  0x000001da87d31400: 7c9e 86ff | e968 e3ff 

  0x000001da87d31408: ;   {metadata('java/io/ByteArrayInputStream')}
  0x000001da87d31408: ff48 bac0 | a201 8fda | 0100 0048 | 8b6c 2428 

  0x000001da87d31418: ;   {runtime_call _new_instance_Java}
  0x000001da87d31418: c5f8 77e8 

  0x000001da87d3141c: ; ImmutableOopMap {rbp=Oop [32]=NarrowOop [40]=Oop [52]=NarrowOop [56]=Oop [64]=Oop [88]=NarrowOop [92]=NarrowOop [96]=Oop [104]=Oop [112]=Oop [120]=Oop [128]=Oop [192]=Oop [200]=Oop [208]=Oop }
                      ;*new {reexecute=0 rethrow=0 return_oop=1}
                      ; - java.util.jar.JarFile::getManifestFromReference@109 (line 430)
                      ; - java.util.jar.JarFile::getManifest@1 (line 406)
                      ; - jdk.internal.loader.URLClassPath$JarLoader$2::getManifest@22 (line 886)
                      ; - java.net.URLClassLoader::defineClass@34 (line 491)
                      ; - java.net.URLClassLoader$1::run@43 (line 427)
                      ; - java.net.URLClassLoader$1::run@1 (line 421)
  0x000001da87d3141c: 609e 86ff | 4c8b d0e9 | 99e2 ffff 

  0x000001da87d31428: ;   {metadata('java/util/HashMap')}
  0x000001da87d31428: 48ba 2036 | 0b8f da01 | 0000 488b | 6c24 2890 

  0x000001da87d31438: ;   {runtime_call _new_instance_Java}
  0x000001da87d31438: c5f8 77e8 

  0x000001da87d3143c: ; ImmutableOopMap {rbp=Oop [40]=Oop [52]=NarrowOop [56]=Oop [64]=Oop [88]=NarrowOop [92]=NarrowOop [96]=Oop [104]=Oop [112]=Oop [120]=Oop [192]=Oop [200]=Oop [208]=Oop [216]=NarrowOop }
                      ;*new {reexecute=0 rethrow=0 return_oop=1}
                      ; - java.util.jar.JarVerifier::<init>@144 (line 115)
                      ; - java.util.jar.JarFile::getManifestFromReference@78 (line 422)
                      ; - java.util.jar.JarFile::getManifest@1 (line 406)
                      ; - jdk.internal.loader.URLClassPath$JarLoader$2::getManifest@22 (line 886)
                      ; - java.net.URLClassLoader::defineClass@34 (line 491)
                      ; - java.net.URLClassLoader$1::run@43 (line 427)
                      ; - java.net.URLClassLoader$1::run@1 (line 421)
  0x000001da87d3143c: 409e 86ff | 4c8b d0e9 | 34e1 ffff 

  0x000001da87d31448: ;   {metadata('java/util/ArrayList')}
  0x000001da87d31448: 48ba 10df | 008f da01 | 0000 488b | 6c24 2890 

  0x000001da87d31458: ;   {runtime_call _new_instance_Java}
  0x000001da87d31458: c5f8 77e8 

  0x000001da87d3145c: ; ImmutableOopMap {rbp=Oop [40]=Oop [52]=NarrowOop [56]=Oop [64]=Oop [88]=NarrowOop [92]=NarrowOop [96]=Oop [104]=Oop [112]=Oop [120]=Oop [192]=Oop [200]=Oop [208]=Oop [216]=NarrowOop }
                      ;*new {reexecute=0 rethrow=0 return_oop=1}
                      ; - java.util.jar.JarVerifier::<init>@133 (line 114)
                      ; - java.util.jar.JarFile::getManifestFromReference@78 (line 422)
                      ; - java.util.jar.JarFile::getManifest@1 (line 406)
                      ; - jdk.internal.loader.URLClassPath$JarLoader$2::getManifest@22 (line 886)
                      ; - java.net.URLClassLoader::defineClass@34 (line 491)
                      ; - java.net.URLClassLoader$1::run@43 (line 427)
                      ; - java.net.URLClassLoader$1::run@1 (line 421)
  0x000001da87d3145c: 209e 86ff | 4c8b d0e9 | 7de0 ffff 

  0x000001da87d31468: ;   {metadata('java/util/jar/Attributes')}
  0x000001da87d31468: 48ba f84c | 188f da01 | 0000 6690 

  0x000001da87d31474: ;   {runtime_call _new_instance_Java}
  0x000001da87d31474: c5f8 77e8 

  0x000001da87d31478: ; ImmutableOopMap {rbp=NarrowOop [32]=NarrowOop [40]=Oop [56]=Oop [64]=Oop [88]=NarrowOop [92]=NarrowOop [96]=Oop [104]=Oop [112]=Oop [120]=Oop [128]=Oop [136]=Oop [192]=Oop [200]=Oop }
                      ;*new {reexecute=0 rethrow=0 return_oop=1}
                      ; - java.util.jar.Manifest::<init>@5 (line 54)
                      ; - java.util.jar.JarFile::getManifestFromReference@121 (line 430)
                      ; - java.util.jar.JarFile::getManifest@1 (line 406)
                      ; - jdk.internal.loader.URLClassPath$JarLoader$2::getManifest@22 (line 886)
                      ; - java.net.URLClassLoader::defineClass@34 (line 491)
                      ; - java.net.URLClassLoader$1::run@43 (line 427)
                      ; - java.net.URLClassLoader$1::run@1 (line 421)
  0x000001da87d31478: 049e 86ff | 4c8b d0e9 | 9de2 ffff 

  0x000001da87d31484: ;   {metadata('java/util/HashMap')}
  0x000001da87d31484: 48ba 2036 | 0b8f da01 | 0000 6690 

  0x000001da87d31490: ;   {runtime_call _new_instance_Java}
  0x000001da87d31490: c5f8 77e8 

  0x000001da87d31494: ; ImmutableOopMap {rbp=NarrowOop [32]=NarrowOop [40]=Oop [56]=Oop [64]=Oop [88]=NarrowOop [92]=NarrowOop [96]=Oop [104]=Oop [112]=Oop [120]=Oop [128]=Oop [136]=Oop [152]=Oop [192]=Oop [200]=Oop }
                      ;*new {reexecute=0 rethrow=0 return_oop=1}
                      ; - java.util.jar.Manifest::<init>@16 (line 57)
                      ; - java.util.jar.JarFile::getManifestFromReference@121 (line 430)
                      ; - java.util.jar.JarFile::getManifest@1 (line 406)
                      ; - jdk.internal.loader.URLClassPath$JarLoader$2::getManifest@22 (line 886)
                      ; - java.net.URLClassLoader::defineClass@34 (line 491)
                      ; - java.net.URLClassLoader$1::run@43 (line 427)
                      ; - java.net.URLClassLoader$1::run@1 (line 421)
  0x000001da87d31494: e89d 86ff | 4c8b d0e9 | d1e3 ffff 

  0x000001da87d314a0: ;   {metadata('java/util/Hashtable$Entry'[])}
  0x000001da87d314a0: 48ba 709e | 158f da01 | 0000 41b8 | 0b00 0000 

  0x000001da87d314b0: ;   {runtime_call _new_array_Java}
  0x000001da87d314b0: c5f8 77e8 

  0x000001da87d314b4: ; ImmutableOopMap {rbp=Oop [40]=Oop [52]=NarrowOop [56]=Oop [64]=Oop [88]=NarrowOop [92]=NarrowOop [96]=Oop [104]=Oop [112]=Oop [120]=Oop [192]=Oop [200]=Oop [208]=Oop [216]=NarrowOop }
                      ;*anewarray {reexecute=0 rethrow=0 return_oop=1}
                      ; - java.util.Hashtable::<init>@93 (line 196)
                      ; - java.util.Hashtable::<init>@4 (line 209)
                      ; - java.util.jar.JarVerifier::<init>@104 (line 111)
                      ; - java.util.jar.JarFile::getManifestFromReference@78 (line 422)
                      ; - java.util.jar.JarFile::getManifest@1 (line 406)
                      ; - jdk.internal.loader.URLClassPath$JarLoader$2::getManifest@22 (line 886)
                      ; - java.net.URLClassLoader::defineClass@34 (line 491)
                      ; - java.net.URLClassLoader$1::run@43 (line 427)
                      ; - java.net.URLClassLoader$1::run@1 (line 421)
  0x000001da87d314b4: c8a0 86ff | e9af ddff 

  0x000001da87d314bc: ;   {metadata({type array byte})}
  0x000001da87d314bc: ff48 ba28 | 6700 8fda | 0100 0041 | b820 0000 | 0066 6690 

  0x000001da87d314d0: ;   {runtime_call _new_array_Java}
  0x000001da87d314d0: c5f8 77e8 

  0x000001da87d314d4: ; ImmutableOopMap {rbp=Oop [40]=Oop [52]=NarrowOop [56]=Oop [64]=Oop [88]=NarrowOop [92]=NarrowOop [96]=Oop [104]=Oop [112]=Oop [120]=Oop [192]=Oop [200]=Oop [208]=Oop [216]=NarrowOop }
                      ;*newarray {reexecute=0 rethrow=0 return_oop=1}
                      ; - java.io.ByteArrayOutputStream::<init>@37 (line 81)
                      ; - java.io.ByteArrayOutputStream::<init>@3 (line 66)
                      ; - java.util.jar.JarVerifier::<init>@126 (line 113)
                      ; - java.util.jar.JarFile::getManifestFromReference@78 (line 422)
                      ; - java.util.jar.JarFile::getManifest@1 (line 406)
                      ; - jdk.internal.loader.URLClassPath$JarLoader$2::getManifest@22 (line 886)
                      ; - java.net.URLClassLoader::defineClass@34 (line 491)
                      ; - java.net.URLClassLoader$1::run@43 (line 427)
                      ; - java.net.URLClassLoader$1::run@1 (line 421)
  0x000001da87d314d4: a8a0 86ff | e94c dfff 

  0x000001da87d314dc: ;   {metadata('java/util/Hashtable$Entry'[])}
  0x000001da87d314dc: ff48 ba70 | 9e15 8fda | 0100 0041 | b80b 0000 | 0066 6690 

  0x000001da87d314f0: ;   {runtime_call _new_array_Java}
  0x000001da87d314f0: c5f8 77e8 

  0x000001da87d314f4: ; ImmutableOopMap {rbp=Oop [40]=Oop [52]=NarrowOop [56]=Oop [64]=Oop [88]=NarrowOop [92]=NarrowOop [96]=Oop [104]=Oop [112]=Oop [120]=Oop [192]=Oop [200]=Oop [208]=Oop [216]=NarrowOop }
                      ;*anewarray {reexecute=0 rethrow=0 return_oop=1}
                      ; - java.util.Hashtable::<init>@93 (line 196)
                      ; - java.util.Hashtable::<init>@5 (line 217)
                      ; - java.util.jar.JarVerifier::<init>@80 (line 109)
                      ; - java.util.jar.JarFile::getManifestFromReference@78 (line 422)
                      ; - java.util.jar.JarFile::getManifest@1 (line 406)
                      ; - jdk.internal.loader.URLClassPath$JarLoader$2::getManifest@22 (line 886)
                      ; - java.net.URLClassLoader::defineClass@34 (line 491)
                      ; - java.net.URLClassLoader$1::run@43 (line 427)
                      ; - java.net.URLClassLoader$1::run@1 (line 421)
  0x000001da87d314f4: 88a0 86ff | e9d7 daff 

  0x000001da87d314fc: ;   {metadata('java/io/ByteArrayOutputStream')}
  0x000001da87d314fc: ff48 bae8 | 0119 8fda | 0100 0048 | 8b6c 2428 

  0x000001da87d3150c: ;   {runtime_call _new_instance_Java}
  0x000001da87d3150c: c5f8 77e8 

  0x000001da87d31510: ; ImmutableOopMap {rbp=Oop [40]=Oop [52]=NarrowOop [56]=Oop [64]=Oop [88]=NarrowOop [92]=NarrowOop [96]=Oop [104]=Oop [112]=Oop [120]=Oop [192]=Oop [200]=Oop [208]=Oop [216]=NarrowOop }
                      ;*new {reexecute=0 rethrow=0 return_oop=1}
                      ; - java.util.jar.JarVerifier::<init>@122 (line 113)
                      ; - java.util.jar.JarFile::getManifestFromReference@78 (line 422)
                      ; - java.util.jar.JarFile::getManifest@1 (line 406)
                      ; - jdk.internal.loader.URLClassPath$JarLoader$2::getManifest@22 (line 886)
                      ; - java.net.URLClassLoader::defineClass@34 (line 491)
                      ; - java.net.URLClassLoader$1::run@43 (line 427)
                      ; - java.net.URLClassLoader$1::run@1 (line 421)
  0x000001da87d31510: 6c9d 86ff | 4c8b d0e9 | a3de ffff 

  0x000001da87d3151c: ;   {metadata('java/util/Hashtable$Entry'[])}
  0x000001da87d3151c: 48ba 709e | 158f da01 | 0000 41b8 | 0b00 0000 

  0x000001da87d3152c: ;   {runtime_call _new_array_Java}
  0x000001da87d3152c: c5f8 77e8 

  0x000001da87d31530: ; ImmutableOopMap {rbp=Oop [40]=Oop [52]=NarrowOop [56]=Oop [64]=Oop [88]=NarrowOop [92]=NarrowOop [96]=Oop [104]=Oop [112]=Oop [120]=Oop [192]=Oop [200]=Oop [208]=Oop [216]=NarrowOop }
                      ;*anewarray {reexecute=0 rethrow=0 return_oop=1}
                      ; - java.util.Hashtable::<init>@93 (line 196)
                      ; - java.util.Hashtable::<init>@5 (line 217)
                      ; - java.util.jar.JarVerifier::<init>@91 (line 110)
                      ; - java.util.jar.JarFile::getManifestFromReference@78 (line 422)
                      ; - java.util.jar.JarFile::getManifest@1 (line 406)
                      ; - jdk.internal.loader.URLClassPath$JarLoader$2::getManifest@22 (line 886)
                      ; - java.net.URLClassLoader::defineClass@34 (line 491)
                      ; - java.net.URLClassLoader$1::run@43 (line 427)
                      ; - java.net.URLClassLoader$1::run@1 (line 421)
  0x000001da87d31530: 4ca0 86ff | e9e7 dbff 

  0x000001da87d31538: ;   {metadata('java/util/Hashtable')}
  0x000001da87d31538: ff48 ba80 | 6f01 8fda | 0100 0048 | 8b6c 2428 

  0x000001da87d31548: ;   {runtime_call _new_instance_Java}
  0x000001da87d31548: c5f8 77e8 

  0x000001da87d3154c: ; ImmutableOopMap {rbp=Oop [40]=Oop [52]=NarrowOop [56]=Oop [64]=Oop [88]=NarrowOop [92]=NarrowOop [96]=Oop [104]=Oop [112]=Oop [120]=Oop [192]=Oop [200]=Oop [208]=Oop [216]=NarrowOop }
                      ;*new {reexecute=0 rethrow=0 return_oop=1}
                      ; - java.util.jar.JarVerifier::<init>@76 (line 109)
                      ; - java.util.jar.JarFile::getManifestFromReference@78 (line 422)
                      ; - java.util.jar.JarFile::getManifest@1 (line 406)
                      ; - jdk.internal.loader.URLClassPath$JarLoader$2::getManifest@22 (line 886)
                      ; - java.net.URLClassLoader::defineClass@34 (line 491)
                      ; - java.net.URLClassLoader$1::run@43 (line 427)
                      ; - java.net.URLClassLoader$1::run@1 (line 421)
  0x000001da87d3154c: 309d 86ff | 4c8b d0e9 | fcd9 ffff 

  0x000001da87d31558: ;   {metadata('java/util/Hashtable')}
  0x000001da87d31558: 48ba 806f | 018f da01 | 0000 488b | 6c24 2890 

  0x000001da87d31568: ;   {runtime_call _new_instance_Java}
  0x000001da87d31568: c5f8 77e8 

  0x000001da87d3156c: ; ImmutableOopMap {rbp=Oop [40]=Oop [52]=NarrowOop [56]=Oop [64]=Oop [88]=NarrowOop [92]=NarrowOop [96]=Oop [104]=Oop [112]=Oop [120]=Oop [192]=Oop [200]=Oop [208]=Oop [216]=NarrowOop }
                      ;*new {reexecute=0 rethrow=0 return_oop=1}
                      ; - java.util.jar.JarVerifier::<init>@98 (line 111)
                      ; - java.util.jar.JarFile::getManifestFromReference@78 (line 422)
                      ; - java.util.jar.JarFile::getManifest@1 (line 406)
                      ; - jdk.internal.loader.URLClassPath$JarLoader$2::getManifest@22 (line 886)
                      ; - java.net.URLClassLoader::defineClass@34 (line 491)
                      ; - java.net.URLClassLoader$1::run@43 (line 427)
                      ; - java.net.URLClassLoader$1::run@1 (line 421)
  0x000001da87d3156c: 109d 86ff | 4c8b d0e9 | 74dc ffff 

  0x000001da87d31578: ;   {metadata('java/util/Hashtable')}
  0x000001da87d31578: 48ba 806f | 018f da01 | 0000 488b | 6c24 2890 

  0x000001da87d31588: ;   {runtime_call _new_instance_Java}
  0x000001da87d31588: c5f8 77e8 

  0x000001da87d3158c: ; ImmutableOopMap {rbp=Oop [40]=Oop [52]=NarrowOop [56]=Oop [64]=Oop [88]=NarrowOop [92]=NarrowOop [96]=Oop [104]=Oop [112]=Oop [120]=Oop [192]=Oop [200]=Oop [208]=Oop [216]=NarrowOop }
                      ;*new {reexecute=0 rethrow=0 return_oop=1}
                      ; - java.util.jar.JarVerifier::<init>@87 (line 110)
                      ; - java.util.jar.JarFile::getManifestFromReference@78 (line 422)
                      ; - java.util.jar.JarFile::getManifest@1 (line 406)
                      ; - jdk.internal.loader.URLClassPath$JarLoader$2::getManifest@22 (line 886)
                      ; - java.net.URLClassLoader::defineClass@34 (line 491)
                      ; - java.net.URLClassLoader$1::run@43 (line 427)
                      ; - java.net.URLClassLoader$1::run@1 (line 421)
  0x000001da87d3158c: f09c 86ff | 4c8b d0e9 | 08db ffff 

  0x000001da87d31598: ;   {metadata('java/util/ArrayList')}
  0x000001da87d31598: 48ba 10df | 008f da01 | 0000 488b | 6c24 2890 

  0x000001da87d315a8: ;   {runtime_call _new_instance_Java}
  0x000001da87d315a8: c5f8 77e8 

  0x000001da87d315ac: ; ImmutableOopMap {rbp=Oop [40]=Oop [52]=NarrowOop [56]=Oop [64]=Oop [88]=NarrowOop [92]=NarrowOop [96]=Oop [104]=Oop [112]=Oop [120]=Oop [192]=Oop [200]=Oop [208]=Oop [216]=NarrowOop }
                      ;*new {reexecute=0 rethrow=0 return_oop=1}
                      ; - java.util.jar.JarVerifier::<init>@111 (line 112)
                      ; - java.util.jar.JarFile::getManifestFromReference@78 (line 422)
                      ; - java.util.jar.JarFile::getManifest@1 (line 406)
                      ; - jdk.internal.loader.URLClassPath$JarLoader$2::getManifest@22 (line 886)
                      ; - java.net.URLClassLoader::defineClass@34 (line 491)
                      ; - java.net.URLClassLoader$1::run@43 (line 427)
                      ; - java.net.URLClassLoader$1::run@1 (line 421)
  0x000001da87d315ac: d09c 86ff | 4c8b d0e9 | 78dd ffff 

  0x000001da87d315b8: ;   {metadata('java/security/CodeSigner'[])}
  0x000001da87d315b8: 48ba 783c | 0490 da01 | 0000 4533 | c066 6690 

  0x000001da87d315c8: ;   {runtime_call _new_array_Java}
  0x000001da87d315c8: c5f8 77e8 

  0x000001da87d315cc: ; ImmutableOopMap {rbp=Oop [32]=NarrowOop [40]=Oop [52]=NarrowOop [56]=Oop [64]=Oop [88]=NarrowOop [92]=NarrowOop [96]=Oop [104]=Oop [112]=Oop [120]=Oop [192]=Oop [200]=Oop [208]=Oop [216]=NarrowOop }
                      ;*anewarray {reexecute=0 rethrow=0 return_oop=1}
                      ; - java.util.jar.JarVerifier::<init>@59 (line 562)
                      ; - java.util.jar.JarFile::getManifestFromReference@78 (line 422)
                      ; - java.util.jar.JarFile::getManifest@1 (line 406)
                      ; - jdk.internal.loader.URLClassPath$JarLoader$2::getManifest@22 (line 886)
                      ; - java.net.URLClassLoader::defineClass@34 (line 491)
                      ; - java.net.URLClassLoader$1::run@43 (line 427)
                      ; - java.net.URLClassLoader$1::run@1 (line 421)
  0x000001da87d315cc: b09f 86ff | 4c8b d0e9 | 50d8 ffff 

  0x000001da87d315d8: ;   {metadata('java/lang/Object')}
  0x000001da87d315d8: 48ba 580d | 008f da01 | 0000 6690 

  0x000001da87d315e4: ;   {runtime_call _new_instance_Java}
  0x000001da87d315e4: c5f8 77e8 

  0x000001da87d315e8: ; ImmutableOopMap {rbp=Oop [32]=NarrowOop [40]=Oop [56]=Oop [64]=Oop [88]=NarrowOop [92]=NarrowOop [96]=Oop [104]=Oop [112]=Oop [120]=Oop [192]=Oop [200]=Oop [208]=Oop }
                      ;*new {reexecute=0 rethrow=0 return_oop=1}
                      ; - java.util.jar.JarVerifier::<init>@25 (line 97)
                      ; - java.util.jar.JarFile::getManifestFromReference@78 (line 422)
                      ; - java.util.jar.JarFile::getManifest@1 (line 406)
                      ; - jdk.internal.loader.URLClassPath$JarLoader$2::getManifest@22 (line 886)
                      ; - java.net.URLClassLoader::defineClass@34 (line 491)
                      ; - java.net.URLClassLoader$1::run@43 (line 427)
                      ; - java.net.URLClassLoader$1::run@1 (line 421)
  0x000001da87d315e8: 949c 86ff | e949 d6ff 

  0x000001da87d315f0: ;   {metadata('java/util/HashMap')}
  0x000001da87d315f0: ff48 ba20 | 360b 8fda | 0100 0090 

  0x000001da87d315fc: ;   {runtime_call _new_instance_Java}
  0x000001da87d315fc: c5f8 77e8 

  0x000001da87d31600: ; ImmutableOopMap {rbp=Oop [32]=NarrowOop [40]=Oop [52]=NarrowOop [56]=Oop [64]=Oop [88]=NarrowOop [92]=NarrowOop [96]=Oop [104]=Oop [112]=Oop [120]=Oop [192]=Oop [200]=Oop [208]=Oop [216]=NarrowOop }
                      ;*new {reexecute=0 rethrow=0 return_oop=1}
                      ; - java.util.jar.JarVerifier::<init>@47 (line 521)
                      ; - java.util.jar.JarFile::getManifestFromReference@78 (line 422)
                      ; - java.util.jar.JarFile::getManifest@1 (line 406)
                      ; - jdk.internal.loader.URLClassPath$JarLoader$2::getManifest@22 (line 886)
                      ; - java.net.URLClassLoader::defineClass@34 (line 491)
                      ; - java.net.URLClassLoader$1::run@43 (line 427)
                      ; - java.net.URLClassLoader$1::run@1 (line 421)
  0x000001da87d31600: 7c9c 86ff | 4c8b d0e9 | 79d7 ffff 

  0x000001da87d3160c: ;   {metadata('java/util/HashMap')}
  0x000001da87d3160c: 48ba 2036 | 0b8f da01 | 0000 6690 

  0x000001da87d31618: ;   {runtime_call _new_instance_Java}
  0x000001da87d31618: c5f8 77e8 

  0x000001da87d3161c: ; ImmutableOopMap {rbp=Oop [32]=NarrowOop [40]=Oop [52]=NarrowOop [56]=Oop [64]=Oop [88]=NarrowOop [92]=NarrowOop [96]=Oop [104]=Oop [112]=Oop [120]=Oop [192]=Oop [200]=Oop [208]=Oop [216]=NarrowOop }
                      ;*new {reexecute=0 rethrow=0 return_oop=1}
                      ; - java.util.jar.JarVerifier::<init>@36 (line 520)
                      ; - java.util.jar.JarFile::getManifestFromReference@78 (line 422)
                      ; - java.util.jar.JarFile::getManifest@1 (line 406)
                      ; - jdk.internal.loader.URLClassPath$JarLoader$2::getManifest@22 (line 886)
                      ; - java.net.URLClassLoader::defineClass@34 (line 491)
                      ; - java.net.URLClassLoader$1::run@43 (line 427)
                      ; - java.net.URLClassLoader$1::run@1 (line 421)
  0x000001da87d3161c: 609c 86ff | 4c8b d0e9 | c6d6 ffff 

  0x000001da87d31628: ;   {metadata('java/util/LinkedHashMap')}
  0x000001da87d31628: 48ba 203a | 0b8f da01 | 0000 6690 

  0x000001da87d31634: ;   {runtime_call _new_instance_Java}
  0x000001da87d31634: c5f8 77e8 

  0x000001da87d31638: ; ImmutableOopMap {rbp=NarrowOop [32]=Oop [40]=Oop [56]=Oop [64]=Oop [88]=NarrowOop [92]=NarrowOop [96]=Oop [104]=Oop [112]=Oop [120]=Oop [128]=Oop [192]=Oop [200]=Oop }
                      ;*new {reexecute=0 rethrow=0 return_oop=1}
                      ; - java.util.jar.Attributes::<init>@5 (line 82)
                      ; - java.util.jar.Attributes::<init>@3 (line 72)
                      ; - java.util.jar.Manifest::<init>@9 (line 54)
                      ; - java.util.jar.Manifest::<init>@4 (line 87)
                      ; - java.util.jar.JarFile::getManifestFromReference@143 (line 433)
                      ; - java.util.jar.JarFile::getManifest@1 (line 406)
                      ; - jdk.internal.loader.URLClassPath$JarLoader$2::getManifest@22 (line 886)
                      ; - java.net.URLClassLoader::defineClass@34 (line 491)
                      ; - java.net.URLClassLoader$1::run@43 (line 427)
                      ; - java.net.URLClassLoader$1::run@1 (line 421)
  0x000001da87d31638: 449c 86ff | e932 d1ff 

  0x000001da87d31640: ;   {metadata('java/util/jar/Manifest')}
  0x000001da87d31640: ff48 ba00 | 9c06 8fda | 0100 0090 

  0x000001da87d3164c: ;   {runtime_call _new_instance_Java}
  0x000001da87d3164c: c5f8 77e8 

  0x000001da87d31650: ; ImmutableOopMap {rbp=Oop [32]=Oop [40]=Oop [56]=Oop [64]=Oop [88]=NarrowOop [92]=NarrowOop [96]=Oop [104]=Oop [112]=Oop [192]=Oop [200]=Oop }
                      ;*new {reexecute=0 rethrow=0 return_oop=1}
                      ; - java.util.jar.JarFile::getManifestFromReference@134 (line 433)
                      ; - java.util.jar.JarFile::getManifest@1 (line 406)
                      ; - jdk.internal.loader.URLClassPath$JarLoader$2::getManifest@22 (line 886)
                      ; - java.net.URLClassLoader::defineClass@34 (line 491)
                      ; - java.net.URLClassLoader$1::run@43 (line 427)
                      ; - java.net.URLClassLoader$1::run@1 (line 421)
  0x000001da87d31650: 2c9c 86ff | e97c d0ff 

  0x000001da87d31658: ;   {metadata('java/util/jar/Attributes')}
  0x000001da87d31658: ff48 baf8 | 4c18 8fda | 0100 0090 

  0x000001da87d31664: ;   {runtime_call _new_instance_Java}
  0x000001da87d31664: c5f8 77e8 

  0x000001da87d31668: ; ImmutableOopMap {rbp=NarrowOop [32]=Oop [40]=Oop [56]=Oop [64]=Oop [88]=NarrowOop [92]=NarrowOop [96]=Oop [104]=Oop [112]=Oop [120]=Oop [192]=Oop [200]=Oop }
                      ;*new {reexecute=0 rethrow=0 return_oop=1}
                      ; - java.util.jar.Manifest::<init>@5 (line 54)
                      ; - java.util.jar.Manifest::<init>@4 (line 87)
                      ; - java.util.jar.JarFile::getManifestFromReference@143 (line 433)
                      ; - java.util.jar.JarFile::getManifest@1 (line 406)
                      ; - jdk.internal.loader.URLClassPath$JarLoader$2::getManifest@22 (line 886)
                      ; - java.net.URLClassLoader::defineClass@34 (line 491)
                      ; - java.net.URLClassLoader$1::run@43 (line 427)
                      ; - java.net.URLClassLoader$1::run@1 (line 421)
  0x000001da87d31668: 149c 86ff | 4c8b d0e9 | afd0 ffff 

  0x000001da87d31674: ;   {metadata('java/util/HashMap')}
  0x000001da87d31674: 48ba 2036 | 0b8f da01 | 0000 6690 

  0x000001da87d31680: ;   {runtime_call _new_instance_Java}
  0x000001da87d31680: c5f8 77e8 

  0x000001da87d31684: ; ImmutableOopMap {rbp=NarrowOop [32]=Oop [40]=Oop [56]=Oop [64]=Oop [88]=NarrowOop [92]=NarrowOop [96]=Oop [104]=Oop [112]=Oop [120]=Oop [136]=Oop [192]=Oop [200]=Oop }
                      ;*new {reexecute=0 rethrow=0 return_oop=1}
                      ; - java.util.jar.Manifest::<init>@16 (line 57)
                      ; - java.util.jar.Manifest::<init>@4 (line 87)
                      ; - java.util.jar.JarFile::getManifestFromReference@143 (line 433)
                      ; - java.util.jar.JarFile::getManifest@1 (line 406)
                      ; - jdk.internal.loader.URLClassPath$JarLoader$2::getManifest@22 (line 886)
                      ; - java.net.URLClassLoader::defineClass@34 (line 491)
                      ; - java.net.URLClassLoader$1::run@43 (line 427)
                      ; - java.net.URLClassLoader$1::run@1 (line 421)
  0x000001da87d31684: f89b 86ff | 4c8b d0e9 | dbd1 ffff 

  0x000001da87d31690: ;   {metadata({type array byte})}
  0x000001da87d31690: 48ba 2867 | 008f da01 | 0000 448b | c566 6690 

  0x000001da87d316a0: ;   {runtime_call _new_array_Java}
  0x000001da87d316a0: c5f8 77e8 

  0x000001da87d316a4: ; ImmutableOopMap {[32]=Oop [40]=Oop [52]=NarrowOop [56]=Oop [64]=Oop [88]=NarrowOop [92]=NarrowOop [96]=Oop [104]=Oop [112]=Oop [120]=Oop [192]=Oop [200]=Oop }
                      ;*newarray {reexecute=0 rethrow=0 return_oop=1}
                      ; - java.util.jar.JarFile::getBytes@99 (line 816)
                      ; - java.util.jar.JarFile::getManifestFromReference@44 (line 419)
                      ; - java.util.jar.JarFile::getManifest@1 (line 406)
                      ; - jdk.internal.loader.URLClassPath$JarLoader$2::getManifest@22 (line 886)
                      ; - java.net.URLClassLoader::defineClass@34 (line 491)
                      ; - java.net.URLClassLoader$1::run@43 (line 427)
                      ; - java.net.URLClassLoader$1::run@1 (line 421)
  0x000001da87d316a4: d89e 86ff | 4c8b d0e9 | 9bd3 ffff | baf6 ffff | ff49 8bee 

  0x000001da87d316b8: ;   {runtime_call UncommonTrapBlob}
  0x000001da87d316b8: c5f8 77e8 

  0x000001da87d316bc: ; ImmutableOopMap {rbp=Oop [64]=Oop }
                      ;*invokevirtual getResource {reexecute=0 rethrow=0 return_oop=0}
                      ; - java.net.URLClassLoader$1::run@26 (line 424)
                      ; - java.net.URLClassLoader$1::run@1 (line 421)
  0x000001da87d316bc: 4052 85ff | ba76 ffff | ff49 8bee | 4489 4424 | 2089 7c24 | 2889 4c24 | 2c66 6690 

  0x000001da87d316d8: ;   {runtime_call UncommonTrapBlob}
  0x000001da87d316d8: c5f8 77e8 

  0x000001da87d316dc: ; ImmutableOopMap {rbp=Oop [32]=NarrowOop [44]=NarrowOop }
                      ;*if_icmpge {reexecute=1 rethrow=0 return_oop=0}
                      ; - (reexecute) java.lang.StringLatin1::replace@19 (line 306)
                      ; - java.lang.String::replace@18 (line 2808)
                      ; - java.net.URLClassLoader$1::run@8 (line 423)
                      ; - java.net.URLClassLoader$1::run@1 (line 421)
  0x000001da87d316dc: 2052 85ff | 41bb 0100 | 0000 bb01 | 0000 00e9 | 2be9 ffff 

  0x000001da87d316f0: ;   {oop(a 'java/lang/ThreadLocal'{0x00000000a0a721d0})}
  0x000001da87d316f0: 48ba d021 | a7a0 0000 | 0000 4c8b | 4424 2090 

  0x000001da87d31700: ;   {optimized virtual_call}
  0x000001da87d31700: c5f8 77e8 

  0x000001da87d31704: ; ImmutableOopMap {rbp=NarrowOop [32]=Oop [40]=Oop [56]=Oop [64]=Oop [88]=NarrowOop [92]=NarrowOop [96]=Oop [104]=Oop [112]=Oop [192]=Oop [200]=Oop }
                      ;*invokevirtual createMap {reexecute=0 rethrow=0 return_oop=0}
                      ; - java.lang.ThreadLocal::set@26 (line 224)
                      ; - java.util.jar.JarFile::ensureInitialization@37 (line 1036)
                      ; - java.util.jar.JavaUtilJarAccessImpl::ensureInitialization@1 (line 72)
                      ; - jdk.internal.loader.URLClassPath$JarLoader$2::getManifest@10 (line 885)
                      ; - java.net.URLClassLoader::defineClass@34 (line 491)
                      ; - java.net.URLClassLoader$1::run@43 (line 427)
                      ; - java.net.URLClassLoader$1::run@1 (line 421)
  0x000001da87d31704: 78fc 84ff | e9a3 ebff 

  0x000001da87d3170c: ;   {oop(a 'java/lang/ThreadLocal'{0x00000000a0a721d0})}
  0x000001da87d3170c: ff48 bad0 | 21a7 a000 | 0000 004c | 8b44 2420 

  0x000001da87d3171c: ;   {oop(a 'java/lang/Boolean'{0x00000000a05e55f0} = false)}
  0x000001da87d3171c: 49b9 f055 | 5ea0 0000 | 0000 488b | 6c24 2890 

  0x000001da87d3172c: ;   {optimized virtual_call}
  0x000001da87d3172c: c5f8 77e8 

  0x000001da87d31730: ; ImmutableOopMap {rbp=Oop [40]=Oop [56]=Oop [64]=Oop [88]=NarrowOop [92]=NarrowOop [96]=Oop [104]=Oop [112]=Oop [192]=Oop [200]=Oop }
                      ;*invokevirtual createMap {reexecute=0 rethrow=0 return_oop=0}
                      ; - java.lang.ThreadLocal::set@26 (line 224)
                      ; - java.util.jar.JarFile::ensureInitialization@55 (line 1041)
                      ; - java.util.jar.JavaUtilJarAccessImpl::ensureInitialization@1 (line 72)
                      ; - jdk.internal.loader.URLClassPath$JarLoader$2::getManifest@10 (line 885)
                      ; - java.net.URLClassLoader::defineClass@34 (line 491)
                      ; - java.net.URLClassLoader$1::run@43 (line 427)
                      ; - java.net.URLClassLoader$1::run@1 (line 421)
  0x000001da87d31730: 4cfc 84ff | e9c1 c2ff | ff49 63c8 | e9ca b9ff | ffba ccff | ffff 498b | ee4c 895c | 2420 4889 
  0x000001da87d31750: 4424 3048 | 897c 2438 | 4489 4c24 | 4066 6690 

  0x000001da87d31760: ;   {runtime_call UncommonTrapBlob}
  0x000001da87d31760: c5f8 77e8 

  0x000001da87d31764: ; ImmutableOopMap {rbp=Oop [32]=Oop [56]=Oop }
                      ;*invokestatic arraycopy {reexecute=0 rethrow=0 return_oop=0}
                      ; - java.lang.String::getBytes@22 (line 4459)
                      ; - java.lang.StringConcatHelper::prepend@21 (line 354)
                      ; - java.lang.StringConcatHelper::simpleConcat@71 (line 424)
                      ; - java.lang.String::concat@11 (line 2774)
                      ; - java.net.URLClassLoader$1::run@13 (line 423)
                      ; - java.net.URLClassLoader$1::run@1 (line 421)
  0x000001da87d31764: 9851 85ff | bacc ffff | ff49 8bee | 4c89 5424 | 2048 897c | 2430 8974 | 2438 6690 

  0x000001da87d31780: ;   {runtime_call UncommonTrapBlob}
  0x000001da87d31780: c5f8 77e8 

  0x000001da87d31784: ; ImmutableOopMap {rbp=Oop [32]=Oop [48]=Oop }
                      ;*invokestatic arraycopy {reexecute=0 rethrow=0 return_oop=0}
                      ; - java.lang.String::getBytes@22 (line 4459)
                      ; - java.lang.StringConcatHelper::prepend@21 (line 354)
                      ; - java.lang.StringConcatHelper::simpleConcat@81 (line 425)
                      ; - java.lang.String::concat@11 (line 2774)
                      ; - java.net.URLClassLoader$1::run@13 (line 423)
                      ; - java.net.URLClassLoader$1::run@1 (line 421)
  0x000001da87d31784: 7851 85ff | ba76 ffff | ff4c 8974 | 2420 4489 | 4424 284c | 8954 2430 | 897c 243c | 894c 2440 
  0x000001da87d317a4: ;   {runtime_call UncommonTrapBlob}
  0x000001da87d317a4: c5f8 77e8 

  0x000001da87d317a8: ; ImmutableOopMap {[32]=Oop [40]=NarrowOop [48]=Oop [64]=NarrowOop }
                      ;*if_icmpge {reexecute=1 rethrow=0 return_oop=0}
                      ; - (reexecute) java.lang.StringLatin1::replace@82 (line 317)
                      ; - java.lang.String::replace@18 (line 2808)
                      ; - java.net.URLClassLoader$1::run@8 (line 423)
                      ; - java.net.URLClassLoader$1::run@1 (line 421)
  0x000001da87d317a8: 5451 85ff | baf6 ffff | ff48 8b6c | 2428 448b | 5424 3444 | 8954 2420 | 4c8b 5424 | 404c 8954 
  0x000001da87d317c8: 2438 6690 

  0x000001da87d317cc: ;   {runtime_call UncommonTrapBlob}
  0x000001da87d317cc: c5f8 77e8 

  0x000001da87d317d0: ; ImmutableOopMap {rbp=Oop [32]=NarrowOop [56]=Oop [64]=Oop [80]=Oop }
                      ;*invokevirtual getJarEntry {reexecute=0 rethrow=0 return_oop=0}
                      ; - jdk.internal.loader.URLClassPath$JarLoader::getResource@22 (line 956)
                      ; - jdk.internal.loader.URLClassPath::getResource@53 (line 321)
                      ; - java.net.URLClassLoader$1::run@26 (line 424)
                      ; - java.net.URLClassLoader$1::run@1 (line 421)
  0x000001da87d317d0: 2c51 85ff | baf6 ffff | ff49 8bea | 4889 4424 | 2889 5c24 | 3066 6690 

  0x000001da87d317e8: ;   {runtime_call UncommonTrapBlob}
  0x000001da87d317e8: c5f8 77e8 

  0x000001da87d317ec: ; ImmutableOopMap {rbp=Oop [40]=Oop [48]=NarrowOop }
                      ;*invokevirtual defineClass {reexecute=0 rethrow=0 return_oop=0}
                      ; - java.net.URLClassLoader$1::run@43 (line 427)
                      ; - java.net.URLClassLoader$1::run@1 (line 421)
  0x000001da87d317ec: 1051 85ff | baf6 ffff | ff48 8b6c | 2428 4c8b | 5424 404c | 8954 2420 | 4c8b 5424 | 484c 8954 
  0x000001da87d3180c: 2438 6690 

  0x000001da87d31810: ;   {runtime_call UncommonTrapBlob}
  0x000001da87d31810: c5f8 77e8 

  0x000001da87d31814: ; ImmutableOopMap {rbp=Oop [32]=Oop [88]=NarrowOop [92]=NarrowOop [104]=Oop [192]=Oop [200]=Oop }
                      ;*invokevirtual ensureInitialization {reexecute=0 rethrow=0 return_oop=0}
                      ; - java.util.jar.JavaUtilJarAccessImpl::ensureInitialization@1 (line 72)
                      ; - jdk.internal.loader.URLClassPath$JarLoader$2::getManifest@10 (line 885)
                      ; - java.net.URLClassLoader::defineClass@34 (line 491)
                      ; - java.net.URLClassLoader$1::run@43 (line 427)
                      ; - java.net.URLClassLoader$1::run@1 (line 421)
  0x000001da87d31814: e850 85ff | ba76 ffff | ff48 8b6c | 2428 4889 | 7424 2844 | 8954 2430 | 897c 2438 | 895c 2440 
  0x000001da87d31834: ;   {runtime_call UncommonTrapBlob}
  0x000001da87d31834: c5f8 77e8 

  0x000001da87d31838: ; ImmutableOopMap {rbp=Oop [40]=Oop [48]=NarrowOop [60]=NarrowOop [64]=NarrowOop }
                      ;*iflt {reexecute=1 rethrow=0 return_oop=0}
                      ; - (reexecute) java.lang.StringLatin1::lastIndexOf@19 (line 294)
                      ; - java.lang.String::lastIndexOf@13 (line 2489)
                      ; - java.lang.String::lastIndexOf@8 (line 2451)
                      ; - java.net.URLClassLoader::defineClass@7 (line 486)
                      ; - java.net.URLClassLoader$1::run@43 (line 427)
                      ; - java.net.URLClassLoader$1::run@1 (line 421)
  0x000001da87d31838: c450 85ff | bade ffff | ff48 8b6c | 2428 4c8b | 5424 404c | 8954 2428 | 4c89 5424 | 304c 8b54 
  0x000001da87d31858: 2448 4c89 | 5424 4090 

  0x000001da87d31860: ;   {runtime_call UncommonTrapBlob}
  0x000001da87d31860: c5f8 77e8 

  0x000001da87d31864: ; ImmutableOopMap {rbp=Oop [40]=Oop [48]=Oop [88]=NarrowOop [92]=NarrowOop [192]=Oop [200]=Oop }
                      ;*invokevirtual getManifest {reexecute=0 rethrow=0 return_oop=0}
                      ; - java.net.URLClassLoader::defineClass@34 (line 491)
                      ; - java.net.URLClassLoader$1::run@43 (line 427)
                      ; - java.net.URLClassLoader$1::run@1 (line 421)
  0x000001da87d31864: 9850 85ff | bade ffff | ff48 8b6c | 2428 4c8b | 4424 404c | 8944 2420 | 448b 4424 | 5844 8944 
  0x000001da87d31884: 2428 448b | 4c24 5c44 | 894c 242c | 4c8b 4424 | 684c 8944 | 2430 4c8b | 4424 484c | 8944 2438 
  0x000001da87d318a4: 4489 5424 | 5844 895c | 245c 6690 

  0x000001da87d318b0: ;   {runtime_call UncommonTrapBlob}
  0x000001da87d318b0: c5f8 77e8 

  0x000001da87d318b4: ; ImmutableOopMap {rbp=Oop [32]=Oop [40]=NarrowOop [44]=NarrowOop [48]=Oop [88]=NarrowOop [92]=NarrowOop [192]=Oop [200]=Oop }
                      ;*invokeinterface ensureInitialization {reexecute=0 rethrow=0 return_oop=0}
                      ; - jdk.internal.loader.URLClassPath$JarLoader$2::getManifest@10 (line 885)
                      ; - java.net.URLClassLoader::defineClass@34 (line 491)
                      ; - java.net.URLClassLoader$1::run@43 (line 427)
                      ; - java.net.URLClassLoader$1::run@1 (line 421)
  0x000001da87d318b4: 4850 85ff | 498b d04c | 8d84 2400 | 0100 0090 

  0x000001da87d318c4: ;   {runtime_call _complete_monitor_locking_Java}
  0x000001da87d318c4: c5f8 77e8 

  0x000001da87d318c8: ; ImmutableOopMap {rbp=NarrowOop [32]=Oop [40]=Oop [56]=Oop [64]=Oop [88]=NarrowOop [92]=NarrowOop [96]=Oop [104]=Oop [112]=Oop [192]=Oop [200]=Oop }
                      ;*synchronization entry
                      ; - java.util.jar.JarFile::ensureInitialization@-1 (line 1031)
                      ; - java.util.jar.JavaUtilJarAccessImpl::ensureInitialization@1 (line 72)
                      ; - jdk.internal.loader.URLClassPath$JarLoader$2::getManifest@10 (line 885)
                      ; - java.net.URLClassLoader::defineClass@34 (line 491)
                      ; - java.net.URLClassLoader$1::run@43 (line 427)
                      ; - java.net.URLClassLoader$1::run@1 (line 421)
  0x000001da87d318c8: b4b1 86ff | e911 c1ff | ff4d 8bd3 | 498b ca48 | 8d94 2400 | 0100 004d | 8bc7 c5f8 | 7749 ba60 
  0x000001da87d318e8: 8fec cefb | 7f00 0041 | ffd2 e9a6 | c1ff ffba | deff ffff | 4c8b 5424 | 284c 8954 | 2420 4c8b 
  0x000001da87d31908: 5424 404c | 8954 2428 | 4c8b 5424 | 484c 8954 | 2440 6690 

  0x000001da87d3191c: ;   {runtime_call UncommonTrapBlob}
  0x000001da87d3191c: c5f8 77e8 

  0x000001da87d31920: ; ImmutableOopMap {rbp=NarrowOop [32]=Oop [40]=Oop [88]=NarrowOop [92]=NarrowOop [104]=Oop [192]=Oop [200]=Oop }
                      ;*invokevirtual getManifest {reexecute=0 rethrow=0 return_oop=0}
                      ; - jdk.internal.loader.URLClassPath$JarLoader$2::getManifest@22 (line 886)
                      ; - java.net.URLClassLoader::defineClass@34 (line 491)
                      ; - java.net.URLClassLoader$1::run@43 (line 427)
                      ; - java.net.URLClassLoader$1::run@1 (line 421)
  0x000001da87d31920: dc4f 85ff | ba6e ffff | ff48 8b6c | 2428 4889 | 7424 2844 | 8954 2430 | 897c 2438 | 895c 2440 
  0x000001da87d31940: ;   {runtime_call UncommonTrapBlob}
  0x000001da87d31940: c5f8 77e8 

  0x000001da87d31944: ; ImmutableOopMap {rbp=Oop [40]=Oop [48]=NarrowOop [60]=NarrowOop [64]=NarrowOop }
                      ;*iflt {reexecute=1 rethrow=0 return_oop=0}
                      ; - (reexecute) java.lang.StringLatin1::lastIndexOf@19 (line 294)
                      ; - java.lang.String::lastIndexOf@13 (line 2489)
                      ; - java.lang.String::lastIndexOf@8 (line 2451)
                      ; - java.net.URLClassLoader::defineClass@7 (line 486)
                      ; - java.net.URLClassLoader$1::run@43 (line 427)
                      ; - java.net.URLClassLoader$1::run@1 (line 421)
  0x000001da87d31944: b84f 85ff | 4585 d240 | 0f95 c540 | 0fb6 ed83 | f501 ba45 | ffff ff4c | 8974 2420 | 894c 2428 
  0x000001da87d31964: ;   {runtime_call UncommonTrapBlob}
  0x000001da87d31964: c5f8 77e8 

  0x000001da87d31968: ; ImmutableOopMap {[32]=Oop [40]=NarrowOop }
                      ;*ifeq {reexecute=1 rethrow=0 return_oop=0}
                      ; - (reexecute) java.lang.String::replace@9 (line 2808)
                      ; - java.net.URLClassLoader$1::run@8 (line 423)
                      ; - java.net.URLClassLoader$1::run@1 (line 421)
  0x000001da87d31968: 944f 85ff | 4d63 dae9 | 56be ffff | 4c8b d149 | 83c2 fe49 | 8bca 498b | f948 33c0 | 4883 f908 
  0x000001da87d31988: 7f10 48ff | c978 4f48 | 8904 cf48 | ffc9 7df7 | eb44 c5fd | efc0 e90d | 0000 00c5 | fe7f 07c5 
  0x000001da87d319a8: fe7f 4720 | 4883 c740 | 4883 e908 | 7ded 4883 | c104 7c0c | c5fe 7f07 | 4883 c720 | 4883 e904 
  0x000001da87d319c8: 4883 c104 | 7e10 48ff | c9c5 f9d6 | 0748 83c7 | 0848 ffc9 | 7df3 e9f5 | beff ff49 

  0x000001da87d319e4: ;   {metadata('java/util/HashSet')}
  0x000001da87d319e4: 8be8 48ba | f86b 118f | da01 0000 

  0x000001da87d319f0: ;   {runtime_call _new_instance_Java}
  0x000001da87d319f0: c5f8 77e8 

  0x000001da87d319f4: ; ImmutableOopMap {rbp=Oop [32]=Oop [40]=Oop [52]=NarrowOop [56]=Oop [64]=Oop [72]=NarrowOop }
                      ;*new {reexecute=0 rethrow=0 return_oop=1}
                      ; - jdk.internal.loader.URLClassPath$JarLoader::getResource@47 (line 963)
                      ; - jdk.internal.loader.URLClassPath::getResource@53 (line 321)
                      ; - java.net.URLClassLoader$1::run@26 (line 424)
                      ; - java.net.URLClassLoader$1::run@1 (line 421)
  0x000001da87d319f4: 8898 86ff | 4c8b c54c | 8bc8 e92a | e4ff ff4c | 894c 2458 

  0x000001da87d31a08: ;   {metadata('java/util/HashMap')}
  0x000001da87d31a08: 498b e848 | ba20 360b | 8fda 0100 | 0066 6690 

  0x000001da87d31a18: ;   {runtime_call _new_instance_Java}
  0x000001da87d31a18: c5f8 77e8 

  0x000001da87d31a1c: ; ImmutableOopMap {rbp=Oop [32]=Oop [40]=Oop [52]=NarrowOop [56]=Oop [64]=Oop [72]=NarrowOop [88]=Oop }
                      ;*new {reexecute=0 rethrow=0 return_oop=1}
                      ; - java.util.HashSet::<init>@5 (line 107)
                      ; - jdk.internal.loader.URLClassPath$JarLoader::getResource@51 (line 963)
                      ; - jdk.internal.loader.URLClassPath::getResource@53 (line 321)
                      ; - java.net.URLClassLoader$1::run@26 (line 424)
                      ; - java.net.URLClassLoader$1::run@1 (line 421)
  0x000001da87d31a1c: 6098 86ff | 4c8b c54c | 8b4c 2458 | e948 e4ff | ffba ccff | ffff 488b | 6c24 284c | 8b5c 2440 
  0x000001da87d31a3c: 4c89 5c24 | 2844 8954 | 2434 448b | 5424 5844 | 8954 2438 | 448b 5c24 | 5c44 895c | 243c 4c8b 
  0x000001da87d31a5c: 5424 484c | 8954 2440 | 4c8b 5424 | 704c 8954 | 2458 6690 

  0x000001da87d31a70: ;   {runtime_call UncommonTrapBlob}
  0x000001da87d31a70: c5f8 77e8 

  0x000001da87d31a74: ; ImmutableOopMap {rbp=Oop [40]=Oop [56]=NarrowOop [60]=NarrowOop [88]=Oop [104]=NarrowOop [112]=Oop [192]=Oop }
                      ;*newarray {reexecute=1 rethrow=0 return_oop=0}
                      ; - (reexecute) java.util.Arrays::copyOfRange@41 (line 3822)
                      ; - java.lang.StringLatin1::newString@16 (line 769)
                      ; - java.lang.String::substring@41 (line 2714)
                      ; - java.net.URLClassLoader::defineClass@28 (line 489)
                      ; - java.net.URLClassLoader$1::run@43 (line 427)
                      ; - java.net.URLClassLoader$1::run@1 (line 421)
  0x000001da87d31a74: 884e 85ff | ba45 ffff | ff49 8bee | 4c89 5c24 | 2048 8944 | 2428 4489 | 4c24 3090 

  0x000001da87d31a90: ;   {runtime_call UncommonTrapBlob}
  0x000001da87d31a90: c5f8 77e8 

  0x000001da87d31a94: ; ImmutableOopMap {rbp=Oop [32]=Oop }
                      ;*iflt {reexecute=1 rethrow=0 return_oop=0}
                      ; - (reexecute) java.lang.StringConcatHelper::checkOverflow@2 (line 54)
                      ; - java.lang.StringConcatHelper::mix@23 (line 138)
                      ; - java.lang.StringConcatHelper::simpleConcat@46 (line 419)
                      ; - java.lang.String::concat@11 (line 2774)
                      ; - java.net.URLClassLoader$1::run@13 (line 423)
                      ; - java.net.URLClassLoader$1::run@1 (line 421)
  0x000001da87d31a94: 684e 85ff | ba45 ffff | ff4c 8974 | 2420 4c89 | 5c24 2844 | 8944 2430 

  0x000001da87d31aac: ;   {runtime_call UncommonTrapBlob}
  0x000001da87d31aac: c5f8 77e8 

  0x000001da87d31ab0: ; ImmutableOopMap {[32]=Oop [40]=Oop }
                      ;*iflt {reexecute=1 rethrow=0 return_oop=0}
                      ; - (reexecute) java.lang.StringConcatHelper::checkOverflow@2 (line 54)
                      ; - java.lang.StringConcatHelper::mix@23 (line 138)
                      ; - java.lang.StringConcatHelper::simpleConcat@54 (line 420)
                      ; - java.lang.String::concat@11 (line 2774)
                      ; - java.net.URLClassLoader$1::run@13 (line 423)
                      ; - java.net.URLClassLoader$1::run@1 (line 421)
  0x000001da87d31ab0: 4c4e 85ff | ba45 ffff | ff49 8bee | 4c89 5c24 | 2848 897c | 2430 4489 | 6c24 3890 

  0x000001da87d31acc: ;   {runtime_call UncommonTrapBlob}
  0x000001da87d31acc: c5f8 77e8 

  0x000001da87d31ad0: ; ImmutableOopMap {rbp=Oop [40]=Oop [48]=Oop }
                      ;*if_icmpne {reexecute=1 rethrow=0 return_oop=0}
                      ; - (reexecute) java.lang.String::getBytes@5 (line 4458)
                      ; - java.lang.StringConcatHelper::prepend@21 (line 354)
                      ; - java.lang.StringConcatHelper::simpleConcat@81 (line 425)
                      ; - java.lang.String::concat@11 (line 2774)
                      ; - java.net.URLClassLoader$1::run@13 (line 423)
                      ; - java.net.URLClassLoader$1::run@1 (line 421)
  0x000001da87d31ad0: 2c4e 85ff | ba76 ffff | ff4c 8974 | 2420 4489 | 4424 2889 | 7c24 2c4c | 8954 2430 | 894c 243c 
  0x000001da87d31af0: ;   {runtime_call UncommonTrapBlob}
  0x000001da87d31af0: c5f8 77e8 

  0x000001da87d31af4: ; ImmutableOopMap {[32]=Oop [40]=NarrowOop [48]=Oop [60]=NarrowOop }
                      ;*if_icmpge {reexecute=1 rethrow=0 return_oop=0}
                      ; - (reexecute) java.lang.StringLatin1::replace@61 (line 314)
                      ; - java.lang.String::replace@18 (line 2808)
                      ; - java.net.URLClassLoader$1::run@8 (line 423)
                      ; - java.net.URLClassLoader$1::run@1 (line 421)
  0x000001da87d31af4: 084e 85ff | 41b9 0100 | 0000 e9e9 | b3ff ffba | 45ff ffff | 498b ee4c | 895c 2420 | 4889 4424 
  0x000001da87d31b14: 2844 896c | 2430 6690 

  0x000001da87d31b1c: ;   {runtime_call UncommonTrapBlob}
  0x000001da87d31b1c: c5f8 77e8 

  0x000001da87d31b20: ; ImmutableOopMap {rbp=Oop [32]=Oop }
                      ;*if_icmpne {reexecute=1 rethrow=0 return_oop=0}
                      ; - (reexecute) java.lang.StringConcatHelper::mix@13 (line 135)
                      ; - java.lang.StringConcatHelper::simpleConcat@46 (line 419)
                      ; - java.lang.String::concat@11 (line 2774)
                      ; - java.net.URLClassLoader$1::run@13 (line 423)
                      ; - java.net.URLClassLoader$1::run@1 (line 421)
  0x000001da87d31b20: dc4d 85ff | ba45 ffff | ff4c 8974 | 2420 4c89 | 5c24 2844 | 8944 2434 

  0x000001da87d31b38: ;   {runtime_call UncommonTrapBlob}
  0x000001da87d31b38: c5f8 77e8 

  0x000001da87d31b3c: ; ImmutableOopMap {[32]=Oop [40]=Oop }
                      ;*ifge {reexecute=1 rethrow=0 return_oop=0}
                      ; - (reexecute) java.lang.StringConcatHelper::newArray@13 (line 494)
                      ; - java.lang.StringConcatHelper::simpleConcat@61 (line 421)
                      ; - java.lang.String::concat@11 (line 2774)
                      ; - java.net.URLClassLoader$1::run@13 (line 423)
                      ; - java.net.URLClassLoader$1::run@1 (line 421)
  0x000001da87d31b3c: c04d 85ff | ba45 ffff | ff4c 8b44 | 2428 4c89 | 4424 2044 | 8b44 2434 | 4489 4424 | 2844 895c 
  0x000001da87d31b5c: 242c 4889 | 4c24 384c | 894c 2440 | 4889 4424 | 4844 8954 | 2450 6690 

  0x000001da87d31b74: ;   {runtime_call UncommonTrapBlob}
  0x000001da87d31b74: c5f8 77e8 

  0x000001da87d31b78: ; ImmutableOopMap {rbp=NarrowOop [32]=Oop [40]=NarrowOop [56]=Oop [64]=Oop [72]=Oop [80]=NarrowOop }
                      ;*ifnull {reexecute=1 rethrow=0 return_oop=0}
                      ; - (reexecute) java.security.AccessController::checkContext@3 (line 725)
                      ; - java.security.AccessController::doPrivileged@6 (line 710)
                      ; - jdk.internal.loader.URLClassPath$JarLoader::ensureOpen@19 (line 763)
                      ; - jdk.internal.loader.URLClassPath$JarLoader::getResource@1 (line 952)
                      ; - jdk.internal.loader.URLClassPath::getResource@53 (line 321)
                      ; - java.net.URLClassLoader$1::run@26 (line 424)
                      ; - java.net.URLClassLoader$1::run@1 (line 421)
  0x000001da87d31b78: 844d 85ff | 448b dfe9 | 5abb ffff | 85c9 400f | 95c5 400f | b6ed 83f5 | 01ba 45ff | ffff 4c8b 
  0x000001da87d31b98: 5424 284c | 8954 2420 | 4889 7424 | 3044 8b54 | 243c 4489 | 5424 3848 | 8944 2440 | 895c 2448 
  0x000001da87d31bb8: 4489 5c24 | 4c66 6690 

  0x000001da87d31bc0: ;   {runtime_call UncommonTrapBlob}
  0x000001da87d31bc0: c5f8 77e8 

  0x000001da87d31bc4: ; ImmutableOopMap {[32]=Oop [48]=Oop [56]=NarrowOop [72]=NarrowOop }
                      ;*ifeq {reexecute=1 rethrow=0 return_oop=0}
                      ; - (reexecute) java.lang.String::lastIndexOf@4 (line 2489)
                      ; - java.lang.String::lastIndexOf@8 (line 2451)
                      ; - java.net.URLClassLoader::defineClass@7 (line 486)
                      ; - java.net.URLClassLoader$1::run@43 (line 427)
                      ; - java.net.URLClassLoader$1::run@1 (line 421)
  0x000001da87d31bc4: 384d 85ff | ba45 ffff | ff4c 8b54 | 2428 4c89 | 5424 204c | 8944 2430 | 4489 5c24 | 3c44 895c 
  0x000001da87d31be4: 2440 895c | 2454 6690 

  0x000001da87d31bec: ;   {runtime_call UncommonTrapBlob}
  0x000001da87d31bec: c5f8 77e8 

  0x000001da87d31bf0: ; ImmutableOopMap {[32]=Oop [48]=Oop [84]=NarrowOop [88]=NarrowOop [92]=NarrowOop [192]=Oop }
                      ;*if_icmpgt {reexecute=1 rethrow=0 return_oop=0}
                      ; - (reexecute) java.lang.String::checkBoundsBeginEnd@6 (line 4605)
                      ; - java.lang.String::substring@8 (line 2709)
                      ; - java.net.URLClassLoader::defineClass@28 (line 489)
                      ; - java.net.URLClassLoader$1::run@43 (line 427)
                      ; - java.net.URLClassLoader$1::run@1 (line 421)
  0x000001da87d31bf0: 0c4d 85ff | ba45 ffff | ff48 8b6c | 2428 4c8b | 5424 404c | 8954 2428 | 4c8b 5424 | 484c 8954 
  0x000001da87d31c10: 2438 4889 | 4424 5090 

  0x000001da87d31c18: ;   {runtime_call UncommonTrapBlob}
  0x000001da87d31c18: c5f8 77e8 

  0x000001da87d31c1c: ; ImmutableOopMap {rbp=Oop [40]=Oop [48]=NarrowOop [80]=Oop [92]=NarrowOop [192]=Oop }
                      ;*ifnull {reexecute=1 rethrow=0 return_oop=0}
                      ; - (reexecute) java.net.URLClassLoader::defineClass@139 (line 512)
                      ; - java.net.URLClassLoader$1::run@43 (line 427)
                      ; - java.net.URLClassLoader$1::run@1 (line 421)
  0x000001da87d31c1c: e04c 85ff | ba45 ffff | ff4c 8b54 | 2428 4c89 | 5424 204c | 8944 2430 | 4489 5c24 | 3c44 895c 
  0x000001da87d31c3c: 2440 895c | 2454 6690 

  0x000001da87d31c44: ;   {runtime_call UncommonTrapBlob}
  0x000001da87d31c44: c5f8 77e8 

  0x000001da87d31c48: ; ImmutableOopMap {[32]=Oop [48]=Oop [84]=NarrowOop [88]=NarrowOop [92]=NarrowOop [192]=Oop }
                      ;*if_icmple {reexecute=1 rethrow=0 return_oop=0}
                      ; - (reexecute) java.lang.String::checkBoundsBeginEnd@11 (line 4605)
                      ; - java.lang.String::substring@8 (line 2709)
                      ; - java.net.URLClassLoader::defineClass@28 (line 489)
                      ; - java.net.URLClassLoader$1::run@43 (line 427)
                      ; - java.net.URLClassLoader$1::run@1 (line 421)
  0x000001da87d31c48: b44c 85ff | 85c9 400f | 95c5 400f | b6ed 83f5 | 01ba 45ff | ffff 4c8b | 5424 284c | 8954 2420 
  0x000001da87d31c68: 4c89 4424 | 3044 895c | 2438 895c | 2444 6690 

  0x000001da87d31c78: ;   {runtime_call UncommonTrapBlob}
  0x000001da87d31c78: c5f8 77e8 

  0x000001da87d31c7c: ; ImmutableOopMap {[32]=Oop [48]=Oop [68]=NarrowOop [88]=NarrowOop [92]=NarrowOop [192]=Oop }
                      ;*ifeq {reexecute=1 rethrow=0 return_oop=0}
                      ; - (reexecute) java.lang.String::substring@31 (line 2714)
                      ; - java.net.URLClassLoader::defineClass@28 (line 489)
                      ; - java.net.URLClassLoader$1::run@43 (line 427)
                      ; - java.net.URLClassLoader$1::run@1 (line 421)
  0x000001da87d31c7c: 804c 85ff | 498b d7c5 | f877 49ba | 106a abce | fb7f 0000 | 41ff d2e9 | cfe4 ffff | 4d63 dae9 
  0x000001da87d31c9c: 3dc4 ffff | badf ffff | ff48 8b6c | 2428 4c8b | 5424 404c | 8954 2420 | 448b 5424 | 5844 8954 
  0x000001da87d31cbc: 2428 448b | 5c24 5c44 | 895c 242c | 4c8b 5424 | 504c 8954 | 2438 4c8b | 5424 484c | 8954 2440 
  0x000001da87d31cdc: 4c8b 5424 | 684c 8954 | 2460 6690 

  0x000001da87d31ce8: ;   {runtime_call UncommonTrapBlob}
  0x000001da87d31ce8: c5f8 77e8 

  0x000001da87d31cec: ; ImmutableOopMap {rbp=Oop [32]=Oop [40]=NarrowOop [44]=NarrowOop [52]=NarrowOop [56]=Oop [96]=Oop [168]=Oop [192]=Oop [200]=Oop }
                      ;*invokeinterface getTrustedAttributes {reexecute=0 rethrow=0 return_oop=0}
                      ; - java.net.URLClassLoader::definePackage@42 (line 552)
                      ; - java.net.URLClassLoader::defineClass@64 (line 495)
                      ; - java.net.URLClassLoader$1::run@43 (line 427)
                      ; - java.net.URLClassLoader$1::run@1 (line 421)
  0x000001da87d31cec: 104c 85ff | bade ffff | ff4c 8b54 | 2428 4c89 | 5424 204c | 8b54 2440 | 4c89 5424 | 284c 8b54 
  0x000001da87d31d0c: 2450 4c89 | 5424 384c | 8b54 2448 | 4c89 5424 | 404c 8984 | 2480 0000 | 0066 6690 

  0x000001da87d31d28: ;   {runtime_call UncommonTrapBlob}
  0x000001da87d31d28: c5f8 77e8 

  0x000001da87d31d2c: ; ImmutableOopMap {rbp=NarrowOop [32]=Oop [40]=Oop [56]=Oop [88]=NarrowOop [92]=NarrowOop [104]=Oop [128]=Oop [168]=Oop [192]=Oop [200]=Oop }
                      ;*invokeinterface get {reexecute=0 rethrow=0 return_oop=0}
                      ; - java.util.jar.Manifest::getAttributes@5 (line 159)
                      ; - java.util.jar.Manifest::getTrustedAttributes@2 (line 176)
                      ; - java.util.jar.JavaUtilJarAccessImpl::getTrustedAttributes@2 (line 68)
                      ; - java.net.URLClassLoader::definePackage@42 (line 552)
                      ; - java.net.URLClassLoader::defineClass@64 (line 495)
                      ; - java.net.URLClassLoader$1::run@43 (line 427)
                      ; - java.net.URLClassLoader$1::run@1 (line 421)
  0x000001da87d31d2c: d04b 85ff | bacc ffff | ff48 8b6c | 2428 4c8b | 5424 404c | 8954 2420 | 448b 5424 | 5844 8954 
  0x000001da87d31d4c: 2428 448b | 5c24 5c44 | 895c 242c | 4c8b 5424 | 504c 8954 | 2438 4c8b | 5424 484c | 8954 2440 
  0x000001da87d31d6c: 4c8b 5424 | 684c 8954 | 2460 6690 

  0x000001da87d31d78: ;   {runtime_call UncommonTrapBlob}
  0x000001da87d31d78: c5f8 77e8 

  0x000001da87d31d7c: ; ImmutableOopMap {rbp=Oop [32]=Oop [40]=NarrowOop [44]=NarrowOop [52]=NarrowOop [56]=Oop [96]=Oop [120]=Oop [160]=Oop [192]=Oop [200]=Oop }
                      ;*invokestatic arraycopy {reexecute=0 rethrow=0 return_oop=0}
                      ; - java.lang.String::getBytes@22 (line 4459)
                      ; - java.lang.StringConcatHelper::prepend@21 (line 354)
                      ; - java.lang.StringConcatHelper::simpleConcat@71 (line 424)
                      ; - java.lang.String::concat@11 (line 2774)
                      ; - java.net.URLClassLoader::definePackage@39 (line 552)
                      ; - java.net.URLClassLoader::defineClass@64 (line 495)
                      ; - java.net.URLClassLoader$1::run@43 (line 427)
                      ; - java.net.URLClassLoader$1::run@1 (line 421)
  0x000001da87d31d7c: 804b 85ff | bacc ffff | ff48 8b6c | 2428 4c8b | 5424 404c | 8954 2420 | 448b 5424 | 5844 8954 
  0x000001da87d31d9c: 2428 448b | 5c24 5c44 | 895c 242c | 4c8b 5424 | 504c 8954 | 2438 4c8b | 5424 484c | 8954 2440 
  0x000001da87d31dbc: 4c8b 5424 | 684c 8954 | 2460 4c8b | 9424 a000 | 0000 4c89 | 9424 9000 | 0000 6690 

  0x000001da87d31dd8: ;   {runtime_call UncommonTrapBlob}
  0x000001da87d31dd8: c5f8 77e8 

  0x000001da87d31ddc: ; ImmutableOopMap {rbp=Oop [32]=Oop [40]=NarrowOop [44]=NarrowOop [52]=NarrowOop [56]=Oop [96]=Oop [128]=NarrowOop [144]=Oop [160]=Oop [192]=Oop [200]=Oop }
                      ;*invokestatic arraycopy {reexecute=0 rethrow=0 return_oop=0}
                      ; - java.lang.String::getBytes@22 (line 4459)
                      ; - java.lang.StringConcatHelper::prepend@21 (line 354)
                      ; - java.lang.StringConcatHelper::simpleConcat@81 (line 425)
                      ; - java.lang.String::concat@11 (line 2774)
                      ; - java.net.URLClassLoader::definePackage@39 (line 552)
                      ; - java.net.URLClassLoader::defineClass@64 (line 495)
                      ; - java.net.URLClassLoader$1::run@43 (line 427)
                      ; - java.net.URLClassLoader$1::run@1 (line 421)
  0x000001da87d31ddc: 204b 85ff | ba45 ffff | ff4c 8b54 | 2440 4c89 | 5424 2044 | 8b54 2458 | 4489 5424 | 2844 8b5c 
  0x000001da87d31dfc: 245c 4489 | 5c24 2c4c | 8b54 2450 | 4c89 5424 | 384c 8b54 | 2448 4c89 | 5424 404c | 8b54 2468 
  0x000001da87d31e1c: 4c89 5424 | 6066 6690 

  0x000001da87d31e24: ;   {runtime_call UncommonTrapBlob}
  0x000001da87d31e24: c5f8 77e8 

  0x000001da87d31e28: ; ImmutableOopMap {rbp=Oop [32]=Oop [40]=NarrowOop [44]=NarrowOop [52]=NarrowOop [56]=Oop [96]=Oop [120]=Oop [192]=Oop [200]=Oop }
                      ;*iflt {reexecute=1 rethrow=0 return_oop=0}
                      ; - (reexecute) java.lang.StringConcatHelper::checkOverflow@2 (line 54)
                      ; - java.lang.StringConcatHelper::mix@23 (line 138)
                      ; - java.lang.StringConcatHelper::simpleConcat@46 (line 419)
                      ; - java.lang.String::concat@11 (line 2774)
                      ; - java.net.URLClassLoader::definePackage@39 (line 552)
                      ; - java.net.URLClassLoader::defineClass@64 (line 495)
                      ; - java.net.URLClassLoader$1::run@43 (line 427)
                      ; - java.net.URLClassLoader$1::run@1 (line 421)
  0x000001da87d31e28: d44a 85ff | ba45 ffff | ff4c 8b5c | 2428 4c89 | 5c24 204c | 8b5c 2440 | 4c89 5c24 | 2844 8b5c 
  0x000001da87d31e48: 2458 4489 | 5c24 3044 | 8b44 245c | 4489 4424 | 384c 8b5c | 2450 4c89 | 5c24 4044 | 8994 2490 
  0x000001da87d31e68: 0000 0090 

  0x000001da87d31e6c: ;   {runtime_call UncommonTrapBlob}
  0x000001da87d31e6c: c5f8 77e8 

  0x000001da87d31e70: ; ImmutableOopMap {[32]=Oop [40]=Oop [48]=NarrowOop [52]=NarrowOop [56]=NarrowOop [64]=Oop [104]=Oop [120]=Oop [192]=Oop [200]=Oop }
                      ;*iflt {reexecute=1 rethrow=0 return_oop=0}
                      ; - (reexecute) java.lang.StringConcatHelper::checkOverflow@2 (line 54)
                      ; - java.lang.StringConcatHelper::mix@23 (line 138)
                      ; - java.lang.StringConcatHelper::simpleConcat@54 (line 420)
                      ; - java.lang.String::concat@11 (line 2774)
                      ; - java.net.URLClassLoader::definePackage@39 (line 552)
                      ; - java.net.URLClassLoader::defineClass@64 (line 495)
                      ; - java.net.URLClassLoader$1::run@43 (line 427)
                      ; - java.net.URLClassLoader$1::run@1 (line 421)
  0x000001da87d31e70: 8c4a 85ff | ba45 ffff | ff48 8b6c | 2428 4c8b | 5424 404c | 8954 2420 | 448b 5424 | 5844 8954 
  0x000001da87d31e90: 2428 448b | 5c24 5c44 | 895c 242c | 4c8b 5424 | 504c 8954 | 2438 4c8b | 5424 484c | 8954 2440 
  0x000001da87d31eb0: 4c8b 5424 | 684c 8954 | 2460 4c8b | 9424 a000 | 0000 4c89 | 9424 9800 | 0000 6690 

  0x000001da87d31ecc: ;   {runtime_call UncommonTrapBlob}
  0x000001da87d31ecc: c5f8 77e8 

  0x000001da87d31ed0: ; ImmutableOopMap {rbp=Oop [32]=Oop [40]=NarrowOop [44]=NarrowOop [52]=NarrowOop [56]=Oop [96]=Oop [120]=Oop [152]=Oop [160]=Oop [192]=Oop [200]=Oop }
                      ;*if_icmpne {reexecute=1 rethrow=0 return_oop=0}
                      ; - (reexecute) java.lang.String::getBytes@5 (line 4458)
                      ; - java.lang.StringConcatHelper::prepend@21 (line 354)
                      ; - java.lang.StringConcatHelper::simpleConcat@81 (line 425)
                      ; - java.lang.String::concat@11 (line 2774)
                      ; - java.net.URLClassLoader::definePackage@39 (line 552)
                      ; - java.net.URLClassLoader::defineClass@64 (line 495)
                      ; - java.net.URLClassLoader$1::run@43 (line 427)
                      ; - java.net.URLClassLoader$1::run@1 (line 421)
  0x000001da87d31ed0: 2c4a 85ff | ba45 ffff | ff48 8b6c | 2428 4c8b | 5424 404c | 8954 2420 | 448b 5424 | 5c44 8954 
  0x000001da87d31ef0: 242c 4c8b | 5424 504c | 8954 2430 | 4c8b 5424 | 484c 8954 | 2438 c5fa | 1144 245c | 4489 9c24 
  0x000001da87d31f10: 9400 0000 

  0x000001da87d31f14: ;   {runtime_call UncommonTrapBlob}
  0x000001da87d31f14: c5f8 77e8 

  0x000001da87d31f18: ; ImmutableOopMap {rbp=Oop [32]=Oop [44]=NarrowOop [48]=Oop [88]=NarrowOop [92]=NarrowOop [104]=Oop [112]=Oop [168]=Oop [192]=Oop [200]=Oop }
                      ;*ifle {reexecute=1 rethrow=0 return_oop=0}
                      ; - (reexecute) java.util.HashMap::getNode@14 (line 567)
                      ; - java.util.HashMap::get@2 (line 556)
                      ; - java.util.jar.Manifest::getAttributes@5 (line 159)
                      ; - java.util.jar.Manifest::getTrustedAttributes@2 (line 176)
                      ; - java.util.jar.JavaUtilJarAccessImpl::getTrustedAttributes@2 (line 68)
                      ; - java.net.URLClassLoader::definePackage@42 (line 552)
                      ; - java.net.URLClassLoader::defineClass@64 (line 495)
                      ; - java.net.URLClassLoader$1::run@43 (line 427)
                      ; - java.net.URLClassLoader$1::run@1 (line 421)
  0x000001da87d31f18: e449 85ff | ba45 ffff | ff4c 8b54 | 2440 4c89 | 5424 2044 | 8b54 2458 | 4489 5424 | 2844 8b5c 
  0x000001da87d31f38: 245c 4489 | 5c24 2c4c | 8b54 2450 | 4c89 5424 | 384c 8b54 | 2448 4c89 | 5424 404c | 8b54 2468 
  0x000001da87d31f58: 4c89 5424 | 6066 6690 

  0x000001da87d31f60: ;   {runtime_call UncommonTrapBlob}
  0x000001da87d31f60: c5f8 77e8 

  0x000001da87d31f64: ; ImmutableOopMap {rbp=Oop [32]=Oop [40]=NarrowOop [44]=NarrowOop [52]=NarrowOop [56]=Oop [96]=Oop [120]=Oop [192]=Oop [200]=Oop }
                      ;*if_icmpne {reexecute=1 rethrow=0 return_oop=0}
                      ; - (reexecute) java.lang.StringConcatHelper::mix@13 (line 135)
                      ; - java.lang.StringConcatHelper::simpleConcat@46 (line 419)
                      ; - java.lang.String::concat@11 (line 2774)
                      ; - java.net.URLClassLoader::definePackage@39 (line 552)
                      ; - java.net.URLClassLoader::defineClass@64 (line 495)
                      ; - java.net.URLClassLoader$1::run@43 (line 427)
                      ; - java.net.URLClassLoader$1::run@1 (line 421)
  0x000001da87d31f64: 9849 85ff | ba45 ffff | ff4c 8b54 | 2428 4c89 | 5424 204c | 8b54 2440 | 4c89 5424 | 2844 8b54 
  0x000001da87d31f84: 2458 4489 | 5424 3044 | 8b5c 245c | 4489 5c24 | 384c 8b54 | 2450 4c89 | 5424 4044 | 8b94 2498 
  0x000001da87d31fa4: 0000 0044 | 8994 2494 | 0000 0090 

  0x000001da87d31fb0: ;   {runtime_call UncommonTrapBlob}
  0x000001da87d31fb0: c5f8 77e8 

  0x000001da87d31fb4: ; ImmutableOopMap {[32]=Oop [40]=Oop [48]=NarrowOop [52]=NarrowOop [56]=NarrowOop [64]=Oop [104]=Oop [120]=Oop [192]=Oop [200]=Oop }
                      ;*ifge {reexecute=1 rethrow=0 return_oop=0}
                      ; - (reexecute) java.lang.StringConcatHelper::newArray@13 (line 494)
                      ; - java.lang.StringConcatHelper::simpleConcat@61 (line 421)
                      ; - java.lang.String::concat@11 (line 2774)
                      ; - java.net.URLClassLoader::definePackage@39 (line 552)
                      ; - java.net.URLClassLoader::defineClass@64 (line 495)
                      ; - java.net.URLClassLoader$1::run@43 (line 427)
                      ; - java.net.URLClassLoader$1::run@1 (line 421)
  0x000001da87d31fb4: 4849 85ff | ba3f 0000 | 0048 8b6c | 2428 4c8b | 5424 404c | 8954 2420 | 4c8b 5424 | 504c 8954 
  0x000001da87d31fd4: 2430 4c8b | 5424 484c | 8954 2438 

  0x000001da87d31fe0: ;   {runtime_call UncommonTrapBlob}
  0x000001da87d31fe0: c5f8 77e8 

  0x000001da87d31fe4: ; ImmutableOopMap {rbp=Oop [32]=Oop [48]=Oop [88]=NarrowOop [92]=NarrowOop [104]=Oop [168]=Oop [192]=Oop [200]=Oop }
                      ;*new {reexecute=0 rethrow=0 return_oop=0}
                      ; - java.util.jar.Manifest::getTrustedAttributes@28 (line 178)
                      ; - java.util.jar.JavaUtilJarAccessImpl::getTrustedAttributes@2 (line 68)
                      ; - java.net.URLClassLoader::definePackage@42 (line 552)
                      ; - java.net.URLClassLoader::defineClass@64 (line 495)
                      ; - java.net.URLClassLoader$1::run@43 (line 427)
                      ; - java.net.URLClassLoader$1::run@1 (line 421)
  0x000001da87d31fe4: 1849 85ff | ba4f 0000 | 004c 8b54 | 2428 4c89 | 5424 204c | 8b54 2440 | 4c89 5424 | 2844 8b5c 
  0x000001da87d32004: 2458 4489 | 5c24 3044 | 8b54 245c | 4489 5424 | 384c 8b54 | 2468 4c89 | 5424 4090 

  0x000001da87d32020: ;   {runtime_call UncommonTrapBlob}
  0x000001da87d32020: c5f8 77e8 

  0x000001da87d32024: ; ImmutableOopMap {[32]=Oop [40]=Oop [48]=NarrowOop [52]=NarrowOop [56]=NarrowOop [64]=Oop [112]=Oop [120]=Oop [192]=Oop [200]=Oop }
                      ;*new {reexecute=0 rethrow=0 return_oop=0}
                      ; - java.util.jar.JarFile::getBytes@20 (line 804)
                      ; - java.util.jar.JarFile::getManifestFromReference@44 (line 419)
                      ; - java.util.jar.JarFile::getManifest@1 (line 406)
                      ; - jdk.internal.loader.URLClassPath$JarLoader$2::getManifest@22 (line 886)
                      ; - java.net.URLClassLoader::defineClass@34 (line 491)
                      ; - java.net.URLClassLoader$1::run@43 (line 427)
                      ; - java.net.URLClassLoader$1::run@1 (line 421)
  0x000001da87d32024: d848 85ff | bade ffff | ff4c 8b54 | 2440 4c89 | 5424 2044 | 8b5c 2458 | 4489 5c24 | 2844 8b54 
  0x000001da87d32044: 245c 4489 | 5424 2c4c | 8b54 2468 | 4c89 5424 | 384c 8b54 | 2448 4c89 | 5424 404c | 8b54 2470 
  0x000001da87d32064: 4c89 5424 | 5866 6690 

  0x000001da87d3206c: ;   {runtime_call UncommonTrapBlob}
  0x000001da87d3206c: c5f8 77e8 

  0x000001da87d32070: ; ImmutableOopMap {rbp=Oop [32]=Oop [40]=NarrowOop [44]=NarrowOop [52]=NarrowOop [56]=Oop [88]=Oop [120]=Oop [192]=Oop [200]=Oop [208]=Oop }
                      ;*invokevirtual getName {reexecute=0 rethrow=0 return_oop=0}
                      ; - java.util.jar.JarFile::getManifestFromReference@74 (line 422)
                      ; - java.util.jar.JarFile::getManifest@1 (line 406)
                      ; - jdk.internal.loader.URLClassPath$JarLoader$2::getManifest@22 (line 886)
                      ; - java.net.URLClassLoader::defineClass@34 (line 491)
                      ; - java.net.URLClassLoader$1::run@43 (line 427)
                      ; - java.net.URLClassLoader$1::run@1 (line 421)
  0x000001da87d32070: 8c48 85ff | ba85 0100 | 0048 8b6c | 2428 4c8b | 5424 404c | 8954 2420 | 448b 5424 | 5844 8954 
  0x000001da87d32090: 2428 448b | 4424 5c44 | 8944 242c | 4c8b 5424 | 684c 8954 | 2438 4c8b | 5424 484c | 8954 2440 
  0x000001da87d320b0: 448b 5424 | 3444 8954 | 2430 4489 | 5c24 6890 

  0x000001da87d320c0: ;   {runtime_call UncommonTrapBlob}
  0x000001da87d320c0: c5f8 77e8 

  0x000001da87d320c4: ; ImmutableOopMap {rbp=Oop [32]=Oop [40]=NarrowOop [44]=NarrowOop [48]=NarrowOop [56]=Oop [112]=Oop [120]=Oop [192]=Oop [200]=Oop }
                      ;*new {reexecute=0 rethrow=0 return_oop=0}
                      ; - java.util.jar.JarFile::getBytes@141 (line 823)
                      ; - java.util.jar.JarFile::getManifestFromReference@44 (line 419)
                      ; - java.util.jar.JarFile::getManifest@1 (line 406)
                      ; - jdk.internal.loader.URLClassPath$JarLoader$2::getManifest@22 (line 886)
                      ; - java.net.URLClassLoader::defineClass@34 (line 491)
                      ; - java.net.URLClassLoader$1::run@43 (line 427)
                      ; - java.net.URLClassLoader$1::run@1 (line 421)
  0x000001da87d320c4: 3848 85ff | 498b d7c5 | f877 49ba | 106a abce | fb7f 0000 | 41ff d2e9 | bdd8 ffff | 498b d7c5 
  0x000001da87d320e4: f877 49ba | 106a abce | fb7f 0000 | 41ff d2e9 | f4d8 ffff | bade ffff | ff4c 8b44 | 2440 4c89 
  0x000001da87d32104: 4424 2044 | 8b4c 2458 | 4489 4c24 | 2844 8b44 | 245c 4489 | 4424 2c4c | 8b44 2448 | 4c89 4424 
  0x000001da87d32124: 384c 8954 | 2458 4c89 | 5c24 6090 

  0x000001da87d32130: ;   {runtime_call UncommonTrapBlob}
  0x000001da87d32130: c5f8 77e8 

  0x000001da87d32134: ; ImmutableOopMap {rbp=Oop [32]=Oop [40]=NarrowOop [44]=NarrowOop [88]=Oop [96]=Oop [104]=Oop [112]=Oop [192]=Oop [200]=Oop }
                      ;*invokevirtual close {reexecute=0 rethrow=0 return_oop=0}
                      ; - java.util.jar.JarFile::getManifestFromReference@152 (line 434)
                      ; - java.util.jar.JarFile::getManifest@1 (line 406)
                      ; - jdk.internal.loader.URLClassPath$JarLoader$2::getManifest@22 (line 886)
                      ; - java.net.URLClassLoader::defineClass@34 (line 491)
                      ; - java.net.URLClassLoader$1::run@43 (line 427)
                      ; - java.net.URLClassLoader$1::run@1 (line 421)
  0x000001da87d32134: c847 85ff | ba45 ffff | ff4c 8b54 | 2428 4c89 | 5424 204c | 8b54 2440 | 4c89 5424 | 2844 8b5c 
  0x000001da87d32154: 2458 4489 | 5c24 3044 | 8b54 245c | 4489 5424 | 384c 8b54 | 2468 4c89 | 5424 4090 

  0x000001da87d32170: ;   {runtime_call UncommonTrapBlob}
  0x000001da87d32170: c5f8 77e8 

  0x000001da87d32174: ; ImmutableOopMap {[32]=Oop [40]=Oop [48]=NarrowOop [52]=NarrowOop [56]=NarrowOop [64]=Oop [112]=Oop [192]=Oop [200]=Oop [208]=Oop }
                      ;*ifne {reexecute=1 rethrow=0 return_oop=0}
                      ; - (reexecute) java.util.jar.JarFile::getManifestFromReference@52 (line 420)
                      ; - java.util.jar.JarFile::getManifest@1 (line 406)
                      ; - jdk.internal.loader.URLClassPath$JarLoader$2::getManifest@22 (line 886)
                      ; - java.net.URLClassLoader::defineClass@34 (line 491)
                      ; - java.net.URLClassLoader$1::run@43 (line 427)
                      ; - java.net.URLClassLoader$1::run@1 (line 421)
  0x000001da87d32174: 8847 85ff | ba45 ffff | ff4c 8b54 | 2440 4c89 | 5424 2044 | 8b44 2458 | 4489 4424 | 2844 8b54 
  0x000001da87d32194: 245c 4489 | 5424 2c4c | 8b54 2448 | 4c89 5424 | 4044 8b54 | 2434 4489 | 5424 3089 | 4424 3490 
  0x000001da87d321b4: ;   {runtime_call UncommonTrapBlob}
  0x000001da87d321b4: c5f8 77e8 

  0x000001da87d321b8: ; ImmutableOopMap {rbp=Oop [32]=Oop [40]=NarrowOop [44]=NarrowOop [48]=NarrowOop [104]=Oop [112]=Oop [192]=Oop [200]=Oop [208]=Oop }
                      ;*if_icmpne {reexecute=1 rethrow=0 return_oop=0}
                      ; - (reexecute) java.util.jar.JarFile::getManifestFromReference@65 (line 421)
                      ; - java.util.jar.JarFile::getManifest@1 (line 406)
                      ; - jdk.internal.loader.URLClassPath$JarLoader$2::getManifest@22 (line 886)
                      ; - java.net.URLClassLoader::defineClass@34 (line 491)
                      ; - java.net.URLClassLoader$1::run@43 (line 427)
                      ; - java.net.URLClassLoader$1::run@1 (line 421)
  0x000001da87d321b8: 4447 85ff | 498b d7c5 | f877 49ba | 106a abce | fb7f 0000 | 41ff d2e9 | 18d6 ffff | 498b d7c5 
  0x000001da87d321d8: f877 49ba | 106a abce | fb7f 0000 | 41ff d2e9 | 0fd3 ffff | 498b d7c5 | f877 49ba | 106a abce 
  0x000001da87d321f8: fb7f 0000 | 41ff d2e9 | 8ed3 ffff | 498b d7c5 | f877 49ba | 106a abce | fb7f 0000 | 41ff d2e9 
  0x000001da87d32218: 6bd6 ffff | 498b d7c5 | f877 49ba | 106a abce | fb7f 0000 | 41ff d2e9 | a1d3 ffff | 498b d7c5 
  0x000001da87d32238: f877 49ba | 106a abce | fb7f 0000 | 41ff d2e9 | 64d0 ffff | 498b d7c5 | f877 49ba | 106a abce 
  0x000001da87d32258: fb7f 0000 | 41ff d2e9 | e2d0 ffff | 498b d7c5 | f877 49ba | 106a abce | fb7f 0000 | 41ff d2e9 
  0x000001da87d32278: e8ce ffff | 498b d7c5 | f877 49ba | 106a abce | fb7f 0000 | 41ff d2e9 | d9d1 ffff | 498b d7c5 
  0x000001da87d32298: f877 49ba | 106a abce | fb7f 0000 | 41ff d2e9 | efca ffff | 498b d7c5 | f877 49ba | 106a abce 
  0x000001da87d322b8: fb7f 0000 | 41ff d2e9 | 54cd ffff | 498b d7c5 | f877 49ba | 106a abce | fb7f 0000 | 41ff d2e9 
  0x000001da87d322d8: 5acb ffff | 498b d7c5 | f877 49ba | 106a abce | fb7f 0000 | 41ff d2e9 | 85cb ffff | 498b d7c5 
  0x000001da87d322f8: f877 49ba | 106a abce | fb7f 0000 | 41ff d2e9 | becb ffff | 498b d7c5 | f877 49ba | 106a abce 
  0x000001da87d32318: fb7f 0000 | 41ff d2e9 | e0c9 ffff | 498b d7c5 | f877 49ba | 106a abce | fb7f 0000 | 41ff d2e9 
  0x000001da87d32338: b3d5 ffff | 418b eb49 | 63cb e92d | c6ff ffba | 76ff ffff | 4c8b 5c24 | 284c 895c | 2420 4c8b 
  0x000001da87d32358: 5c24 404c | 895c 2428 | 4489 5424 | 3044 8b54 | 2458 4489 | 5424 3444 | 8b54 245c | 4489 5424 
  0x000001da87d32378: 384c 8b54 | 2450 4c89 | 5424 40c5 | fa11 8424 | 9800 0000 | c5fa 1194 | 249c 0000 | 0066 6690 
  0x000001da87d32398: ;   {runtime_call UncommonTrapBlob}
  0x000001da87d32398: c5f8 77e8 

  0x000001da87d3239c: ; ImmutableOopMap {[32]=Oop [40]=Oop [48]=NarrowOop [52]=NarrowOop [56]=NarrowOop [64]=Oop [104]=Oop [112]=Oop [152]=NarrowOop [168]=Oop [192]=Oop [200]=Oop }
                      ;*if_icmpge {reexecute=1 rethrow=0 return_oop=0}
                      ; - (reexecute) java.lang.StringLatin1::hashCode@13 (line 196)
                      ; - java.lang.String::hashCode@27 (line 2344)
                      ; - java.util.HashMap::hash@9 (line 338)
                      ; - java.util.HashMap::getNode@23 (line 568)
                      ; - java.util.HashMap::get@2 (line 556)
                      ; - java.util.jar.Manifest::getAttributes@5 (line 159)
                      ; - java.util.jar.Manifest::getTrustedAttributes@2 (line 176)
                      ; - java.util.jar.JavaUtilJarAccessImpl::getTrustedAttributes@2 (line 68)
                      ; - java.net.URLClassLoader::definePackage@42 (line 552)
                      ; - java.net.URLClassLoader::defineClass@64 (line 495)
                      ; - java.net.URLClassLoader$1::run@43 (line 427)
                      ; - java.net.URLClassLoader$1::run@1 (line 421)
  0x000001da87d3239c: 6045 85ff | 498b d7c5 | f877 49ba | 106a abce | fb7f 0000 | 41ff d2e9 | 2ec4 ffff | 498b d7c5 
  0x000001da87d323bc: f877 49ba | 106a abce | fb7f 0000 | 41ff d2e9 | b1c4 ffff | 498b da49 | 8bd7 c5f8 | 7749 ba10 
  0x000001da87d323dc: 6aab cefb | 7f00 0041 | ffd2 e911 | edff ffba | 45ff ffff | 4c8b 5424 | 284c 8954 | 2420 4c8b 
  0x000001da87d323fc: 5424 404c | 8954 2428 | 448b 5424 | 5c44 8954 | 2434 4c8b | 5424 504c | 8954 2438 | 4c8b 5424 
  0x000001da87d3241c: 484c 8954 | 2440 4489 | 6c24 5c44 | 898c 2498 | 0000 0090 

  0x000001da87d32430: ;   {runtime_call UncommonTrapBlob}
  0x000001da87d32430: c5f8 77e8 

  0x000001da87d32434: ; ImmutableOopMap {rbp=NarrowOop [32]=Oop [40]=Oop [52]=NarrowOop [56]=Oop [88]=NarrowOop [92]=NarrowOop [104]=Oop [112]=Oop [168]=Oop [192]=Oop [200]=Oop }
                      ;*ifeq {reexecute=1 rethrow=0 return_oop=0}
                      ; - (reexecute) java.util.HashMap::getNode@85 (line 573)
                      ; - java.util.HashMap::get@2 (line 556)
                      ; - java.util.jar.Manifest::getAttributes@5 (line 159)
                      ; - java.util.jar.Manifest::getTrustedAttributes@2 (line 176)
                      ; - java.util.jar.JavaUtilJarAccessImpl::getTrustedAttributes@2 (line 68)
                      ; - java.net.URLClassLoader::definePackage@42 (line 552)
                      ; - java.net.URLClassLoader::defineClass@64 (line 495)
                      ; - java.net.URLClassLoader$1::run@43 (line 427)
                      ; - java.net.URLClassLoader$1::run@1 (line 421)
  0x000001da87d32434: c844 85ff | ba45 ffff | ff48 8b6c | 2428 4c8b | 5424 404c | 8954 2420 | 448b 5424 | 5844 8954 
  0x000001da87d32454: 2428 448b | 5c24 5c44 | 895c 242c | 4c8b 5424 | 684c 8954 | 2438 4c8b | 5424 484c | 8954 2440 
  0x000001da87d32474: 4889 4424 | 6866 6690 

  0x000001da87d3247c: ;   {runtime_call UncommonTrapBlob}
  0x000001da87d3247c: c5f8 77e8 

  0x000001da87d32480: ; ImmutableOopMap {rbp=Oop [32]=Oop [40]=NarrowOop [44]=NarrowOop [52]=NarrowOop [56]=Oop [104]=Oop [192]=Oop [200]=Oop }
                      ;*ifnull {reexecute=1 rethrow=0 return_oop=0}
                      ; - (reexecute) java.util.jar.JarFile::maybeInstantiateVerifier@27 (line 724)
                      ; - java.util.jar.JarFile::ensureInitialization@1 (line 1031)
                      ; - java.util.jar.JavaUtilJarAccessImpl::ensureInitialization@1 (line 72)
                      ; - jdk.internal.loader.URLClassPath$JarLoader$2::getManifest@10 (line 885)
                      ; - java.net.URLClassLoader::defineClass@34 (line 491)
                      ; - java.net.URLClassLoader$1::run@43 (line 427)
                      ; - java.net.URLClassLoader$1::run@1 (line 421)
  0x000001da87d32480: 7c44 85ff | 4585 f640 | 0f95 c540 | 0fb6 ed83 | f501 ba45 | ffff ff4c | 8b54 2428 | 4c89 5424 
  0x000001da87d324a0: 204c 8b54 | 2440 4c89 | 5424 2844 | 8b5c 245c | 4489 5c24 | 344c 8b54 | 2450 4c89 | 5424 384c 
  0x000001da87d324c0: 8b54 2448 | 4c89 5424 | 40c5 fa11 | 4424 5cc5 | fa11 9424 | 9800 0000 

  0x000001da87d324d8: ;   {runtime_call UncommonTrapBlob}
  0x000001da87d324d8: c5f8 77e8 

  0x000001da87d324dc: ; ImmutableOopMap {[32]=Oop [40]=Oop [52]=NarrowOop [56]=Oop [88]=NarrowOop [92]=NarrowOop [104]=Oop [112]=Oop [168]=Oop [192]=Oop [200]=Oop }
                      ;*ifeq {reexecute=1 rethrow=0 return_oop=0}
                      ; - (reexecute) java.lang.String::hashCode@20 (line 2344)
                      ; - java.util.HashMap::hash@9 (line 338)
                      ; - java.util.HashMap::getNode@23 (line 568)
                      ; - java.util.HashMap::get@2 (line 556)
                      ; - java.util.jar.Manifest::getAttributes@5 (line 159)
                      ; - java.util.jar.Manifest::getTrustedAttributes@2 (line 176)
                      ; - java.util.jar.JavaUtilJarAccessImpl::getTrustedAttributes@2 (line 68)
                      ; - java.net.URLClassLoader::definePackage@42 (line 552)
                      ; - java.net.URLClassLoader::defineClass@64 (line 495)
                      ; - java.net.URLClassLoader$1::run@43 (line 427)
                      ; - java.net.URLClassLoader$1::run@1 (line 421)
  0x000001da87d324dc: 2044 85ff | bade ffff | ff4c 8b54 | 2440 4c89 | 5424 2044 | 8b5c 2458 | 4489 5c24 | 2844 8b54 
  0x000001da87d324fc: 245c 4489 | 5424 2c4c | 8b54 2448 | 4c89 5424 | 3848 8944 | 2458 6690 

  0x000001da87d32514: ;   {runtime_call UncommonTrapBlob}
  0x000001da87d32514: c5f8 77e8 

  0x000001da87d32518: ; ImmutableOopMap {rbp=Oop [32]=Oop [40]=NarrowOop [44]=NarrowOop [88]=Oop [104]=Oop [112]=Oop [192]=Oop [200]=Oop }
                      ;*checkcast {reexecute=0 rethrow=0 return_oop=0}
                      ; - java.util.jar.JarFile::getManEntry@28 (line 944)
                      ; - java.util.jar.JarFile::getManifestFromReference@27 (line 414)
                      ; - java.util.jar.JarFile::getManifest@1 (line 406)
                      ; - jdk.internal.loader.URLClassPath$JarLoader$2::getManifest@22 (line 886)
                      ; - java.net.URLClassLoader::defineClass@34 (line 491)
                      ; - java.net.URLClassLoader$1::run@43 (line 427)
                      ; - java.net.URLClassLoader$1::run@1 (line 421)
  0x000001da87d32518: e443 85ff | ba45 ffff | ff4c 8b54 | 2428 4c89 | 5424 204c | 8b54 2440 | 4c89 5424 | 2844 8b5c 
  0x000001da87d32538: 245c 4489 | 5c24 344c | 8b54 2450 | 4c89 5424 | 384c 8b54 | 2448 4c89 | 5424 404c | 8b94 24a8 
  0x000001da87d32558: 0000 004c | 8994 2490 | 0000 0044 | 896c 245c | 4489 8c24 | 9800 0000 | 4c89 9424 | a000 0000 
  0x000001da87d32578: 4c89 8424 | a800 0000 | 4489 b424 | 9c00 0000 

  0x000001da87d32588: ;   {runtime_call UncommonTrapBlob}
  0x000001da87d32588: c5f8 77e8 

  0x000001da87d3258c: ; ImmutableOopMap {[32]=Oop [40]=Oop [52]=NarrowOop [56]=Oop [88]=NarrowOop [92]=NarrowOop [104]=Oop [112]=Oop [144]=Oop [160]=Oop [168]=Oop [192]=Oop [200]=Oop }
                      ;*if_icmpne {reexecute=1 rethrow=0 return_oop=0}
                      ; - (reexecute) java.lang.String::equals@33 (line 1830)
                      ; - java.util.HashMap::getNode@63 (line 570)
                      ; - java.util.HashMap::get@2 (line 556)
                      ; - java.util.jar.Manifest::getAttributes@5 (line 159)
                      ; - java.util.jar.Manifest::getTrustedAttributes@2 (line 176)
                      ; - java.util.jar.JavaUtilJarAccessImpl::getTrustedAttributes@2 (line 68)
                      ; - java.net.URLClassLoader::definePackage@42 (line 552)
                      ; - java.net.URLClassLoader::defineClass@64 (line 495)
                      ; - java.net.URLClassLoader$1::run@43 (line 427)
                      ; - java.net.URLClassLoader$1::run@1 (line 421)
  0x000001da87d3258c: 7043 85ff | ba45 ffff | ff4c 8b54 | 2428 4c89 | 5424 204c | 8b54 2440 | 4c89 5424 | 2844 8b54 
  0x000001da87d325ac: 245c 4489 | 5424 344c | 8b54 2450 | 4c89 5424 | 384c 8b54 | 2448 4c89 | 5424 404c | 8b94 24a8 
  0x000001da87d325cc: 0000 004c | 8994 2490 | 0000 004c | 8984 2498 | 0000 0044 | 894c 245c | 4c89 9424 | a000 0000 
  0x000001da87d325ec: 4889 9c24 | a800 0000 | 4489 b424 | b000 0000 

  0x000001da87d325fc: ;   {runtime_call UncommonTrapBlob}
  0x000001da87d325fc: c5f8 77e8 

  0x000001da87d32600: ; ImmutableOopMap {[32]=Oop [40]=Oop [52]=NarrowOop [56]=Oop [88]=NarrowOop [104]=Oop [112]=Oop [144]=Oop [152]=Oop [160]=Oop [168]=Oop [192]=Oop [200]=Oop }
                      ;*if_icmpne {reexecute=1 rethrow=0 return_oop=0}
                      ; - (reexecute) java.lang.String::equals@33 (line 1830)
                      ; - java.util.HashMap::getNode@128 (line 577)
                      ; - java.util.HashMap::get@2 (line 556)
                      ; - java.util.jar.Manifest::getAttributes@5 (line 159)
                      ; - java.util.jar.Manifest::getTrustedAttributes@2 (line 176)
                      ; - java.util.jar.JavaUtilJarAccessImpl::getTrustedAttributes@2 (line 68)
                      ; - java.net.URLClassLoader::definePackage@42 (line 552)
                      ; - java.net.URLClassLoader::defineClass@64 (line 495)
                      ; - java.net.URLClassLoader$1::run@43 (line 427)
                      ; - java.net.URLClassLoader$1::run@1 (line 421)
  0x000001da87d32600: fc42 85ff | 498b f949 | 8bd7 c5f8 | 7749 ba10 | 6aab cefb | 7f00 0041 | ffd2 e94b 

  0x000001da87d3261c: ;   {metadata('java/lang/String')}
  0x000001da87d3261c: edff ff48 | bae0 e900 | 8fda 0100 | 0066 6690 

  0x000001da87d3262c: ;   {runtime_call _new_instance_Java}
  0x000001da87d3262c: c5f8 77e8 

  0x000001da87d32630: ; ImmutableOopMap {rbp=Oop [40]=Oop [52]=NarrowOop [56]=Oop [64]=Oop [80]=Oop [88]=NarrowOop [92]=NarrowOop [96]=Oop [104]=Oop [112]=Oop [192]=Oop [200]=Oop }
                      ;*new {reexecute=0 rethrow=0 return_oop=1}
                      ; - java.lang.StringConcatHelper::simpleConcat@17 (line 411)
                      ; - java.lang.String::concat@11 (line 2774)
                      ; - java.net.URLClassLoader::definePackage@39 (line 552)
                      ; - java.net.URLClassLoader::defineClass@64 (line 495)
                      ; - java.net.URLClassLoader$1::run@43 (line 427)
                      ; - java.net.URLClassLoader$1::run@1 (line 421)
  0x000001da87d32630: 4c8c 86ff | e9e6 ebff | ffba c6ff | ffff 488b | 6c24 284c | 8b54 2440 | 4c89 5424 | 284c 8b54 
  0x000001da87d32650: 2448 4c89 | 5424 4090 

  0x000001da87d32658: ;   {runtime_call UncommonTrapBlob}
  0x000001da87d32658: c5f8 77e8 

  0x000001da87d3265c: ; ImmutableOopMap {rbp=Oop [40]=Oop [48]=NarrowOop [56]=Oop [92]=NarrowOop [192]=Oop }
                      ;*invokevirtual getCodeSigners {reexecute=0 rethrow=0 return_oop=0}
                      ; - java.net.URLClassLoader::defineClass@185 (line 521)
                      ; - java.net.URLClassLoader$1::run@43 (line 427)
                      ; - java.net.URLClassLoader$1::run@1 (line 421)
  0x000001da87d3265c: a042 85ff | bade ffff | ff48 8b6c | 2428 448b | 5c24 3444 | 895c 2420 | 4c8b 5424 | 404c 8954 
  0x000001da87d3267c: 2428 4889 | 4424 4090 

  0x000001da87d32684: ;   {runtime_call UncommonTrapBlob}
  0x000001da87d32684: c5f8 77e8 

  0x000001da87d32688: ; ImmutableOopMap {rbp=Oop [32]=NarrowOop [40]=Oop [64]=Oop [88]=Oop }
                      ;*checkcast {reexecute=0 rethrow=0 return_oop=0}
                      ; - java.util.jar.JarFile::getJarEntry@5 (line 473)
                      ; - jdk.internal.loader.URLClassPath$JarLoader::getResource@22 (line 956)
                      ; - jdk.internal.loader.URLClassPath::getResource@53 (line 321)
                      ; - java.net.URLClassLoader$1::run@26 (line 424)
                      ; - java.net.URLClassLoader$1::run@1 (line 421)
  0x000001da87d32688: 7442 85ff | bade ffff | ff4c 8b54 | 2428 4c89 | 5424 204c | 8b54 2440 | 4c89 5424 | 284c 8b54 
  0x000001da87d326a8: 2450 4c89 | 5424 384c | 8b54 2448 | 4c89 5424 | 4066 6690 

  0x000001da87d326bc: ;   {runtime_call UncommonTrapBlob}
  0x000001da87d326bc: c5f8 77e8 

  0x000001da87d326c0: ; ImmutableOopMap {rbp=NarrowOop [32]=Oop [40]=Oop [56]=Oop [88]=NarrowOop [92]=NarrowOop [104]=Oop [112]=Oop [168]=Oop [192]=Oop [200]=Oop }
                      ;*checkcast {reexecute=0 rethrow=0 return_oop=0}
                      ; - java.util.jar.Manifest::getAttributes@10 (line 159)
                      ; - java.util.jar.Manifest::getTrustedAttributes@2 (line 176)
                      ; - java.util.jar.JavaUtilJarAccessImpl::getTrustedAttributes@2 (line 68)
                      ; - java.net.URLClassLoader::definePackage@42 (line 552)
                      ; - java.net.URLClassLoader::defineClass@64 (line 495)
                      ; - java.net.URLClassLoader$1::run@43 (line 427)
                      ; - java.net.URLClassLoader$1::run@1 (line 421)
  0x000001da87d326c0: 3c42 85ff | bade ffff | ff4c 8b44 | 2428 4c89 | 4424 204c | 8b44 2440 | 4c89 4424 | 2844 8b4c 
  0x000001da87d326e0: 2458 4489 | 4c24 3044 | 8b44 245c | 4489 4424 | 344c 8954 | 2438 4c8b | 5424 484c | 8954 2440 
  0x000001da87d32700: 4c89 5c24 | 5866 6690 

  0x000001da87d32708: ;   {runtime_call UncommonTrapBlob}
  0x000001da87d32708: c5f8 77e8 

  0x000001da87d3270c: ; ImmutableOopMap {rbp=NarrowOop [32]=Oop [40]=Oop [48]=NarrowOop [52]=NarrowOop [56]=Oop [88]=Oop [192]=Oop [200]=Oop }
                      ;*checkcast {reexecute=0 rethrow=0 return_oop=0}
                      ; - java.util.jar.JarFile::getManifestFromReference@14 (line 410)
                      ; - java.util.jar.JarFile::getManifest@1 (line 406)
                      ; - jdk.internal.loader.URLClassPath$JarLoader$2::getManifest@22 (line 886)
                      ; - java.net.URLClassLoader::defineClass@34 (line 491)
                      ; - java.net.URLClassLoader$1::run@43 (line 427)
                      ; - java.net.URLClassLoader$1::run@1 (line 421)
  0x000001da87d3270c: f041 85ff | baf6 ffff | ff48 8b6c | 2428 448b | 5424 3444 | 8954 2420 | 4c8b 5424 | 404c 8954 
  0x000001da87d3272c: 2428 6690 

  0x000001da87d32730: ;   {runtime_call UncommonTrapBlob}
  0x000001da87d32730: c5f8 77e8 

  0x000001da87d32734: ; ImmutableOopMap {rbp=Oop [32]=NarrowOop [40]=Oop [88]=Oop [104]=Oop }
                      ;*invokevirtual isMultiRelease {reexecute=0 rethrow=0 return_oop=0}
                      ; - jdk.internal.loader.URLClassPath$JarLoader::checkResource@4 (line 857)
                      ; - jdk.internal.loader.URLClassPath$JarLoader::getResource@34 (line 958)
                      ; - jdk.internal.loader.URLClassPath::getResource@53 (line 321)
                      ; - java.net.URLClassLoader$1::run@26 (line 424)
                      ; - java.net.URLClassLoader$1::run@1 (line 421)
  0x000001da87d32734: c841 85ff | baf6 ffff | ff49 8bee 

  0x000001da87d32740: ;   {runtime_call UncommonTrapBlob}
  0x000001da87d32740: c5f8 77e8 

  0x000001da87d32744: ; ImmutableOopMap {rbp=Oop }
                      ;*invokevirtual replace {reexecute=0 rethrow=0 return_oop=0}
                      ; - java.net.URLClassLoader$1::run@8 (line 423)
                      ; - java.net.URLClassLoader$1::run@1 (line 421)
  0x000001da87d32744: b841 85ff | baf6 ffff | ff49 8bee 

  0x000001da87d32750: ;   {runtime_call UncommonTrapBlob}
  0x000001da87d32750: c5f8 77e8 

  0x000001da87d32754: ; ImmutableOopMap {rbp=Oop }
                      ;*arraylength {reexecute=0 rethrow=0 return_oop=0}
                      ; - java.lang.StringLatin1::replace@8 (line 304)
                      ; - java.lang.String::replace@18 (line 2808)
                      ; - java.net.URLClassLoader$1::run@8 (line 423)
                      ; - java.net.URLClassLoader$1::run@1 (line 421)
  0x000001da87d32754: a841 85ff | baf6 ffff | ff49 8bee 

  0x000001da87d32760: ;   {runtime_call UncommonTrapBlob}
  0x000001da87d32760: c5f8 77e8 

  0x000001da87d32764: ; ImmutableOopMap {rbp=Oop [64]=Oop }
                      ;*getfield ucp {reexecute=1 rethrow=0 return_oop=0}
                      ; - (reexecute) java.net.URLClassLoader$1::run@21 (line 424)
                      ; - java.net.URLClassLoader$1::run@1 (line 421)
  0x000001da87d32764: 9841 85ff | baf6 ffff | ff48 8b6c | 2428 4889 | 7424 2844 | 8b54 243c | 4489 5424 | 3066 6690 
  0x000001da87d32784: ;   {runtime_call UncommonTrapBlob}
  0x000001da87d32784: c5f8 77e8 

  0x000001da87d32788: ; ImmutableOopMap {rbp=Oop [40]=Oop [48]=NarrowOop }
                      ;*invokevirtual lastIndexOf {reexecute=0 rethrow=0 return_oop=0}
                      ; - java.net.URLClassLoader::defineClass@7 (line 486)
                      ; - java.net.URLClassLoader$1::run@43 (line 427)
                      ; - java.net.URLClassLoader$1::run@1 (line 421)
  0x000001da87d32788: 7441 85ff | baf6 ffff | ff48 8b6c | 2428 4889 | 7424 2844 | 8b54 243c | 4489 5424 | 3089 5c24 
  0x000001da87d327a8: 3466 6690 

  0x000001da87d327ac: ;   {runtime_call UncommonTrapBlob}
  0x000001da87d327ac: c5f8 77e8 

  0x000001da87d327b0: ; ImmutableOopMap {rbp=Oop [40]=Oop [48]=NarrowOop [52]=NarrowOop }
                      ;*arraylength {reexecute=0 rethrow=0 return_oop=0}
                      ; - java.lang.String::length@4 (line 1481)
                      ; - java.lang.String::lastIndexOf@3 (line 2451)
                      ; - java.net.URLClassLoader::defineClass@7 (line 486)
                      ; - java.net.URLClassLoader$1::run@43 (line 427)
                      ; - java.net.URLClassLoader$1::run@1 (line 421)
  0x000001da87d327b0: 4c41 85ff | baf6 ffff | ff48 8b6c | 2428 6690 

  0x000001da87d327c0: ;   {runtime_call UncommonTrapBlob}
  0x000001da87d327c0: c5f8 77e8 

  0x000001da87d327c4: ; ImmutableOopMap {rbp=Oop [48]=NarrowOop [64]=Oop [80]=Oop [92]=NarrowOop }
                      ;*arraylength {reexecute=0 rethrow=0 return_oop=0}
                      ; - java.net.URLClassLoader::defineClass@217 (line 524)
                      ; - java.net.URLClassLoader$1::run@43 (line 427)
                      ; - java.net.URLClassLoader$1::run@1 (line 421)
  0x000001da87d327c4: 3841 85ff | baf6 ffff | ff48 8b6c | 2428 4c89 | 4424 2889 | 7424 3089 | 5c24 3490 

  0x000001da87d327e0: ;   {runtime_call UncommonTrapBlob}
  0x000001da87d327e0: c5f8 77e8 

  0x000001da87d327e4: ; ImmutableOopMap {rbp=Oop [40]=Oop [48]=NarrowOop [52]=NarrowOop [192]=Oop }
                      ;*arraylength {reexecute=0 rethrow=0 return_oop=0}
                      ; - java.lang.String::length@4 (line 1481)
                      ; - java.lang.String::substring@1 (line 2708)
                      ; - java.net.URLClassLoader::defineClass@28 (line 489)
                      ; - java.net.URLClassLoader$1::run@43 (line 427)
                      ; - java.net.URLClassLoader$1::run@1 (line 421)
  0x000001da87d327e4: 1841 85ff | baf6 ffff | ff48 8b6c | 2428 4c8b | 5424 404c | 8954 2420 | 4c8b 5424 | 484c 8954 
  0x000001da87d32804: 2438 6690 

  0x000001da87d32808: ;   {runtime_call UncommonTrapBlob}
  0x000001da87d32808: c5f8 77e8 

  0x000001da87d3280c: ; ImmutableOopMap {rbp=Oop [32]=Oop [88]=NarrowOop [92]=NarrowOop [104]=Oop [192]=Oop [200]=Oop }
                      ;*getfield jar {reexecute=1 rethrow=0 return_oop=0}
                      ; - (reexecute) jdk.internal.loader.URLClassPath$JarLoader$2::getManifest@7 (line 885)
                      ; - java.net.URLClassLoader::defineClass@34 (line 491)
                      ; - java.net.URLClassLoader$1::run@43 (line 427)
                      ; - java.net.URLClassLoader$1::run@1 (line 421)
  0x000001da87d3280c: f040 85ff | baf6 ffff | ff48 8b6c | 2428 4c8b | 5424 404c | 8954 2420 | 4c8b 5424 | 484c 8954 
  0x000001da87d3282c: 2438 6690 

  0x000001da87d32830: ;   {runtime_call UncommonTrapBlob}
  0x000001da87d32830: c5f8 77e8 

  0x000001da87d32834: ; ImmutableOopMap {rbp=Oop [32]=Oop [88]=NarrowOop [92]=NarrowOop [104]=Oop [192]=Oop [200]=Oop }
                      ;*getfield jar {reexecute=1 rethrow=0 return_oop=0}
                      ; - (reexecute) jdk.internal.loader.URLClassPath$JarLoader$2::getManifest@19 (line 886)
                      ; - java.net.URLClassLoader::defineClass@34 (line 491)
                      ; - java.net.URLClassLoader$1::run@43 (line 427)
                      ; - java.net.URLClassLoader$1::run@1 (line 421)
  0x000001da87d32834: c840 85ff | baf6 ffff | ff48 8b6c | 2428 4c8b | 5424 404c | 8954 2420 | 4c8b 5424 | 484c 8954 
  0x000001da87d32854: 2438 6690 

  0x000001da87d32858: ;   {runtime_call UncommonTrapBlob}
  0x000001da87d32858: c5f8 77e8 

  0x000001da87d3285c: ; ImmutableOopMap {rbp=Oop [32]=Oop [88]=NarrowOop [92]=NarrowOop [104]=Oop [192]=Oop [200]=Oop }
                      ;*invokevirtual getManifest {reexecute=0 rethrow=0 return_oop=0}
                      ; - jdk.internal.loader.URLClassPath$JarLoader$2::getManifest@22 (line 886)
                      ; - java.net.URLClassLoader::defineClass@34 (line 491)
                      ; - java.net.URLClassLoader$1::run@43 (line 427)
                      ; - java.net.URLClassLoader$1::run@1 (line 421)
  0x000001da87d3285c: a040 85ff | baf6 ffff | ff4c 8b54 | 2428 4c89 | 5424 204c | 8944 2428 | 4489 5c24 | 3089 5c24 
  0x000001da87d3287c: 3866 6690 

  0x000001da87d32880: ;   {runtime_call UncommonTrapBlob}
  0x000001da87d32880: c5f8 77e8 

  0x000001da87d32884: ; ImmutableOopMap {rbp=Oop [32]=Oop [40]=Oop [56]=NarrowOop [60]=NarrowOop }
                      ;*getfield csu {reexecute=1 rethrow=0 return_oop=0}
                      ; - (reexecute) jdk.internal.loader.URLClassPath$JarLoader$2::getCodeSourceURL@4 (line 879)
                      ; - java.net.URLClassLoader::defineClass@13 (line 487)
                      ; - java.net.URLClassLoader$1::run@43 (line 427)
                      ; - java.net.URLClassLoader$1::run@1 (line 421)
  0x000001da87d32884: 7840 85ff | ba45 ffff | ff48 8b6c | 2428 4c8b | 4424 404c | 8944 2420 | 448b 4c24 | 5844 894c 
  0x000001da87d328a4: 2428 448b | 4424 5c44 | 8944 242c | 4c8b 4424 | 484c 8944 | 2438 4c89 | 5c24 5044 | 8954 245c 
  0x000001da87d328c4: ;   {runtime_call UncommonTrapBlob}
  0x000001da87d328c4: c5f8 77e8 

  0x000001da87d328c8: ; ImmutableOopMap {rbp=Oop [32]=Oop [40]=NarrowOop [44]=NarrowOop [80]=Oop [92]=NarrowOop [192]=Oop [200]=Oop }
                      ;*ifnonnull {reexecute=1 rethrow=0 return_oop=0}
                      ; - (reexecute) jdk.internal.access.SharedSecrets::javaUtilJarAccess@5 (line 104)
                      ; - jdk.internal.loader.URLClassPath$JarLoader$2::getManifest@0 (line 885)
                      ; - java.net.URLClassLoader::defineClass@34 (line 491)
                      ; - java.net.URLClassLoader$1::run@43 (line 427)
                      ; - java.net.URLClassLoader$1::run@1 (line 421)
  0x000001da87d328c8: 3440 85ff | ba45 ffff | ff4c 8b5c | 2428 4c89 | 5c24 204c | 8b5c 2440 | 4c89 5c24 | 288b 4c24 
  0x000001da87d328e8: 5889 4c24 | 3044 8b5c | 245c 4489 | 5c24 344c | 8944 2438 | 4c8b 5c24 | 484c 895c | 2440 4c89 
  0x000001da87d32908: 4c24 5844 | 8954 2460 

  0x000001da87d32910: ;   {runtime_call UncommonTrapBlob}
  0x000001da87d32910: c5f8 77e8 

  0x000001da87d32914: ; ImmutableOopMap {rbp=NarrowOop [32]=Oop [40]=Oop [48]=NarrowOop [52]=NarrowOop [56]=Oop [88]=Oop [96]=NarrowOop [192]=Oop [200]=Oop }
                      ;*ifnull {reexecute=1 rethrow=0 return_oop=0}
                      ; - (reexecute) java.lang.ref.SoftReference::get@6 (line 113)
                      ; - java.util.jar.JarFile::getManifestFromReference@11 (line 410)
                      ; - java.util.jar.JarFile::getManifest@1 (line 406)
                      ; - jdk.internal.loader.URLClassPath$JarLoader$2::getManifest@22 (line 886)
                      ; - java.net.URLClassLoader::defineClass@34 (line 491)
                      ; - java.net.URLClassLoader$1::run@43 (line 427)
                      ; - java.net.URLClassLoader$1::run@1 (line 421)
  0x000001da87d32914: e83f 85ff | baf6 ffff | ff4c 8b54 | 2440 4c89 | 5424 204c | 8b54 2450 | 4c89 5424 | 304c 8b54 
  0x000001da87d32934: 2448 4c89 | 5424 3890 

  0x000001da87d3293c: ;   {runtime_call UncommonTrapBlob}
  0x000001da87d3293c: c5f8 77e8 

  0x000001da87d32940: ; ImmutableOopMap {rbp=Oop [32]=Oop [48]=Oop [88]=NarrowOop [92]=NarrowOop [104]=Oop [192]=Oop [200]=Oop }
                      ;*invokevirtual concat {reexecute=0 rethrow=0 return_oop=0}
                      ; - java.net.URLClassLoader::definePackage@39 (line 552)
                      ; - java.net.URLClassLoader::defineClass@64 (line 495)
                      ; - java.net.URLClassLoader$1::run@43 (line 427)
                      ; - java.net.URLClassLoader$1::run@1 (line 421)
  0x000001da87d32940: bc3f 85ff | baf6 ffff | ff4c 8b54 | 2440 4c89 | 5424 204c | 8b54 2450 | 4c89 5424 | 304c 8b54 
  0x000001da87d32960: 2448 4c89 | 5424 3890 

  0x000001da87d32968: ;   {runtime_call UncommonTrapBlob}
  0x000001da87d32968: c5f8 77e8 

  0x000001da87d3296c: ; ImmutableOopMap {rbp=Oop [32]=Oop [48]=Oop [88]=NarrowOop [92]=NarrowOop [104]=Oop [192]=Oop [200]=Oop }
                      ;*arraylength {reexecute=0 rethrow=0 return_oop=0}
                      ; - java.lang.String::isEmpty@4 (line 1494)
                      ; - java.lang.StringConcatHelper::simpleConcat@11 (line 409)
                      ; - java.lang.String::concat@11 (line 2774)
                      ; - java.net.URLClassLoader::definePackage@39 (line 552)
                      ; - java.net.URLClassLoader::defineClass@64 (line 495)
                      ; - java.net.URLClassLoader$1::run@43 (line 427)
                      ; - java.net.URLClassLoader$1::run@1 (line 421)
  0x000001da87d3296c: 903f 85ff | baf6 ffff | ff48 8b6c | 2428 4c8b | 5424 404c | 8954 2420 | 448b 5424 | 5844 8954 
  0x000001da87d3298c: 2428 448b | 5c24 5c44 | 895c 242c | 4c8b 5424 | 504c 8954 | 2430 4c8b | 5424 484c | 8954 2438 
  0x000001da87d329ac: ;   {runtime_call UncommonTrapBlob}
  0x000001da87d329ac: c5f8 77e8 

  0x000001da87d329b0: ; ImmutableOopMap {rbp=Oop [32]=Oop [40]=NarrowOop [44]=NarrowOop [48]=Oop [104]=Oop [168]=Oop [192]=Oop [200]=Oop }
                      ;*invokeinterface get {reexecute=0 rethrow=0 return_oop=0}
                      ; - java.util.jar.Manifest::getAttributes@5 (line 159)
                      ; - java.util.jar.Manifest::getTrustedAttributes@2 (line 176)
                      ; - java.util.jar.JavaUtilJarAccessImpl::getTrustedAttributes@2 (line 68)
                      ; - java.net.URLClassLoader::definePackage@42 (line 552)
                      ; - java.net.URLClassLoader::defineClass@64 (line 495)
                      ; - java.net.URLClassLoader$1::run@43 (line 427)
                      ; - java.net.URLClassLoader$1::run@1 (line 421)
  0x000001da87d329b0: 4c3f 85ff | ba45 ffff | ff48 8b6c | 2428 4c8b | 4424 404c | 8944 2420 | 448b 4c24 | 5c44 894c 
  0x000001da87d329d0: 242c 4c8b | 4424 504c | 8944 2430 | 4c8b 4424 | 484c 8944 | 2438 4c89 | 5c24 6844 | 8954 2478 
  0x000001da87d329f0: ;   {runtime_call UncommonTrapBlob}
  0x000001da87d329f0: c5f8 77e8 

  0x000001da87d329f4: ; ImmutableOopMap {rbp=Oop [32]=Oop [44]=NarrowOop [48]=Oop [88]=NarrowOop [104]=Oop [120]=NarrowOop [192]=Oop [200]=Oop }
                      ;*ifnonnull {reexecute=1 rethrow=0 return_oop=0}
                      ; - (reexecute) jdk.internal.access.SharedSecrets::javaUtilJarAccess@5 (line 104)
                      ; - java.net.URLClassLoader::definePackage@24 (line 551)
                      ; - java.net.URLClassLoader::defineClass@64 (line 495)
                      ; - java.net.URLClassLoader$1::run@43 (line 427)
                      ; - java.net.URLClassLoader$1::run@1 (line 421)
  0x000001da87d329f4: 083f 85ff | baf6 ffff | ff4c 8b54 | 2440 4c89 | 5424 2044 | 8b5c 2458 | 4489 5c24 | 2844 8b54 
  0x000001da87d32a14: 245c 4489 | 5424 2c4c | 8b54 2448 | 4c89 5424 | 4044 8b54 | 2434 4489 | 5424 3090 

  0x000001da87d32a30: ;   {runtime_call UncommonTrapBlob}
  0x000001da87d32a30: c5f8 77e8 

  0x000001da87d32a34: ; ImmutableOopMap {rbp=Oop [32]=Oop [40]=NarrowOop [44]=NarrowOop [48]=NarrowOop [104]=Oop [112]=Oop [120]=Oop [192]=Oop [200]=Oop }
                      ;*arraylength {reexecute=0 rethrow=0 return_oop=0}
                      ; - java.util.jar.JarFile::getBytes@125 (line 820)
                      ; - java.util.jar.JarFile::getManifestFromReference@44 (line 419)
                      ; - java.util.jar.JarFile::getManifest@1 (line 406)
                      ; - jdk.internal.loader.URLClassPath$JarLoader$2::getManifest@22 (line 886)
                      ; - java.net.URLClassLoader::defineClass@34 (line 491)
                      ; - java.net.URLClassLoader$1::run@43 (line 427)
                      ; - java.net.URLClassLoader$1::run@1 (line 421)
  0x000001da87d32a34: c83e 85ff | baf6 ffff | ff48 8b6c | 2428 4c8b | 5424 404c | 8954 2420 | 4c8b 5424 | 504c 8954 
  0x000001da87d32a54: 2430 4c8b | 5424 484c | 8954 2438 

  0x000001da87d32a60: ;   {runtime_call UncommonTrapBlob}
  0x000001da87d32a60: c5f8 77e8 

  0x000001da87d32a64: ; ImmutableOopMap {rbp=Oop [32]=Oop [48]=Oop [88]=NarrowOop [92]=NarrowOop [104]=Oop [192]=Oop [200]=Oop }
                      ;*arraylength {reexecute=0 rethrow=0 return_oop=0}
                      ; - java.lang.StringLatin1::hashCode@5 (line 196)
                      ; - java.lang.String::hashCode@27 (line 2344)
                      ; - java.util.HashMap::hash@9 (line 338)
                      ; - java.util.HashMap::getNode@23 (line 568)
                      ; - java.util.HashMap::get@2 (line 556)
                      ; - java.util.jar.Manifest::getAttributes@5 (line 159)
                      ; - java.util.jar.Manifest::getTrustedAttributes@2 (line 176)
                      ; - java.util.jar.JavaUtilJarAccessImpl::getTrustedAttributes@2 (line 68)
                      ; - java.net.URLClassLoader::definePackage@42 (line 552)
                      ; - java.net.URLClassLoader::defineClass@64 (line 495)
                      ; - java.net.URLClassLoader$1::run@43 (line 427)
                      ; - java.net.URLClassLoader$1::run@1 (line 421)
  0x000001da87d32a64: 983e 85ff | ba45 ffff | ff4c 8b44 | 2440 4c89 | 4424 2044 | 8b4c 2458 | 4489 4c24 | 2844 8b44 
  0x000001da87d32a84: 245c 4489 | 4424 2c4c | 8b44 2468 | 4c89 4424 | 304c 8b44 | 2448 4c89 | 4424 384c | 8954 2458 
  0x000001da87d32aa4: 4c89 5c24 | 6866 6690 

  0x000001da87d32aac: ;   {runtime_call UncommonTrapBlob}
  0x000001da87d32aac: c5f8 77e8 

  0x000001da87d32ab0: ; ImmutableOopMap {rbp=Oop [32]=Oop [40]=NarrowOop [44]=NarrowOop [48]=Oop [88]=Oop [104]=Oop [112]=Oop [192]=Oop [200]=Oop }
                      ;*ifnull {reexecute=1 rethrow=0 return_oop=0}
                      ; - (reexecute) java.util.jar.JarFile::getManifestFromReference@148 (line 434)
                      ; - java.util.jar.JarFile::getManifest@1 (line 406)
                      ; - jdk.internal.loader.URLClassPath$JarLoader$2::getManifest@22 (line 886)
                      ; - java.net.URLClassLoader::defineClass@34 (line 491)
                      ; - java.net.URLClassLoader$1::run@43 (line 427)
                      ; - java.net.URLClassLoader$1::run@1 (line 421)
  0x000001da87d32ab0: 4c3e 85ff | baf4 ffff | ff4c 8b54 | 2440 4c89 | 5424 2044 | 8b54 2458 | 4489 5424 | 2844 8b5c 
  0x000001da87d32ad0: 245c 4489 | 5c24 2c4c | 8b54 2448 | 4c89 5424 | 384c 8b54 | 2470 4c89 | 5424 584c | 8954 2460 
  0x000001da87d32af0: ;   {runtime_call UncommonTrapBlob}
  0x000001da87d32af0: c5f8 77e8 

  0x000001da87d32af4: ; ImmutableOopMap {rbp=Oop [32]=Oop [40]=NarrowOop [44]=NarrowOop [88]=Oop [96]=Oop [104]=Oop [192]=Oop [200]=Oop }
                      ;*checkcast {reexecute=0 rethrow=0 return_oop=0}
                      ; - java.util.jar.JarFile::getManEntry@28 (line 944)
                      ; - java.util.jar.JarFile::getManifestFromReference@27 (line 414)
                      ; - java.util.jar.JarFile::getManifest@1 (line 406)
                      ; - jdk.internal.loader.URLClassPath$JarLoader$2::getManifest@22 (line 886)
                      ; - java.net.URLClassLoader::defineClass@34 (line 491)
                      ; - java.net.URLClassLoader$1::run@43 (line 427)
                      ; - java.net.URLClassLoader$1::run@1 (line 421)
  0x000001da87d32af4: 083e 85ff | baf4 ffff | ff44 8b5c | 2434 4489 | 5c24 2090 

  0x000001da87d32b08: ;   {runtime_call UncommonTrapBlob}
  0x000001da87d32b08: c5f8 77e8 

  0x000001da87d32b0c: ; ImmutableOopMap {rbp=Oop [32]=NarrowOop [64]=Oop [80]=Oop }
                      ;*checkcast {reexecute=0 rethrow=0 return_oop=0}
                      ; - jdk.internal.loader.URLClassPath$JarLoader::ensureOpen@31 (line 797)
                      ; - jdk.internal.loader.URLClassPath$JarLoader::getResource@1 (line 952)
                      ; - jdk.internal.loader.URLClassPath::getResource@53 (line 321)
                      ; - java.net.URLClassLoader$1::run@26 (line 424)
                      ; - java.net.URLClassLoader$1::run@1 (line 421)
  0x000001da87d32b0c: f03d 85ff | 4c8b d0e9 | fc06 0000 | 4c8b d0e9 | f406 0000 | 488b d8e9 | ca03 0000 | 4c8b d0e9 
  0x000001da87d32b2c: ad00 0000 | 4c8b d0e9 | d201 0000 | 488b 9424 | 8000 0000 | 4c8b c044 | 8b54 2458 | 4489 5424 
  0x000001da87d32b4c: 304c 8b54 | 2468 4c89 | 5424 5090 

  0x000001da87d32b58: ;   {optimized virtual_call}
  0x000001da87d32b58: c5f8 77e8 

  0x000001da87d32b5c: ; ImmutableOopMap {rbp=Oop [40]=Oop [48]=NarrowOop [56]=Oop [64]=Oop [80]=Oop [128]=Oop [192]=Oop [200]=Oop }
                      ;*invokevirtual addSuppressed {reexecute=0 rethrow=0 return_oop=0}
                      ; - java.util.jar.JarFile::getManifestFromReference@177 (line 432)
                      ; - java.util.jar.JarFile::getManifest@1 (line 406)
                      ; - jdk.internal.loader.URLClassPath$JarLoader$2::getManifest@22 (line 886)
                      ; - java.net.URLClassLoader::defineClass@34 (line 491)
                      ; - java.net.URLClassLoader$1::run@43 (line 427)
                      ; - java.net.URLClassLoader$1::run@1 (line 421)
  0x000001da87d32b5c: 20e8 84ff | e98f 0400 | 0048 8b94 | 2490 0000 | 004c 8bc0 | 448b 5424 | 5844 8954 | 2450 4c8b 
  0x000001da87d32b7c: 5424 684c | 8954 2458 

  0x000001da87d32b84: ;   {optimized virtual_call}
  0x000001da87d32b84: c5f8 77e8 

  0x000001da87d32b88: ; ImmutableOopMap {rbp=Oop [32]=Oop [40]=Oop [56]=Oop [64]=Oop [80]=NarrowOop [88]=Oop [112]=Oop [144]=Oop [192]=Oop [200]=Oop }
                      ;*invokevirtual addSuppressed {reexecute=0 rethrow=0 return_oop=0}
                      ; - java.util.jar.JarFile::getBytes@213 (line 801)
                      ; - java.util.jar.JarFile::getManifestFromReference@44 (line 419)
                      ; - java.util.jar.JarFile::getManifest@1 (line 406)
                      ; - jdk.internal.loader.URLClassPath$JarLoader$2::getManifest@22 (line 886)
                      ; - java.net.URLClassLoader::defineClass@34 (line 491)
                      ; - java.net.URLClassLoader$1::run@43 (line 427)
                      ; - java.net.URLClassLoader$1::run@1 (line 421)
  0x000001da87d32b88: f4e7 84ff | e97b 0600 | 0048 8bd8 | e998 0700 | 0048 8bd8 | e990 0700 | 004c 8bd0 | e946 0100 
  0x000001da87d32ba8: 004c 8bd0 | e949 0100 | 0048 8984 | 2490 0000 | 00e9 2906 | 0000 4889 | 8424 8000 | 0000 e905 
  0x000001da87d32bc8: 0400 00e9 | f803 0000 | e9f3 0300 | 00e9 ee03 | 0000 4c8b | d049 8bda | 458b 5a08 | e927 0800 
  0x000001da87d32be8: 0048 8bd8 | 448b 5808 | e9e0 0100 | 004c 8bd0 | e917 0600 | 004c 8bd0 | e90f 0600 | 004c 8bd0 
  0x000001da87d32c08: e907 0600 | 004c 8bd0 | e9ff 0500 | 004c 8bd0 | e9f7 0500 | 004c 8bd0 | e9ef 0500 | 004c 8bd0 
  0x000001da87d32c28: e9e7 0500 | 004c 8bd0 | e9df 0500 | 004c 8bd0 | e9d7 0500 | 004c 8bd0 | e9cf 0500 | 004c 8bd0 
  0x000001da87d32c48: e9c7 0500 | 004c 8bd0 | e9bf 0500 | 004c 8bd0 | e9b7 0500 | 004c 8bd0 | e9af 0500 | 004c 8bd0 
  0x000001da87d32c68: e9a7 0500 | 004c 8bd0 | e99f 0500 | 004c 8bd0 | e997 0500 | 004c 8bd0 | e98f 0500 | 004c 8bd0 
  0x000001da87d32c88: e987 0500 | 004c 8bd0 | e97f 0500 | 004c 8bd0 | e977 0500 | 0048 8bd8 | 448b 5808 | e9fb 0500 
  0x000001da87d32ca8: 004c 8bd0 | e963 0500 | 004c 8bd0 | e9fc 0000 | 0048 8be8 

  0x000001da87d32cbc: ;   {oop(a 'java/lang/ThreadLocal'{0x00000000a0a721d0})}
  0x000001da87d32cbc: 48ba d021 | a7a0 0000 

  0x000001da87d32cc4: ;   {oop(a 'java/lang/Boolean'{0x00000000a05e55f0} = false)}
  0x000001da87d32cc4: 0000 49b8 | f055 5ea0 | 0000 0000 | 448b 5424 | 5844 8954 | 2450 6690 

  0x000001da87d32cdc: ;   {optimized virtual_call}
  0x000001da87d32cdc: c5f8 77e8 

  0x000001da87d32ce0: ; ImmutableOopMap {rbp=Oop [40]=Oop [56]=Oop [64]=Oop [80]=NarrowOop [104]=Oop [112]=Oop [192]=Oop [200]=Oop }
                      ;*invokevirtual set {reexecute=0 rethrow=0 return_oop=0}
                      ; - java.util.jar.JarFile::ensureInitialization@68 (line 1041)
                      ; - java.util.jar.JavaUtilJarAccessImpl::ensureInitialization@1 (line 72)
                      ; - jdk.internal.loader.URLClassPath$JarLoader$2::getManifest@10 (line 885)
                      ; - java.net.URLClassLoader::defineClass@34 (line 491)
                      ; - java.net.URLClassLoader$1::run@43 (line 427)
                      ; - java.net.URLClassLoader$1::run@1 (line 421)
  0x000001da87d32ce0: 9ce6 84ff | 488b dde9 | 0602 0000 | 4c8b d049 | 8bda e9fb | 0100 004c | 8bd0 498b | dae9 f001 
  0x000001da87d32d00: 0000 4c8b | d0eb 034c | 8bd0 498b | da45 8b52 | 08e9 5104 | 0000 488b | d8e9 1306 | 0000 488b 
  0x000001da87d32d20: d8e9 0b06 | 0000 488b | d8e9 0306 | 0000 488b | d844 8b58 | 08e9 6a05 | 0000 488b | d844 8b58 
  0x000001da87d32d40: ;   {metadata('java/security/PrivilegedActionException')}
  0x000001da87d32d40: 0841 81fb | e8a8 0401 | 0f85 8700 | 0000 488b | d0e9 7306 | 0000 4c8b | d0eb 034c | 8bd0 498b 
  0x000001da87d32d60: da45 8b5a | 08e9 3a05 | 0000 488b | d844 8b58 | 0849 ba00 | 0000 8fda | 0100 004d | 03d3 4d8b 
  0x000001da87d32d80: ;   {metadata('java/lang/IllegalArgumentException')}
  0x000001da87d32d80: 5250 49b8 | 7015 068f | da01 0000 | 4d3b d00f | 850f 0500 | 0045 33c9 | e9ef 0300 | 004c 8bd0 
  0x000001da87d32da0: eb03 4c8b | d049 8bda | e984 0500 | 004c 8bd0 | eb03 4c8b | d049 8bda | e974 0500 | 004c 8bd0 
  0x000001da87d32dc0: e98b 0400 | 0048 8bd8 | 448b 5808 | e9d3 0400 | 0044 8b5b | 0849 ba00 | 0000 8fda | 0100 004d 
  0x000001da87d32de0: 03d3 4d8b 

  0x000001da87d32de4: ;   {metadata('java/io/IOException')}
  0x000001da87d32de4: 5248 49bb | d845 0490 | da01 0000 | 4d3b d30f | 8538 0500 | 0048 8beb | e9e7 0500 | 004c 8bd0 
  0x000001da87d32e04: e90b 0400 | 0048 8bd8 | 448b 5008 

  0x000001da87d32e10: ;   {metadata('java/net/MalformedURLException')}
  0x000001da87d32e10: 4181 fa60 | 4f04 010f | 84fc 0200 | 0049 bb00 | 0000 8fda | 0100 004d | 03da 4d8b 

  0x000001da87d32e2c: ;   {metadata('java/io/IOException')}
  0x000001da87d32e2c: 5b48 49b8 | d845 0490 | da01 0000 | 4d3b d80f | 84d8 0200 

  0x000001da87d32e40: ;   {metadata('java/security/AccessControlException')}
  0x000001da87d32e40: 0041 81fa | e8c8 1701 | 0f84 cb02 | 0000 e9de | 0400 004c | 8bd0 e9b9 | 0300 0048 | 8bd8 e9ce 
  0x000001da87d32e60: 0400 0048 | 8bd8 e9c6 | 0400 0048 | 8bd8 e9be | 0400 0048 | 8bd8 448b | 5008 e9e8 | 0200 0048 
  0x000001da87d32e80: 8bd8 448b | 5008 e9dc | 0200 0048 | 8bd8 448b | 5008 e9d0 | 0200 0048 | 8bd8 448b | 5008 e9c4 
  0x000001da87d32ea0: 0200 0048 | 8bd8 448b | 5008 e9b8 | 0200 0048 | 8bd8 448b | 5008 e9ac | 0200 0048 | 8bd8 448b 
  0x000001da87d32ec0: 5008 e9a0 | 0200 0048 | 8bd8 448b | 5008 49bb | 0000 008f | da01 0000 | 4d03 da4d 

  0x000001da87d32edc: ;   {metadata('java/io/IOException')}
  0x000001da87d32edc: 8b53 4849 | bbd8 4504 | 90da 0100 | 004d 3bd3 | 0f84 9605 | 0000 4c8b | 5c24 7048 | 8d84 2400 
  0x000001da87d32efc: 0100 0048 | 8138 0000 | 0000 0f84 | 8300 0000 | 4d8b 1349 | f7c2 0200 | 0000 746f | 4981 ba86 
  0x000001da87d32f1c: 0000 0000 | 0000 0074 | 0949 ff8a | 8600 0000 | eb51 498b | 8296 0000 | 0049 0b82 | 8e00 0000 
  0x000001da87d32f3c: 750a 49c7 | 423e 0000 | 0000 eb47 | 4981 ba9e | 0000 0000 | 0000 0074 | 2548 33c0 | 49c7 423e 
  0x000001da87d32f5c: 0000 0000 | f083 0424 | 0049 81ba | 9e00 0000 | 0000 0000 | 750d f04d | 0fb1 7a3e | 7505 83c8 
  0x000001da87d32f7c: 01eb 10f7 | c000 0000 | 00eb 084c | 8b10 f04d | 0fb1 130f | 8482 0200 | 0049 8bcb | 488d 9424 
  0x000001da87d32f9c: 0001 0000 | 4d8b c7c5 | f877 49ba | 608f ecce | fb7f 0000 | 41ff d2e9 | 5f02 0000 | 4c8b d0e9 
  0x000001da87d32fbc: 5402 0000 | 4c8b d0e9 | 4c02 0000 | 4889 8424 | 8000 0000 | 4c8b 5424 | 204d 85d2 | 741a 498b 
  0x000001da87d32fdc: d248 8b6c | 2428 c5f8 | 7748 b8ff | ffff ffff 

  0x000001da87d32fec: ;   {virtual_call}
  0x000001da87d32fec: ffff ffe8 

  0x000001da87d32ff0: ; ImmutableOopMap {rbp=Oop [40]=Oop [56]=Oop [64]=Oop [88]=NarrowOop [104]=Oop [128]=Oop [192]=Oop [200]=Oop }
                      ;*invokevirtual close {reexecute=0 rethrow=0 return_oop=0}
                      ; - java.util.jar.JarFile::getManifestFromReference@165 (line 432)
                      ; - java.util.jar.JarFile::getManifest@1 (line 406)
                      ; - jdk.internal.loader.URLClassPath$JarLoader$2::getManifest@22 (line 886)
                      ; - java.net.URLClassLoader::defineClass@34 (line 491)
                      ; - java.net.URLClassLoader$1::run@43 (line 427)
                      ; - java.net.URLClassLoader$1::run@1 (line 421)
  0x000001da87d32ff0: 8ce6 84ff | 4c8b 9424 | 8000 0000 | e913 0200 | 004c 8bd0 | e90b 0200 | 004c 8bd0 | e903 0200 
  0x000001da87d33010: 004c 8bd0 | e9fb 0100 | 004c 8bd0 | e9f3 0100 | 0048 8bd8 | 448b 5008 | e93a 0100 | 0048 8bd8 
  0x000001da87d33030: 448b 5008 | e92e 0100 | 0048 8bd8 | 448b 5008 | e922 0100 | 0048 8bd8 | 448b 5008 | e916 0100 
  0x000001da87d33050: 0048 8bd8 | 448b 5008 | e90a 0100 | 0048 8bd8 | 448b 5008 | e9fe 0000 | 0048 8bd8 | 448b 5008 
  0x000001da87d33070: e9f2 0000 | 0048 8bd8 | 448b 5008 | e9e6 0000 | 0044 8b58 | 0849 b800 | 0000 8fda | 0100 004d 
  0x000001da87d33090: 03c3 4d8b 

  0x000001da87d33094: ;   {metadata('java/io/IOException')}
  0x000001da87d33094: 4048 49b9 | d845 0490 | da01 0000 | 4d3b c175 | 0c44 8865 | 1345 33d2 | e9f4 a1ff 

  0x000001da87d330b0: ;   {metadata('java/net/MalformedURLException')}
  0x000001da87d330b0: ff41 81fb | 604f 0401 

  0x000001da87d330b8: ;   {metadata('java/security/AccessControlException')}
  0x000001da87d330b8: 745f 4181 | fbe8 c817 | 0174 5648 | 8bd8 e966 | 0200 0048 | 8bd8 448b 

  0x000001da87d330d0: ;   {metadata('java/net/MalformedURLException')}
  0x000001da87d330d0: 5008 4181 | fa60 4f04 | 0174 3e49 | bb00 0000 | 8fda 0100 | 004d 03da | 4d8b 5b48 

  0x000001da87d330ec: ;   {metadata('java/io/IOException')}
  0x000001da87d330ec: 49b8 d845 | 0490 da01 | 0000 4d3b 

  0x000001da87d330f8: ;   {metadata('java/security/AccessControlException')}
  0x000001da87d330f8: d874 1e41 | 81fa e8c8 | 1701 7415 | e928 0200 | 0048 8bd8 | 448b 5808 

  0x000001da87d33110: ;   {metadata('java/net/MalformedURLException')}
  0x000001da87d33110: 4181 fb60 | 4f04 0175 | 0733 c0e9 | 98a2 ffff | 49ba 0000 | 008f da01 | 0000 4d03 | d34d 8b52 
  0x000001da87d33130: ;   {metadata('java/io/IOException')}
  0x000001da87d33130: 4849 b8d8 | 4504 90da | 0100 004d | 3bd0 74d9 

  0x000001da87d33140: ;   {metadata('java/security/AccessControlException')}
  0x000001da87d33140: 4181 fbe8 | c817 0174 | d0e9 e301 | 0000 488b | d844 8b50 | 08eb 1048 | 8bd8 448b | 5008 eb07 
  0x000001da87d33160: 488b d844 | 8b50 0849 | bb00 0000 | 8fda 0100 | 004d 03da | 4d8b 5350 

  0x000001da87d33178: ;   {metadata('java/lang/IllegalArgumentException')}
  0x000001da87d33178: 49bb 7015 | 068f da01 | 0000 4d3b | d375 454c | 8b4c 2468 | 488b 5424 | 604c 8b84 | 24c8 0000 
  0x000001da87d33198: 0048 8bbc | 24c0 0000 | 0048 8b6c | 2428 6690 

  0x000001da87d331a8: ;   {optimized virtual_call}
  0x000001da87d331a8: c5f8 77e8 

  0x000001da87d331ac: ; ImmutableOopMap {rbp=Oop [40]=Oop [56]=Oop [64]=Oop [80]=Oop [88]=NarrowOop [92]=NarrowOop [96]=Oop [192]=Oop [200]=Oop }
                      ;*invokevirtual getAndVerifyPackage {reexecute=0 rethrow=0 return_oop=1}
                      ; - java.net.URLClassLoader::defineClass@97 (line 502)
                      ; - java.net.URLClassLoader$1::run@43 (line 427)
                      ; - java.net.URLClassLoader$1::run@1 (line 421)
  0x000001da87d331ac: d0e1 84ff | 4885 c00f | 8497 0200 | 004c 8b44 | 2440 8b74 | 2458 488b | 4c24 38e9 | 83a9 ffff 
  0x000001da87d331cc: 448b 5b08 | e9cf 0000 | 0048 8984 | 2490 0000 | 00eb 0848 | 8984 2490 | 0000 004c | 8b54 2478 
  0x000001da87d331ec: 4d85 d274 | 1b49 8bd2 | 488b 6c24 | 2890 c5f8 | 7748 b8ff | ffff ffff 

  0x000001da87d33204: ;   {virtual_call}
  0x000001da87d33204: ffff ffe8 

  0x000001da87d33208: ; ImmutableOopMap {rbp=Oop [32]=Oop [40]=Oop [56]=Oop [64]=Oop [88]=NarrowOop [104]=Oop [112]=Oop [144]=Oop [192]=Oop [200]=Oop }
                      ;*invokevirtual close {reexecute=0 rethrow=0 return_oop=0}
                      ; - java.util.jar.JarFile::getBytes@202 (line 801)
                      ; - java.util.jar.JarFile::getManifestFromReference@44 (line 419)
                      ; - java.util.jar.JarFile::getManifest@1 (line 406)
                      ; - jdk.internal.loader.URLClassPath$JarLoader$2::getManifest@22 (line 886)
                      ; - java.net.URLClassLoader::defineClass@34 (line 491)
                      ; - java.net.URLClassLoader$1::run@43 (line 427)
                      ; - java.net.URLClassLoader$1::run@1 (line 421)
  0x000001da87d33208: 74e4 84ff | 4c8b 9424 | 9000 0000 | 498b da44 | 8b5b 08e9 | 8400 0000 | 488b d844 | 8b58 08eb 
  0x000001da87d33228: 7b48 8bd8 | 448b 5808 | eb72 488b | d844 8b58 | 08eb 6948 | 8bd8 448b | 5808 eb60 | 488b d844 
  0x000001da87d33248: 8b58 08eb | 574c 8bd0 | 498b da45 | 8b5a 08eb | 4b48 8bd8 | e9d0 0000 | 0048 8bd8 | 448b 5008 
  0x000001da87d33268: eb07 488b | d844 8b50 

  0x000001da87d33270: ;   {metadata('java/lang/RuntimeException')}
  0x000001da87d33270: 0849 bb10 | 1306 8fda | 0100 0049 | b800 0000 | 8fda 0100 | 004d 03c2 | 4d8b 5048 | 4d3b d30f 
  0x000001da87d33290: 85af 0000 | 0048 8bd3 | e997 0000 | 0048 8bd8 | 448b 5808 | 49ba 0000 | 008f da01 | 0000 4d03 
  0x000001da87d332b0: d34d 8b5a 

  0x000001da87d332b4: ;   {metadata('java/io/IOException')}
  0x000001da87d332b4: 4849 b8d8 | 4504 90da | 0100 004d | 3bd8 0f84 | 7501 0000 | 4d8b 5250 

  0x000001da87d332cc: ;   {metadata('java/lang/ClassFormatError')}
  0x000001da87d332cc: 49bb 38cd | 1790 da01 | 0000 4d3b | d375 5648 | 8beb 488b | 5424 4066 | 6690 c5f8 | 7748 b8ff 
  0x000001da87d332ec: ffff ffff 

  0x000001da87d332f0: ;   {virtual_call}
  0x000001da87d332f0: ffff ffe8 

  0x000001da87d332f4: ; ImmutableOopMap {rbp=Oop [64]=Oop }
                      ;*invokevirtual getDataError {reexecute=0 rethrow=0 return_oop=1}
                      ; - java.net.URLClassLoader$1::run@63 (line 431)
                      ; - java.net.URLClassLoader$1::run@1 (line 421)
  0x000001da87d332f4: 88e3 84ff | 4885 c074 | 2748 8b54 | 2440 c5f8 | 7748 b8ff | ffff ffff 

  0x000001da87d3330c: ;   {virtual_call}
  0x000001da87d3330c: ffff ffe8 

  0x000001da87d33310: ; ImmutableOopMap {rbp=Oop }
                      ;*invokevirtual getDataError {reexecute=0 rethrow=0 return_oop=1}
                      ; - java.net.URLClassLoader$1::run@71 (line 432)
                      ; - java.net.URLClassLoader$1::run@1 (line 421)
  0x000001da87d33310: 6ce3 84ff | 488b d54c | 8bc0 6690 

  0x000001da87d3331c: ;   {optimized virtual_call}
  0x000001da87d3331c: c5f8 77e8 

  0x000001da87d33320: ; ImmutableOopMap {rbp=Oop }
                      ;*invokevirtual addSuppressed {reexecute=0 rethrow=0 return_oop=0}
                      ; - java.net.URLClassLoader$1::run@74 (line 432)
                      ; - java.net.URLClassLoader$1::run@1 (line 421)
  0x000001da87d33320: 5ce0 84ff | 488b d5eb | 0b48 8bd8 | eb03 488b | d848 8bd3 | c5f8 7748 | 81c4 1001 

  0x000001da87d3333c: ;   {runtime_call _rethrow_Java}
  0x000001da87d3333c: 0000 5de9 | 3ca0 86ff | 4d8b 5040 

  0x000001da87d33348: ;   {metadata('java/lang/Exception')}
  0x000001da87d33348: 49bb c804 | 028f da01 | 0000 4d3b | d30f 85b1 | 0000 004c | 8bdb 498b | 8708 0100 | 004c 8bd0 
  0x000001da87d33368: 4983 c228 | 4d3b 9718 | 0100 000f | 83a9 0000 | 004d 8997 | 0801 0000 | 410f 0d8a | c000 0000 
  0x000001da87d33388: 48c7 0001 

  0x000001da87d3338c: ;   {metadata('java/security/PrivilegedActionException')}
  0x000001da87d3338c: 0000 00c7 | 4008 e8a8 | 0401 4489 | 600c 4c89 | 6010 4c89 | 6018 4c89 | 6020 498b | eb4c 8bd0 
  0x000001da87d333ac: 4c89 5424 | 2049 8bd2 | 4c8b c548 | 8b6c 2428 

  0x000001da87d333bc: ;   {optimized virtual_call}
  0x000001da87d333bc: c5f8 77e8 

  0x000001da87d333c0: ; ImmutableOopMap {rbp=Oop [32]=Oop [40]=Oop [52]=NarrowOop [64]=Oop [80]=Oop }
                      ;*invokespecial <init> {reexecute=0 rethrow=0 return_oop=0}
                      ; - java.security.AccessController::wrapException@5 (line 828)
                      ; - java.security.AccessController::doPrivileged@22 (line 716)
                      ; - jdk.internal.loader.URLClassPath$JarLoader::ensureOpen@19 (line 763)
                      ; - jdk.internal.loader.URLClassPath$JarLoader::getResource@1 (line 952)
                      ; - jdk.internal.loader.URLClassPath::getResource@53 (line 321)
                      ; - java.net.URLClassLoader$1::run@26 (line 424)
                      ; - java.net.URLClassLoader$1::run@1 (line 421)
  0x000001da87d333c0: bcdf 84ff | 488b 5424 | 2048 8b6c | 2428 6690 

  0x000001da87d333d0: ;   {optimized virtual_call}
  0x000001da87d333d0: c5f8 77e8 

  0x000001da87d333d4: ; ImmutableOopMap {rbp=Oop [40]=Oop [52]=NarrowOop [64]=Oop [80]=Oop }
                      ;*invokevirtual getException {reexecute=0 rethrow=0 return_oop=1}
                      ; - jdk.internal.loader.URLClassPath$JarLoader::ensureOpen@28 (line 797)
                      ; - jdk.internal.loader.URLClassPath$JarLoader::getResource@1 (line 952)
                      ; - jdk.internal.loader.URLClassPath::getResource@53 (line 321)
                      ; - java.net.URLClassLoader$1::run@26 (line 424)
                      ; - java.net.URLClassLoader$1::run@1 (line 421)
  0x000001da87d333d4: a8df 84ff 

  0x000001da87d333d8: ; implicit exception: dispatches to 0x000001da87d32af8
  0x000001da87d333d8: 448b 5808 

  0x000001da87d333dc: ;   {metadata('java/io/FileNotFoundException')}
  0x000001da87d333dc: 4181 fb90 | a604 0175 | 7b48 8be8 | babf 0000 | 004c 8b54 | 2428 4c89 | 5424 2044 | 8b54 2434 
  0x000001da87d333fc: 4489 5424 | 2866 6690 

  0x000001da87d33404: ;   {runtime_call UncommonTrapBlob}
  0x000001da87d33404: c5f8 77e8 

  0x000001da87d33408: ; ImmutableOopMap {rbp=Oop [32]=Oop [40]=NarrowOop [64]=Oop }
                      ;*new {reexecute=0 rethrow=0 return_oop=0}
                      ; - jdk.internal.loader.URLClassPath$JarLoader::getResource@8 (line 954)
                      ; - jdk.internal.loader.URLClassPath::getResource@53 (line 321)
                      ; - java.net.URLClassLoader$1::run@26 (line 424)
                      ; - java.net.URLClassLoader$1::run@1 (line 421)
  0x000001da87d33408: f434 85ff | 448b 5b08 

  0x000001da87d33410: ;   {metadata('java/security/PrivilegedActionException')}
  0x000001da87d33410: 4181 fbe8 | a804 010f | 85b4 f9ff | ff48 8bd3 | eba7 498b 

  0x000001da87d33424: ;   {metadata('java/security/PrivilegedActionException')}
  0x000001da87d33424: eb48 bae8 | a804 90da | 0100 0090 

  0x000001da87d33430: ;   {runtime_call _new_instance_Java}
  0x000001da87d33430: c5f8 77e8 

  0x000001da87d33434: ; ImmutableOopMap {rbp=Oop [40]=Oop [52]=NarrowOop [64]=Oop [80]=Oop }
                      ;*new {reexecute=0 rethrow=0 return_oop=1}
                      ; - java.security.AccessController::wrapException@0 (line 828)
                      ; - java.security.AccessController::doPrivileged@22 (line 716)
                      ; - jdk.internal.loader.URLClassPath$JarLoader::ensureOpen@19 (line 763)
                      ; - jdk.internal.loader.URLClassPath$JarLoader::getResource@1 (line 952)
                      ; - jdk.internal.loader.URLClassPath::getResource@53 (line 321)
                      ; - java.net.URLClassLoader$1::run@26 (line 424)
                      ; - java.net.URLClassLoader$1::run@1 (line 421)
  0x000001da87d33434: 487e 86ff | e96c ffff | ff48 8beb | ba2f 0000 | 0066 6690 

  0x000001da87d33448: ;   {runtime_call UncommonTrapBlob}
  0x000001da87d33448: c5f8 77e8 

  0x000001da87d3344c: ; ImmutableOopMap {rbp=Oop [40]=Oop }
                      ;*new {reexecute=0 rethrow=0 return_oop=0}
                      ; - java.net.URLClassLoader$1::run@48 (line 429)
                      ; - java.net.URLClassLoader$1::run@1 (line 421)
  0x000001da87d3344c: b034 85ff | bafd 0000 | 0066 6690 

  0x000001da87d33458: ;   {runtime_call UncommonTrapBlob}
  0x000001da87d33458: c5f8 77e8 

  0x000001da87d3345c: ; ImmutableOopMap {rbp=Oop [64]=Oop [200]=Oop }
                      ;*new {reexecute=0 rethrow=0 return_oop=0}
                      ; - java.net.URLClassLoader::defineClass@103 (line 504)
                      ; - java.net.URLClassLoader$1::run@43 (line 427)
                      ; - java.net.URLClassLoader$1::run@1 (line 421)
  0x000001da87d3345c: a034 85ff | bade ffff | ff44 8b54 | 2434 4489 | 5424 204c | 8b54 2440 | 4c89 5424 | 3848 8944 
  0x000001da87d3347c: 2440 6690 

  0x000001da87d33480: ;   {runtime_call UncommonTrapBlob}
  0x000001da87d33480: c5f8 77e8 

  0x000001da87d33484: ; ImmutableOopMap {rbp=Oop [32]=NarrowOop [56]=Oop [64]=Oop [80]=Oop }
                      ;*checkcast {reexecute=0 rethrow=0 return_oop=0}
                      ; - jdk.internal.loader.URLClassPath$JarLoader::ensureOpen@31 (line 797)
                      ; - jdk.internal.loader.URLClassPath$JarLoader::getResource@1 (line 952)
                      ; - jdk.internal.loader.URLClassPath::getResource@53 (line 321)
                      ; - java.net.URLClassLoader$1::run@26 (line 424)
                      ; - java.net.URLClassLoader$1::run@1 (line 421)
  0x000001da87d33484: 7834 85ff | 488b e8ba | df01 0000 | 4c8b 5424 | 284c 8954 | 2420 4c8b | 5424 404c | 8954 2428 
  0x000001da87d334a4: 448b 5424 | 5844 8954 | 2430 448b | 5c24 5c44 | 895c 2438 | 4c8b 5424 | 684c 8954 | 2440 6690 
  0x000001da87d334c4: ;   {runtime_call UncommonTrapBlob}
  0x000001da87d334c4: c5f8 77e8 

  0x000001da87d334c8: ; ImmutableOopMap {rbp=Oop [32]=Oop [40]=Oop [48]=NarrowOop [52]=NarrowOop [56]=NarrowOop [64]=Oop [192]=Oop [200]=Oop }
                      ;*new {reexecute=0 rethrow=0 return_oop=0}
                      ; - java.util.jar.JarFile::ensureInitialization@8 (line 1033)
                      ; - java.util.jar.JavaUtilJarAccessImpl::ensureInitialization@1 (line 72)
                      ; - jdk.internal.loader.URLClassPath$JarLoader$2::getManifest@10 (line 885)
                      ; - java.net.URLClassLoader::defineClass@34 (line 491)
                      ; - java.net.URLClassLoader$1::run@43 (line 427)
                      ; - java.net.URLClassLoader$1::run@1 (line 421)
  0x000001da87d334c8: 3434 85ff 

  0x000001da87d334cc: ;   {internal_word}
  0x000001da87d334cc: 49ba 67dc | d287 da01 | 0000 4d89 | 9760 0300 

  0x000001da87d334dc: ;   {runtime_call SafepointBlob}
  0x000001da87d334dc: 00e9 1e45 | 85ff f4f4 | f4f4 f4f4 | f4f4 f4f4 | f4f4 f4f4 | f4f4 f4f4 | f4f4 f4f4 | f4f4 f4f4 
  0x000001da87d334fc: f4f4 f4f4 
[Stub Code]
  0x000001da87d33500: ;   {no_reloc}
  0x000001da87d33500: 48bb 0000 | 0000 0000 

  0x000001da87d33508: ;   {runtime_call}
  0x000001da87d33508: 0000 e9fb 

  0x000001da87d3350c: ;   {static_stub}
  0x000001da87d3350c: ffff ff48 | bbc8 a618 | 8fda 0100 

  0x000001da87d33518: ;   {runtime_call I2C/C2I adapters}
  0x000001da87d33518: 00e9 3b28 

  0x000001da87d3351c: ;   {static_stub}
  0x000001da87d3351c: 85ff 48bb | 0000 0000 | 0000 0000 

  0x000001da87d33528: ;   {runtime_call}
  0x000001da87d33528: e9fb ffff 

  0x000001da87d3352c: ;   {static_stub}
  0x000001da87d3352c: ff48 bb00 | 0000 0000 

  0x000001da87d33534: ;   {runtime_call}
  0x000001da87d33534: 0000 00e9 | fbff ffff 

  0x000001da87d3353c: ;   {static_stub}
  0x000001da87d3353c: 48bb 0000 | 0000 0000 

  0x000001da87d33544: ;   {runtime_call}
  0x000001da87d33544: 0000 e9fb 

  0x000001da87d33548: ;   {static_stub}
  0x000001da87d33548: ffff ff48 | bb90 8518 | 8fda 0100 

  0x000001da87d33554: ;   {runtime_call I2C/C2I adapters}
  0x000001da87d33554: 00e9 0331 

  0x000001da87d33558: ;   {static_stub}
  0x000001da87d33558: 85ff 48bb | 0000 0000 | 0000 0000 

  0x000001da87d33564: ;   {runtime_call}
  0x000001da87d33564: e9fb ffff 

  0x000001da87d33568: ;   {static_stub}
  0x000001da87d33568: ff48 bb00 | 0000 0000 

  0x000001da87d33570: ;   {runtime_call}
  0x000001da87d33570: 0000 00e9 | fbff ffff 

  0x000001da87d33578: ;   {static_stub}
  0x000001da87d33578: 48bb 0000 | 0000 0000 

  0x000001da87d33580: ;   {runtime_call}
  0x000001da87d33580: 0000 e9fb 

  0x000001da87d33584: ;   {static_stub}
  0x000001da87d33584: ffff ff48 | bb10 6719 | 8fda 0100 

  0x000001da87d33590: ;   {runtime_call I2C/C2I adapters}
  0x000001da87d33590: 00e9 c327 

  0x000001da87d33594: ;   {static_stub}
  0x000001da87d33594: 85ff 48bb | 0000 0000 | 0000 0000 

  0x000001da87d335a0: ;   {runtime_call}
  0x000001da87d335a0: e9fb ffff 

  0x000001da87d335a4: ;   {static_stub}
  0x000001da87d335a4: ff48 bb00 | 0000 0000 

  0x000001da87d335ac: ;   {runtime_call}
  0x000001da87d335ac: 0000 00e9 | fbff ffff 

  0x000001da87d335b4: ;   {static_stub}
  0x000001da87d335b4: 48bb 0000 | 0000 0000 

  0x000001da87d335bc: ;   {runtime_call}
  0x000001da87d335bc: 0000 e9fb 

  0x000001da87d335c0: ;   {static_stub}
  0x000001da87d335c0: ffff ff48 | bb00 0000 | 0000 0000 

  0x000001da87d335cc: ;   {runtime_call}
  0x000001da87d335cc: 00e9 fbff 

  0x000001da87d335d0: ;   {static_stub}
  0x000001da87d335d0: ffff 48bb | 0000 0000 | 0000 0000 

  0x000001da87d335dc: ;   {runtime_call}
  0x000001da87d335dc: e9fb ffff 

  0x000001da87d335e0: ;   {static_stub}
  0x000001da87d335e0: ff48 bb00 | 0000 0000 

  0x000001da87d335e8: ;   {runtime_call}
  0x000001da87d335e8: 0000 00e9 | fbff ffff 

  0x000001da87d335f0: ;   {static_stub}
  0x000001da87d335f0: 48bb 0000 | 0000 0000 

  0x000001da87d335f8: ;   {runtime_call}
  0x000001da87d335f8: 0000 e9fb 

  0x000001da87d335fc: ;   {static_stub}
  0x000001da87d335fc: ffff ff48 | bb00 0000 | 0000 0000 

  0x000001da87d33608: ;   {runtime_call}
  0x000001da87d33608: 00e9 fbff 

  0x000001da87d3360c: ;   {static_stub}
  0x000001da87d3360c: ffff 48bb | 0000 0000 | 0000 0000 

  0x000001da87d33618: ;   {runtime_call}
  0x000001da87d33618: e9fb ffff 

  0x000001da87d3361c: ;   {static_stub}
  0x000001da87d3361c: ff48 bb00 | 0000 0000 

  0x000001da87d33624: ;   {runtime_call}
  0x000001da87d33624: 0000 00e9 | fbff ffff 

  0x000001da87d3362c: ;   {static_stub}
  0x000001da87d3362c: 48bb 0000 | 0000 0000 

  0x000001da87d33634: ;   {runtime_call}
  0x000001da87d33634: 0000 e9fb 

  0x000001da87d33638: ;   {static_stub}
  0x000001da87d33638: ffff ff48 | bb00 0000 | 0000 0000 

  0x000001da87d33644: ;   {runtime_call}
  0x000001da87d33644: 00e9 fbff 

  0x000001da87d33648: ;   {static_stub}
  0x000001da87d33648: ffff 48bb | 0000 0000 | 0000 0000 

  0x000001da87d33654: ;   {runtime_call}
  0x000001da87d33654: e9fb ffff 

  0x000001da87d33658: ;   {static_stub}
  0x000001da87d33658: ff48 bb00 | 0000 0000 

  0x000001da87d33660: ;   {runtime_call}
  0x000001da87d33660: 0000 00e9 | fbff ffff 

  0x000001da87d33668: ;   {static_stub}
  0x000001da87d33668: 48bb 0000 | 0000 0000 

  0x000001da87d33670: ;   {runtime_call}
  0x000001da87d33670: 0000 e9fb 

  0x000001da87d33674: ;   {static_stub}
  0x000001da87d33674: ffff ff48 | bb00 0000 | 0000 0000 

  0x000001da87d33680: ;   {runtime_call}
  0x000001da87d33680: 00e9 fbff 

  0x000001da87d33684: ;   {static_stub}
  0x000001da87d33684: ffff 48bb | 0000 0000 | 0000 0000 

  0x000001da87d33690: ;   {runtime_call}
  0x000001da87d33690: e9fb ffff 

  0x000001da87d33694: ;   {static_stub}
  0x000001da87d33694: ff48 bb00 | 0000 0000 

  0x000001da87d3369c: ;   {runtime_call}
  0x000001da87d3369c: 0000 00e9 | fbff ffff 

  0x000001da87d336a4: ;   {static_stub}
  0x000001da87d336a4: 48bb 0000 | 0000 0000 

  0x000001da87d336ac: ;   {runtime_call}
  0x000001da87d336ac: 0000 e9fb 

  0x000001da87d336b0: ;   {static_stub}
  0x000001da87d336b0: ffff ff48 | bb00 0000 | 0000 0000 

  0x000001da87d336bc: ;   {runtime_call}
  0x000001da87d336bc: 00e9 fbff 

  0x000001da87d336c0: ;   {static_stub}
  0x000001da87d336c0: ffff 48bb | 0000 0000 | 0000 0000 

  0x000001da87d336cc: ;   {runtime_call}
  0x000001da87d336cc: e9fb ffff 

  0x000001da87d336d0: ;   {static_stub}
  0x000001da87d336d0: ff48 bb00 | 0000 0000 

  0x000001da87d336d8: ;   {runtime_call}
  0x000001da87d336d8: 0000 00e9 | fbff ffff 

  0x000001da87d336e0: ;   {static_stub}
  0x000001da87d336e0: 48bb 0000 | 0000 0000 

  0x000001da87d336e8: ;   {runtime_call}
  0x000001da87d336e8: 0000 e9fb 

  0x000001da87d336ec: ;   {static_stub}
  0x000001da87d336ec: ffff ff48 | bb00 0000 | 0000 0000 

  0x000001da87d336f8: ;   {runtime_call}
  0x000001da87d336f8: 00e9 fbff 

  0x000001da87d336fc: ;   {static_stub}
  0x000001da87d336fc: ffff 48bb | 0000 0000 | 0000 0000 

  0x000001da87d33708: ;   {runtime_call}
  0x000001da87d33708: e9fb ffff 

  0x000001da87d3370c: ;   {static_stub}
  0x000001da87d3370c: ff48 bb00 | 0000 0000 

  0x000001da87d33714: ;   {runtime_call}
  0x000001da87d33714: 0000 00e9 | fbff ffff 

  0x000001da87d3371c: ;   {static_stub}
  0x000001da87d3371c: 48bb 0000 | 0000 0000 

  0x000001da87d33724: ;   {runtime_call}
  0x000001da87d33724: 0000 e9fb 

  0x000001da87d33728: ;   {static_stub}
  0x000001da87d33728: ffff ff48 | bb00 0000 | 0000 0000 

  0x000001da87d33734: ;   {runtime_call}
  0x000001da87d33734: 00e9 fbff 

  0x000001da87d33738: ;   {static_stub}
  0x000001da87d33738: ffff 48bb | 0000 0000 | 0000 0000 

  0x000001da87d33744: ;   {runtime_call}
  0x000001da87d33744: e9fb ffff 

  0x000001da87d33748: ;   {static_stub}
  0x000001da87d33748: ff48 bb00 | 0000 0000 

  0x000001da87d33750: ;   {runtime_call}
  0x000001da87d33750: 0000 00e9 | fbff ffff 

  0x000001da87d33758: ;   {static_stub}
  0x000001da87d33758: 48bb 0000 | 0000 0000 

  0x000001da87d33760: ;   {runtime_call}
  0x000001da87d33760: 0000 e9fb 

  0x000001da87d33764: ;   {static_stub}
  0x000001da87d33764: ffff ff48 | bb00 0000 | 0000 0000 

  0x000001da87d33770: ;   {runtime_call}
  0x000001da87d33770: 00e9 fbff 

  0x000001da87d33774: ;   {static_stub}
  0x000001da87d33774: ffff 48bb | 0000 0000 | 0000 0000 

  0x000001da87d33780: ;   {runtime_call}
  0x000001da87d33780: e9fb ffff 

  0x000001da87d33784: ;   {static_stub}
  0x000001da87d33784: ff48 bb00 | 0000 0000 

  0x000001da87d3378c: ;   {runtime_call}
  0x000001da87d3378c: 0000 00e9 | fbff ffff 

  0x000001da87d33794: ;   {static_stub}
  0x000001da87d33794: 48bb 0000 | 0000 0000 

  0x000001da87d3379c: ;   {runtime_call}
  0x000001da87d3379c: 0000 e9fb 

  0x000001da87d337a0: ;   {static_stub}
  0x000001da87d337a0: ffff ff48 | bb00 0000 | 0000 0000 

  0x000001da87d337ac: ;   {runtime_call}
  0x000001da87d337ac: 00e9 fbff 

  0x000001da87d337b0: ;   {static_stub}
  0x000001da87d337b0: ffff 48bb | 0000 0000 | 0000 0000 

  0x000001da87d337bc: ;   {runtime_call}
  0x000001da87d337bc: e9fb ffff 

  0x000001da87d337c0: ;   {static_stub}
  0x000001da87d337c0: ff48 bb00 | 0000 0000 

  0x000001da87d337c8: ;   {runtime_call}
  0x000001da87d337c8: 0000 00e9 | fbff ffff 

  0x000001da87d337d0: ;   {static_stub}
  0x000001da87d337d0: 48bb 0000 | 0000 0000 

  0x000001da87d337d8: ;   {runtime_call}
  0x000001da87d337d8: 0000 e9fb 

  0x000001da87d337dc: ;   {static_stub}
  0x000001da87d337dc: ffff ff48 | bb00 0000 | 0000 0000 

  0x000001da87d337e8: ;   {runtime_call}
  0x000001da87d337e8: 00e9 fbff 

  0x000001da87d337ec: ;   {static_stub}
  0x000001da87d337ec: ffff 48bb | 0000 0000 | 0000 0000 

  0x000001da87d337f8: ;   {runtime_call}
  0x000001da87d337f8: e9fb ffff 

  0x000001da87d337fc: ;   {static_stub}
  0x000001da87d337fc: ff48 bb00 | 0000 0000 

  0x000001da87d33804: ;   {runtime_call}
  0x000001da87d33804: 0000 00e9 | fbff ffff 

  0x000001da87d3380c: ;   {static_stub}
  0x000001da87d3380c: 48bb 0000 | 0000 0000 

  0x000001da87d33814: ;   {runtime_call}
  0x000001da87d33814: 0000 e9fb 

  0x000001da87d33818: ;   {static_stub}
  0x000001da87d33818: ffff ff48 | bb00 0000 | 0000 0000 

  0x000001da87d33824: ;   {runtime_call}
  0x000001da87d33824: 00e9 fbff 

  0x000001da87d33828: ;   {static_stub}
  0x000001da87d33828: ffff 48bb | 0000 0000 | 0000 0000 

  0x000001da87d33834: ;   {runtime_call}
  0x000001da87d33834: e9fb ffff 

  0x000001da87d33838: ;   {static_stub}
  0x000001da87d33838: ff48 bb00 | 0000 0000 

  0x000001da87d33840: ;   {runtime_call}
  0x000001da87d33840: 0000 00e9 | fbff ffff 
[Exception Handler]
  0x000001da87d33848: ;   {runtime_call ExceptionBlob}
  0x000001da87d33848: e9b3 3186 | ffe8 0000 | 0000 4883 

  0x000001da87d33854: ;   {runtime_call DeoptimizationBlob}
  0x000001da87d33854: 2c24 05e9 | 4434 85ff | f4f4 f4f4 
[/MachCode]


---------------  P R O C E S S  ---------------

Threads class SMR info:
_java_thread_list=0x000001daadade310, length=42, elements={
0x000001dae9f14080, 0x000001daf7a6ac90, 0x000001daf7a6c3c0, 0x000001daf7a81e60,
0x000001daf7a85750, 0x000001daf7a86020, 0x000001daf7a868f0, 0x000001daf7a874f0,
0x000001daf7a94070, 0x000001daf7a95990, 0x000001dafa669f40, 0x000001dafa792060,
0x000001dafa6ee890, 0x000001dafa6ede70, 0x000001dafa6ef2b0, 0x000001dafa6eeda0,
0x000001dafa6ecf40, 0x000001dafa6ee380, 0x000001dafa6ec010, 0x000001dafa6ef7c0,
0x000001dafa6ec520, 0x000001dafa6eca30, 0x000001dafa6ed450, 0x000001dafa6ed960,
0x000001daab5ec450, 0x000001daab5eb010, 0x000001daab5e96c0, 0x000001daab5ea5f0,
0x000001daab5e9bd0, 0x000001daab5eba30, 0x000001daab5e91b0, 0x000001daab5ed890,
0x000001daab5ec960, 0x000001daab5edda0, 0x000001daab5eab00, 0x000001daab5ece70,
0x000001daab5ee2b0, 0x000001daab5ed380, 0x000001daab5ee7c0, 0x000001daab5eecd0,
0x000001daab5eb520, 0x000001daab5ef1e0
}

Java Threads: ( => current thread )
  0x000001dae9f14080 JavaThread "main" [_thread_blocked, id=24404, stack(0x000000c11a300000,0x000000c11a400000)]
  0x000001daf7a6ac90 JavaThread "Reference Handler" daemon [_thread_blocked, id=11156, stack(0x000000c11aa00000,0x000000c11ab00000)]
  0x000001daf7a6c3c0 JavaThread "Finalizer" daemon [_thread_blocked, id=25680, stack(0x000000c11ab00000,0x000000c11ac00000)]
  0x000001daf7a81e60 JavaThread "Signal Dispatcher" daemon [_thread_blocked, id=14008, stack(0x000000c11ac00000,0x000000c11ad00000)]
  0x000001daf7a85750 JavaThread "Attach Listener" daemon [_thread_blocked, id=26420, stack(0x000000c11ad00000,0x000000c11ae00000)]
  0x000001daf7a86020 JavaThread "Service Thread" daemon [_thread_blocked, id=19804, stack(0x000000c11ae00000,0x000000c11af00000)]
  0x000001daf7a868f0 JavaThread "Monitor Deflation Thread" daemon [_thread_blocked, id=22032, stack(0x000000c11af00000,0x000000c11b000000)]
  0x000001daf7a874f0 JavaThread "C2 CompilerThread0" daemon [_thread_blocked, id=25976, stack(0x000000c11b000000,0x000000c11b100000)]
  0x000001daf7a94070 JavaThread "C1 CompilerThread0" daemon [_thread_blocked, id=15372, stack(0x000000c11b100000,0x000000c11b200000)]
  0x000001daf7a95990 JavaThread "Sweeper thread" daemon [_thread_blocked, id=13992, stack(0x000000c11b200000,0x000000c11b300000)]
  0x000001dafa669f40 JavaThread "Common-Cleaner" daemon [_thread_blocked, id=14856, stack(0x000000c11b300000,0x000000c11b400000)]
  0x000001dafa792060 JavaThread "Notification Thread" daemon [_thread_blocked, id=21448, stack(0x000000c11b400000,0x000000c11b500000)]
  0x000001dafa6ee890 JavaThread "Daemon health stats" [_thread_blocked, id=14560, stack(0x000000c11b700000,0x000000c11b800000)]
  0x000001dafa6ede70 JavaThread "Incoming local TCP Connector on port 61908" [_thread_in_native, id=18836, stack(0x000000c11b600000,0x000000c11b700000)]
  0x000001dafa6ef2b0 JavaThread "Daemon periodic checks" [_thread_blocked, id=26980, stack(0x000000c11bd00000,0x000000c11be00000)]
  0x000001dafa6eeda0 JavaThread "Daemon" [_thread_blocked, id=2952, stack(0x000000c11c300000,0x000000c11c400000)]
  0x000001dafa6ecf40 JavaThread "Handler for socket connection from /127.0.0.1:61908 to /127.0.0.1:61909" [_thread_in_native, id=23212, stack(0x000000c11c400000,0x000000c11c500000)]
  0x000001dafa6ee380 JavaThread "Cancel handler" [_thread_blocked, id=6900, stack(0x000000c11c500000,0x000000c11c600000)]
=>0x000001dafa6ec010 JavaThread "Daemon worker" [_thread_in_vm, id=21716, stack(0x000000c11c600000,0x000000c11c700000)]
  0x000001dafa6ef7c0 JavaThread "Asynchronous log dispatcher for DefaultDaemonConnection: socket connection from /127.0.0.1:61908 to /127.0.0.1:61909" [_thread_blocked, id=13076, stack(0x000000c11c700000,0x000000c11c800000)]
  0x000001dafa6ec520 JavaThread "Stdin handler" [_thread_blocked, id=13460, stack(0x000000c11c800000,0x000000c11c900000)]
  0x000001dafa6eca30 JavaThread "Daemon client event forwarder" [_thread_blocked, id=26848, stack(0x000000c11c900000,0x000000c11ca00000)]
  0x000001dafa6ed450 JavaThread "Cache worker for journal cache (C:\Users\Nandhitha_R\.gradle\caches\journal-1)" [_thread_blocked, id=17960, stack(0x000000c11ca00000,0x000000c11cb00000)]
  0x000001dafa6ed960 JavaThread "File lock request listener" [_thread_blocked, id=15400, stack(0x000000c11cb00000,0x000000c11cc00000)]
  0x000001daab5ec450 JavaThread "Cache worker for file hash cache (C:\Users\Nandhitha_R\.gradle\caches\9.0.0\fileHashes)" [_thread_blocked, id=12644, stack(0x000000c11cc00000,0x000000c11cd00000)]
  0x000001daab5eb010 JavaThread "File lock release action executor" [_thread_blocked, id=26872, stack(0x000000c11cd00000,0x000000c11ce00000)]
  0x000001daab5e96c0 JavaThread "Cache worker for file hash cache (D:\apps\caltims mobile app\frontend\android\.gradle\9.0.0\fileHashes)" [_thread_blocked, id=9712, stack(0x000000c11d500000,0x000000c11d600000)]
  0x000001daab5ea5f0 JavaThread "Cache worker for Build Output Cleanup Cache (D:\apps\caltims mobile app\frontend\android\.gradle\buildOutputCleanup)" [_thread_blocked, id=17944, stack(0x000000c11d400000,0x000000c11d500000)]
  0x000001daab5e9bd0 JavaThread "File watcher server" daemon [_thread_in_native, id=17964, stack(0x000000c11d600000,0x000000c11d700000)]
  0x000001daab5eba30 JavaThread "File watcher consumer" daemon [_thread_blocked, id=24708, stack(0x000000c11d700000,0x000000c11d800000)]
  0x000001daab5e91b0 JavaThread "Cache worker for checksums cache (D:\apps\caltims mobile app\frontend\android\.gradle\9.0.0\checksums)" [_thread_blocked, id=9420, stack(0x000000c11d800000,0x000000c11d900000)]
  0x000001daab5ed890 JavaThread "Cache worker for file content cache (C:\Users\Nandhitha_R\.gradle\caches\9.0.0\fileContent)" [_thread_blocked, id=14496, stack(0x000000c11d900000,0x000000c11da00000)]
  0x000001daab5ec960 JavaThread "Cache worker for cache directory md-supplier (C:\Users\Nandhitha_R\.gradle\caches\9.0.0\md-supplier)" [_thread_blocked, id=13068, stack(0x000000c11da00000,0x000000c11db00000)]
  0x000001daab5edda0 JavaThread "Cache worker for cache directory md-rule (C:\Users\Nandhitha_R\.gradle\caches\9.0.0\md-rule)" [_thread_blocked, id=18724, stack(0x000000c11db00000,0x000000c11dc00000)]
  0x000001daab5eab00 JavaThread "jar transforms" [_thread_blocked, id=1672, stack(0x000000c11dc00000,0x000000c11dd00000)]
  0x000001daab5ece70 JavaThread "Cache worker for Build Output Cleanup Cache (D:\apps\caltims mobile app\frontend\node_modules\@react-native\gradle-plugin\.gradle\buildOutputCleanup)" [_thread_blocked, id=10264, stack(0x000000c11de00000,0x000000c11df00000)]
  0x000001daab5ee2b0 JavaThread "Unconstrained build operations" [_thread_blocked, id=13860, stack(0x000000c11c200000,0x000000c11c300000)]
  0x000001daab5ed380 JavaThread "Unconstrained build operations Thread 2" [_thread_blocked, id=8580, stack(0x000000c11dd00000,0x000000c11de00000)]
  0x000001daab5ee7c0 JavaThread "Unconstrained build operations Thread 3" [_thread_blocked, id=14136, stack(0x000000c11df00000,0x000000c11e000000)]
  0x000001daab5eecd0 JavaThread "Unconstrained build operations Thread 4" [_thread_blocked, id=12508, stack(0x000000c11e000000,0x000000c11e100000)]
  0x000001daab5eb520 JavaThread "Unconstrained build operations Thread 5" [_thread_blocked, id=23024, stack(0x000000c11e100000,0x000000c11e200000)]
  0x000001daab5ef1e0 JavaThread "Unconstrained build operations Thread 6" [_thread_blocked, id=25428, stack(0x000000c11e200000,0x000000c11e300000)]

Other Threads:
  0x000001daf7a634a0 VMThread "VM Thread" [stack: 0x000000c11a900000,0x000000c11aa00000] [id=24116] _threads_hazard_ptr=0x000001daadade310
  0x000001dafa791960 WatcherThread [stack: 0x000000c11b500000,0x000000c11b600000] [id=19332]
  0x000001dae9f60bd0 GCTaskThread "GC Thread#0" [stack: 0x000000c11a400000,0x000000c11a500000] [id=3844]
  0x000001daff2cc7c0 GCTaskThread "GC Thread#1" [stack: 0x000000c11b800000,0x000000c11b900000] [id=24964]
  0x000001daff59dc20 GCTaskThread "GC Thread#2" [stack: 0x000000c11b900000,0x000000c11ba00000] [id=9868]
  0x000001daff59dee0 GCTaskThread "GC Thread#3" [stack: 0x000000c11ba00000,0x000000c11bb00000] [id=26944]
  0x000001daff59e1a0 GCTaskThread "GC Thread#4" [stack: 0x000000c11bb00000,0x000000c11bc00000] [id=25408]
  0x000001daff25ab10 GCTaskThread "GC Thread#5" [stack: 0x000000c11bc00000,0x000000c11bd00000] [id=25860]
  0x000001daaa4e9c50 GCTaskThread "GC Thread#6" [stack: 0x000000c11ce00000,0x000000c11cf00000] [id=27172]
  0x000001daaa4e9410 GCTaskThread "GC Thread#7" [stack: 0x000000c11cf00000,0x000000c11d000000] [id=8136]
  0x000001daaa4ea1d0 GCTaskThread "GC Thread#8" [stack: 0x000000c11d000000,0x000000c11d100000] [id=25996]
  0x000001daaa4e9f10 GCTaskThread "GC Thread#9" [stack: 0x000000c11d100000,0x000000c11d200000] [id=3244]
  0x000001dae9f6d9c0 ConcurrentGCThread "G1 Main Marker" [stack: 0x000000c11a500000,0x000000c11a600000] [id=17820]
  0x000001daf78b0080 ConcurrentGCThread "G1 Conc#0" [stack: 0x000000c11a600000,0x000000c11a700000] [id=21940]
  0x000001daaa4e9990 ConcurrentGCThread "G1 Conc#1" [stack: 0x000000c11d200000,0x000000c11d300000] [id=5960]
  0x000001daaa4eacd0 ConcurrentGCThread "G1 Conc#2" [stack: 0x000000c11d300000,0x000000c11d400000] [id=19936]
  0x000001daf799a5c0 ConcurrentGCThread "G1 Refine#0" [stack: 0x000000c11a700000,0x000000c11a800000] [id=15588]
  0x000001daf799ae90 ConcurrentGCThread "G1 Service" [stack: 0x000000c11a800000,0x000000c11a900000] [id=24628]

Threads with active compile tasks:

VM state: synchronizing (normal execution)

VM Mutex/Monitor currently owned by a thread:  ([mutex/lock_event])
[0x000001dae9a6e1c0] Metaspace_lock - owner thread: 0x000001dafa6ec010
[0x000001dae9f10bf0] Threads_lock - owner thread: 0x000001daf7a634a0

Heap address: 0x00000000a0000000, size: 1536 MB, Compressed Oops mode: 32-bit

CDS archive(s) mapped at: [0x000001da8f000000-0x000001da8fbb0000-0x000001da8fbb0000), size 12255232, SharedBaseAddress: 0x000001da8f000000, ArchiveRelocationMode: 1.
Compressed class space mapped at: 0x000001da90000000-0x000001daaa000000, reserved size: 436207616
Narrow klass base: 0x000001da8f000000, Narrow klass shift: 0, Narrow klass range: 0x100000000

GC Precious Log:
 CPUs: 12 total, 12 available
 Memory: 16068M
 Large Page Support: Disabled
 NUMA Support: Disabled
 Compressed Oops: Enabled (32-bit)
 Heap Region Size: 1M
 Heap Min Capacity: 8M
 Heap Initial Capacity: 252M
 Heap Max Capacity: 1536M
 Pre-touch: Disabled
 Parallel Workers: 10
 Concurrent Workers: 3
 Concurrent Refinement Workers: 10
 Periodic GC: Disabled

Heap:
 garbage-first heap   total 81920K, used 60112K [0x00000000a0000000, 0x0000000100000000)
  region size 1024K, 26 young (26624K), 2 survivors (2048K)
 Metaspace       used 47722K, committed 48384K, reserved 491520K
  class space    used 6847K, committed 7104K, reserved 425984K

Heap Regions: E=young(eden), S=young(survivor), O=old, HS=humongous(starts), HC=humongous(continues), CS=collection set, F=free, OA=open archive, CA=closed archive, TAMS=top-at-mark-start (previous, next)
|   0|0x00000000a0000000, 0x00000000a0100000, 0x00000000a0100000|100%|HS|  |TAMS 0x00000000a0100000, 0x00000000a0000000| Complete 
|   1|0x00000000a0100000, 0x00000000a0200000, 0x00000000a0200000|100%|HC|  |TAMS 0x00000000a0200000, 0x00000000a0100000| Complete 
|   2|0x00000000a0200000, 0x00000000a0300000, 0x00000000a0300000|100%|HC|  |TAMS 0x00000000a0300000, 0x00000000a0200000| Complete 
|   3|0x00000000a0300000, 0x00000000a0400000, 0x00000000a0400000|100%| O|  |TAMS 0x00000000a0400000, 0x00000000a0300000| Untracked 
|   4|0x00000000a0400000, 0x00000000a0500000, 0x00000000a0500000|100%| O|  |TAMS 0x00000000a0500000, 0x00000000a0400000| Untracked 
|   5|0x00000000a0500000, 0x00000000a0600000, 0x00000000a0600000|100%| O|  |TAMS 0x00000000a0600000, 0x00000000a0500000| Untracked 
|   6|0x00000000a0600000, 0x00000000a0700000, 0x00000000a0700000|100%|HS|  |TAMS 0x00000000a0700000, 0x00000000a0600000| Complete 
|   7|0x00000000a0700000, 0x00000000a0800000, 0x00000000a0800000|100%| O|  |TAMS 0x00000000a0800000, 0x00000000a0700000| Untracked 
|   8|0x00000000a0800000, 0x00000000a0900000, 0x00000000a0900000|100%| O|  |TAMS 0x00000000a0900000, 0x00000000a0800000| Untracked 
|   9|0x00000000a0900000, 0x00000000a0a00000, 0x00000000a0a00000|100%| O|  |TAMS 0x00000000a0a00000, 0x00000000a0900000| Untracked 
|  10|0x00000000a0a00000, 0x00000000a0b00000, 0x00000000a0b00000|100%| O|  |TAMS 0x00000000a0b00000, 0x00000000a0a00000| Untracked 
|  11|0x00000000a0b00000, 0x00000000a0c00000, 0x00000000a0c00000|100%| O|  |TAMS 0x00000000a0c00000, 0x00000000a0b00000| Untracked 
|  12|0x00000000a0c00000, 0x00000000a0c66200, 0x00000000a0d00000| 39%| O|  |TAMS 0x00000000a0c66200, 0x00000000a0c00000| Untracked 
|  13|0x00000000a0d00000, 0x00000000a0e00000, 0x00000000a0e00000|100%| O|  |TAMS 0x00000000a0e00000, 0x00000000a0d00000| Untracked 
|  14|0x00000000a0e00000, 0x00000000a0f00000, 0x00000000a0f00000|100%| O|  |TAMS 0x00000000a0f00000, 0x00000000a0e00000| Untracked 
|  15|0x00000000a0f00000, 0x00000000a1000000, 0x00000000a1000000|100%| O|  |TAMS 0x00000000a1000000, 0x00000000a0f00000| Untracked 
|  16|0x00000000a1000000, 0x00000000a1100000, 0x00000000a1100000|100%| O|  |TAMS 0x00000000a1100000, 0x00000000a1000000| Untracked 
|  17|0x00000000a1100000, 0x00000000a1200000, 0x00000000a1200000|100%| O|  |TAMS 0x00000000a1200000, 0x00000000a1100000| Untracked 
|  18|0x00000000a1200000, 0x00000000a1300000, 0x00000000a1300000|100%| O|  |TAMS 0x00000000a1300000, 0x00000000a1200000| Untracked 
|  19|0x00000000a1300000, 0x00000000a1400000, 0x00000000a1400000|100%| O|  |TAMS 0x00000000a1400000, 0x00000000a1300000| Untracked 
|  20|0x00000000a1400000, 0x00000000a1500000, 0x00000000a1500000|100%| O|  |TAMS 0x00000000a1500000, 0x00000000a1400000| Untracked 
|  21|0x00000000a1500000, 0x00000000a1600000, 0x00000000a1600000|100%| O|  |TAMS 0x00000000a1600000, 0x00000000a1500000| Untracked 
|  22|0x00000000a1600000, 0x00000000a1700000, 0x00000000a1700000|100%| O|  |TAMS 0x00000000a1700000, 0x00000000a1600000| Untracked 
|  23|0x00000000a1700000, 0x00000000a1800000, 0x00000000a1800000|100%| O|  |TAMS 0x00000000a1800000, 0x00000000a1700000| Untracked 
|  24|0x00000000a1800000, 0x00000000a1900000, 0x00000000a1900000|100%| O|  |TAMS 0x00000000a18c2e00, 0x00000000a1800000| Untracked 
|  25|0x00000000a1900000, 0x00000000a1a00000, 0x00000000a1a00000|100%| O|  |TAMS 0x00000000a1900000, 0x00000000a1900000| Untracked 
|  26|0x00000000a1a00000, 0x00000000a1b00000, 0x00000000a1b00000|100%| O|  |TAMS 0x00000000a1a00000, 0x00000000a1a00000| Untracked 
|  27|0x00000000a1b00000, 0x00000000a1c00000, 0x00000000a1c00000|100%| O|  |TAMS 0x00000000a1b00000, 0x00000000a1b00000| Untracked 
|  28|0x00000000a1c00000, 0x00000000a1d00000, 0x00000000a1d00000|100%| O|  |TAMS 0x00000000a1c00000, 0x00000000a1c00000| Untracked 
|  29|0x00000000a1d00000, 0x00000000a1e00000, 0x00000000a1e00000|100%| O|  |TAMS 0x00000000a1d00000, 0x00000000a1d00000| Untracked 
|  30|0x00000000a1e00000, 0x00000000a1f00000, 0x00000000a1f00000|100%| O|  |TAMS 0x00000000a1e00000, 0x00000000a1e00000| Untracked 
|  31|0x00000000a1f00000, 0x00000000a2000000, 0x00000000a2000000|100%| O|  |TAMS 0x00000000a1f00000, 0x00000000a1f00000| Untracked 
|  32|0x00000000a2000000, 0x00000000a2100000, 0x00000000a2100000|100%| O|  |TAMS 0x00000000a2000000, 0x00000000a2000000| Untracked 
|  33|0x00000000a2100000, 0x00000000a2200000, 0x00000000a2200000|100%| O|  |TAMS 0x00000000a2100000, 0x00000000a2100000| Untracked 
|  34|0x00000000a2200000, 0x00000000a2300000, 0x00000000a2300000|100%| O|  |TAMS 0x00000000a2200000, 0x00000000a2200000| Untracked 
|  35|0x00000000a2300000, 0x00000000a230ec00, 0x00000000a2400000|  5%| O|  |TAMS 0x00000000a2300000, 0x00000000a2300000| Untracked 
|  36|0x00000000a2400000, 0x00000000a2400000, 0x00000000a2500000|  0%| F|  |TAMS 0x00000000a2400000, 0x00000000a2400000| Untracked 
|  37|0x00000000a2500000, 0x00000000a2500000, 0x00000000a2600000|  0%| F|  |TAMS 0x00000000a2500000, 0x00000000a2500000| Untracked 
|  38|0x00000000a2600000, 0x00000000a2600000, 0x00000000a2700000|  0%| F|  |TAMS 0x00000000a2600000, 0x00000000a2600000| Untracked 
|  39|0x00000000a2700000, 0x00000000a2700000, 0x00000000a2800000|  0%| F|  |TAMS 0x00000000a2700000, 0x00000000a2700000| Untracked 
|  40|0x00000000a2800000, 0x00000000a2800000, 0x00000000a2900000|  0%| F|  |TAMS 0x00000000a2800000, 0x00000000a2800000| Untracked 
|  41|0x00000000a2900000, 0x00000000a2900000, 0x00000000a2a00000|  0%| F|  |TAMS 0x00000000a2900000, 0x00000000a2900000| Untracked 
|  42|0x00000000a2a00000, 0x00000000a2a00000, 0x00000000a2b00000|  0%| F|  |TAMS 0x00000000a2a00000, 0x00000000a2a00000| Untracked 
|  43|0x00000000a2b00000, 0x00000000a2b00000, 0x00000000a2c00000|  0%| F|  |TAMS 0x00000000a2b00000, 0x00000000a2b00000| Untracked 
|  44|0x00000000a2c00000, 0x00000000a2c00000, 0x00000000a2d00000|  0%| F|  |TAMS 0x00000000a2c00000, 0x00000000a2c00000| Untracked 
|  45|0x00000000a2d00000, 0x00000000a2d00000, 0x00000000a2e00000|  0%| F|  |TAMS 0x00000000a2d00000, 0x00000000a2d00000| Untracked 
|  46|0x00000000a2e00000, 0x00000000a2e00000, 0x00000000a2f00000|  0%| F|  |TAMS 0x00000000a2e00000, 0x00000000a2e00000| Untracked 
|  47|0x00000000a2f00000, 0x00000000a2f00000, 0x00000000a3000000|  0%| F|  |TAMS 0x00000000a2f00000, 0x00000000a2f00000| Untracked 
|  48|0x00000000a3000000, 0x00000000a3000000, 0x00000000a3100000|  0%| F|  |TAMS 0x00000000a3000000, 0x00000000a3000000| Untracked 
|  49|0x00000000a3100000, 0x00000000a3100000, 0x00000000a3200000|  0%| F|  |TAMS 0x00000000a3100000, 0x00000000a3100000| Untracked 
|  50|0x00000000a3200000, 0x00000000a323f3c0, 0x00000000a3300000| 24%| S|CS|TAMS 0x00000000a3200000, 0x00000000a3200000| Complete 
|  51|0x00000000a3300000, 0x00000000a3400000, 0x00000000a3400000|100%| S|CS|TAMS 0x00000000a3300000, 0x00000000a3300000| Complete 
|  52|0x00000000a3400000, 0x00000000a3400000, 0x00000000a3500000|  0%| F|  |TAMS 0x00000000a3400000, 0x00000000a3400000| Untracked 
|  53|0x00000000a3500000, 0x00000000a3500000, 0x00000000a3600000|  0%| F|  |TAMS 0x00000000a3500000, 0x00000000a3500000| Untracked 
|  54|0x00000000a3600000, 0x00000000a3600000, 0x00000000a3700000|  0%| F|  |TAMS 0x00000000a3600000, 0x00000000a3600000| Untracked 
|  55|0x00000000a3700000, 0x00000000a3700000, 0x00000000a3800000|  0%| F|  |TAMS 0x00000000a3700000, 0x00000000a3700000| Untracked 
|  56|0x00000000a3800000, 0x00000000a3883138, 0x00000000a3900000| 51%| E|  |TAMS 0x00000000a3800000, 0x00000000a3800000| Complete 
|  57|0x00000000a3900000, 0x00000000a3a00000, 0x00000000a3a00000|100%| E|CS|TAMS 0x00000000a3900000, 0x00000000a3900000| Complete 
|  58|0x00000000a3a00000, 0x00000000a3b00000, 0x00000000a3b00000|100%| E|CS|TAMS 0x00000000a3a00000, 0x00000000a3a00000| Complete 
|  59|0x00000000a3b00000, 0x00000000a3c00000, 0x00000000a3c00000|100%| E|CS|TAMS 0x00000000a3b00000, 0x00000000a3b00000| Complete 
|  60|0x00000000a3c00000, 0x00000000a3d00000, 0x00000000a3d00000|100%| E|CS|TAMS 0x00000000a3c00000, 0x00000000a3c00000| Complete 
|  61|0x00000000a3d00000, 0x00000000a3e00000, 0x00000000a3e00000|100%| E|CS|TAMS 0x00000000a3d00000, 0x00000000a3d00000| Complete 
|  62|0x00000000a3e00000, 0x00000000a3f00000, 0x00000000a3f00000|100%| E|CS|TAMS 0x00000000a3e00000, 0x00000000a3e00000| Complete 
|  63|0x00000000a3f00000, 0x00000000a4000000, 0x00000000a4000000|100%| E|CS|TAMS 0x00000000a3f00000, 0x00000000a3f00000| Complete 
|  64|0x00000000a4000000, 0x00000000a4100000, 0x00000000a4100000|100%| E|CS|TAMS 0x00000000a4000000, 0x00000000a4000000| Complete 
|  65|0x00000000a4100000, 0x00000000a4200000, 0x00000000a4200000|100%| E|CS|TAMS 0x00000000a4100000, 0x00000000a4100000| Complete 
|  66|0x00000000a4200000, 0x00000000a4300000, 0x00000000a4300000|100%| E|CS|TAMS 0x00000000a4200000, 0x00000000a4200000| Complete 
|  67|0x00000000a4300000, 0x00000000a4400000, 0x00000000a4400000|100%| E|CS|TAMS 0x00000000a4300000, 0x00000000a4300000| Complete 
| 133|0x00000000a8500000, 0x00000000a8600000, 0x00000000a8600000|100%| E|CS|TAMS 0x00000000a8500000, 0x00000000a8500000| Complete 
| 134|0x00000000a8600000, 0x00000000a8700000, 0x00000000a8700000|100%| E|CS|TAMS 0x00000000a8600000, 0x00000000a8600000| Complete 
| 135|0x00000000a8700000, 0x00000000a8800000, 0x00000000a8800000|100%| E|CS|TAMS 0x00000000a8700000, 0x00000000a8700000| Complete 
| 136|0x00000000a8800000, 0x00000000a8900000, 0x00000000a8900000|100%| E|CS|TAMS 0x00000000a8800000, 0x00000000a8800000| Complete 
| 137|0x00000000a8900000, 0x00000000a8a00000, 0x00000000a8a00000|100%| E|CS|TAMS 0x00000000a8900000, 0x00000000a8900000| Complete 
| 138|0x00000000a8a00000, 0x00000000a8b00000, 0x00000000a8b00000|100%| E|CS|TAMS 0x00000000a8a00000, 0x00000000a8a00000| Complete 
| 139|0x00000000a8b00000, 0x00000000a8c00000, 0x00000000a8c00000|100%| E|CS|TAMS 0x00000000a8b00000, 0x00000000a8b00000| Complete 
| 140|0x00000000a8c00000, 0x00000000a8d00000, 0x00000000a8d00000|100%| E|CS|TAMS 0x00000000a8c00000, 0x00000000a8c00000| Complete 
| 141|0x00000000a8d00000, 0x00000000a8e00000, 0x00000000a8e00000|100%| E|CS|TAMS 0x00000000a8d00000, 0x00000000a8d00000| Complete 
| 142|0x00000000a8e00000, 0x00000000a8f00000, 0x00000000a8f00000|100%| E|CS|TAMS 0x00000000a8e00000, 0x00000000a8e00000| Complete 
| 143|0x00000000a8f00000, 0x00000000a9000000, 0x00000000a9000000|100%| E|CS|TAMS 0x00000000a8f00000, 0x00000000a8f00000| Complete 
| 251|0x00000000afb00000, 0x00000000afc00000, 0x00000000afc00000|100%| E|CS|TAMS 0x00000000afb00000, 0x00000000afb00000| Complete 

Card table byte_map: [0x000001daf42b0000,0x000001daf45b0000] _byte_map_base: 0x000001daf3db0000

Marking Bits (Prev, Next): (CMBitMap*) 0x000001dae9f61090, (CMBitMap*) 0x000001dae9f610d0
 Prev Bits: [0x000001daf48b0000, 0x000001daf60b0000)
 Next Bits: [0x000001daf60b0000, 0x000001daf78b0000)

Polling page: 0x000001dae9bc0000

Metaspace:

Usage:
  Non-class:     39.92 MB used.
      Class:      6.69 MB used.
       Both:     46.60 MB used.

Virtual space:
  Non-class space:       64.00 MB reserved,      40.31 MB ( 63%) committed,  1 nodes.
      Class space:      416.00 MB reserved,       6.94 MB (  2%) committed,  1 nodes.
             Both:      480.00 MB reserved,      47.25 MB ( 10%) committed. 

Chunk freelists:
   Non-Class:  7.66 MB
       Class:  9.05 MB
        Both:  16.70 MB

MaxMetaspaceSize: 512.00 MB
CompressedClassSpaceSize: 416.00 MB
Initial GC threshold: 21.00 MB
Current GC threshold: 58.88 MB
CDS: on
MetaspaceReclaimPolicy: balanced
 - commit_granule_bytes: 65536.
 - commit_granule_words: 8192.
 - virtual_space_node_default_size: 8388608.
 - enlarge_chunks_in_place: 1.
 - new_chunks_are_fully_committed: 0.
 - uncommit_free_chunks: 1.
 - use_allocation_guard: 0.
 - handle_deallocations: 1.


Internal statistics:

num_allocs_failed_limit: 6.
num_arena_births: 890.
num_arena_deaths: 0.
num_vsnodes_births: 2.
num_vsnodes_deaths: 0.
num_space_committed: 756.
num_space_uncommitted: 0.
num_chunks_returned_to_freelist: 6.
num_chunks_taken_from_freelist: 2883.
num_chunk_merges: 6.
num_chunk_splits: 1907.
num_chunks_enlarged: 1297.
num_inconsistent_stats: 0.

CodeHeap 'non-profiled nmethods': size=120000Kb used=2516Kb max_used=3254Kb free=117483Kb
 bounds [0x000001da87ad0000, 0x000001da87e00000, 0x000001da8f000000]
CodeHeap 'profiled nmethods': size=120000Kb used=8442Kb max_used=10090Kb free=111557Kb
 bounds [0x000001da80000000, 0x000001da809e0000, 0x000001da87530000]
CodeHeap 'non-nmethods': size=5760Kb used=1662Kb max_used=1719Kb free=4097Kb
 bounds [0x000001da87530000, 0x000001da877a0000, 0x000001da87ad0000]
 total_blobs=5139 nmethods=4395 adapters=656
 compilation: enabled
              stopped_count=0, restarted_count=0
 full_count=0

Compilation events (20 events):
Event: 54.885 Thread 0x000001daf7a94070 5184       1       com.google.common.collect.LinkedHashMultimap$ValueEntry::setPredecessorInValueSet (6 bytes)
Event: 54.885 Thread 0x000001daf7a94070 nmethod 5184 0x000001da87c37490 code [0x000001da87c37620, 0x000001da87c37738]
Event: 54.885 Thread 0x000001daf7a94070 5186       1       com.google.common.collect.LinkedHashMultimap$ValueSet::setPredecessorInValueSet (6 bytes)
Event: 54.886 Thread 0x000001daf7a94070 nmethod 5186 0x000001da87c37190 code [0x000001da87c37320, 0x000001da87c37438]
Event: 54.886 Thread 0x000001daf7a94070 5187       3       com.google.common.collect.AbstractSetMultimap::get (9 bytes)
Event: 54.887 Thread 0x000001daf7a94070 nmethod 5187 0x000001da807c0990 code [0x000001da807c0b80, 0x000001da807c11c8]
Event: 54.887 Thread 0x000001daf7a94070 5188       3       com.google.common.collect.AbstractMapBasedMultimap$WrappedSet::<init> (14 bytes)
Event: 54.887 Thread 0x000001daf7a94070 nmethod 5188 0x000001da8033ac10 code [0x000001da8033adc0, 0x000001da8033af68]
Event: 54.888 Thread 0x000001daf7a94070 5190       3       org.objectweb.asm.Type::getDescriptor (18 bytes)
Event: 54.888 Thread 0x000001daf7a94070 nmethod 5190 0x000001da80568210 code [0x000001da80568400, 0x000001da80568838]
Event: 54.888 Thread 0x000001daf7a94070 5189       3       com.google.common.collect.LinkedHashMultimap::get (6 bytes)
Event: 54.889 Thread 0x000001daf7a94070 nmethod 5189 0x000001da808a5a10 code [0x000001da808a5c00, 0x000001da808a6208]
Event: 54.889 Thread 0x000001daf7a94070 5191       3       org.objectweb.asm.Frame::addInitializedType (77 bytes)
Event: 54.890 Thread 0x000001daf7a94070 nmethod 5191 0x000001da80452e10 code [0x000001da80452fe0, 0x000001da80453508]
Event: 54.918 Thread 0x000001daf7a94070 5192       3       org.gradle.internal.service.DefaultServiceRegistry$1::add (31 bytes)
Event: 54.919 Thread 0x000001daf7a94070 nmethod 5192 0x000001da8010b790 code [0x000001da8010b960, 0x000001da8010bbf8]
Event: 54.919 Thread 0x000001daf7a94070 5193       3       org.gradle.internal.service.DefaultServiceRegistry$ConstructorService::<init> (10 bytes)
Event: 54.919 Thread 0x000001daf7a94070 nmethod 5193 0x000001da803b9410 code [0x000001da803b95c0, 0x000001da803b9708]
Event: 54.924 Thread 0x000001daf7a874f0 nmethod 5182 0x000001da87b0d490 code [0x000001da87b0d760, 0x000001da87b0ed68]
Event: 54.924 Thread 0x000001daf7a874f0 5183       4       org.gradle.internal.instantiation.generator.AbstractClassGenerator$InjectionAnnotationValidator::validateMethod (506 bytes)

GC Heap History (20 events):
Event: 12.238 GC heap before
{Heap before GC invocations=2 (full 0):
 garbage-first heap   total 258048K, used 58690K [0x00000000a0000000, 0x0000000100000000)
  region size 1024K, 50 young (51200K), 5 survivors (5120K)
 Metaspace       used 4759K, committed 4992K, reserved 491520K
  class space    used 593K, committed 704K, reserved 425984K
}
Event: 12.249 GC heap after
{Heap after GC invocations=3 (full 0):
 garbage-first heap   total 258048K, used 15959K [0x00000000a0000000, 0x0000000100000000)
  region size 1024K, 5 young (5120K), 5 survivors (5120K)
 Metaspace       used 4759K, committed 4992K, reserved 491520K
  class space    used 593K, committed 704K, reserved 425984K
}
Event: 27.606 GC heap before
{Heap before GC invocations=3 (full 0):
 garbage-first heap   total 258048K, used 121431K [0x00000000a0000000, 0x0000000100000000)
  region size 1024K, 108 young (110592K), 5 survivors (5120K)
 Metaspace       used 21256K, committed 21504K, reserved 491520K
  class space    used 2938K, committed 3072K, reserved 425984K
}
Event: 27.629 GC heap after
{Heap after GC invocations=4 (full 0):
 garbage-first heap   total 258048K, used 22936K [0x00000000a0000000, 0x0000000100000000)
  region size 1024K, 11 young (11264K), 11 survivors (11264K)
 Metaspace       used 21256K, committed 21504K, reserved 491520K
  class space    used 2938K, committed 3072K, reserved 425984K
}
Event: 35.872 GC heap before
{Heap before GC invocations=5 (full 0):
 garbage-first heap   total 81920K, used 60824K [0x00000000a0000000, 0x0000000100000000)
  region size 1024K, 48 young (49152K), 11 survivors (11264K)
 Metaspace       used 25583K, committed 25920K, reserved 491520K
  class space    used 3623K, committed 3776K, reserved 425984K
}
Event: 35.894 GC heap after
{Heap after GC invocations=6 (full 0):
 garbage-first heap   total 81920K, used 25282K [0x00000000a0000000, 0x0000000100000000)
  region size 1024K, 3 young (3072K), 3 survivors (3072K)
 Metaspace       used 25583K, committed 25920K, reserved 491520K
  class space    used 3623K, committed 3776K, reserved 425984K
}
Event: 40.347 GC heap before
{Heap before GC invocations=6 (full 0):
 garbage-first heap   total 81920K, used 58050K [0x00000000a0000000, 0x0000000100000000)
  region size 1024K, 36 young (36864K), 3 survivors (3072K)
 Metaspace       used 29648K, committed 29952K, reserved 491520K
  class space    used 4216K, committed 4352K, reserved 425984K
}
Event: 40.353 GC heap after
{Heap after GC invocations=7 (full 0):
 garbage-first heap   total 81920K, used 26928K [0x00000000a0000000, 0x0000000100000000)
  region size 1024K, 4 young (4096K), 4 survivors (4096K)
 Metaspace       used 29648K, committed 29952K, reserved 491520K
  class space    used 4216K, committed 4352K, reserved 425984K
}
Event: 43.581 GC heap before
{Heap before GC invocations=7 (full 0):
 garbage-first heap   total 81920K, used 59696K [0x00000000a0000000, 0x0000000100000000)
  region size 1024K, 37 young (37888K), 4 survivors (4096K)
 Metaspace       used 34661K, committed 35200K, reserved 491520K
  class space    used 4857K, committed 5120K, reserved 425984K
}
Event: 43.595 GC heap after
{Heap after GC invocations=8 (full 0):
 garbage-first heap   total 81920K, used 29860K [0x00000000a0000000, 0x0000000100000000)
  region size 1024K, 5 young (5120K), 5 survivors (5120K)
 Metaspace       used 34661K, committed 35200K, reserved 491520K
  class space    used 4857K, committed 5120K, reserved 425984K
}
Event: 44.262 GC heap before
{Heap before GC invocations=8 (full 0):
 garbage-first heap   total 81920K, used 37028K [0x00000000a0000000, 0x0000000100000000)
  region size 1024K, 13 young (13312K), 5 survivors (5120K)
 Metaspace       used 35562K, committed 36096K, reserved 491520K
  class space    used 5004K, committed 5248K, reserved 425984K
}
Event: 44.273 GC heap after
{Heap after GC invocations=9 (full 0):
 garbage-first heap   total 81920K, used 30902K [0x00000000a0000000, 0x0000000100000000)
  region size 1024K, 1 young (1024K), 1 survivors (1024K)
 Metaspace       used 35562K, committed 36096K, reserved 491520K
  class space    used 5004K, committed 5248K, reserved 425984K
}
Event: 45.310 GC heap before
{Heap before GC invocations=10 (full 0):
 garbage-first heap   total 81920K, used 62646K [0x00000000a0000000, 0x0000000100000000)
  region size 1024K, 32 young (32768K), 1 survivors (1024K)
 Metaspace       used 36331K, committed 36928K, reserved 491520K
  class space    used 5135K, committed 5440K, reserved 425984K
}
Event: 45.316 GC heap after
{Heap after GC invocations=11 (full 0):
 garbage-first heap   total 81920K, used 30995K [0x00000000a0000000, 0x0000000100000000)
  region size 1024K, 2 young (2048K), 2 survivors (2048K)
 Metaspace       used 36331K, committed 36928K, reserved 491520K
  class space    used 5135K, committed 5440K, reserved 425984K
}
Event: 47.900 GC heap before
{Heap before GC invocations=11 (full 0):
 garbage-first heap   total 81920K, used 63763K [0x00000000a0000000, 0x0000000100000000)
  region size 1024K, 34 young (34816K), 2 survivors (2048K)
 Metaspace       used 38885K, committed 39552K, reserved 491520K
  class space    used 5551K, committed 5824K, reserved 425984K
}
Event: 47.905 GC heap after
{Heap after GC invocations=12 (full 0):
 garbage-first heap   total 81920K, used 32809K [0x00000000a0000000, 0x0000000100000000)
  region size 1024K, 3 young (3072K), 3 survivors (3072K)
 Metaspace       used 38885K, committed 39552K, reserved 491520K
  class space    used 5551K, committed 5824K, reserved 425984K
}
Event: 50.923 GC heap before
{Heap before GC invocations=12 (full 0):
 garbage-first heap   total 81920K, used 64553K [0x00000000a0000000, 0x0000000100000000)
  region size 1024K, 34 young (34816K), 3 survivors (3072K)
 Metaspace       used 41708K, committed 42368K, reserved 491520K
  class space    used 6014K, committed 6336K, reserved 425984K
}
Event: 50.931 GC heap after
{Heap after GC invocations=13 (full 0):
 garbage-first heap   total 81920K, used 35503K [0x00000000a0000000, 0x0000000100000000)
  region size 1024K, 5 young (5120K), 5 survivors (5120K)
 Metaspace       used 41708K, committed 42368K, reserved 491520K
  class space    used 6014K, committed 6336K, reserved 425984K
}
Event: 52.751 GC heap before
{Heap before GC invocations=13 (full 0):
 garbage-first heap   total 81920K, used 63151K [0x00000000a0000000, 0x0000000100000000)
  region size 1024K, 33 young (33792K), 5 survivors (5120K)
 Metaspace       used 44942K, committed 45568K, reserved 491520K
  class space    used 6446K, committed 6720K, reserved 425984K
}
Event: 52.758 GC heap after
{Heap after GC invocations=14 (full 0):
 garbage-first heap   total 81920K, used 36560K [0x00000000a0000000, 0x0000000100000000)
  region size 1024K, 2 young (2048K), 2 survivors (2048K)
 Metaspace       used 44942K, committed 45568K, reserved 491520K
  class space    used 6446K, committed 6720K, reserved 425984K
}

Dll operation events (15 events):
Event: 0.125 Loaded shared library C:\Program Files\Eclipse Adoptium\jdk-17.0.18.8-hotspot\bin\java.dll
Event: 0.277 Loaded shared library C:\Program Files\Eclipse Adoptium\jdk-17.0.18.8-hotspot\bin\jsvml.dll
Event: 0.660 Loaded shared library C:\Program Files\Eclipse Adoptium\jdk-17.0.18.8-hotspot\bin\zip.dll
Event: 0.710 Loaded shared library C:\Program Files\Eclipse Adoptium\jdk-17.0.18.8-hotspot\bin\instrument.dll
Event: 0.770 Loaded shared library C:\Program Files\Eclipse Adoptium\jdk-17.0.18.8-hotspot\bin\net.dll
Event: 0.827 Loaded shared library C:\Program Files\Eclipse Adoptium\jdk-17.0.18.8-hotspot\bin\nio.dll
Event: 0.866 Loaded shared library C:\Program Files\Eclipse Adoptium\jdk-17.0.18.8-hotspot\bin\zip.dll
Event: 3.805 Loaded shared library C:\Program Files\Eclipse Adoptium\jdk-17.0.18.8-hotspot\bin\jimage.dll
Event: 5.470 Loaded shared library C:\Program Files\Eclipse Adoptium\jdk-17.0.18.8-hotspot\bin\verify.dll
Event: 5.614 Loaded shared library C:\Users\Nandhitha_R\.gradle\native\1def1411415f61bf3af743bc5b6707747c0891f09f0c88961ee8f79bc544acac\windows-amd64\native-platform.dll
Event: 5.689 Loaded shared library C:\Users\Nandhitha_R\.gradle\native\0.2.8\x86_64-windows-gnu\gradle-fileevents.dll
Event: 13.234 Loaded shared library C:\Program Files\Eclipse Adoptium\jdk-17.0.18.8-hotspot\bin\management.dll
Event: 13.249 Loaded shared library C:\Program Files\Eclipse Adoptium\jdk-17.0.18.8-hotspot\bin\management_ext.dll
Event: 14.369 Loaded shared library C:\Program Files\Eclipse Adoptium\jdk-17.0.18.8-hotspot\bin\extnet.dll
Event: 15.691 Loaded shared library C:\Program Files\Eclipse Adoptium\jdk-17.0.18.8-hotspot\bin\sunmscapi.dll

Deoptimization events (20 events):
Event: 51.071 Thread 0x000001dafa6ec010 DEOPT PACKING pc=0x000001da87ceeba8 sp=0x000000c11c6f4da0
Event: 51.071 Thread 0x000001dafa6ec010 DEOPT UNPACKING pc=0x000001da875869a3 sp=0x000000c11c6f4d50 mode 2
Event: 51.497 Thread 0x000001dafa6ec010 Uncommon trap: trap_request=0xffffff54 fr.pc=0x000001da87b808bc relative=0x000000000000073c
Event: 51.497 Thread 0x000001dafa6ec010 Uncommon trap: reason=speculate_null_assert action=make_not_entrant pc=0x000001da87b808bc method=java.util.jar.JarFile.getVersionedEntry(Ljava/lang/String;Ljava/util/jar/JarEntry;)Ljava/util/jar/JarEntry; @ 115 c2
Event: 51.497 Thread 0x000001dafa6ec010 DEOPT PACKING pc=0x000001da87b808bc sp=0x000000c11c6f6230
Event: 51.497 Thread 0x000001dafa6ec010 DEOPT UNPACKING pc=0x000001da875869a3 sp=0x000000c11c6f6188 mode 2
Event: 53.509 Thread 0x000001dafa6ec010 DEOPT PACKING pc=0x000001da803fed1b sp=0x000000c11c6f7ff0
Event: 53.509 Thread 0x000001dafa6ec010 DEOPT UNPACKING pc=0x000001da87587143 sp=0x000000c11c6f7510 mode 0
Event: 53.633 Thread 0x000001dafa6ec010 Uncommon trap: trap_request=0xffffffc6 fr.pc=0x000001da87cd8d70 relative=0x0000000000000230
Event: 53.633 Thread 0x000001dafa6ec010 Uncommon trap: reason=bimorphic_or_optimized_type_check action=maybe_recompile pc=0x000001da87cd8d70 method=java.util.Spliterators$IteratorSpliterator.tryAdvance(Ljava/util/function/Consumer;)Z @ 50 c2
Event: 53.633 Thread 0x000001dafa6ec010 DEOPT PACKING pc=0x000001da87cd8d70 sp=0x000000c11c6f8c50
Event: 53.633 Thread 0x000001dafa6ec010 DEOPT UNPACKING pc=0x000001da875869a3 sp=0x000000c11c6f8bf0 mode 2
Event: 54.178 Thread 0x000001dafa6ec010 Uncommon trap: trap_request=0xffffff45 fr.pc=0x000001da87c1138c relative=0x0000000000000b6c
Event: 54.178 Thread 0x000001dafa6ec010 Uncommon trap: reason=unstable_if action=reinterpret pc=0x000001da87c1138c method=java.lang.String.<init>([BIILjava/nio/charset/Charset;)V @ 47 c2
Event: 54.178 Thread 0x000001dafa6ec010 DEOPT PACKING pc=0x000001da87c1138c sp=0x000000c11c6f7f40
Event: 54.178 Thread 0x000001dafa6ec010 DEOPT UNPACKING pc=0x000001da875869a3 sp=0x000000c11c6f7f28 mode 2
Event: 54.406 Thread 0x000001dafa6ec010 Uncommon trap: trap_request=0xffffff6e fr.pc=0x000001da87c530e8 relative=0x0000000000000468
Event: 54.406 Thread 0x000001dafa6ec010 Uncommon trap: reason=loop_limit_check action=maybe_recompile pc=0x000001da87c530e8 method=org.antlr.v4.runtime.BufferedTokenStream.previousTokenOnChannel(II)I @ 22 c2
Event: 54.406 Thread 0x000001dafa6ec010 DEOPT PACKING pc=0x000001da87c530e8 sp=0x000000c11c6f8330
Event: 54.406 Thread 0x000001dafa6ec010 DEOPT UNPACKING pc=0x000001da875869a3 sp=0x000000c11c6f81e0 mode 2

Classes loaded (20 events):
Event: 50.960 Loading class java/util/stream/SortedOps$OfRef
Event: 50.961 Loading class java/util/stream/SortedOps$OfRef done
Event: 50.963 Loading class java/util/stream/SortedOps$SizedRefSortingSink
Event: 50.964 Loading class java/util/stream/SortedOps$AbstractRefSortingSink
Event: 50.964 Loading class java/util/stream/SortedOps$AbstractRefSortingSink done
Event: 50.964 Loading class java/util/stream/SortedOps$SizedRefSortingSink done
Event: 51.480 Loading class java/util/concurrent/atomic/AtomicIntegerArray
Event: 51.482 Loading class java/util/concurrent/atomic/AtomicIntegerArray done
Event: 51.482 Loading class java/util/concurrent/atomic/AtomicLongArray
Event: 51.483 Loading class java/util/concurrent/atomic/AtomicLongArray done
Event: 53.335 Loading class sun/misc/SharedSecrets
Event: 53.335 Loading class sun/misc/SharedSecrets done
Event: 53.655 Loading class java/nio/channels/Channels$ReadableByteChannelImpl
Event: 53.655 Loading class java/nio/channels/Channels$ReadableByteChannelImpl done
Event: 53.693 Loading class java/util/EmptyStackException
Event: 53.694 Loading class java/util/EmptyStackException done
Event: 53.712 Loading class java/io/InvalidClassException
Event: 53.712 Loading class java/io/InvalidClassException done
Event: 54.542 Loading class java/util/Comparators$NaturalOrderComparator
Event: 54.542 Loading class java/util/Comparators$NaturalOrderComparator done

Classes unloaded (0 events):
No events

Classes redefined (0 events):
No events

Internal exceptions (20 events):
Event: 48.498 Thread 0x000001dafa6ec010 Exception <a 'java/lang/NoSuchMethodError'{0x00000000a8bf7ff0}: 'java.lang.Object java.lang.invoke.Invokers$Holder.linkToTargetMethod(java.lang.Object, java.lang.Object, int, java.lang.Object)'> (0x00000000a8bf7ff0) 
thrown [s\src\hotspot\share\interpreter\linkResolver.cpp, line 759]
Event: 48.921 Thread 0x000001dafa6ec010 Exception <a 'java/lang/NoSuchMethodError'{0x00000000a88f6248}: 'int java.lang.invoke.DirectMethodHandle$Holder.invokeSpecialIFC(java.lang.Object, java.lang.Object, java.lang.Object)'> (0x00000000a88f6248) 
thrown [s\src\hotspot\share\interpreter\linkResolver.cpp, line 759]
Event: 49.486 Thread 0x000001dafa6ec010 Exception <a 'java/lang/NoSuchMethodError'{0x00000000a410ed08}: 'java.lang.Object java.lang.invoke.DirectMethodHandle$Holder.newInvokeSpecial(java.lang.Object, java.lang.Object, long, java.lang.Object)'> (0x00000000a410ed08) 
thrown [s\src\hotspot\share\interpreter\linkResolver.cpp, line 759]
Event: 49.487 Thread 0x000001dafa6ec010 Exception <a 'java/lang/NoSuchMethodError'{0x00000000a4114288}: 'java.lang.Object java.lang.invoke.DirectMethodHandle$Holder.invokeSpecial(java.lang.Object, java.lang.Object, java.lang.Object, long, java.lang.Object)'> (0x00000000a4114288) 
thrown [s\src\hotspot\share\interpreter\linkResolver.cpp, line 759]
Event: 49.487 Thread 0x000001dafa6ec010 Exception <a 'java/lang/NoSuchMethodError'{0x00000000a4119160}: 'java.lang.Object java.lang.invoke.Invokers$Holder.linkToTargetMethod(java.lang.Object, long, java.lang.Object, java.lang.Object)'> (0x00000000a4119160) 
thrown [s\src\hotspot\share\interpreter\linkResolver.cpp, line 759]
Event: 49.496 Thread 0x000001dafa6ec010 Exception <a 'java/lang/NoSuchMethodError'{0x00000000a4146f90}: 'void java.lang.invoke.DirectMethodHandle$Holder.invokeStatic(java.lang.Object, java.lang.Object, java.lang.Object, int, java.lang.Object)'> (0x00000000a4146f90) 
thrown [s\src\hotspot\share\interpreter\linkResolver.cpp, line 759]
Event: 49.623 Thread 0x000001dafa6ec010 Exception <a 'java/lang/NoSuchMethodError'{0x00000000a3f26aa0}: 'int java.lang.invoke.DirectMethodHandle$Holder.invokeInterface(java.lang.Object, java.lang.Object, java.lang.Object, java.lang.Object, java.lang.Object)'> (0x00000000a3f26aa0) 
thrown [s\src\hotspot\share\interpreter\linkResolver.cpp, line 759]
Event: 49.996 Thread 0x000001dafa6ec010 Exception <a 'java/lang/NoSuchMethodError'{0x00000000a3c0aa40}: 'java.lang.Object java.lang.invoke.DirectMethodHandle$Holder.invokeSpecial(java.lang.Object, java.lang.Object, long, java.lang.Object, java.lang.Object)'> (0x00000000a3c0aa40) 
thrown [s\src\hotspot\share\interpreter\linkResolver.cpp, line 759]
Event: 50.423 Thread 0x000001dafa6ec010 Exception <a 'java/lang/NoSuchMethodError'{0x00000000a38a1348}: 'java.lang.Object java.lang.invoke.DirectMethodHandle$Holder.newInvokeSpecial(java.lang.Object, java.lang.Object, java.lang.Object, java.lang.Object, int, java.lang.Object)'> (0x00000000a38a1348) 
thrown [s\src\hotspot\share\interpreter\linkResolver.cpp, line 759]
Event: 50.431 Thread 0x000001dafa6ec010 Exception <a 'java/lang/NoSuchMethodError'{0x00000000a38a6dc0}: 'java.lang.Object java.lang.invoke.DirectMethodHandle$Holder.invokeSpecial(java.lang.Object, java.lang.Object, java.lang.Object, java.lang.Object, java.lang.Object, int, java.lang.Object)'> (0x00000000a38a6dc0) 
thrown [s\src\hotspot\share\interpreter\linkResolver.cpp, line 759]
Event: 50.432 Thread 0x000001dafa6ec010 Exception <a 'java/lang/NoSuchMethodError'{0x00000000a38abe88}: 'java.lang.Object java.lang.invoke.Invokers$Holder.linkToTargetMethod(java.lang.Object, java.lang.Object, java.lang.Object, int, java.lang.Object, java.lang.Object)'> (0x00000000a38abe88) 
thrown [s\src\hotspot\share\interpreter\linkResolver.cpp, line 759]
Event: 50.758 Thread 0x000001dafa6ec010 Exception <a 'java/lang/NoSuchMethodError'{0x00000000a330dea0}: 'java.lang.Object java.lang.invoke.DirectMethodHandle$Holder.invokeSpecialIFC(java.lang.Object, java.lang.Object, java.lang.Object)'> (0x00000000a330dea0) 
thrown [s\src\hotspot\share\interpreter\linkResolver.cpp, line 759]
Event: 51.202 Thread 0x000001dafa6ec010 Exception <a 'java/lang/NoSuchMethodError'{0x00000000a8c48408}: 'long java.lang.invoke.DirectMethodHandle$Holder.invokeStatic(java.lang.Object, java.lang.Object)'> (0x00000000a8c48408) 
thrown [s\src\hotspot\share\interpreter\linkResolver.cpp, line 759]
Event: 53.335 Thread 0x000001dafa6ec010 Exception <a 'java/lang/ClassNotFoundException'{0x00000000a8a5b4a0}: sun/misc/SharedSecrets> (0x00000000a8a5b4a0) 
thrown [s\src\hotspot\share\classfile\systemDictionary.cpp, line 256]
Event: 53.607 Thread 0x000001dafa6ec010 Exception <a 'sun/nio/fs/WindowsException'{0x00000000a861afb0}> (0x00000000a861afb0) 
thrown [s\src\hotspot\share\prims\jni.cpp, line 516]
Event: 53.608 Thread 0x000001dafa6ec010 Exception <a 'sun/nio/fs/WindowsException'{0x00000000a861cba0}> (0x00000000a861cba0) 
thrown [s\src\hotspot\share\prims\jni.cpp, line 516]
Event: 53.611 Thread 0x000001dafa6ec010 Exception <a 'sun/nio/fs/WindowsException'{0x00000000a8627d38}> (0x00000000a8627d38) 
thrown [s\src\hotspot\share\prims\jni.cpp, line 516]
Event: 54.445 Thread 0x000001dafa6ec010 Exception <a 'java/lang/NoSuchMethodError'{0x00000000a3ded518}: 'void java.lang.invoke.DirectMethodHandle$Holder.invokeStatic(java.lang.Object, java.lang.Object, java.lang.Object, java.lang.Object, java.lang.Object, java.lang.Object, java.lang.Object)'> (0x00000000a3ded518) 
thrown [s\src\hotspot\share\interpreter\linkResolver.cpp, line 759]
Event: 54.800 Thread 0x000001dafa6ec010 Exception <a 'java/lang/NoSuchMethodError'{0x00000000a3b5bb90}: 'java.lang.Object java.lang.invoke.DirectMethodHandle$Holder.newInvokeSpecial(java.lang.Object, java.lang.Object, java.lang.Object, java.lang.Object, java.lang.Object, java.lang.Object, java.lang.Object, java.lang.Object)'> (0x00000000a3b5bb90) 
thrown [s\src\hotspot\share\interpreter\linkResolver.cpp, line 759]
Event: 54.814 Thread 0x000001dafa6ec010 Exception <a 'java/lang/NoSuchMethodError'{0x00000000a3b61598}: 'java.lang.Object java.lang.invoke.Invokers$Holder.linkToTargetMethod(java.lang.Object, java.lang.Object, java.lang.Object, java.lang.Object, java.lang.Object, java.lang.Object, java.lang.Object, java.lang.Object)'> (0x00000000a3b61598) 
thrown [s\src\hotspot\share\interpreter\linkResolver.cpp, line 759]

VM Operations (20 events):
Event: 48.911 Executing VM operation: Cleanup
Event: 48.912 Executing VM operation: Cleanup done
Event: 49.922 Executing VM operation: Cleanup
Event: 49.923 Executing VM operation: Cleanup done
Event: 49.944 Executing VM operation: HandshakeAllThreads
Event: 49.944 Executing VM operation: HandshakeAllThreads done
Event: 50.922 Executing VM operation: G1CollectForAllocation
Event: 50.931 Executing VM operation: G1CollectForAllocation done
Event: 51.943 Executing VM operation: Cleanup
Event: 51.959 Executing VM operation: Cleanup done
Event: 52.751 Executing VM operation: G1CollectForAllocation
Event: 52.758 Executing VM operation: G1CollectForAllocation done
Event: 53.392 Executing VM operation: HandshakeAllThreads
Event: 53.393 Executing VM operation: HandshakeAllThreads done
Event: 53.475 Executing VM operation: HandshakeAllThreads
Event: 53.475 Executing VM operation: HandshakeAllThreads done
Event: 53.573 Executing VM operation: HandshakeAllThreads
Event: 53.574 Executing VM operation: HandshakeAllThreads done
Event: 54.407 Executing VM operation: ICBufferFull
Event: 54.407 Executing VM operation: ICBufferFull done

Memory protections (0 events):
No events

Nmethod flushes (20 events):
Event: 53.587 Thread 0x000001daf7a95990 flushing  nmethod 0x000001da80774d10
Event: 53.588 Thread 0x000001daf7a95990 flushing  nmethod 0x000001da80782610
Event: 53.588 Thread 0x000001daf7a95990 flushing  nmethod 0x000001da80796510
Event: 53.588 Thread 0x000001daf7a95990 flushing  nmethod 0x000001da807a3c10
Event: 53.588 Thread 0x000001daf7a95990 flushing  nmethod 0x000001da807be910
Event: 53.588 Thread 0x000001daf7a95990 flushing  nmethod 0x000001da807c0990
Event: 53.588 Thread 0x000001daf7a95990 flushing  nmethod 0x000001da807c0e10
Event: 53.588 Thread 0x000001daf7a95990 flushing  nmethod 0x000001da807cf690
Event: 53.588 Thread 0x000001daf7a95990 flushing  nmethod 0x000001da807d8d10
Event: 53.588 Thread 0x000001daf7a95990 flushing  nmethod 0x000001da8080c990
Event: 53.588 Thread 0x000001daf7a95990 flushing  nmethod 0x000001da80814e90
Event: 53.588 Thread 0x000001daf7a95990 flushing  nmethod 0x000001da80816e10
Event: 53.589 Thread 0x000001daf7a95990 flushing  nmethod 0x000001da80831710
Event: 53.589 Thread 0x000001daf7a95990 flushing  nmethod 0x000001da8083e790
Event: 53.589 Thread 0x000001daf7a95990 flushing  nmethod 0x000001da8085f490
Event: 53.589 Thread 0x000001daf7a95990 flushing  nmethod 0x000001da80864910
Event: 53.589 Thread 0x000001daf7a95990 flushing  nmethod 0x000001da80873c90
Event: 53.589 Thread 0x000001daf7a95990 flushing  nmethod 0x000001da80875410
Event: 53.589 Thread 0x000001daf7a95990 flushing  nmethod 0x000001da808a5a10
Event: 53.590 Thread 0x000001daf7a95990 flushing  nmethod 0x000001da8098e810

Events (20 events):
Event: 42.175 Thread 0x000001dafa6ec010 Thread added: 0x000001daab5eab00
Event: 42.482 Thread 0x000001daf7a94070 Thread added: 0x000001daabd31830
Event: 42.730 Thread 0x000001daabd31830 Thread added: 0x000001daac3fc530
Event: 44.364 Thread 0x000001daac3fc530 Thread exited: 0x000001daac3fc530
Event: 44.461 Thread 0x000001dafa6ec010 Thread added: 0x000001daab5ece70
Event: 44.969 Thread 0x000001daf7a94070 Thread added: 0x000001daae555ab0
Event: 45.336 Thread 0x000001daae555ab0 Thread exited: 0x000001daae555ab0
Event: 45.336 Thread 0x000001daabd31830 Thread exited: 0x000001daabd31830
Event: 45.667 Thread 0x000001daf7a94070 Thread added: 0x000001daabd31830
Event: 46.025 Thread 0x000001daabd31830 Thread exited: 0x000001daabd31830
Event: 47.508 Thread 0x000001daf7a94070 Thread added: 0x000001daab0c5390
Event: 48.502 Thread 0x000001daab0c5390 Thread exited: 0x000001daab0c5390
Event: 50.312 Thread 0x000001dafa6ec010 Thread added: 0x000001daab5ee2b0
Event: 50.313 Thread 0x000001dafa6ec010 Thread added: 0x000001daab5ed380
Event: 50.561 Thread 0x000001dafa6ec010 Thread added: 0x000001daab5ee7c0
Event: 50.567 Thread 0x000001dafa6ec010 Thread added: 0x000001daab5eecd0
Event: 50.762 Thread 0x000001dafa6ec010 Thread added: 0x000001daab5eb520
Event: 50.766 Thread 0x000001dafa6ec010 Thread added: 0x000001daab5ef1e0
Event: 50.947 Thread 0x000001daf7a94070 Thread added: 0x000001daab79cc30
Event: 52.820 Thread 0x000001daab79cc30 Thread exited: 0x000001daab79cc30


Dynamic libraries:
0x00007ff6b3470000 - 0x00007ff6b347e000 	C:\Program Files\Eclipse Adoptium\jdk-17.0.18.8-hotspot\bin\java.exe
0x00007ffc71a60000 - 0x00007ffc71cc7000 	C:\Windows\SYSTEM32\ntdll.dll
0x00007ffc70190000 - 0x00007ffc70259000 	C:\Windows\System32\KERNEL32.DLL
0x00007ffc6f3f0000 - 0x00007ffc6f7e4000 	C:\Windows\System32\KERNELBASE.dll
0x00007ffc015d0000 - 0x00007ffc0167e000 	d:\Program Files\Trae\resources\app\modules\sandbox\x64\trae_sbox.dll
0x00007ffc70320000 - 0x00007ffc703d6000 	C:\Windows\System32\ADVAPI32.dll
0x00007ffc70270000 - 0x00007ffc70319000 	C:\Windows\System32\msvcrt.dll
0x00007ffc711e0000 - 0x00007ffc71287000 	C:\Windows\System32\sechost.dll
0x00007ffc704e0000 - 0x00007ffc705f8000 	C:\Windows\System32\RPCRT4.dll
0x00007ffc6f2a0000 - 0x00007ffc6f3eb000 	C:\Windows\System32\ucrtbase.dll
0x00007ffc59200000 - 0x00007ffc59218000 	C:\Program Files\Eclipse Adoptium\jdk-17.0.18.8-hotspot\bin\jli.dll
0x00007ffc71010000 - 0x00007ffc711d5000 	C:\Windows\System32\USER32.dll
0x00007ffc6ed20000 - 0x00007ffc6ed47000 	C:\Windows\System32\win32u.dll
0x00007ffc70600000 - 0x00007ffc7062b000 	C:\Windows\System32\GDI32.dll
0x00007ffc6ee10000 - 0x00007ffc6ef3b000 	C:\Windows\System32\gdi32full.dll
0x00007ffc6f160000 - 0x00007ffc6f203000 	C:\Windows\System32\msvcp_win.dll
0x00007ffc596a0000 - 0x00007ffc596be000 	C:\Program Files\Eclipse Adoptium\jdk-17.0.18.8-hotspot\bin\VCRUNTIME140.dll
0x00007ffc51ff0000 - 0x00007ffc52283000 	C:\Windows\WinSxS\amd64_microsoft.windows.common-controls_6595b64144ccf1df_6.0.26100.8115_none_3e075c82e3354f9c\COMCTL32.dll
0x00007ffc2a210000 - 0x00007ffc2a29f000 	d:\Program Files\Trae\resources\app\modules\sandbox\x64\sbox_ipc.dll
0x00007ffc70f40000 - 0x00007ffc70f72000 	C:\Windows\System32\IMM32.DLL
0x00007ffc61e70000 - 0x00007ffc61e7c000 	C:\Program Files\Eclipse Adoptium\jdk-17.0.18.8-hotspot\bin\vcruntime140_1.dll
0x00007ffc6c300000 - 0x00007ffc6c542000 	C:\Windows\SYSTEM32\dbghelp.dll
0x00007ffc70a00000 - 0x00007ffc70d82000 	C:\Windows\System32\combase.dll
0x00007ffc70680000 - 0x00007ffc70758000 	C:\Windows\System32\OLEAUT32.dll
0x00007ffc2dc10000 - 0x00007ffc2dc9d000 	C:\Program Files\Eclipse Adoptium\jdk-17.0.18.8-hotspot\bin\msvcp140.dll
0x00007ffc4c2d0000 - 0x00007ffc4c30b000 	C:\Windows\SYSTEM32\dbgcore.DLL
0x00007ffbce7e0000 - 0x00007ffbcf44b000 	C:\Program Files\Eclipse Adoptium\jdk-17.0.18.8-hotspot\bin\server\jvm.dll
0x00007ffc708c0000 - 0x00007ffc70940000 	C:\Windows\System32\WS2_32.dll
0x00007ffc6e190000 - 0x00007ffc6e1ee000 	C:\Windows\SYSTEM32\POWRPROF.dll
0x00007ffc6b2f0000 - 0x00007ffc6b326000 	C:\Windows\SYSTEM32\WINMM.dll
0x00007ffc5aed0000 - 0x00007ffc5aedb000 	C:\Windows\SYSTEM32\VERSION.dll
0x00007ffc6e170000 - 0x00007ffc6e184000 	C:\Windows\SYSTEM32\UMPDC.dll
0x00007ffc6d090000 - 0x00007ffc6d0ab000 	C:\Windows\SYSTEM32\kernel.appcore.dll
0x00007ffc5ca30000 - 0x00007ffc5ca3a000 	C:\Program Files\Eclipse Adoptium\jdk-17.0.18.8-hotspot\bin\jimage.dll
0x00007ffc6f0b0000 - 0x00007ffc6f155000 	C:\Windows\System32\bcryptPrimitives.dll
0x00007ffc6ca50000 - 0x00007ffc6cb82000 	C:\Windows\SYSTEM32\dnsapi.dll
0x00007ffc6ca10000 - 0x00007ffc6ca42000 	C:\Windows\SYSTEM32\IPHLPAPI.DLL
0x00007ffc70d90000 - 0x00007ffc70d9a000 	C:\Windows\System32\NSI.dll
0x00007ffc4ff90000 - 0x00007ffc4ff9e000 	C:\Program Files\Eclipse Adoptium\jdk-17.0.18.8-hotspot\bin\instrument.dll
0x00007ffc4c020000 - 0x00007ffc4c045000 	C:\Program Files\Eclipse Adoptium\jdk-17.0.18.8-hotspot\bin\java.dll
0x00007ffc2d470000 - 0x00007ffc2d547000 	C:\Program Files\Eclipse Adoptium\jdk-17.0.18.8-hotspot\bin\jsvml.dll
0x00007ffc712b0000 - 0x00007ffc71a17000 	C:\Windows\System32\SHELL32.dll
0x00007ffc6ef40000 - 0x00007ffc6f0aa000 	C:\Windows\System32\wintypes.dll
0x00007ffc6e330000 - 0x00007ffc6eb98000 	C:\Windows\System32\windows.storage.dll
0x00007ffc703e0000 - 0x00007ffc704d8000 	C:\Windows\System32\SHCORE.dll
0x00007ffc70120000 - 0x00007ffc70186000 	C:\Windows\System32\shlwapi.dll
0x00007ffc6e250000 - 0x00007ffc6e279000 	C:\Windows\SYSTEM32\profapi.dll
0x00007ffc2dd50000 - 0x00007ffc2dd68000 	C:\Program Files\Eclipse Adoptium\jdk-17.0.18.8-hotspot\bin\zip.dll
0x00007ffc31780000 - 0x00007ffc3179a000 	C:\Program Files\Eclipse Adoptium\jdk-17.0.18.8-hotspot\bin\net.dll
0x00007ffc64710000 - 0x00007ffc6483d000 	C:\Windows\SYSTEM32\WINHTTP.dll
0x00007ffc6d630000 - 0x00007ffc6d69c000 	C:\Windows\system32\mswsock.dll
0x00007ffc31400000 - 0x00007ffc31416000 	C:\Program Files\Eclipse Adoptium\jdk-17.0.18.8-hotspot\bin\nio.dll
0x00007ffc58f70000 - 0x00007ffc58f80000 	C:\Program Files\Eclipse Adoptium\jdk-17.0.18.8-hotspot\bin\verify.dll
0x00007ffc2dbe0000 - 0x00007ffc2dc07000 	C:\Users\Nandhitha_R\.gradle\native\1def1411415f61bf3af743bc5b6707747c0891f09f0c88961ee8f79bc544acac\windows-amd64\native-platform.dll
0x00007ffc2d3f0000 - 0x00007ffc2d467000 	C:\Users\Nandhitha_R\.gradle\native\0.2.8\x86_64-windows-gnu\gradle-fileevents.dll
0x00007ffc59630000 - 0x00007ffc5963a000 	C:\Program Files\Eclipse Adoptium\jdk-17.0.18.8-hotspot\bin\management.dll
0x00007ffc59600000 - 0x00007ffc5960c000 	C:\Program Files\Eclipse Adoptium\jdk-17.0.18.8-hotspot\bin\management_ext.dll
0x00007ffc70260000 - 0x00007ffc70268000 	C:\Windows\System32\PSAPI.DLL
0x00007ffc68960000 - 0x00007ffc6897d000 	C:\Windows\SYSTEM32\dhcpcsvc6.DLL
0x00007ffc68890000 - 0x00007ffc688b5000 	C:\Windows\SYSTEM32\dhcpcsvc.DLL
0x00007ffc58a20000 - 0x00007ffc58a29000 	C:\Program Files\Eclipse Adoptium\jdk-17.0.18.8-hotspot\bin\extnet.dll
0x00007ffc6d920000 - 0x00007ffc6d93b000 	C:\Windows\SYSTEM32\CRYPTSP.dll
0x00007ffc6cff0000 - 0x00007ffc6d029000 	C:\Windows\system32\rsaenh.dll
0x00007ffc6d6e0000 - 0x00007ffc6d713000 	C:\Windows\SYSTEM32\USERENV.dll
0x00007ffc6e220000 - 0x00007ffc6e24a000 	C:\Windows\SYSTEM32\bcrypt.dll
0x00007ffc6d910000 - 0x00007ffc6d91c000 	C:\Windows\SYSTEM32\CRYPTBASE.dll
0x00007ffc4c0a0000 - 0x00007ffc4c0ae000 	C:\Program Files\Eclipse Adoptium\jdk-17.0.18.8-hotspot\bin\sunmscapi.dll
0x00007ffc6eba0000 - 0x00007ffc6ed17000 	C:\Windows\System32\CRYPT32.dll
0x00007ffc6db30000 - 0x00007ffc6db60000 	C:\Windows\SYSTEM32\ncrypt.dll
0x00007ffc6dae0000 - 0x00007ffc6db1f000 	C:\Windows\SYSTEM32\NTASN1.dll
0x00007ffc3d570000 - 0x00007ffc3d578000 	C:\Windows\system32\wshunix.dll
0x00007ffc6b890000 - 0x00007ffc6b939000 	C:\Windows\system32\uxtheme.dll
0x00007ffc6fc80000 - 0x00007ffc6fd2e000 	C:\Windows\System32\clbcatq.dll
0x00007ffc70da0000 - 0x00007ffc70f37000 	C:\Windows\System32\ole32.dll
0x00007ffc6dec0000 - 0x00007ffc6df11000 	C:\Windows\SYSTEM32\CFGMGR32.dll
0x00007ffc68de0000 - 0x00007ffc68ee3000 	C:\Windows\system32\propsys.dll
0x00007ffc6d1c0000 - 0x00007ffc6d1f6000 	C:\Windows\SYSTEM32\ntmarta.dll
0x00007ffc6d340000 - 0x00007ffc6d389000 	C:\Windows\System32\SspiCli.dll
0x00007ffc6fd40000 - 0x00007ffc6fdbc000 	C:\Windows\System32\coml2.dll

dbghelp: loaded successfully - version: 4.0.5 - missing functions: none
symbol engine: initialized successfully - sym options: 0x614 - pdb path: .;C:\Program Files\Eclipse Adoptium\jdk-17.0.18.8-hotspot\bin;C:\Windows\SYSTEM32;d:\Program Files\Trae\resources\app\modules\sandbox\x64;C:\Windows\WinSxS\amd64_microsoft.windows.common-controls_6595b64144ccf1df_6.0.26100.8115_none_3e075c82e3354f9c;C:\Program Files\Eclipse Adoptium\jdk-17.0.18.8-hotspot\bin\server;C:\Users\Nandhitha_R\.gradle\native\1def1411415f61bf3af743bc5b6707747c0891f09f0c88961ee8f79bc544acac\windows-amd64;C:\Users\Nandhitha_R\.gradle\native\0.2.8\x86_64-windows-gnu

VM Arguments:
jvm_args: --add-opens=java.base/java.lang=ALL-UNNAMED --add-opens=java.base/java.lang.invoke=ALL-UNNAMED --add-opens=java.base/java.util=ALL-UNNAMED --add-opens=java.prefs/java.util.prefs=ALL-UNNAMED --add-exports=jdk.compiler/com.sun.tools.javac.api=ALL-UNNAMED --add-exports=jdk.compiler/com.sun.tools.javac.util=ALL-UNNAMED --add-opens=java.base/java.util=ALL-UNNAMED --add-opens=java.prefs/java.util.prefs=ALL-UNNAMED --add-opens=java.base/java.nio.charset=ALL-UNNAMED --add-opens=java.base/java.net=ALL-UNNAMED --add-opens=java.base/java.util.concurrent=ALL-UNNAMED --add-opens=java.base/java.util.concurrent.atomic=ALL-UNNAMED --add-opens=java.xml/javax.xml.namespace=ALL-UNNAMED -XX:MaxMetaspaceSize=512m -XX:+HeapDumpOnOutOfMemoryError -Xmx1536m -Dfile.encoding=UTF-8 -Duser.country=IN -Duser.language=en -Duser.variant -javaagent:C:\Users\Nandhitha_R\.gradle\wrapper\dists\gradle-9.0.0-bin\d6wjpkvcgsg3oed0qlfss3wgl\gradle-9.0.0\lib\agents\gradle-instrumentation-agent-9.0.0.jar 
java_command: org.gradle.launcher.daemon.bootstrap.GradleDaemon 9.0.0
java_class_path (initial): C:\Users\Nandhitha_R\.gradle\wrapper\dists\gradle-9.0.0-bin\d6wjpkvcgsg3oed0qlfss3wgl\gradle-9.0.0\lib\gradle-daemon-main-9.0.0.jar
Launcher Type: SUN_STANDARD

[Global flags]
     intx CICompilerCount                          = 4                                         {product} {ergonomic}
   size_t CompressedClassSpaceSize                 = 436207616                                 {product} {ergonomic}
     uint ConcGCThreads                            = 3                                         {product} {ergonomic}
     uint G1ConcRefinementThreads                  = 10                                        {product} {ergonomic}
   size_t G1HeapRegionSize                         = 1048576                                   {product} {ergonomic}
    uintx GCDrainStackTargetSize                   = 64                                        {product} {ergonomic}
     bool HeapDumpOnOutOfMemoryError               = true                                   {manageable} {command line}
   size_t InitialHeapSize                          = 264241152                                 {product} {ergonomic}
   size_t MarkStackSize                            = 4194304                                   {product} {ergonomic}
   size_t MaxHeapSize                              = 1610612736                                {product} {command line}
   size_t MaxMetaspaceSize                         = 536870912                                 {product} {command line}
   size_t MaxNewSize                               = 965738496                                 {product} {ergonomic}
   size_t MinHeapDeltaBytes                        = 1048576                                   {product} {ergonomic}
   size_t MinHeapSize                              = 8388608                                   {product} {ergonomic}
    uintx NonNMethodCodeHeapSize                   = 5839372                                {pd product} {ergonomic}
    uintx NonProfiledCodeHeapSize                  = 122909434                              {pd product} {ergonomic}
    uintx ProfiledCodeHeapSize                     = 122909434                              {pd product} {ergonomic}
    uintx ReservedCodeCacheSize                    = 251658240                              {pd product} {ergonomic}
     bool SegmentedCodeCache                       = true                                      {product} {ergonomic}
   size_t SoftMaxHeapSize                          = 1610612736                             {manageable} {ergonomic}
     bool UseCompressedClassPointers               = true                           {product lp64_product} {ergonomic}
     bool UseCompressedOops                        = true                           {product lp64_product} {ergonomic}
     bool UseG1GC                                  = true                                      {product} {ergonomic}
     bool UseLargePagesIndividualAllocation        = false                                  {pd product} {ergonomic}

Logging:
Log output configuration:
 #0: stdout all=warning uptime,level,tags
 #1: stderr all=off uptime,level,tags

Environment Variables:
JAVA_HOME=C:\Program Files\Eclipse Adoptium\jdk-17.0.18.8-hotspot
PATH=c:\\Users\\Nandhitha_R\\.trae\\tools\\trae-gopls\\current;c:\\Users\\Nandhitha_R\\.trae\\sdks\\workspaces\\d1813b88\\versions\\node\\current;c:\\Users\\Nandhitha_R\\.trae\\sdks\\versions\\node\\current;c:\Users\Nandhitha_R\.trae\tools\trae-gopls\current;c:\Users\Nandhitha_R\.trae\sdks\workspaces\d1813b88\versions\node\current;c:\Users\Nandhitha_R\.trae\sdks\versions\node\current;C:\Program Files\Eclipse Adoptium\jdk-17.0.18.8-hotspot\bin;C:\Program Files\Python312\Scripts\;C:\Program Files\Python312\;C:\Windows\System32;C:\Program Files\Git\cmd;C:\Program Files\Eclipse Adoptium\jdk-17.0.18.8-hotspot\bin;C:\Program Files\nodejs\;C:\Users\Nandhitha_R\AppData\Local\Android\Sdk\platform-tools;C:\Users\Nandhitha_R\AppData\Local\Android\Sdk\emulator;C:\Program Files\Eclipse Adoptium\jdk-17.0.18.8-hotspot\bin;C:\Users\Nandhitha_R\AppData\Local\Programs\Python\Python312;C:\Program Files\MongoDB\Server\7.0\bin;C:\Users\Nandhitha_R\AppData\Local\Programs\Python\Launcher\;C:\Users\Nandhitha_R\AppData\Roaming\npm;C:\Users\Nandhitha_R\AppData\Local\Programs\Microsoft VS Code\bin;D:\Program Files\Antigravity\bin;c:\Users\Nandhitha_R\.trae\extensions\vscjava.vscode-java-debug-0.59.0-universal\bundled\scripts\noConfigScripts
USERNAME=Nandhitha_R
LANG=en_US.UTF-8
OS=Windows_NT
PROCESSOR_IDENTIFIER=Intel64 Family 6 Model 154 Stepping 4, GenuineIntel
TMP=C:\Users\NANDHI~1\AppData\Local\Temp
TEMP=C:\Users\NANDHI~1\AppData\Local\Temp



Periodic native trim disabled


---------------  S Y S T E M  ---------------

OS:
 Windows 11 , 64 bit Build 26100 (10.0.26100.8246)
OS uptime: 2 days 5:55 hours
Hyper-V role detected

CPU: total 12 (initial active 12) (6 cores per cpu, 2 threads per core) family 6 model 154 stepping 4 microcode 0x43b, cx8, cmov, fxsr, ht, mmx, 3dnowpref, sse, sse2, sse3, ssse3, sse4.1, sse4.2, popcnt, lzcnt, tsc, tscinvbit, avx, avx2, aes, erms, clmul, bmi1, bmi2, adx, sha, fma, vzeroupper, clflush, clflushopt, clwb, hv
Processor Information for all 12 processors :
  Max Mhz: 1300, Current Mhz: 1300, Mhz Limit: 1300

Memory: 4k page, system-wide physical 16068M (1933M free)
TotalPageFile size 23699M (AvailPageFile size 1832M)
current process WorkingSet (physical memory assigned to process): 262M, peak: 278M
current process commit charge ("private bytes"): 295M, peak: 445M

vm_info: OpenJDK 64-Bit Server VM (17.0.18+8) for windows-amd64 JRE (17.0.18+8), built on Jan 20 2026 22:28:22 by "admin" with MS VC++ 17.12 (VS2022)

END.
