#
# There is insufficient memory for the Java Runtime Environment to continue.
# Native memory allocation (mmap) failed to map 3522560 bytes. Error detail: G1 virtual space
# Possible reasons:
#   The system is out of physical RAM or swap space
#   This process is running with CompressedOops enabled, and the Java Heap may be blocking the growth of the native heap
# Possible solutions:
#   Reduce memory load on the system
#   Increase physical memory or swap space
#   Check if swap backing store is full
#   Decrease Java heap size (-Xmx/-Xms)
#   Decrease number of Java threads
#   Decrease Java thread stack sizes (-Xss)
#   Set larger code cache with -XX:ReservedCodeCacheSize=
#   JVM is running with Unscaled Compressed Oops mode in which the Java heap is
#     placed in the first 4GB address space. The Java Heap base address is the
#     maximum limit for the native heap growth. Please use -XX:HeapBaseMinAddress
#     to set the Java Heap base and to place the Java Heap above 4GB virtual address.
# This output file may be truncated or incomplete.
#
#  Out of Memory Error (os_windows.cpp:3618), pid=11428, tid=25496
#
# JRE version: OpenJDK Runtime Environment Temurin-17.0.18+8 (17.0.18+8) (build 17.0.18+8)
# Java VM: OpenJDK 64-Bit Server VM Temurin-17.0.18+8 (17.0.18+8, mixed mode, sharing, tiered, compressed oops, compressed class ptrs, g1 gc, windows-amd64)
# No core dump will be written. Minidumps are not enabled by default on client versions of Windows
#

---------------  S U M M A R Y ------------

Command Line: --add-opens=java.base/java.lang=ALL-UNNAMED --add-opens=java.base/java.lang.invoke=ALL-UNNAMED --add-opens=java.base/java.util=ALL-UNNAMED --add-opens=java.prefs/java.util.prefs=ALL-UNNAMED --add-exports=jdk.compiler/com.sun.tools.javac.api=ALL-UNNAMED --add-exports=jdk.compiler/com.sun.tools.javac.util=ALL-UNNAMED --add-opens=java.base/java.util=ALL-UNNAMED --add-opens=java.prefs/java.util.prefs=ALL-UNNAMED --add-opens=java.base/java.nio.charset=ALL-UNNAMED --add-opens=java.base/java.net=ALL-UNNAMED --add-opens=java.base/java.util.concurrent=ALL-UNNAMED --add-opens=java.base/java.util.concurrent.atomic=ALL-UNNAMED --add-opens=java.xml/javax.xml.namespace=ALL-UNNAMED -XX:MaxMetaspaceSize=256m -XX:+HeapDumpOnOutOfMemoryError -Xmx1024m -Dfile.encoding=UTF-8 -Duser.country=IN -Duser.language=en -Duser.variant -javaagent:C:\Users\Nandhitha_R\.gradle\wrapper\dists\gradle-9.0.0-bin\d6wjpkvcgsg3oed0qlfss3wgl\gradle-9.0.0\lib\agents\gradle-instrumentation-agent-9.0.0.jar org.gradle.launcher.daemon.bootstrap.GradleDaemon 9.0.0

Host: 12th Gen Intel(R) Core(TM) i5-1235U, 12 cores, 15G,  Windows 11 , 64 bit Build 26100 (10.0.26100.8328)
Time: Tue May  5 12:09:53 2026 India Standard Time elapsed time: 47.497720 seconds (0d 0h 0m 47s)

---------------  T H R E A D  ---------------

Current thread (0x000002aaa287d220):  VMThread "VM Thread" [stack: 0x000000b47ad00000,0x000000b47ae00000] [id=25496]

Stack: [0x000000b47ad00000,0x000000b47ae00000]
Native frames: (J=compiled Java code, j=interpreted, Vv=VM code, C=native code)
V  [jvm.dll+0x6846f9]
V  [jvm.dll+0x839ea5]
V  [jvm.dll+0x83b91e]
V  [jvm.dll+0x83bfa3]
V  [jvm.dll+0x248eff]
V  [jvm.dll+0x6814b9]
V  [jvm.dll+0x6762ba]
V  [jvm.dll+0x309257]
V  [jvm.dll+0x310826]
V  [jvm.dll+0x360db3]
V  [jvm.dll+0x360fdd]
V  [jvm.dll+0x2e02dc]
V  [jvm.dll+0x2e3366]
V  [jvm.dll+0x2edaa4]
V  [jvm.dll+0x320d5d]
V  [jvm.dll+0x8407bd]
V  [jvm.dll+0x8414f3]
V  [jvm.dll+0x841a1f]
V  [jvm.dll+0x841e05]
V  [jvm.dll+0x841ece]
V  [jvm.dll+0x7eaaec]
V  [jvm.dll+0x6835c7]
C  [ucrtbase.dll+0x37b0]
C  [KERNEL32.DLL+0x2e957]
C  [ntdll.dll+0x427c]

VM_Operation (0x000000b47a9ff4d0): G1PauseRemark, mode: safepoint, requested by thread 0x000002aa865a8390


---------------  P R O C E S S  ---------------

Threads class SMR info:
_java_thread_list=0x000002aac2620320, length=205, elements={
0x000002aa86565510, 0x000002aaa2887230, 0x000002aaa2888d10, 0x000002aaa289a9b0,
0x000002aaa289b280, 0x000002aaa289db60, 0x000002aaa289e430, 0x000002aaa28a1040,
0x000002aaa28a1950, 0x000002aaa28a2260, 0x000002aaa286c110, 0x000002aaa2b7bb70,
0x000002aab6302ea0, 0x000002aab6cd6030, 0x000002aab6cda0f0, 0x000002aab67c6c00,
0x000002aab6ca28b0, 0x000002aab6dc5690, 0x000002aab6dc5ba0, 0x000002aab6dc6ad0,
0x000002aab6dc60b0, 0x000002aab6dc4c70, 0x000002aab6dc3320, 0x000002aab6dc4760,
0x000002aab6dc3830, 0x000002aab6dc5180, 0x000002aab6dc65c0, 0x000002aab6dc4250,
0x000002aab6dc3d40, 0x000002aab7211ec0, 0x000002aab7210a80, 0x000002aab7213300,
0x000002aab72114a0, 0x000002aab7213810, 0x000002aab72128e0, 0x000002aab72119b0,
0x000002aab72123d0, 0x000002aab7210060, 0x000002aab7212df0, 0x000002aab7213d20,
0x000002aab7210570, 0x000002aab72179e0, 0x000002aab7216fc0, 0x000002aab72165a0,
0x000002aab7214c50, 0x000002aab7216090, 0x000002aab7216ab0, 0x000002aab7214740,
0x000002aab7215160, 0x000002aab7215670, 0x000002aab7215b80, 0x000002aab7214230,
0x000002aab72174d0, 0x000002aab9b7ae70, 0x000002aab9b79f40, 0x000002aab9b79010,
0x000002aab9b7a450, 0x000002aab9b79520, 0x000002aab9b7a960, 0x000002aab9b7b380,
0x000002aab9b7b890, 0x000002aab9b7bda0, 0x000002aab9b78b00, 0x000002aab9b785f0,
0x000002aab9b7c2b0, 0x000002aab9b7c7c0, 0x000002aab9b7ccd0, 0x000002aab9b7d1e0,
0x000002aab9b79a30, 0x000002aab9b7d6f0, 0x000002aab9b7f040, 0x000002aab9b7ff70,
0x000002aab9b7f550, 0x000002aab9b7dc00, 0x000002aab9b7e620, 0x000002aab9b7eb30,
0x000002aabab93a70, 0x000002aabab94490, 0x000002aabab90ce0, 0x000002aabab91c10,
0x000002aabab91700, 0x000002aabab93f80, 0x000002aabab93050, 0x000002aabab949a0,
0x000002aabab92630, 0x000002aabab911f0, 0x000002aabab94eb0, 0x000002aabab96d10,
0x000002aabab93560, 0x000002aabab98150, 0x000002aabab953c0, 0x000002aabab96800,
0x000002aabab98660, 0x000002aabab97220, 0x000002aabab958d0, 0x000002aabab962f0,
0x000002aabab95de0, 0x000002aabab97730, 0x000002aabab97c40, 0x000002aab7543200,
0x000002aab75427e0, 0x000002aab7541dc0, 0x000002aab75422d0, 0x000002aab7545570,
0x000002aab7542cf0, 0x000002aab7543c20, 0x000002aab7544b50, 0x000002aab7544130,
0x000002aab7543710, 0x000002aab7544640, 0x000002aab7545060, 0x000002aab6152af0,
0x000002aab614f850, 0x000002aab614fd60, 0x000002aab6150270, 0x000002aab61525e0,
0x000002aab61511a0, 0x000002aab6150780, 0x000002aab614f340, 0x000002aab6153510,
0x000002aab6153a20, 0x000002aab6154440, 0x000002aab61516b0, 0x000002aab6151bc0,
0x000002aab6153f30, 0x000002aab61520d0, 0x000002aab6153000, 0x000002aab6150c90,
0x000002aab6154950, 0x000002aab6154e60, 0x000002aab6155370, 0x000002aab6155880,
0x000002aab6155d90, 0x000002aab61562a0, 0x000002aab61567b0, 0x000002aab6156cc0,
0x000002aab98c2e50, 0x000002aab98c60f0, 0x000002aab98c4290, 0x000002aab98c3870,
0x000002aab98c5be0, 0x000002aab98c6600, 0x000002aab98c3d80, 0x000002aab98c47a0,
0x000002aab98c6b10, 0x000002aab98c3360, 0x000002aab98c56d0, 0x000002aab98c7020,
0x000002aab98c51c0, 0x000002aab98c7530, 0x000002aab98c7a40, 0x000002aab98c4cb0,
0x000002aab98c7f50, 0x000002aab98ca7d0, 0x000002aab98c8460, 0x000002aab98c8970,
0x000002aab98c8e80, 0x000002aab98c9390, 0x000002aab98c98a0, 0x000002aab98ca2c0,
0x000002aab98c9db0, 0x000002aab98b7e00, 0x000002aab98b8820, 0x000002aab98b69c0,
0x000002aab98b6ed0, 0x000002aab98b5fa0, 0x000002aab98b5580, 0x000002aab98b64b0,
0x000002aab98b73e0, 0x000002aab98b5a90, 0x000002aab98b78f0, 0x000002aab98b5070,
0x000002aab98bbac0, 0x000002aab98b9240, 0x000002aab98b9c60, 0x000002aab98b9750,
0x000002aab98b8310, 0x000002aab98ba170, 0x000002aab98b8d30, 0x000002aab98bab90,
0x000002aab98ba680, 0x000002aab98bbfd0, 0x000002aab98bb5b0, 0x000002aab98bc9f0,
0x000002aab9b7e110, 0x000002aab7ec7420, 0x000002aab7ec9280, 0x000002aab7ec8d70,
0x000002aab7ec8350, 0x000002aab7ec8860, 0x000002aab7ec9790, 0x000002aab7ec6f10,
0x000002aab7ecb5f0, 0x000002aab7ecc010, 0x000002aab7ecd450, 0x000002aab8a04d60,
0x000002aab8a04340, 0x000002aab8a061a0, 0x000002aab8a05270, 0x000002aab8a02f00,
0x000002aab8a09950, 0x000002aab7ecc520, 0x000002aab7ec9ca0, 0x000002aabb9c27f0,
0x000002aabb9bfd70
}

Java Threads: ( => current thread )
  0x000002aa86565510 JavaThread "main" [_thread_blocked, id=22480, stack(0x000000b47a700000,0x000000b47a800000)]
  0x000002aaa2887230 JavaThread "Reference Handler" daemon [_thread_blocked, id=4932, stack(0x000000b47ae00000,0x000000b47af00000)]
  0x000002aaa2888d10 JavaThread "Finalizer" daemon [_thread_blocked, id=15048, stack(0x000000b47af00000,0x000000b47b000000)]
  0x000002aaa289a9b0 JavaThread "Signal Dispatcher" daemon [_thread_blocked, id=7700, stack(0x000000b47b000000,0x000000b47b100000)]
  0x000002aaa289b280 JavaThread "Attach Listener" daemon [_thread_blocked, id=24636, stack(0x000000b47b100000,0x000000b47b200000)]
  0x000002aaa289db60 JavaThread "Service Thread" daemon [_thread_blocked, id=25836, stack(0x000000b47b200000,0x000000b47b300000)]
  0x000002aaa289e430 JavaThread "Monitor Deflation Thread" daemon [_thread_blocked, id=18464, stack(0x000000b47b300000,0x000000b47b400000)]
  0x000002aaa28a1040 JavaThread "C2 CompilerThread0" daemon [_thread_blocked, id=6948, stack(0x000000b47b400000,0x000000b47b500000)]
  0x000002aaa28a1950 JavaThread "C1 CompilerThread0" daemon [_thread_blocked, id=14652, stack(0x000000b47b500000,0x000000b47b600000)]
  0x000002aaa28a2260 JavaThread "Sweeper thread" daemon [_thread_blocked, id=21716, stack(0x000000b47b600000,0x000000b47b700000)]
  0x000002aaa286c110 JavaThread "Common-Cleaner" daemon [_thread_blocked, id=9532, stack(0x000000b47b700000,0x000000b47b800000)]
  0x000002aaa2b7bb70 JavaThread "Notification Thread" daemon [_thread_blocked, id=12256, stack(0x000000b47b800000,0x000000b47b900000)]
  0x000002aab6302ea0 JavaThread "Daemon health stats" [_thread_blocked, id=26564, stack(0x000000b47bb00000,0x000000b47bc00000)]
  0x000002aab6cd6030 JavaThread "Incoming local TCP Connector on port 64878" [_thread_in_native, id=24120, stack(0x000000b47c100000,0x000000b47c200000)]
  0x000002aab6cda0f0 JavaThread "Daemon periodic checks" [_thread_blocked, id=9772, stack(0x000000b47c200000,0x000000b47c300000)]
  0x000002aab67c6c00 JavaThread "Daemon" [_thread_blocked, id=21192, stack(0x000000b47c300000,0x000000b47c400000)]
  0x000002aab6ca28b0 JavaThread "Handler for socket connection from /127.0.0.1:64878 to /127.0.0.1:64879" [_thread_in_native, id=6288, stack(0x000000b47c400000,0x000000b47c500000)]
  0x000002aab6dc5690 JavaThread "Cancel handler" [_thread_blocked, id=19260, stack(0x000000b47c500000,0x000000b47c600000)]
  0x000002aab6dc5ba0 JavaThread "Daemon worker" [_thread_blocked, id=19024, stack(0x000000b47c600000,0x000000b47c700000)]
  0x000002aab6dc6ad0 JavaThread "Asynchronous log dispatcher for DefaultDaemonConnection: socket connection from /127.0.0.1:64878 to /127.0.0.1:64879" [_thread_blocked, id=16192, stack(0x000000b47c700000,0x000000b47c800000)]
  0x000002aab6dc60b0 JavaThread "Stdin handler" [_thread_blocked, id=4100, stack(0x000000b47c800000,0x000000b47c900000)]
  0x000002aab6dc4c70 JavaThread "Daemon client event forwarder" [_thread_blocked, id=24764, stack(0x000000b47c900000,0x000000b47ca00000)]
  0x000002aab6dc3320 JavaThread "Cache worker for journal cache (C:\Users\Nandhitha_R\.gradle\caches\journal-1)" [_thread_blocked, id=17264, stack(0x000000b47ca00000,0x000000b47cb00000)]
  0x000002aab6dc4760 JavaThread "File lock request listener" [_thread_in_native, id=25040, stack(0x000000b47cb00000,0x000000b47cc00000)]
  0x000002aab6dc3830 JavaThread "Cache worker for file hash cache (C:\Users\Nandhitha_R\.gradle\caches\9.0.0\fileHashes)" [_thread_blocked, id=13248, stack(0x000000b47cc00000,0x000000b47cd00000)]
  0x000002aab6dc5180 JavaThread "Cache worker for file hash cache (D:\apps\caltims mobile app\frontend\android\.gradle\9.0.0\fileHashes)" [_thread_blocked, id=11680, stack(0x000000b47d300000,0x000000b47d400000)]
  0x000002aab6dc65c0 JavaThread "Cache worker for Build Output Cleanup Cache (D:\apps\caltims mobile app\frontend\android\.gradle\buildOutputCleanup)" [_thread_blocked, id=18784, stack(0x000000b47d400000,0x000000b47d500000)]
  0x000002aab6dc4250 JavaThread "File watcher server" daemon [_thread_blocked, id=25752, stack(0x000000b47d500000,0x000000b47d600000)]
  0x000002aab6dc3d40 JavaThread "File watcher consumer" daemon [_thread_blocked, id=4596, stack(0x000000b47d600000,0x000000b47d700000)]
  0x000002aab7211ec0 JavaThread "Cache worker for checksums cache (D:\apps\caltims mobile app\frontend\android\.gradle\9.0.0\checksums)" [_thread_blocked, id=13376, stack(0x000000b47d700000,0x000000b47d800000)]
  0x000002aab7210a80 JavaThread "Cache worker for file content cache (C:\Users\Nandhitha_R\.gradle\caches\9.0.0\fileContent)" [_thread_blocked, id=21200, stack(0x000000b47d800000,0x000000b47d900000)]
  0x000002aab7213300 JavaThread "Cache worker for cache directory md-supplier (C:\Users\Nandhitha_R\.gradle\caches\9.0.0\md-supplier)" [_thread_blocked, id=20024, stack(0x000000b47d900000,0x000000b47da00000)]
  0x000002aab72114a0 JavaThread "Cache worker for cache directory md-rule (C:\Users\Nandhitha_R\.gradle\caches\9.0.0\md-rule)" [_thread_blocked, id=20148, stack(0x000000b47da00000,0x000000b47db00000)]
  0x000002aab7213810 JavaThread "jar transforms" [_thread_blocked, id=18140, stack(0x000000b47dc00000,0x000000b47dd00000)]
  0x000002aab72128e0 JavaThread "Cache worker for Build Output Cleanup Cache (D:\apps\caltims mobile app\frontend\node_modules\@react-native\gradle-plugin\.gradle\buildOutputCleanup)" [_thread_blocked, id=2704, stack(0x000000b47dd00000,0x000000b47de00000)]
  0x000002aab72119b0 JavaThread "Unconstrained build operations" [_thread_blocked, id=23848, stack(0x000000b47db00000,0x000000b47dc00000)]
  0x000002aab72123d0 JavaThread "Unconstrained build operations Thread 2" [_thread_blocked, id=868, stack(0x000000b47de00000,0x000000b47df00000)]
  0x000002aab7210060 JavaThread "Unconstrained build operations Thread 3" [_thread_blocked, id=23460, stack(0x000000b47df00000,0x000000b47e000000)]
  0x000002aab7212df0 JavaThread "Unconstrained build operations Thread 4" [_thread_blocked, id=5672, stack(0x000000b47e000000,0x000000b47e100000)]
  0x000002aab7213d20 JavaThread "Unconstrained build operations Thread 5" [_thread_blocked, id=9368, stack(0x000000b47e100000,0x000000b47e200000)]
  0x000002aab7210570 JavaThread "Unconstrained build operations Thread 6" [_thread_blocked, id=11316, stack(0x000000b47e200000,0x000000b47e300000)]
  0x000002aab72179e0 JavaThread "Unconstrained build operations Thread 7" [_thread_blocked, id=11704, stack(0x000000b47e400000,0x000000b47e500000)]
  0x000002aab7216fc0 JavaThread "Unconstrained build operations Thread 8" [_thread_blocked, id=5684, stack(0x000000b47e500000,0x000000b47e600000)]
  0x000002aab72165a0 JavaThread "Unconstrained build operations Thread 9" [_thread_blocked, id=4188, stack(0x000000b47e600000,0x000000b47e700000)]
  0x000002aab7214c50 JavaThread "Unconstrained build operations Thread 10" [_thread_blocked, id=4840, stack(0x000000b47e700000,0x000000b47e800000)]
  0x000002aab7216090 JavaThread "Unconstrained build operations Thread 11" [_thread_blocked, id=13612, stack(0x000000b47e800000,0x000000b47e900000)]
  0x000002aab7216ab0 JavaThread "Unconstrained build operations Thread 12" [_thread_blocked, id=25108, stack(0x000000b47e900000,0x000000b47ea00000)]
  0x000002aab7214740 JavaThread "Unconstrained build operations Thread 13" [_thread_blocked, id=18880, stack(0x000000b47ea00000,0x000000b47eb00000)]
  0x000002aab7215160 JavaThread "Unconstrained build operations Thread 14" [_thread_blocked, id=4260, stack(0x000000b47eb00000,0x000000b47ec00000)]
  0x000002aab7215670 JavaThread "Unconstrained build operations Thread 15" [_thread_blocked, id=11392, stack(0x000000b47ec00000,0x000000b47ed00000)]
  0x000002aab7215b80 JavaThread "Unconstrained build operations Thread 16" [_thread_blocked, id=18236, stack(0x000000b47ed00000,0x000000b47ee00000)]
  0x000002aab7214230 JavaThread "Unconstrained build operations Thread 17" [_thread_blocked, id=18600, stack(0x000000b47ee00000,0x000000b47ef00000)]
  0x000002aab72174d0 JavaThread "Unconstrained build operations Thread 18" [_thread_blocked, id=11364, stack(0x000000b47ef00000,0x000000b47f000000)]
  0x000002aab9b7ae70 JavaThread "Unconstrained build operations Thread 19" [_thread_blocked, id=19028, stack(0x000000b47f000000,0x000000b47f100000)]
  0x000002aab9b79f40 JavaThread "Unconstrained build operations Thread 20" [_thread_blocked, id=24356, stack(0x000000b47f100000,0x000000b47f200000)]
  0x000002aab9b79010 JavaThread "Unconstrained build operations Thread 21" [_thread_blocked, id=23744, stack(0x000000b47f200000,0x000000b47f300000)]
  0x000002aab9b7a450 JavaThread "Unconstrained build operations Thread 22" [_thread_blocked, id=24320, stack(0x000000b47f300000,0x000000b47f400000)]
  0x000002aab9b79520 JavaThread "Unconstrained build operations Thread 23" [_thread_blocked, id=26492, stack(0x000000b47f400000,0x000000b47f500000)]
  0x000002aab9b7a960 JavaThread "Unconstrained build operations Thread 24" [_thread_blocked, id=24064, stack(0x000000b47f500000,0x000000b47f600000)]
  0x000002aab9b7b380 JavaThread "Unconstrained build operations Thread 25" [_thread_blocked, id=12968, stack(0x000000b47f600000,0x000000b47f700000)]
  0x000002aab9b7b890 JavaThread "Unconstrained build operations Thread 26" [_thread_blocked, id=15032, stack(0x000000b47f700000,0x000000b47f800000)]
  0x000002aab9b7bda0 JavaThread "Unconstrained build operations Thread 27" [_thread_blocked, id=5960, stack(0x000000b47f800000,0x000000b47f900000)]
  0x000002aab9b78b00 JavaThread "Unconstrained build operations Thread 28" [_thread_blocked, id=18396, stack(0x000000b47f900000,0x000000b47fa00000)]
  0x000002aab9b785f0 JavaThread "Unconstrained build operations Thread 29" [_thread_blocked, id=2924, stack(0x000000b47fa00000,0x000000b47fb00000)]
  0x000002aab9b7c2b0 JavaThread "Unconstrained build operations Thread 30" [_thread_blocked, id=14520, stack(0x000000b47fb00000,0x000000b47fc00000)]
  0x000002aab9b7c7c0 JavaThread "Unconstrained build operations Thread 31" [_thread_blocked, id=23028, stack(0x000000b47fc00000,0x000000b47fd00000)]
  0x000002aab9b7ccd0 JavaThread "Unconstrained build operations Thread 32" [_thread_blocked, id=19312, stack(0x000000b47fd00000,0x000000b47fe00000)]
  0x000002aab9b7d1e0 JavaThread "Unconstrained build operations Thread 33" [_thread_blocked, id=25072, stack(0x000000b47fe00000,0x000000b47ff00000)]
  0x000002aab9b79a30 JavaThread "Unconstrained build operations Thread 34" [_thread_blocked, id=11268, stack(0x000000b47ff00000,0x000000b480000000)]
  0x000002aab9b7d6f0 JavaThread "Unconstrained build operations Thread 35" [_thread_blocked, id=25616, stack(0x000000b400000000,0x000000b400100000)]
  0x000002aab9b7f040 JavaThread "Unconstrained build operations Thread 36" [_thread_blocked, id=24720, stack(0x000000b400100000,0x000000b400200000)]
  0x000002aab9b7ff70 JavaThread "Unconstrained build operations Thread 37" [_thread_blocked, id=16432, stack(0x000000b400200000,0x000000b400300000)]
  0x000002aab9b7f550 JavaThread "Unconstrained build operations Thread 38" [_thread_blocked, id=20288, stack(0x000000b400300000,0x000000b400400000)]
  0x000002aab9b7dc00 JavaThread "Unconstrained build operations Thread 39" [_thread_blocked, id=25248, stack(0x000000b400400000,0x000000b400500000)]
  0x000002aab9b7e620 JavaThread "build event listener" [_thread_blocked, id=25824, stack(0x000000b400500000,0x000000b400600000)]
  0x000002aab9b7eb30 JavaThread "Memory manager" [_thread_blocked, id=15808, stack(0x000000b400600000,0x000000b400700000)]
  0x000002aabab93a70 JavaThread "ForkJoinPool.commonPool-worker-1" daemon [_thread_blocked, id=24432, stack(0x000000b400900000,0x000000b400a00000)]
  0x000002aabab94490 JavaThread "ForkJoinPool.commonPool-worker-2" daemon [_thread_blocked, id=19288, stack(0x000000b400a00000,0x000000b400b00000)]
  0x000002aabab90ce0 JavaThread "ForkJoinPool.commonPool-worker-3" daemon [_thread_blocked, id=26076, stack(0x000000b400b00000,0x000000b400c00000)]
  0x000002aabab91c10 JavaThread "ForkJoinPool.commonPool-worker-4" daemon [_thread_blocked, id=8276, stack(0x000000b400c00000,0x000000b400d00000)]
  0x000002aabab91700 JavaThread "ForkJoinPool.commonPool-worker-5" daemon [_thread_blocked, id=5568, stack(0x000000b400d00000,0x000000b400e00000)]
  0x000002aabab93f80 JavaThread "ForkJoinPool.commonPool-worker-6" daemon [_thread_blocked, id=9040, stack(0x000000b400e00000,0x000000b400f00000)]
  0x000002aabab93050 JavaThread "ForkJoinPool.commonPool-worker-7" daemon [_thread_blocked, id=4560, stack(0x000000b400f00000,0x000000b401000000)]
  0x000002aabab949a0 JavaThread "ForkJoinPool.commonPool-worker-8" daemon [_thread_blocked, id=8868, stack(0x000000b401000000,0x000000b401100000)]
  0x000002aabab92630 JavaThread "ForkJoinPool.commonPool-worker-9" daemon [_thread_blocked, id=25304, stack(0x000000b401100000,0x000000b401200000)]
  0x000002aabab911f0 JavaThread "ForkJoinPool.commonPool-worker-10" daemon [_thread_blocked, id=9212, stack(0x000000b401200000,0x000000b401300000)]
  0x000002aabab94eb0 JavaThread "ForkJoinPool.commonPool-worker-11" daemon [_thread_blocked, id=26452, stack(0x000000b401300000,0x000000b401400000)]
  0x000002aabab96d10 JavaThread "Exec process" daemon [_thread_blocked, id=12412, stack(0x000000b401400000,0x000000b401500000)]
  0x000002aabab93560 JavaThread "Exec process Thread 2" daemon [_thread_blocked, id=22068, stack(0x000000b401500000,0x000000b401600000)]
  0x000002aabab98150 JavaThread "Exec process Thread 3" daemon [_thread_blocked, id=22468, stack(0x000000b401600000,0x000000b401700000)]
  0x000002aabab953c0 JavaThread "included builds" [_thread_blocked, id=25316, stack(0x000000b400800000,0x000000b400900000)]
  0x000002aabab96800 JavaThread "Execution worker" [_thread_blocked, id=3324, stack(0x000000b401700000,0x000000b401800000)]
  0x000002aabab98660 JavaThread "Execution worker Thread 2" [_thread_blocked, id=18748, stack(0x000000b401800000,0x000000b401900000)]
  0x000002aabab97220 JavaThread "Execution worker Thread 3" [_thread_blocked, id=25704, stack(0x000000b401900000,0x000000b401a00000)]
  0x000002aabab958d0 JavaThread "Execution worker Thread 4" [_thread_blocked, id=11104, stack(0x000000b401a00000,0x000000b401b00000)]
  0x000002aabab962f0 JavaThread "Execution worker Thread 5" [_thread_blocked, id=10308, stack(0x000000b401b00000,0x000000b401c00000)]
  0x000002aabab95de0 JavaThread "Execution worker Thread 6" [_thread_blocked, id=21172, stack(0x000000b401c00000,0x000000b401d00000)]
  0x000002aabab97730 JavaThread "Execution worker Thread 7" [_thread_blocked, id=25292, stack(0x000000b401d00000,0x000000b401e00000)]
  0x000002aabab97c40 JavaThread "Execution worker Thread 8" [_thread_blocked, id=15536, stack(0x000000b401e00000,0x000000b401f00000)]
  0x000002aab7543200 JavaThread "Execution worker Thread 9" [_thread_blocked, id=17304, stack(0x000000b401f00000,0x000000b402000000)]
  0x000002aab75427e0 JavaThread "Execution worker Thread 10" [_thread_blocked, id=17316, stack(0x000000b402000000,0x000000b402100000)]
  0x000002aab7541dc0 JavaThread "Execution worker Thread 11" [_thread_blocked, id=18436, stack(0x000000b402100000,0x000000b402200000)]
  0x000002aab75422d0 JavaThread "Cache worker for execution history cache (D:\apps\caltims mobile app\frontend\node_modules\@react-native\gradle-plugin\.gradle\9.0.0\executionHistory)" [_thread_blocked, id=5344, stack(0x000000b402200000,0x000000b402300000)]
  0x000002aab7545570 JavaThread "Unconstrained build operations Thread 40" [_thread_blocked, id=24712, stack(0x000000b402300000,0x000000b402400000)]
  0x000002aab7542cf0 JavaThread "Unconstrained build operations Thread 41" [_thread_blocked, id=17952, stack(0x000000b402400000,0x000000b402500000)]
  0x000002aab7543c20 JavaThread "Unconstrained build operations Thread 42" [_thread_blocked, id=25896, stack(0x000000b402500000,0x000000b402600000)]
  0x000002aab7544b50 JavaThread "Unconstrained build operations Thread 43" [_thread_blocked, id=25960, stack(0x000000b402600000,0x000000b402700000)]
  0x000002aab7544130 JavaThread "Unconstrained build operations Thread 44" [_thread_blocked, id=9912, stack(0x000000b402700000,0x000000b402800000)]
  0x000002aab7543710 JavaThread "Unconstrained build operations Thread 45" [_thread_blocked, id=22384, stack(0x000000b402800000,0x000000b402900000)]
  0x000002aab7544640 JavaThread "Unconstrained build operations Thread 46" [_thread_blocked, id=8848, stack(0x000000b402900000,0x000000b402a00000)]
  0x000002aab7545060 JavaThread "Unconstrained build operations Thread 47" [_thread_blocked, id=2452, stack(0x000000b402a00000,0x000000b402b00000)]
  0x000002aab6152af0 JavaThread "Unconstrained build operations Thread 48" [_thread_blocked, id=3180, stack(0x000000b402b00000,0x000000b402c00000)]
  0x000002aab614f850 JavaThread "Unconstrained build operations Thread 49" [_thread_blocked, id=25612, stack(0x000000b402c00000,0x000000b402d00000)]
  0x000002aab614fd60 JavaThread "Unconstrained build operations Thread 50" [_thread_blocked, id=9284, stack(0x000000b402d00000,0x000000b402e00000)]
  0x000002aab6150270 JavaThread "Unconstrained build operations Thread 51" [_thread_blocked, id=2196, stack(0x000000b402e00000,0x000000b402f00000)]
  0x000002aab61525e0 JavaThread "Unconstrained build operations Thread 52" [_thread_blocked, id=4976, stack(0x000000b402f00000,0x000000b403000000)]
  0x000002aab61511a0 JavaThread "Unconstrained build operations Thread 53" [_thread_blocked, id=15108, stack(0x000000b403000000,0x000000b403100000)]
  0x000002aab6150780 JavaThread "Unconstrained build operations Thread 54" [_thread_blocked, id=23764, stack(0x000000b403100000,0x000000b403200000)]
  0x000002aab614f340 JavaThread "Unconstrained build operations Thread 55" [_thread_blocked, id=23204, stack(0x000000b403200000,0x000000b403300000)]
  0x000002aab6153510 JavaThread "Unconstrained build operations Thread 56" [_thread_blocked, id=17716, stack(0x000000b403300000,0x000000b403400000)]
  0x000002aab6153a20 JavaThread "Unconstrained build operations Thread 57" [_thread_blocked, id=22548, stack(0x000000b403400000,0x000000b403500000)]
  0x000002aab6154440 JavaThread "Unconstrained build operations Thread 58" [_thread_blocked, id=22292, stack(0x000000b403500000,0x000000b403600000)]
  0x000002aab61516b0 JavaThread "Unconstrained build operations Thread 59" [_thread_blocked, id=24800, stack(0x000000b403600000,0x000000b403700000)]
  0x000002aab6151bc0 JavaThread "Unconstrained build operations Thread 60" [_thread_blocked, id=4016, stack(0x000000b403700000,0x000000b403800000)]
  0x000002aab6153f30 JavaThread "Unconstrained build operations Thread 61" [_thread_blocked, id=24536, stack(0x000000b403800000,0x000000b403900000)]
  0x000002aab61520d0 JavaThread "Unconstrained build operations Thread 62" [_thread_blocked, id=21592, stack(0x000000b403900000,0x000000b403a00000)]
  0x000002aab6153000 JavaThread "Unconstrained build operations Thread 63" [_thread_blocked, id=12184, stack(0x000000b403a00000,0x000000b403b00000)]
  0x000002aab6150c90 JavaThread "Unconstrained build operations Thread 64" [_thread_blocked, id=15460, stack(0x000000b403b00000,0x000000b403c00000)]
  0x000002aab6154950 JavaThread "Unconstrained build operations Thread 65" [_thread_blocked, id=21004, stack(0x000000b403c00000,0x000000b403d00000)]
  0x000002aab6154e60 JavaThread "Unconstrained build operations Thread 66" [_thread_blocked, id=13596, stack(0x000000b403d00000,0x000000b403e00000)]
  0x000002aab6155370 JavaThread "Unconstrained build operations Thread 67" [_thread_blocked, id=25196, stack(0x000000b403e00000,0x000000b403f00000)]
  0x000002aab6155880 JavaThread "Unconstrained build operations Thread 68" [_thread_blocked, id=6392, stack(0x000000b403f00000,0x000000b404000000)]
  0x000002aab6155d90 JavaThread "Unconstrained build operations Thread 69" [_thread_blocked, id=26388, stack(0x000000b404000000,0x000000b404100000)]
  0x000002aab61562a0 JavaThread "Unconstrained build operations Thread 70" [_thread_blocked, id=24592, stack(0x000000b404100000,0x000000b404200000)]
  0x000002aab61567b0 JavaThread "Unconstrained build operations Thread 71" [_thread_blocked, id=2948, stack(0x000000b404200000,0x000000b404300000)]
  0x000002aab6156cc0 JavaThread "Unconstrained build operations Thread 72" [_thread_blocked, id=1120, stack(0x000000b404300000,0x000000b404400000)]
  0x000002aab98c2e50 JavaThread "Unconstrained build operations Thread 73" [_thread_blocked, id=2336, stack(0x000000b404400000,0x000000b404500000)]
  0x000002aab98c60f0 JavaThread "Unconstrained build operations Thread 74" [_thread_blocked, id=11112, stack(0x000000b404500000,0x000000b404600000)]
  0x000002aab98c4290 JavaThread "Unconstrained build operations Thread 75" [_thread_blocked, id=20404, stack(0x000000b404600000,0x000000b404700000)]
  0x000002aab98c3870 JavaThread "Unconstrained build operations Thread 76" [_thread_blocked, id=18580, stack(0x000000b404700000,0x000000b404800000)]
  0x000002aab98c5be0 JavaThread "Unconstrained build operations Thread 77" [_thread_blocked, id=25548, stack(0x000000b404800000,0x000000b404900000)]
  0x000002aab98c6600 JavaThread "Unconstrained build operations Thread 78" [_thread_blocked, id=21516, stack(0x000000b404900000,0x000000b404a00000)]
  0x000002aab98c3d80 JavaThread "Unconstrained build operations Thread 79" [_thread_blocked, id=22996, stack(0x000000b404a00000,0x000000b404b00000)]
  0x000002aab98c47a0 JavaThread "Unconstrained build operations Thread 80" [_thread_blocked, id=25340, stack(0x000000b404b00000,0x000000b404c00000)]
  0x000002aab98c6b10 JavaThread "Unconstrained build operations Thread 81" [_thread_blocked, id=22160, stack(0x000000b404c00000,0x000000b404d00000)]
  0x000002aab98c3360 JavaThread "Unconstrained build operations Thread 82" [_thread_blocked, id=23896, stack(0x000000b404d00000,0x000000b404e00000)]
  0x000002aab98c56d0 JavaThread "Unconstrained build operations Thread 83" [_thread_blocked, id=2316, stack(0x000000b404e00000,0x000000b404f00000)]
  0x000002aab98c7020 JavaThread "Unconstrained build operations Thread 84" [_thread_blocked, id=10392, stack(0x000000b404f00000,0x000000b405000000)]
  0x000002aab98c51c0 JavaThread "Unconstrained build operations Thread 85" [_thread_blocked, id=25244, stack(0x000000b405000000,0x000000b405100000)]
  0x000002aab98c7530 JavaThread "Unconstrained build operations Thread 86" [_thread_blocked, id=23976, stack(0x000000b405100000,0x000000b405200000)]
  0x000002aab98c7a40 JavaThread "Unconstrained build operations Thread 87" [_thread_blocked, id=10508, stack(0x000000b405200000,0x000000b405300000)]
  0x000002aab98c4cb0 JavaThread "Unconstrained build operations Thread 88" [_thread_blocked, id=20428, stack(0x000000b405300000,0x000000b405400000)]
  0x000002aab98c7f50 JavaThread "Unconstrained build operations Thread 89" [_thread_blocked, id=24860, stack(0x000000b405400000,0x000000b405500000)]
  0x000002aab98ca7d0 JavaThread "Unconstrained build operations Thread 90" [_thread_blocked, id=4868, stack(0x000000b405500000,0x000000b405600000)]
  0x000002aab98c8460 JavaThread "Unconstrained build operations Thread 91" [_thread_blocked, id=17036, stack(0x000000b405600000,0x000000b405700000)]
  0x000002aab98c8970 JavaThread "Unconstrained build operations Thread 92" [_thread_blocked, id=3520, stack(0x000000b405700000,0x000000b405800000)]
  0x000002aab98c8e80 JavaThread "Unconstrained build operations Thread 93" [_thread_blocked, id=24656, stack(0x000000b405800000,0x000000b405900000)]
  0x000002aab98c9390 JavaThread "Unconstrained build operations Thread 94" [_thread_blocked, id=12780, stack(0x000000b405900000,0x000000b405a00000)]
  0x000002aab98c98a0 JavaThread "Unconstrained build operations Thread 95" [_thread_blocked, id=18096, stack(0x000000b405a00000,0x000000b405b00000)]
  0x000002aab98ca2c0 JavaThread "Unconstrained build operations Thread 96" [_thread_blocked, id=25428, stack(0x000000b405b00000,0x000000b405c00000)]
  0x000002aab98c9db0 JavaThread "Unconstrained build operations Thread 97" [_thread_blocked, id=9612, stack(0x000000b405c00000,0x000000b405d00000)]
  0x000002aab98b7e00 JavaThread "Unconstrained build operations Thread 98" [_thread_blocked, id=8396, stack(0x000000b405d00000,0x000000b405e00000)]
  0x000002aab98b8820 JavaThread "Unconstrained build operations Thread 99" [_thread_blocked, id=26472, stack(0x000000b405e00000,0x000000b405f00000)]
  0x000002aab98b69c0 JavaThread "Unconstrained build operations Thread 100" [_thread_blocked, id=12776, stack(0x000000b405f00000,0x000000b406000000)]
  0x000002aab98b6ed0 JavaThread "Unconstrained build operations Thread 101" [_thread_blocked, id=12280, stack(0x000000b406000000,0x000000b406100000)]
  0x000002aab98b5fa0 JavaThread "Unconstrained build operations Thread 102" [_thread_blocked, id=26488, stack(0x000000b406100000,0x000000b406200000)]
  0x000002aab98b5580 JavaThread "Unconstrained build operations Thread 103" [_thread_blocked, id=1952, stack(0x000000b406200000,0x000000b406300000)]
  0x000002aab98b64b0 JavaThread "Unconstrained build operations Thread 104" [_thread_blocked, id=16424, stack(0x000000b406300000,0x000000b406400000)]
  0x000002aab98b73e0 JavaThread "Unconstrained build operations Thread 105" [_thread_blocked, id=14184, stack(0x000000b406400000,0x000000b406500000)]
  0x000002aab98b5a90 JavaThread "Unconstrained build operations Thread 106" [_thread_blocked, id=26620, stack(0x000000b406500000,0x000000b406600000)]
  0x000002aab98b78f0 JavaThread "Unconstrained build operations Thread 107" [_thread_blocked, id=2596, stack(0x000000b406600000,0x000000b406700000)]
  0x000002aab98b5070 JavaThread "Unconstrained build operations Thread 108" [_thread_blocked, id=20020, stack(0x000000b406700000,0x000000b406800000)]
  0x000002aab98bbac0 JavaThread "Unconstrained build operations Thread 109" [_thread_blocked, id=25372, stack(0x000000b406800000,0x000000b406900000)]
  0x000002aab98b9240 JavaThread "Unconstrained build operations Thread 110" [_thread_blocked, id=7096, stack(0x000000b406900000,0x000000b406a00000)]
  0x000002aab98b9c60 JavaThread "Unconstrained build operations Thread 111" [_thread_blocked, id=18260, stack(0x000000b406a00000,0x000000b406b00000)]
  0x000002aab98b9750 JavaThread "Unconstrained build operations Thread 112" [_thread_blocked, id=25008, stack(0x000000b406b00000,0x000000b406c00000)]
  0x000002aab98b8310 JavaThread "jar transforms Thread 2" [_thread_blocked, id=1372, stack(0x000000b406c00000,0x000000b406d00000)]
  0x000002aab98ba170 JavaThread "Exec process" [_thread_blocked, id=10748, stack(0x000000b406d00000,0x000000b406e00000)]
  0x000002aab98b8d30 JavaThread "Exec process Thread 2" [_thread_blocked, id=10364, stack(0x000000b406e00000,0x000000b406f00000)]
  0x000002aab98bab90 JavaThread "Exec process Thread 3" [_thread_blocked, id=16468, stack(0x000000b406f00000,0x000000b407000000)]
  0x000002aab98ba680 JavaThread "jar transforms Thread 3" [_thread_blocked, id=20240, stack(0x000000b400700000,0x000000b400800000)]
  0x000002aab98bbfd0 JavaThread "Unconstrained build operations Thread 113" [_thread_blocked, id=15888, stack(0x000000b407200000,0x000000b407300000)]
  0x000002aab98bb5b0 JavaThread "Unconstrained build operations Thread 114" [_thread_blocked, id=6864, stack(0x000000b407300000,0x000000b407400000)]
  0x000002aab98bc9f0 JavaThread "Unconstrained build operations Thread 115" [_thread_blocked, id=26144, stack(0x000000b407400000,0x000000b407500000)]
  0x000002aab9b7e110 JavaThread "Unconstrained build operations Thread 116" [_thread_blocked, id=25520, stack(0x000000b407500000,0x000000b407600000)]
  0x000002aab7ec7420 JavaThread "Unconstrained build operations Thread 117" [_thread_blocked, id=19136, stack(0x000000b407600000,0x000000b407700000)]
  0x000002aab7ec9280 JavaThread "Unconstrained build operations Thread 118" [_thread_blocked, id=17020, stack(0x000000b407700000,0x000000b407800000)]
  0x000002aab7ec8d70 JavaThread "Unconstrained build operations Thread 119" [_thread_blocked, id=26616, stack(0x000000b407800000,0x000000b407900000)]
  0x000002aab7ec8350 JavaThread "Unconstrained build operations Thread 120" [_thread_blocked, id=1312, stack(0x000000b407900000,0x000000b407a00000)]
  0x000002aab7ec8860 JavaThread "jar transforms Thread 4" [_thread_blocked, id=7048, stack(0x000000b407a00000,0x000000b407b00000)]
  0x000002aab7ec9790 JavaThread "jar transforms Thread 5" [_thread_blocked, id=24548, stack(0x000000b407b00000,0x000000b407c00000)]
  0x000002aab7ec6f10 JavaThread "jar transforms Thread 6" [_thread_blocked, id=26004, stack(0x000000b407c00000,0x000000b407d00000)]
  0x000002aab7ecb5f0 JavaThread "build event listener" [_thread_blocked, id=6704, stack(0x000000b407100000,0x000000b407200000)]
  0x000002aab7ecc010 JavaThread "Problems report writer" [_thread_blocked, id=392, stack(0x000000b407d00000,0x000000b407e00000)]
  0x000002aab7ecd450 JavaThread "jar transforms Thread 7" [_thread_blocked, id=23560, stack(0x000000b407f00000,0x000000b408000000)]
  0x000002aab8a04d60 JavaThread "jar transforms Thread 8" [_thread_blocked, id=6844, stack(0x000000b408000000,0x000000b408100000)]
  0x000002aab8a04340 JavaThread "jar transforms Thread 9" [_thread_blocked, id=20612, stack(0x000000b408100000,0x000000b408200000)]
  0x000002aab8a061a0 JavaThread "jar transforms Thread 10" [_thread_blocked, id=11552, stack(0x000000b408200000,0x000000b408300000)]
  0x000002aab8a05270 JavaThread "jar transforms Thread 11" [_thread_blocked, id=2808, stack(0x000000b408300000,0x000000b408400000)]
  0x000002aab8a02f00 JavaThread "jar transforms Thread 12" [_thread_blocked, id=15524, stack(0x000000b408400000,0x000000b408500000)]
  0x000002aab8a09950 JavaThread "Cache worker for execution history cache (D:\apps\caltims mobile app\frontend\android\.gradle\9.0.0\executionHistory)" [_thread_blocked, id=22200, stack(0x000000b408700000,0x000000b408800000)]
  0x000002aab7ecc520 JavaThread "WorkerExecutor Queue" [_thread_blocked, id=15552, stack(0x000000b407e00000,0x000000b407f00000)]
  0x000002aab7ec9ca0 JavaThread "WorkerExecutor Queue Thread 2" [_thread_blocked, id=16712, stack(0x000000b407000000,0x000000b407100000)]
  0x000002aabb9c27f0 JavaThread "C2 CompilerThread1" daemon [_thread_blocked, id=14484, stack(0x000000b408800000,0x000000b408900000)]
  0x000002aabb9bfd70 JavaThread "C2 CompilerThread2" daemon [_thread_in_native, id=9536, stack(0x000000b408900000,0x000000b408a00000)]

Other Threads:
=>0x000002aaa287d220 VMThread "VM Thread" [stack: 0x000000b47ad00000,0x000000b47ae00000] [id=25496]
  0x000002aaa2b7c050 WatcherThread [stack: 0x000000b47b900000,0x000000b47ba00000] [id=10284]
  0x000002aa8438ecf0 GCTaskThread "GC Thread#0" [stack: 0x000000b47a800000,0x000000b47a900000] [id=1828]
  0x000002aab54772d0 GCTaskThread "GC Thread#1" [stack: 0x000000b47bc00000,0x000000b47bd00000] [id=23192]
  0x000002aab51cc380 GCTaskThread "GC Thread#2" [stack: 0x000000b47bd00000,0x000000b47be00000] [id=17256]
  0x000002aaa2c28d40 GCTaskThread "GC Thread#3" [stack: 0x000000b47be00000,0x000000b47bf00000] [id=24176]
  0x000002aaa2c29000 GCTaskThread "GC Thread#4" [stack: 0x000000b47bf00000,0x000000b47c000000] [id=18776]
  0x000002aab52eac40 GCTaskThread "GC Thread#5" [stack: 0x000000b47c000000,0x000000b47c100000] [id=12344]
  0x000002aab6fa6d00 GCTaskThread "GC Thread#6" [stack: 0x000000b47cd00000,0x000000b47ce00000] [id=3544]
  0x000002aab6fa6a40 GCTaskThread "GC Thread#7" [stack: 0x000000b47ce00000,0x000000b47cf00000] [id=12456]
  0x000002aab6fa7ac0 GCTaskThread "GC Thread#8" [stack: 0x000000b47cf00000,0x000000b47d000000] [id=2724]
  0x000002aab6fa7540 GCTaskThread "GC Thread#9" [stack: 0x000000b47d000000,0x000000b47d100000] [id=22144]
  0x000002aa865a8390 ConcurrentGCThread "G1 Main Marker" [stack: 0x000000b47a900000,0x000000b47aa00000] [id=23448]
  0x000002aa865aa9a0 ConcurrentGCThread "G1 Conc#0" [stack: 0x000000b47aa00000,0x000000b47ab00000] [id=24796]
  0x000002aab6fa7d80 ConcurrentGCThread "G1 Conc#1" [stack: 0x000000b47d100000,0x000000b47d200000] [id=20212]
  0x000002aab6fa8040 ConcurrentGCThread "G1 Conc#2" [stack: 0x000000b47d200000,0x000000b47d300000] [id=12948]
  0x000002aa8660eb30 ConcurrentGCThread "G1 Refine#0" [stack: 0x000000b47ab00000,0x000000b47ac00000] [id=21104]
  0x000002aabcc078a0 ConcurrentGCThread "G1 Refine#1" [stack: 0x000000b408a00000,0x000000b408b00000] [id=22092]
  0x000002aaa273f5d0 ConcurrentGCThread "G1 Service" [stack: 0x000000b47ac00000,0x000000b47ad00000] [id=15184]

Threads with active compile tasks:
C2 CompilerThread0  47577 21705   !   4       com.sun.org.apache.xerces.internal.parsers.AbstractSAXParser::characters (78 bytes)
C1 CompilerThread0  47577 21730       2       com.sun.org.apache.xerces.internal.parsers.SAXParser::setProperty (189 bytes)
C2 CompilerThread1  47577 21666       4       com.android.ide.common.resources.ResourceMergerItem::<init> (63 bytes)
C2 CompilerThread2  47577 21623   !   4       com.sun.org.apache.xerces.internal.impl.XMLDocumentFragmentScannerImpl$FragmentContentDriver::next (2331 bytes)

VM state: at safepoint (normal execution)

VM Mutex/Monitor currently owned by a thread:  ([mutex/lock_event])
[0x000002aa86561700] Threads_lock - owner thread: 0x000002aaa287d220
[0x000002aa86561940] Heap_lock - owner thread: 0x000002aa865a8390

Heap address: 0x00000000c0000000, size: 1024 MB, Compressed Oops mode: 32-bit

CDS archive(s) mapped at: [0x000002aaa3000000-0x000002aaa3bb0000-0x000002aaa3bb0000), size 12255232, SharedBaseAddress: 0x000002aaa3000000, ArchiveRelocationMode: 1.
Compressed class space mapped at: 0x000002aaa4000000-0x000002aab1000000, reserved size: 218103808
Narrow klass base: 0x000002aaa3000000, Narrow klass shift: 0, Narrow klass range: 0x100000000

GC Precious Log:
 CPUs: 12 total, 12 available
 Memory: 16068M
 Large Page Support: Disabled
 NUMA Support: Disabled
 Compressed Oops: Enabled (32-bit)
 Heap Region Size: 1M
 Heap Min Capacity: 8M
 Heap Initial Capacity: 252M
 Heap Max Capacity: 1G
 Pre-touch: Disabled
 Parallel Workers: 10
 Concurrent Workers: 3
 Concurrent Refinement Workers: 10
 Periodic GC: Disabled

Heap:
 garbage-first heap   total 388096K, used 363467K [0x00000000c0000000, 0x0000000100000000)
  region size 1024K, 4 young (4096K), 3 survivors (3072K)
 Metaspace       used 125032K, committed 126976K, reserved 344064K
  class space    used 17353K, committed 18304K, reserved 212992K

Heap Regions: E=young(eden), S=young(survivor), O=old, HS=humongous(starts), HC=humongous(continues), CS=collection set, F=free, OA=open archive, CA=closed archive, TAMS=top-at-mark-start (previous, next)
|   0|0x00000000c0000000, 0x00000000c0100000, 0x00000000c0100000|100%|HS|  |TAMS 0x00000000c0100000, 0x00000000c0000000| Complete 
|   1|0x00000000c0100000, 0x00000000c0200000, 0x00000000c0200000|100%|HC|  |TAMS 0x00000000c0200000, 0x00000000c0100000| Complete 
|   2|0x00000000c0200000, 0x00000000c0300000, 0x00000000c0300000|100%|HC|  |TAMS 0x00000000c0300000, 0x00000000c0200000| Complete 
|   3|0x00000000c0300000, 0x00000000c0400000, 0x00000000c0400000|100%| O|  |TAMS 0x00000000c0400000, 0x00000000c0300000| Untracked 
|   4|0x00000000c0400000, 0x00000000c0500000, 0x00000000c0500000|100%| O|  |TAMS 0x00000000c0500000, 0x00000000c0400000| Untracked 
|   5|0x00000000c0500000, 0x00000000c0600000, 0x00000000c0600000|100%| O|  |TAMS 0x00000000c0600000, 0x00000000c0500000| Untracked 
|   6|0x00000000c0600000, 0x00000000c0700000, 0x00000000c0700000|100%|HS|  |TAMS 0x00000000c0700000, 0x00000000c0600000| Complete 
|   7|0x00000000c0700000, 0x00000000c0800000, 0x00000000c0800000|100%| O|  |TAMS 0x00000000c0800000, 0x00000000c0700000| Untracked 
|   8|0x00000000c0800000, 0x00000000c0900000, 0x00000000c0900000|100%| O|  |TAMS 0x00000000c0900000, 0x00000000c0800000| Untracked 
|   9|0x00000000c0900000, 0x00000000c0a00000, 0x00000000c0a00000|100%| O|  |TAMS 0x00000000c0a00000, 0x00000000c0900000| Untracked 
|  10|0x00000000c0a00000, 0x00000000c0b00000, 0x00000000c0b00000|100%| O|  |TAMS 0x00000000c0b00000, 0x00000000c0a00000| Untracked 
|  11|0x00000000c0b00000, 0x00000000c0c00000, 0x00000000c0c00000|100%| O|  |TAMS 0x00000000c0c00000, 0x00000000c0b00000| Updating 
|  12|0x00000000c0c00000, 0x00000000c0d00000, 0x00000000c0d00000|100%| O|  |TAMS 0x00000000c0d00000, 0x00000000c0c00000| Untracked 
|  13|0x00000000c0d00000, 0x00000000c0e00000, 0x00000000c0e00000|100%| O|  |TAMS 0x00000000c0e00000, 0x00000000c0d00000| Untracked 
|  14|0x00000000c0e00000, 0x00000000c0f00000, 0x00000000c0f00000|100%| O|  |TAMS 0x00000000c0f00000, 0x00000000c0e00000| Untracked 
|  15|0x00000000c0f00000, 0x00000000c1000000, 0x00000000c1000000|100%| O|  |TAMS 0x00000000c1000000, 0x00000000c0f00000| Updating 
|  16|0x00000000c1000000, 0x00000000c1100000, 0x00000000c1100000|100%| O|  |TAMS 0x00000000c1100000, 0x00000000c1000000| Untracked 
|  17|0x00000000c1100000, 0x00000000c1200000, 0x00000000c1200000|100%| O|  |TAMS 0x00000000c1200000, 0x00000000c1100000| Untracked 
|  18|0x00000000c1200000, 0x00000000c1300000, 0x00000000c1300000|100%| O|  |TAMS 0x00000000c1300000, 0x00000000c1200000| Untracked 
|  19|0x00000000c1300000, 0x00000000c1400000, 0x00000000c1400000|100%| O|  |TAMS 0x00000000c1400000, 0x00000000c1300000| Untracked 
|  20|0x00000000c1400000, 0x00000000c1500000, 0x00000000c1500000|100%| O|  |TAMS 0x00000000c1500000, 0x00000000c1400000| Untracked 
|  21|0x00000000c1500000, 0x00000000c1600000, 0x00000000c1600000|100%| O|  |TAMS 0x00000000c1600000, 0x00000000c1500000| Untracked 
|  22|0x00000000c1600000, 0x00000000c1700000, 0x00000000c1700000|100%| O|  |TAMS 0x00000000c1700000, 0x00000000c1600000| Untracked 
|  23|0x00000000c1700000, 0x00000000c1800000, 0x00000000c1800000|100%| O|  |TAMS 0x00000000c1800000, 0x00000000c1700000| Untracked 
|  24|0x00000000c1800000, 0x00000000c1900000, 0x00000000c1900000|100%| O|  |TAMS 0x00000000c1900000, 0x00000000c1800000| Updating 
|  25|0x00000000c1900000, 0x00000000c1a00000, 0x00000000c1a00000|100%| O|  |TAMS 0x00000000c1a00000, 0x00000000c1900000| Untracked 
|  26|0x00000000c1a00000, 0x00000000c1b00000, 0x00000000c1b00000|100%| O|  |TAMS 0x00000000c1b00000, 0x00000000c1a00000| Untracked 
|  27|0x00000000c1b00000, 0x00000000c1c00000, 0x00000000c1c00000|100%| O|  |TAMS 0x00000000c1c00000, 0x00000000c1b00000| Untracked 
|  28|0x00000000c1c00000, 0x00000000c1d00000, 0x00000000c1d00000|100%| O|  |TAMS 0x00000000c1d00000, 0x00000000c1c00000| Updating 
|  29|0x00000000c1d00000, 0x00000000c1e00000, 0x00000000c1e00000|100%| O|  |TAMS 0x00000000c1e00000, 0x00000000c1d00000| Updating 
|  30|0x00000000c1e00000, 0x00000000c1f00000, 0x00000000c1f00000|100%| O|  |TAMS 0x00000000c1f00000, 0x00000000c1e00000| Updating 
|  31|0x00000000c1f00000, 0x00000000c2000000, 0x00000000c2000000|100%| O|  |TAMS 0x00000000c2000000, 0x00000000c1f00000| Untracked 
|  32|0x00000000c2000000, 0x00000000c2100000, 0x00000000c2100000|100%| O|  |TAMS 0x00000000c2100000, 0x00000000c2000000| Untracked 
|  33|0x00000000c2100000, 0x00000000c2200000, 0x00000000c2200000|100%| O|  |TAMS 0x00000000c2200000, 0x00000000c2100000| Updating 
|  34|0x00000000c2200000, 0x00000000c2300000, 0x00000000c2300000|100%| O|  |TAMS 0x00000000c2300000, 0x00000000c2200000| Untracked 
|  35|0x00000000c2300000, 0x00000000c2400000, 0x00000000c2400000|100%| O|  |TAMS 0x00000000c2400000, 0x00000000c2300000| Updating 
|  36|0x00000000c2400000, 0x00000000c2500000, 0x00000000c2500000|100%| O|  |TAMS 0x00000000c2500000, 0x00000000c2400000| Updating 
|  37|0x00000000c2500000, 0x00000000c2600000, 0x00000000c2600000|100%| O|  |TAMS 0x00000000c2600000, 0x00000000c2500000| Untracked 
|  38|0x00000000c2600000, 0x00000000c2700000, 0x00000000c2700000|100%| O|  |TAMS 0x00000000c2700000, 0x00000000c2600000| Untracked 
|  39|0x00000000c2700000, 0x00000000c2800000, 0x00000000c2800000|100%| O|  |TAMS 0x00000000c2800000, 0x00000000c2700000| Untracked 
|  40|0x00000000c2800000, 0x00000000c2900000, 0x00000000c2900000|100%| O|  |TAMS 0x00000000c2900000, 0x00000000c2800000| Untracked 
|  41|0x00000000c2900000, 0x00000000c2a00000, 0x00000000c2a00000|100%| O|  |TAMS 0x00000000c2a00000, 0x00000000c2900000| Updating 
|  42|0x00000000c2a00000, 0x00000000c2b00000, 0x00000000c2b00000|100%|HS|  |TAMS 0x00000000c2b00000, 0x00000000c2a00000| Complete 
|  43|0x00000000c2b00000, 0x00000000c2c00000, 0x00000000c2c00000|100%|HC|  |TAMS 0x00000000c2c00000, 0x00000000c2b00000| Complete 
|  44|0x00000000c2c00000, 0x00000000c2d00000, 0x00000000c2d00000|100%|HC|  |TAMS 0x00000000c2d00000, 0x00000000c2c00000| Complete 
|  45|0x00000000c2d00000, 0x00000000c2e00000, 0x00000000c2e00000|100%|HS|  |TAMS 0x00000000c2e00000, 0x00000000c2d00000| Complete 
|  46|0x00000000c2e00000, 0x00000000c2f00000, 0x00000000c2f00000|100%|HC|  |TAMS 0x00000000c2f00000, 0x00000000c2e00000| Complete 
|  47|0x00000000c2f00000, 0x00000000c3000000, 0x00000000c3000000|100%|HC|  |TAMS 0x00000000c3000000, 0x00000000c2f00000| Complete 
|  48|0x00000000c3000000, 0x00000000c3100000, 0x00000000c3100000|100%| O|  |TAMS 0x00000000c3100000, 0x00000000c3000000| Updating 
|  49|0x00000000c3100000, 0x00000000c3200000, 0x00000000c3200000|100%| O|  |TAMS 0x00000000c3200000, 0x00000000c3100000| Updating 
|  50|0x00000000c3200000, 0x00000000c3300000, 0x00000000c3300000|100%| O|  |TAMS 0x00000000c3300000, 0x00000000c3200000| Updating 
|  51|0x00000000c3300000, 0x00000000c3400000, 0x00000000c3400000|100%| O|  |TAMS 0x00000000c3400000, 0x00000000c3300000| Updating 
|  52|0x00000000c3400000, 0x00000000c3500000, 0x00000000c3500000|100%| O|  |TAMS 0x00000000c3500000, 0x00000000c3400000| Untracked 
|  53|0x00000000c3500000, 0x00000000c3600000, 0x00000000c3600000|100%| O|  |TAMS 0x00000000c3600000, 0x00000000c3500000| Updating 
|  54|0x00000000c3600000, 0x00000000c3700000, 0x00000000c3700000|100%| O|  |TAMS 0x00000000c3700000, 0x00000000c3600000| Untracked 
|  55|0x00000000c3700000, 0x00000000c3800000, 0x00000000c3800000|100%| O|  |TAMS 0x00000000c3800000, 0x00000000c3700000| Untracked 
|  56|0x00000000c3800000, 0x00000000c3900000, 0x00000000c3900000|100%| O|  |TAMS 0x00000000c3900000, 0x00000000c3800000| Updating 
|  57|0x00000000c3900000, 0x00000000c3a00000, 0x00000000c3a00000|100%| O|  |TAMS 0x00000000c3a00000, 0x00000000c3900000| Updating 
|  58|0x00000000c3a00000, 0x00000000c3b00000, 0x00000000c3b00000|100%| O|  |TAMS 0x00000000c3b00000, 0x00000000c3a00000| Updating 
|  59|0x00000000c3b00000, 0x00000000c3c00000, 0x00000000c3c00000|100%| O|  |TAMS 0x00000000c3c00000, 0x00000000c3b00000| Updating 
|  60|0x00000000c3c00000, 0x00000000c3d00000, 0x00000000c3d00000|100%| O|  |TAMS 0x00000000c3d00000, 0x00000000c3c00000| Updating 
|  61|0x00000000c3d00000, 0x00000000c3e00000, 0x00000000c3e00000|100%| O|  |TAMS 0x00000000c3e00000, 0x00000000c3d00000| Updating 
|  62|0x00000000c3e00000, 0x00000000c3f00000, 0x00000000c3f00000|100%| O|  |TAMS 0x00000000c3f00000, 0x00000000c3e00000| Untracked 
|  63|0x00000000c3f00000, 0x00000000c4000000, 0x00000000c4000000|100%| O|  |TAMS 0x00000000c4000000, 0x00000000c3f00000| Untracked 
|  64|0x00000000c4000000, 0x00000000c4100000, 0x00000000c4100000|100%| O|  |TAMS 0x00000000c4100000, 0x00000000c4000000| Updating 
|  65|0x00000000c4100000, 0x00000000c4200000, 0x00000000c4200000|100%| O|  |TAMS 0x00000000c4200000, 0x00000000c4100000| Updating 
|  66|0x00000000c4200000, 0x00000000c4300000, 0x00000000c4300000|100%| O|  |TAMS 0x00000000c4300000, 0x00000000c4200000| Untracked 
|  67|0x00000000c4300000, 0x00000000c4400000, 0x00000000c4400000|100%| O|  |TAMS 0x00000000c4400000, 0x00000000c4300000| Updating 
|  68|0x00000000c4400000, 0x00000000c4500000, 0x00000000c4500000|100%| O|  |TAMS 0x00000000c4500000, 0x00000000c4400000| Updating 
|  69|0x00000000c4500000, 0x00000000c4600000, 0x00000000c4600000|100%| O|  |TAMS 0x00000000c4600000, 0x00000000c4500000| Untracked 
|  70|0x00000000c4600000, 0x00000000c4700000, 0x00000000c4700000|100%| O|  |TAMS 0x00000000c4700000, 0x00000000c4600000| Untracked 
|  71|0x00000000c4700000, 0x00000000c4800000, 0x00000000c4800000|100%| O|  |TAMS 0x00000000c4800000, 0x00000000c4700000| Updating 
|  72|0x00000000c4800000, 0x00000000c4900000, 0x00000000c4900000|100%| O|  |TAMS 0x00000000c4900000, 0x00000000c4800000| Updating 
|  73|0x00000000c4900000, 0x00000000c4a00000, 0x00000000c4a00000|100%| O|  |TAMS 0x00000000c4a00000, 0x00000000c4900000| Untracked 
|  74|0x00000000c4a00000, 0x00000000c4b00000, 0x00000000c4b00000|100%| O|  |TAMS 0x00000000c4b00000, 0x00000000c4a00000| Updating 
|  75|0x00000000c4b00000, 0x00000000c4c00000, 0x00000000c4c00000|100%| O|  |TAMS 0x00000000c4c00000, 0x00000000c4b00000| Updating 
|  76|0x00000000c4c00000, 0x00000000c4d00000, 0x00000000c4d00000|100%| O|  |TAMS 0x00000000c4d00000, 0x00000000c4c00000| Updating 
|  77|0x00000000c4d00000, 0x00000000c4e00000, 0x00000000c4e00000|100%| O|  |TAMS 0x00000000c4e00000, 0x00000000c4d00000| Untracked 
|  78|0x00000000c4e00000, 0x00000000c4f00000, 0x00000000c4f00000|100%| O|  |TAMS 0x00000000c4f00000, 0x00000000c4e00000| Untracked 
|  79|0x00000000c4f00000, 0x00000000c5000000, 0x00000000c5000000|100%| O|  |TAMS 0x00000000c5000000, 0x00000000c4f00000| Untracked 
|  80|0x00000000c5000000, 0x00000000c5100000, 0x00000000c5100000|100%| O|  |TAMS 0x00000000c5100000, 0x00000000c5000000| Untracked 
|  81|0x00000000c5100000, 0x00000000c5200000, 0x00000000c5200000|100%| O|  |TAMS 0x00000000c5200000, 0x00000000c5100000| Updating 
|  82|0x00000000c5200000, 0x00000000c5300000, 0x00000000c5300000|100%| O|  |TAMS 0x00000000c5300000, 0x00000000c5200000| Updating 
|  83|0x00000000c5300000, 0x00000000c5400000, 0x00000000c5400000|100%| O|  |TAMS 0x00000000c5400000, 0x00000000c5300000| Untracked 
|  84|0x00000000c5400000, 0x00000000c5500000, 0x00000000c5500000|100%| O|  |TAMS 0x00000000c5500000, 0x00000000c5400000| Updating 
|  85|0x00000000c5500000, 0x00000000c5600000, 0x00000000c5600000|100%| O|  |TAMS 0x00000000c5600000, 0x00000000c5500000| Updating 
|  86|0x00000000c5600000, 0x00000000c5700000, 0x00000000c5700000|100%| O|  |TAMS 0x00000000c5700000, 0x00000000c5600000| Updating 
|  87|0x00000000c5700000, 0x00000000c5800000, 0x00000000c5800000|100%| O|  |TAMS 0x00000000c5800000, 0x00000000c5700000| Updating 
|  88|0x00000000c5800000, 0x00000000c5900000, 0x00000000c5900000|100%|HS|  |TAMS 0x00000000c5900000, 0x00000000c5800000| Complete 
|  89|0x00000000c5900000, 0x00000000c5a00000, 0x00000000c5a00000|100%|HS|  |TAMS 0x00000000c5a00000, 0x00000000c5900000| Complete 
|  90|0x00000000c5a00000, 0x00000000c5b00000, 0x00000000c5b00000|100%|HS|  |TAMS 0x00000000c5b00000, 0x00000000c5a00000| Complete 
|  91|0x00000000c5b00000, 0x00000000c5c00000, 0x00000000c5c00000|100%|HS|  |TAMS 0x00000000c5c00000, 0x00000000c5b00000| Complete 
|  92|0x00000000c5c00000, 0x00000000c5d00000, 0x00000000c5d00000|100%| O|  |TAMS 0x00000000c5d00000, 0x00000000c5c00000| Untracked 
|  93|0x00000000c5d00000, 0x00000000c5e00000, 0x00000000c5e00000|100%|HS|  |TAMS 0x00000000c5e00000, 0x00000000c5d00000| Complete 
|  94|0x00000000c5e00000, 0x00000000c5f00000, 0x00000000c5f00000|100%|HS|  |TAMS 0x00000000c5f00000, 0x00000000c5e00000| Complete 
|  95|0x00000000c5f00000, 0x00000000c6000000, 0x00000000c6000000|100%| O|  |TAMS 0x00000000c6000000, 0x00000000c5f00000| Untracked 
|  96|0x00000000c6000000, 0x00000000c6100000, 0x00000000c6100000|100%| O|  |TAMS 0x00000000c6100000, 0x00000000c6000000| Untracked 
|  97|0x00000000c6100000, 0x00000000c6200000, 0x00000000c6200000|100%| O|  |TAMS 0x00000000c6200000, 0x00000000c6100000| Updating 
|  98|0x00000000c6200000, 0x00000000c6300000, 0x00000000c6300000|100%| O|  |TAMS 0x00000000c6300000, 0x00000000c6200000| Untracked 
|  99|0x00000000c6300000, 0x00000000c6400000, 0x00000000c6400000|100%| O|  |TAMS 0x00000000c6400000, 0x00000000c6300000| Untracked 
| 100|0x00000000c6400000, 0x00000000c6500000, 0x00000000c6500000|100%| O|  |TAMS 0x00000000c6500000, 0x00000000c6400000| Untracked 
| 101|0x00000000c6500000, 0x00000000c6600000, 0x00000000c6600000|100%| O|  |TAMS 0x00000000c6600000, 0x00000000c6500000| Updating 
| 102|0x00000000c6600000, 0x00000000c6700000, 0x00000000c6700000|100%| O|  |TAMS 0x00000000c6700000, 0x00000000c6600000| Untracked 
| 103|0x00000000c6700000, 0x00000000c6800000, 0x00000000c6800000|100%| O|  |TAMS 0x00000000c6800000, 0x00000000c6700000| Updating 
| 104|0x00000000c6800000, 0x00000000c6900000, 0x00000000c6900000|100%| O|  |TAMS 0x00000000c6900000, 0x00000000c6800000| Untracked 
| 105|0x00000000c6900000, 0x00000000c6a00000, 0x00000000c6a00000|100%| O|  |TAMS 0x00000000c6a00000, 0x00000000c6900000| Untracked 
| 106|0x00000000c6a00000, 0x00000000c6b00000, 0x00000000c6b00000|100%| O|  |TAMS 0x00000000c6b00000, 0x00000000c6a00000| Untracked 
| 107|0x00000000c6b00000, 0x00000000c6c00000, 0x00000000c6c00000|100%| O|  |TAMS 0x00000000c6c00000, 0x00000000c6b00000| Untracked 
| 108|0x00000000c6c00000, 0x00000000c6d00000, 0x00000000c6d00000|100%|HS|  |TAMS 0x00000000c6d00000, 0x00000000c6c00000| Complete 
| 109|0x00000000c6d00000, 0x00000000c6e00000, 0x00000000c6e00000|100%| O|  |TAMS 0x00000000c6e00000, 0x00000000c6d00000| Untracked 
| 110|0x00000000c6e00000, 0x00000000c6f00000, 0x00000000c6f00000|100%|HS|  |TAMS 0x00000000c6f00000, 0x00000000c6e00000| Complete 
| 111|0x00000000c6f00000, 0x00000000c7000000, 0x00000000c7000000|100%|HC|  |TAMS 0x00000000c7000000, 0x00000000c6f00000| Complete 
| 112|0x00000000c7000000, 0x00000000c7100000, 0x00000000c7100000|100%|HC|  |TAMS 0x00000000c7100000, 0x00000000c7000000| Complete 
| 113|0x00000000c7100000, 0x00000000c7200000, 0x00000000c7200000|100%| O|  |TAMS 0x00000000c7200000, 0x00000000c7100000| Updating 
| 114|0x00000000c7200000, 0x00000000c7300000, 0x00000000c7300000|100%| O|  |TAMS 0x00000000c7300000, 0x00000000c7200000| Untracked 
| 115|0x00000000c7300000, 0x00000000c7400000, 0x00000000c7400000|100%| O|  |TAMS 0x00000000c7400000, 0x00000000c7300000| Updating 
| 116|0x00000000c7400000, 0x00000000c7500000, 0x00000000c7500000|100%| O|  |TAMS 0x00000000c7500000, 0x00000000c7400000| Untracked 
| 117|0x00000000c7500000, 0x00000000c7600000, 0x00000000c7600000|100%| O|  |TAMS 0x00000000c7600000, 0x00000000c7500000| Untracked 
| 118|0x00000000c7600000, 0x00000000c7700000, 0x00000000c7700000|100%| O|  |TAMS 0x00000000c7700000, 0x00000000c7600000| Untracked 
| 119|0x00000000c7700000, 0x00000000c7800000, 0x00000000c7800000|100%| O|  |TAMS 0x00000000c7800000, 0x00000000c7700000| Untracked 
| 120|0x00000000c7800000, 0x00000000c7900000, 0x00000000c7900000|100%| O|  |TAMS 0x00000000c7900000, 0x00000000c7800000| Untracked 
| 121|0x00000000c7900000, 0x00000000c7a00000, 0x00000000c7a00000|100%| O|  |TAMS 0x00000000c7a00000, 0x00000000c7900000| Updating 
| 122|0x00000000c7a00000, 0x00000000c7b00000, 0x00000000c7b00000|100%| O|  |TAMS 0x00000000c7b00000, 0x00000000c7a00000| Untracked 
| 123|0x00000000c7b00000, 0x00000000c7c00000, 0x00000000c7c00000|100%| O|  |TAMS 0x00000000c7c00000, 0x00000000c7b00000| Updating 
| 124|0x00000000c7c00000, 0x00000000c7d00000, 0x00000000c7d00000|100%| O|  |TAMS 0x00000000c7d00000, 0x00000000c7c00000| Untracked 
| 125|0x00000000c7d00000, 0x00000000c7e00000, 0x00000000c7e00000|100%| O|  |TAMS 0x00000000c7e00000, 0x00000000c7d00000| Untracked 
| 126|0x00000000c7e00000, 0x00000000c7f00000, 0x00000000c7f00000|100%| O|  |TAMS 0x00000000c7f00000, 0x00000000c7e00000| Untracked 
| 127|0x00000000c7f00000, 0x00000000c8000000, 0x00000000c8000000|100%| O|  |TAMS 0x00000000c8000000, 0x00000000c7f00000| Updating 
| 128|0x00000000c8000000, 0x00000000c8100000, 0x00000000c8100000|100%| O|  |TAMS 0x00000000c8100000, 0x00000000c8000000| Untracked 
| 129|0x00000000c8100000, 0x00000000c8200000, 0x00000000c8200000|100%| O|  |TAMS 0x00000000c8200000, 0x00000000c8100000| Untracked 
| 130|0x00000000c8200000, 0x00000000c8300000, 0x00000000c8300000|100%| O|  |TAMS 0x00000000c8300000, 0x00000000c8200000| Updating 
| 131|0x00000000c8300000, 0x00000000c8400000, 0x00000000c8400000|100%| O|  |TAMS 0x00000000c8400000, 0x00000000c8300000| Updating 
| 132|0x00000000c8400000, 0x00000000c8500000, 0x00000000c8500000|100%| O|  |TAMS 0x00000000c8500000, 0x00000000c8400000| Updating 
| 133|0x00000000c8500000, 0x00000000c8600000, 0x00000000c8600000|100%| O|  |TAMS 0x00000000c8600000, 0x00000000c8500000| Updating 
| 134|0x00000000c8600000, 0x00000000c8700000, 0x00000000c8700000|100%| O|  |TAMS 0x00000000c8700000, 0x00000000c8600000| Updating 
| 135|0x00000000c8700000, 0x00000000c8800000, 0x00000000c8800000|100%| O|  |TAMS 0x00000000c8800000, 0x00000000c8700000| Untracked 
| 136|0x00000000c8800000, 0x00000000c8900000, 0x00000000c8900000|100%| O|  |TAMS 0x00000000c8900000, 0x00000000c8800000| Untracked 
| 137|0x00000000c8900000, 0x00000000c8a00000, 0x00000000c8a00000|100%| O|  |TAMS 0x00000000c8a00000, 0x00000000c8900000| Untracked 
| 138|0x00000000c8a00000, 0x00000000c8b00000, 0x00000000c8b00000|100%| O|  |TAMS 0x00000000c8b00000, 0x00000000c8a00000| Untracked 
| 139|0x00000000c8b00000, 0x00000000c8c00000, 0x00000000c8c00000|100%| O|  |TAMS 0x00000000c8c00000, 0x00000000c8b00000| Updating 
| 140|0x00000000c8c00000, 0x00000000c8d00000, 0x00000000c8d00000|100%| O|  |TAMS 0x00000000c8d00000, 0x00000000c8c00000| Updating 
| 141|0x00000000c8d00000, 0x00000000c8e00000, 0x00000000c8e00000|100%|HS|  |TAMS 0x00000000c8e00000, 0x00000000c8d00000| Complete 
| 142|0x00000000c8e00000, 0x00000000c8f00000, 0x00000000c8f00000|100%|HS|  |TAMS 0x00000000c8f00000, 0x00000000c8e00000| Complete 
| 143|0x00000000c8f00000, 0x00000000c9000000, 0x00000000c9000000|100%|HS|  |TAMS 0x00000000c9000000, 0x00000000c8f00000| Complete 
| 144|0x00000000c9000000, 0x00000000c9100000, 0x00000000c9100000|100%| O|  |TAMS 0x00000000c9100000, 0x00000000c9000000| Untracked 
| 145|0x00000000c9100000, 0x00000000c9200000, 0x00000000c9200000|100%| O|  |TAMS 0x00000000c9200000, 0x00000000c9100000| Updating 
| 146|0x00000000c9200000, 0x00000000c9300000, 0x00000000c9300000|100%| O|  |TAMS 0x00000000c9300000, 0x00000000c9200000| Updating 
| 147|0x00000000c9300000, 0x00000000c9400000, 0x00000000c9400000|100%| O|  |TAMS 0x00000000c9400000, 0x00000000c9300000| Updating 
| 148|0x00000000c9400000, 0x00000000c9500000, 0x00000000c9500000|100%| O|  |TAMS 0x00000000c9500000, 0x00000000c9400000| Updating 
| 149|0x00000000c9500000, 0x00000000c9600000, 0x00000000c9600000|100%| O|  |TAMS 0x00000000c9600000, 0x00000000c9500000| Untracked 
| 150|0x00000000c9600000, 0x00000000c9700000, 0x00000000c9700000|100%| O|  |TAMS 0x00000000c9700000, 0x00000000c9600000| Untracked 
| 151|0x00000000c9700000, 0x00000000c9800000, 0x00000000c9800000|100%| O|  |TAMS 0x00000000c9800000, 0x00000000c9700000| Untracked 
| 152|0x00000000c9800000, 0x00000000c9900000, 0x00000000c9900000|100%| O|  |TAMS 0x00000000c9900000, 0x00000000c9800000| Untracked 
| 153|0x00000000c9900000, 0x00000000c9a00000, 0x00000000c9a00000|100%| O|  |TAMS 0x00000000c9a00000, 0x00000000c9900000| Updating 
| 154|0x00000000c9a00000, 0x00000000c9b00000, 0x00000000c9b00000|100%| O|  |TAMS 0x00000000c9b00000, 0x00000000c9a00000| Updating 
| 155|0x00000000c9b00000, 0x00000000c9c00000, 0x00000000c9c00000|100%| O|  |TAMS 0x00000000c9c00000, 0x00000000c9b00000| Updating 
| 156|0x00000000c9c00000, 0x00000000c9d00000, 0x00000000c9d00000|100%| O|  |TAMS 0x00000000c9d00000, 0x00000000c9c00000| Updating 
| 157|0x00000000c9d00000, 0x00000000c9e00000, 0x00000000c9e00000|100%| O|  |TAMS 0x00000000c9e00000, 0x00000000c9d00000| Untracked 
| 158|0x00000000c9e00000, 0x00000000c9f00000, 0x00000000c9f00000|100%| O|  |TAMS 0x00000000c9f00000, 0x00000000c9e00000| Untracked 
| 159|0x00000000c9f00000, 0x00000000ca000000, 0x00000000ca000000|100%| O|  |TAMS 0x00000000ca000000, 0x00000000c9f00000| Updating 
| 160|0x00000000ca000000, 0x00000000ca100000, 0x00000000ca100000|100%| O|  |TAMS 0x00000000ca100000, 0x00000000ca000000| Untracked 
| 161|0x00000000ca100000, 0x00000000ca200000, 0x00000000ca200000|100%| O|  |TAMS 0x00000000ca200000, 0x00000000ca100000| Untracked 
| 162|0x00000000ca200000, 0x00000000ca300000, 0x00000000ca300000|100%| O|  |TAMS 0x00000000ca300000, 0x00000000ca200000| Updating 
| 163|0x00000000ca300000, 0x00000000ca400000, 0x00000000ca400000|100%| O|  |TAMS 0x00000000ca400000, 0x00000000ca300000| Updating 
| 164|0x00000000ca400000, 0x00000000ca500000, 0x00000000ca500000|100%| O|  |TAMS 0x00000000ca500000, 0x00000000ca400000| Updating 
| 165|0x00000000ca500000, 0x00000000ca600000, 0x00000000ca600000|100%| O|  |TAMS 0x00000000ca600000, 0x00000000ca500000| Updating 
| 166|0x00000000ca600000, 0x00000000ca700000, 0x00000000ca700000|100%|HS|  |TAMS 0x00000000ca700000, 0x00000000ca600000| Complete 
| 167|0x00000000ca700000, 0x00000000ca800000, 0x00000000ca800000|100%|HS|  |TAMS 0x00000000ca800000, 0x00000000ca700000| Complete 
| 168|0x00000000ca800000, 0x00000000ca900000, 0x00000000ca900000|100%| O|  |TAMS 0x00000000ca900000, 0x00000000ca800000| Updating 
| 169|0x00000000ca900000, 0x00000000caa00000, 0x00000000caa00000|100%| O|  |TAMS 0x00000000caa00000, 0x00000000ca900000| Updating 
| 170|0x00000000caa00000, 0x00000000cab00000, 0x00000000cab00000|100%| O|  |TAMS 0x00000000cab00000, 0x00000000caa00000| Updating 
| 171|0x00000000cab00000, 0x00000000cac00000, 0x00000000cac00000|100%| O|  |TAMS 0x00000000cac00000, 0x00000000cab00000| Updating 
| 172|0x00000000cac00000, 0x00000000cad00000, 0x00000000cad00000|100%| O|  |TAMS 0x00000000cad00000, 0x00000000cac00000| Updating 
| 173|0x00000000cad00000, 0x00000000cae00000, 0x00000000cae00000|100%| O|  |TAMS 0x00000000cae00000, 0x00000000cad00000| Untracked 
| 174|0x00000000cae00000, 0x00000000caf00000, 0x00000000caf00000|100%| O|  |TAMS 0x00000000caf00000, 0x00000000cae00000| Untracked 
| 175|0x00000000caf00000, 0x00000000cb000000, 0x00000000cb000000|100%| O|  |TAMS 0x00000000cb000000, 0x00000000caf00000| Updating 
| 176|0x00000000cb000000, 0x00000000cb100000, 0x00000000cb100000|100%| O|  |TAMS 0x00000000cb100000, 0x00000000cb000000| Updating 
| 177|0x00000000cb100000, 0x00000000cb200000, 0x00000000cb200000|100%| O|  |TAMS 0x00000000cb200000, 0x00000000cb100000| Updating 
| 178|0x00000000cb200000, 0x00000000cb300000, 0x00000000cb300000|100%| O|  |TAMS 0x00000000cb300000, 0x00000000cb200000| Updating 
| 179|0x00000000cb300000, 0x00000000cb400000, 0x00000000cb400000|100%| O|  |TAMS 0x00000000cb400000, 0x00000000cb300000| Updating 
| 180|0x00000000cb400000, 0x00000000cb500000, 0x00000000cb500000|100%| O|  |TAMS 0x00000000cb500000, 0x00000000cb400000| Updating 
| 181|0x00000000cb500000, 0x00000000cb600000, 0x00000000cb600000|100%| O|  |TAMS 0x00000000cb600000, 0x00000000cb500000| Updating 
| 182|0x00000000cb600000, 0x00000000cb700000, 0x00000000cb700000|100%|HS|  |TAMS 0x00000000cb700000, 0x00000000cb600000| Complete 
| 183|0x00000000cb700000, 0x00000000cb800000, 0x00000000cb800000|100%|HS|  |TAMS 0x00000000cb800000, 0x00000000cb700000| Complete 
| 184|0x00000000cb800000, 0x00000000cb900000, 0x00000000cb900000|100%|HS|  |TAMS 0x00000000cb900000, 0x00000000cb800000| Complete 
| 185|0x00000000cb900000, 0x00000000cba00000, 0x00000000cba00000|100%|HC|  |TAMS 0x00000000cba00000, 0x00000000cb900000| Complete 
| 186|0x00000000cba00000, 0x00000000cbb00000, 0x00000000cbb00000|100%| O|  |TAMS 0x00000000cbb00000, 0x00000000cba00000| Updating 
| 187|0x00000000cbb00000, 0x00000000cbc00000, 0x00000000cbc00000|100%| O|  |TAMS 0x00000000cbc00000, 0x00000000cbb00000| Updating 
| 188|0x00000000cbc00000, 0x00000000cbd00000, 0x00000000cbd00000|100%| O|  |TAMS 0x00000000cbd00000, 0x00000000cbc00000| Updating 
| 189|0x00000000cbd00000, 0x00000000cbe00000, 0x00000000cbe00000|100%| O|  |TAMS 0x00000000cbe00000, 0x00000000cbd00000| Updating 
| 190|0x00000000cbe00000, 0x00000000cbf00000, 0x00000000cbf00000|100%| O|  |TAMS 0x00000000cbf00000, 0x00000000cbe00000| Untracked 
| 191|0x00000000cbf00000, 0x00000000cc000000, 0x00000000cc000000|100%| O|  |TAMS 0x00000000cc000000, 0x00000000cbf00000| Untracked 
| 192|0x00000000cc000000, 0x00000000cc100000, 0x00000000cc100000|100%| O|  |TAMS 0x00000000cc100000, 0x00000000cc000000| Untracked 
| 193|0x00000000cc100000, 0x00000000cc200000, 0x00000000cc200000|100%| O|  |TAMS 0x00000000cc200000, 0x00000000cc100000| Updating 
| 194|0x00000000cc200000, 0x00000000cc300000, 0x00000000cc300000|100%| O|  |TAMS 0x00000000cc300000, 0x00000000cc200000| Untracked 
| 195|0x00000000cc300000, 0x00000000cc400000, 0x00000000cc400000|100%| O|  |TAMS 0x00000000cc400000, 0x00000000cc300000| Updating 
| 196|0x00000000cc400000, 0x00000000cc500000, 0x00000000cc500000|100%| O|  |TAMS 0x00000000cc500000, 0x00000000cc400000| Updating 
| 197|0x00000000cc500000, 0x00000000cc600000, 0x00000000cc600000|100%| O|  |TAMS 0x00000000cc600000, 0x00000000cc500000| Untracked 
| 198|0x00000000cc600000, 0x00000000cc700000, 0x00000000cc700000|100%| O|  |TAMS 0x00000000cc700000, 0x00000000cc600000| Untracked 
| 199|0x00000000cc700000, 0x00000000cc800000, 0x00000000cc800000|100%| O|  |TAMS 0x00000000cc800000, 0x00000000cc700000| Updating 
| 200|0x00000000cc800000, 0x00000000cc900000, 0x00000000cc900000|100%| O|  |TAMS 0x00000000cc900000, 0x00000000cc800000| Updating 
| 201|0x00000000cc900000, 0x00000000cca00000, 0x00000000cca00000|100%| O|  |TAMS 0x00000000cca00000, 0x00000000cc900000| Updating 
| 202|0x00000000cca00000, 0x00000000ccb00000, 0x00000000ccb00000|100%| O|  |TAMS 0x00000000ccb00000, 0x00000000cca00000| Updating 
| 203|0x00000000ccb00000, 0x00000000ccc00000, 0x00000000ccc00000|100%| O|  |TAMS 0x00000000ccc00000, 0x00000000ccb00000| Updating 
| 204|0x00000000ccc00000, 0x00000000ccd00000, 0x00000000ccd00000|100%| O|  |TAMS 0x00000000ccd00000, 0x00000000ccc00000| Updating 
| 205|0x00000000ccd00000, 0x00000000cce00000, 0x00000000cce00000|100%| O|  |TAMS 0x00000000cce00000, 0x00000000ccd00000| Updating 
| 206|0x00000000cce00000, 0x00000000ccf00000, 0x00000000ccf00000|100%| O|  |TAMS 0x00000000ccf00000, 0x00000000cce00000| Updating 
| 207|0x00000000ccf00000, 0x00000000cd000000, 0x00000000cd000000|100%|HS|  |TAMS 0x00000000cd000000, 0x00000000ccf00000| Complete 
| 208|0x00000000cd000000, 0x00000000cd100000, 0x00000000cd100000|100%|HS|  |TAMS 0x00000000cd100000, 0x00000000cd000000| Complete 
| 209|0x00000000cd100000, 0x00000000cd200000, 0x00000000cd200000|100%| O|  |TAMS 0x00000000cd200000, 0x00000000cd100000| Untracked 
| 210|0x00000000cd200000, 0x00000000cd300000, 0x00000000cd300000|100%| O|  |TAMS 0x00000000cd300000, 0x00000000cd200000| Updating 
| 211|0x00000000cd300000, 0x00000000cd400000, 0x00000000cd400000|100%| O|  |TAMS 0x00000000cd400000, 0x00000000cd300000| Updating 
| 212|0x00000000cd400000, 0x00000000cd500000, 0x00000000cd500000|100%| O|  |TAMS 0x00000000cd500000, 0x00000000cd400000| Updating 
| 213|0x00000000cd500000, 0x00000000cd600000, 0x00000000cd600000|100%| O|  |TAMS 0x00000000cd600000, 0x00000000cd500000| Updating 
| 214|0x00000000cd600000, 0x00000000cd700000, 0x00000000cd700000|100%| O|  |TAMS 0x00000000cd700000, 0x00000000cd600000| Updating 
| 215|0x00000000cd700000, 0x00000000cd800000, 0x00000000cd800000|100%| O|  |TAMS 0x00000000cd800000, 0x00000000cd700000| Untracked 
| 216|0x00000000cd800000, 0x00000000cd900000, 0x00000000cd900000|100%| O|  |TAMS 0x00000000cd900000, 0x00000000cd800000| Untracked 
| 217|0x00000000cd900000, 0x00000000cda00000, 0x00000000cda00000|100%| O|  |TAMS 0x00000000cda00000, 0x00000000cd900000| Untracked 
| 218|0x00000000cda00000, 0x00000000cdb00000, 0x00000000cdb00000|100%| O|  |TAMS 0x00000000cdb00000, 0x00000000cda00000| Untracked 
| 219|0x00000000cdb00000, 0x00000000cdc00000, 0x00000000cdc00000|100%| O|  |TAMS 0x00000000cdc00000, 0x00000000cdb00000| Updating 
| 220|0x00000000cdc00000, 0x00000000cdd00000, 0x00000000cdd00000|100%| O|  |TAMS 0x00000000cdd00000, 0x00000000cdc00000| Updating 
| 221|0x00000000cdd00000, 0x00000000cde00000, 0x00000000cde00000|100%| O|  |TAMS 0x00000000cde00000, 0x00000000cdd00000| Updating 
| 222|0x00000000cde00000, 0x00000000cdf00000, 0x00000000cdf00000|100%| O|  |TAMS 0x00000000cdf00000, 0x00000000cde00000| Updating 
| 223|0x00000000cdf00000, 0x00000000ce000000, 0x00000000ce000000|100%| O|  |TAMS 0x00000000ce000000, 0x00000000cdf00000| Updating 
| 224|0x00000000ce000000, 0x00000000ce100000, 0x00000000ce100000|100%|HS|  |TAMS 0x00000000ce100000, 0x00000000ce000000| Complete 
| 225|0x00000000ce100000, 0x00000000ce200000, 0x00000000ce200000|100%|HS|  |TAMS 0x00000000ce200000, 0x00000000ce100000| Complete 
| 226|0x00000000ce200000, 0x00000000ce300000, 0x00000000ce300000|100%|HS|  |TAMS 0x00000000ce300000, 0x00000000ce200000| Complete 
| 227|0x00000000ce300000, 0x00000000ce400000, 0x00000000ce400000|100%| O|  |TAMS 0x00000000ce400000, 0x00000000ce300000| Untracked 
| 228|0x00000000ce400000, 0x00000000ce500000, 0x00000000ce500000|100%| O|  |TAMS 0x00000000ce500000, 0x00000000ce400000| Updating 
| 229|0x00000000ce500000, 0x00000000ce600000, 0x00000000ce600000|100%| O|  |TAMS 0x00000000ce600000, 0x00000000ce500000| Updating 
| 230|0x00000000ce600000, 0x00000000ce700000, 0x00000000ce700000|100%| O|  |TAMS 0x00000000ce700000, 0x00000000ce600000| Updating 
| 231|0x00000000ce700000, 0x00000000ce800000, 0x00000000ce800000|100%| O|  |TAMS 0x00000000ce800000, 0x00000000ce700000| Updating 
| 232|0x00000000ce800000, 0x00000000ce900000, 0x00000000ce900000|100%| O|  |TAMS 0x00000000ce900000, 0x00000000ce800000| Updating 
| 233|0x00000000ce900000, 0x00000000cea00000, 0x00000000cea00000|100%| O|  |TAMS 0x00000000cea00000, 0x00000000ce900000| Untracked 
| 234|0x00000000cea00000, 0x00000000ceb00000, 0x00000000ceb00000|100%| O|  |TAMS 0x00000000ceb00000, 0x00000000cea00000| Updating 
| 235|0x00000000ceb00000, 0x00000000cec00000, 0x00000000cec00000|100%| O|  |TAMS 0x00000000cec00000, 0x00000000ceb00000| Untracked 
| 236|0x00000000cec00000, 0x00000000ced00000, 0x00000000ced00000|100%| O|  |TAMS 0x00000000ced00000, 0x00000000cec00000| Updating 
| 237|0x00000000ced00000, 0x00000000cee00000, 0x00000000cee00000|100%| O|  |TAMS 0x00000000cee00000, 0x00000000ced00000| Updating 
| 238|0x00000000cee00000, 0x00000000cef00000, 0x00000000cef00000|100%| O|  |TAMS 0x00000000cef00000, 0x00000000cee00000| Updating 
| 239|0x00000000cef00000, 0x00000000cf000000, 0x00000000cf000000|100%| O|  |TAMS 0x00000000cf000000, 0x00000000cef00000| Untracked 
| 240|0x00000000cf000000, 0x00000000cf100000, 0x00000000cf100000|100%| O|  |TAMS 0x00000000cf100000, 0x00000000cf000000| Untracked 
| 241|0x00000000cf100000, 0x00000000cf200000, 0x00000000cf200000|100%| O|  |TAMS 0x00000000cf200000, 0x00000000cf100000| Updating 
| 242|0x00000000cf200000, 0x00000000cf300000, 0x00000000cf300000|100%| O|  |TAMS 0x00000000cf300000, 0x00000000cf200000| Updating 
| 243|0x00000000cf300000, 0x00000000cf400000, 0x00000000cf400000|100%| O|  |TAMS 0x00000000cf400000, 0x00000000cf300000| Updating 
| 244|0x00000000cf400000, 0x00000000cf500000, 0x00000000cf500000|100%| O|  |TAMS 0x00000000cf500000, 0x00000000cf400000| Updating 
| 245|0x00000000cf500000, 0x00000000cf600000, 0x00000000cf600000|100%| O|  |TAMS 0x00000000cf600000, 0x00000000cf500000| Updating 
| 246|0x00000000cf600000, 0x00000000cf700000, 0x00000000cf700000|100%| O|  |TAMS 0x00000000cf700000, 0x00000000cf600000| Updating 
| 247|0x00000000cf700000, 0x00000000cf800000, 0x00000000cf800000|100%| O|  |TAMS 0x00000000cf800000, 0x00000000cf700000| Updating 
| 248|0x00000000cf800000, 0x00000000cf900000, 0x00000000cf900000|100%| O|  |TAMS 0x00000000cf900000, 0x00000000cf800000| Updating 
| 249|0x00000000cf900000, 0x00000000cfa00000, 0x00000000cfa00000|100%|HS|  |TAMS 0x00000000cfa00000, 0x00000000cf900000| Complete 
| 250|0x00000000cfa00000, 0x00000000cfb00000, 0x00000000cfb00000|100%|HS|  |TAMS 0x00000000cfb00000, 0x00000000cfa00000| Complete 
| 251|0x00000000cfb00000, 0x00000000cfc00000, 0x00000000cfc00000|100%| O|  |TAMS 0x00000000cfc00000, 0x00000000cfb00000| Untracked 
| 252|0x00000000cfc00000, 0x00000000cfd00000, 0x00000000cfd00000|100%| O|  |TAMS 0x00000000cfd00000, 0x00000000cfc00000| Updating 
| 253|0x00000000cfd00000, 0x00000000cfe00000, 0x00000000cfe00000|100%| O|  |TAMS 0x00000000cfe00000, 0x00000000cfd00000| Updating 
| 254|0x00000000cfe00000, 0x00000000cff00000, 0x00000000cff00000|100%| O|  |TAMS 0x00000000cff00000, 0x00000000cfe00000| Updating 
| 255|0x00000000cff00000, 0x00000000d0000000, 0x00000000d0000000|100%| O|  |TAMS 0x00000000d0000000, 0x00000000cff00000| Updating 
| 256|0x00000000d0000000, 0x00000000d0100000, 0x00000000d0100000|100%| O|  |TAMS 0x00000000d0100000, 0x00000000d0000000| Updating 
| 257|0x00000000d0100000, 0x00000000d0200000, 0x00000000d0200000|100%| O|  |TAMS 0x00000000d0200000, 0x00000000d0100000| Updating 
| 258|0x00000000d0200000, 0x00000000d0300000, 0x00000000d0300000|100%| O|  |TAMS 0x00000000d0300000, 0x00000000d0200000| Updating 
| 259|0x00000000d0300000, 0x00000000d0400000, 0x00000000d0400000|100%| O|  |TAMS 0x00000000d0400000, 0x00000000d0300000| Untracked 
| 260|0x00000000d0400000, 0x00000000d0500000, 0x00000000d0500000|100%| O|  |TAMS 0x00000000d0500000, 0x00000000d0400000| Untracked 
| 261|0x00000000d0500000, 0x00000000d0600000, 0x00000000d0600000|100%| O|  |TAMS 0x00000000d0600000, 0x00000000d0500000| Untracked 
| 262|0x00000000d0600000, 0x00000000d0700000, 0x00000000d0700000|100%| O|  |TAMS 0x00000000d0700000, 0x00000000d0600000| Untracked 
| 263|0x00000000d0700000, 0x00000000d0800000, 0x00000000d0800000|100%| O|  |TAMS 0x00000000d0800000, 0x00000000d0700000| Updating 
| 264|0x00000000d0800000, 0x00000000d0900000, 0x00000000d0900000|100%| O|  |TAMS 0x00000000d0900000, 0x00000000d0800000| Updating 
| 265|0x00000000d0900000, 0x00000000d0a00000, 0x00000000d0a00000|100%| O|  |TAMS 0x00000000d0a00000, 0x00000000d0900000| Untracked 
| 266|0x00000000d0a00000, 0x00000000d0b00000, 0x00000000d0b00000|100%| O|  |TAMS 0x00000000d0b00000, 0x00000000d0a00000| Untracked 
| 267|0x00000000d0b00000, 0x00000000d0c00000, 0x00000000d0c00000|100%| O|  |TAMS 0x00000000d0c00000, 0x00000000d0b00000| Untracked 
| 268|0x00000000d0c00000, 0x00000000d0d00000, 0x00000000d0d00000|100%| O|  |TAMS 0x00000000d0d00000, 0x00000000d0c00000| Untracked 
| 269|0x00000000d0d00000, 0x00000000d0e00000, 0x00000000d0e00000|100%| O|  |TAMS 0x00000000d0e00000, 0x00000000d0d00000| Untracked 
| 270|0x00000000d0e00000, 0x00000000d0f00000, 0x00000000d0f00000|100%| O|  |TAMS 0x00000000d0f00000, 0x00000000d0e00000| Untracked 
| 271|0x00000000d0f00000, 0x00000000d1000000, 0x00000000d1000000|100%| O|  |TAMS 0x00000000d1000000, 0x00000000d0f00000| Untracked 
| 272|0x00000000d1000000, 0x00000000d1100000, 0x00000000d1100000|100%| O|  |TAMS 0x00000000d1100000, 0x00000000d1000000| Updating 
| 273|0x00000000d1100000, 0x00000000d1200000, 0x00000000d1200000|100%| O|  |TAMS 0x00000000d1200000, 0x00000000d1100000| Untracked 
| 274|0x00000000d1200000, 0x00000000d1300000, 0x00000000d1300000|100%| O|  |TAMS 0x00000000d1300000, 0x00000000d1200000| Untracked 
| 275|0x00000000d1300000, 0x00000000d1400000, 0x00000000d1400000|100%| O|  |TAMS 0x00000000d1400000, 0x00000000d1300000| Untracked 
| 276|0x00000000d1400000, 0x00000000d1500000, 0x00000000d1500000|100%| O|  |TAMS 0x00000000d1500000, 0x00000000d1400000| Untracked 
| 277|0x00000000d1500000, 0x00000000d1600000, 0x00000000d1600000|100%| O|  |TAMS 0x00000000d1600000, 0x00000000d1500000| Untracked 
| 278|0x00000000d1600000, 0x00000000d1700000, 0x00000000d1700000|100%| O|  |TAMS 0x00000000d1700000, 0x00000000d1600000| Untracked 
| 279|0x00000000d1700000, 0x00000000d1800000, 0x00000000d1800000|100%| O|  |TAMS 0x00000000d1800000, 0x00000000d1700000| Updating 
| 280|0x00000000d1800000, 0x00000000d1900000, 0x00000000d1900000|100%| O|  |TAMS 0x00000000d1900000, 0x00000000d1800000| Updating 
| 281|0x00000000d1900000, 0x00000000d1a00000, 0x00000000d1a00000|100%| O|  |TAMS 0x00000000d1a00000, 0x00000000d1900000| Untracked 
| 282|0x00000000d1a00000, 0x00000000d1b00000, 0x00000000d1b00000|100%| O|  |TAMS 0x00000000d1b00000, 0x00000000d1a00000| Untracked 
| 283|0x00000000d1b00000, 0x00000000d1c00000, 0x00000000d1c00000|100%| O|  |TAMS 0x00000000d1c00000, 0x00000000d1b00000| Untracked 
| 284|0x00000000d1c00000, 0x00000000d1d00000, 0x00000000d1d00000|100%| O|  |TAMS 0x00000000d1d00000, 0x00000000d1c00000| Updating 
| 285|0x00000000d1d00000, 0x00000000d1e00000, 0x00000000d1e00000|100%| O|  |TAMS 0x00000000d1e00000, 0x00000000d1d00000| Updating 
| 286|0x00000000d1e00000, 0x00000000d1f00000, 0x00000000d1f00000|100%| O|  |TAMS 0x00000000d1f00000, 0x00000000d1e00000| Updating 
| 287|0x00000000d1f00000, 0x00000000d2000000, 0x00000000d2000000|100%| O|  |TAMS 0x00000000d2000000, 0x00000000d1f00000| Untracked 
| 288|0x00000000d2000000, 0x00000000d2100000, 0x00000000d2100000|100%| O|  |TAMS 0x00000000d2100000, 0x00000000d2000000| Untracked 
| 289|0x00000000d2100000, 0x00000000d2200000, 0x00000000d2200000|100%| O|  |TAMS 0x00000000d2200000, 0x00000000d2100000| Updating 
| 290|0x00000000d2200000, 0x00000000d2300000, 0x00000000d2300000|100%| O|  |TAMS 0x00000000d2300000, 0x00000000d2200000| Updating 
| 291|0x00000000d2300000, 0x00000000d2400000, 0x00000000d2400000|100%| O|  |TAMS 0x00000000d2400000, 0x00000000d2300000| Updating 
| 292|0x00000000d2400000, 0x00000000d2500000, 0x00000000d2500000|100%| O|  |TAMS 0x00000000d2500000, 0x00000000d2400000| Untracked 
| 293|0x00000000d2500000, 0x00000000d2600000, 0x00000000d2600000|100%| O|  |TAMS 0x00000000d2600000, 0x00000000d2500000| Updating 
| 294|0x00000000d2600000, 0x00000000d2700000, 0x00000000d2700000|100%| O|  |TAMS 0x00000000d2700000, 0x00000000d2600000| Updating 
| 295|0x00000000d2700000, 0x00000000d2800000, 0x00000000d2800000|100%| O|  |TAMS 0x00000000d2800000, 0x00000000d2700000| Untracked 
| 296|0x00000000d2800000, 0x00000000d2900000, 0x00000000d2900000|100%| O|  |TAMS 0x00000000d2900000, 0x00000000d2800000| Untracked 
| 297|0x00000000d2900000, 0x00000000d2a00000, 0x00000000d2a00000|100%| O|  |TAMS 0x00000000d2a00000, 0x00000000d2900000| Untracked 
| 298|0x00000000d2a00000, 0x00000000d2b00000, 0x00000000d2b00000|100%| O|  |TAMS 0x00000000d2b00000, 0x00000000d2a00000| Updating 
| 299|0x00000000d2b00000, 0x00000000d2c00000, 0x00000000d2c00000|100%| O|  |TAMS 0x00000000d2c00000, 0x00000000d2b00000| Updating 
| 300|0x00000000d2c00000, 0x00000000d2d00000, 0x00000000d2d00000|100%| O|  |TAMS 0x00000000d2d00000, 0x00000000d2c00000| Updating 
| 301|0x00000000d2d00000, 0x00000000d2e00000, 0x00000000d2e00000|100%| O|  |TAMS 0x00000000d2e00000, 0x00000000d2d00000| Updating 
| 302|0x00000000d2e00000, 0x00000000d2f00000, 0x00000000d2f00000|100%| O|  |TAMS 0x00000000d2f00000, 0x00000000d2e00000| Updating 
| 303|0x00000000d2f00000, 0x00000000d3000000, 0x00000000d3000000|100%| O|  |TAMS 0x00000000d3000000, 0x00000000d2f00000| Updating 
| 304|0x00000000d3000000, 0x00000000d3100000, 0x00000000d3100000|100%| O|  |TAMS 0x00000000d3100000, 0x00000000d3000000| Untracked 
| 305|0x00000000d3100000, 0x00000000d3200000, 0x00000000d3200000|100%| O|  |TAMS 0x00000000d3200000, 0x00000000d3100000| Untracked 
| 306|0x00000000d3200000, 0x00000000d3300000, 0x00000000d3300000|100%| O|  |TAMS 0x00000000d3300000, 0x00000000d3200000| Updating 
| 307|0x00000000d3300000, 0x00000000d3400000, 0x00000000d3400000|100%| O|  |TAMS 0x00000000d3400000, 0x00000000d3300000| Untracked 
| 308|0x00000000d3400000, 0x00000000d3500000, 0x00000000d3500000|100%| O|  |TAMS 0x00000000d3500000, 0x00000000d3400000| Updating 
| 309|0x00000000d3500000, 0x00000000d3600000, 0x00000000d3600000|100%| O|  |TAMS 0x00000000d3600000, 0x00000000d3500000| Updating 
| 310|0x00000000d3600000, 0x00000000d3700000, 0x00000000d3700000|100%| O|  |TAMS 0x00000000d3700000, 0x00000000d3600000| Updating 
| 311|0x00000000d3700000, 0x00000000d3800000, 0x00000000d3800000|100%| O|  |TAMS 0x00000000d3800000, 0x00000000d3700000| Updating 
| 312|0x00000000d3800000, 0x00000000d3900000, 0x00000000d3900000|100%| O|  |TAMS 0x00000000d3900000, 0x00000000d3800000| Updating 
| 313|0x00000000d3900000, 0x00000000d3a00000, 0x00000000d3a00000|100%| O|  |TAMS 0x00000000d3a00000, 0x00000000d3900000| Updating 
| 314|0x00000000d3a00000, 0x00000000d3b00000, 0x00000000d3b00000|100%| O|  |TAMS 0x00000000d3b00000, 0x00000000d3a00000| Untracked 
| 315|0x00000000d3b00000, 0x00000000d3c00000, 0x00000000d3c00000|100%| O|  |TAMS 0x00000000d3c00000, 0x00000000d3b00000| Untracked 
| 316|0x00000000d3c00000, 0x00000000d3d00000, 0x00000000d3d00000|100%| O|  |TAMS 0x00000000d3d00000, 0x00000000d3c00000| Untracked 
| 317|0x00000000d3d00000, 0x00000000d3e00000, 0x00000000d3e00000|100%| O|  |TAMS 0x00000000d3e00000, 0x00000000d3d00000| Untracked 
| 318|0x00000000d3e00000, 0x00000000d3f00000, 0x00000000d3f00000|100%| O|  |TAMS 0x00000000d3f00000, 0x00000000d3e00000| Untracked 
| 319|0x00000000d3f00000, 0x00000000d4000000, 0x00000000d4000000|100%| O|  |TAMS 0x00000000d4000000, 0x00000000d3f00000| Untracked 
| 320|0x00000000d4000000, 0x00000000d4100000, 0x00000000d4100000|100%| O|  |TAMS 0x00000000d4100000, 0x00000000d4000000| Untracked 
| 321|0x00000000d4100000, 0x00000000d4200000, 0x00000000d4200000|100%| O|  |TAMS 0x00000000d4200000, 0x00000000d4100000| Untracked 
| 322|0x00000000d4200000, 0x00000000d4300000, 0x00000000d4300000|100%| O|  |TAMS 0x00000000d4300000, 0x00000000d4200000| Untracked 
| 323|0x00000000d4300000, 0x00000000d4400000, 0x00000000d4400000|100%| O|  |TAMS 0x00000000d4400000, 0x00000000d4300000| Untracked 
| 324|0x00000000d4400000, 0x00000000d4500000, 0x00000000d4500000|100%| O|  |TAMS 0x00000000d4500000, 0x00000000d4400000| Untracked 
| 325|0x00000000d4500000, 0x00000000d4600000, 0x00000000d4600000|100%| O|  |TAMS 0x00000000d4600000, 0x00000000d4500000| Untracked 
| 326|0x00000000d4600000, 0x00000000d4700000, 0x00000000d4700000|100%| O|  |TAMS 0x00000000d4700000, 0x00000000d4600000| Untracked 
| 327|0x00000000d4700000, 0x00000000d4800000, 0x00000000d4800000|100%| O|  |TAMS 0x00000000d4800000, 0x00000000d4700000| Untracked 
| 328|0x00000000d4800000, 0x00000000d4900000, 0x00000000d4900000|100%| O|  |TAMS 0x00000000d4900000, 0x00000000d4800000| Untracked 
| 329|0x00000000d4900000, 0x00000000d4a00000, 0x00000000d4a00000|100%| O|  |TAMS 0x00000000d4a00000, 0x00000000d4900000| Untracked 
| 330|0x00000000d4a00000, 0x00000000d4b00000, 0x00000000d4b00000|100%| O|  |TAMS 0x00000000d4b00000, 0x00000000d4a00000| Untracked 
| 331|0x00000000d4b00000, 0x00000000d4c00000, 0x00000000d4c00000|100%| O|  |TAMS 0x00000000d4c00000, 0x00000000d4b00000| Updating 
| 332|0x00000000d4c00000, 0x00000000d4d00000, 0x00000000d4d00000|100%| O|  |TAMS 0x00000000d4d00000, 0x00000000d4c00000| Updating 
| 333|0x00000000d4d00000, 0x00000000d4e00000, 0x00000000d4e00000|100%| O|  |TAMS 0x00000000d4d69a00, 0x00000000d4d00000| Updating 
| 334|0x00000000d4e00000, 0x00000000d4f00000, 0x00000000d4f00000|100%| O|  |TAMS 0x00000000d4e00000, 0x00000000d4e00000| Untracked 
| 335|0x00000000d4f00000, 0x00000000d5000000, 0x00000000d5000000|100%| O|  |TAMS 0x00000000d4f00000, 0x00000000d4f00000| Untracked 
| 336|0x00000000d5000000, 0x00000000d5100000, 0x00000000d5100000|100%| O|  |TAMS 0x00000000d5000000, 0x00000000d5000000| Untracked 
| 337|0x00000000d5100000, 0x00000000d5200000, 0x00000000d5200000|100%| O|  |TAMS 0x00000000d5100000, 0x00000000d5100000| Untracked 
| 338|0x00000000d5200000, 0x00000000d5300000, 0x00000000d5300000|100%| O|  |TAMS 0x00000000d5200000, 0x00000000d5200000| Untracked 
| 339|0x00000000d5300000, 0x00000000d5400000, 0x00000000d5400000|100%| O|  |TAMS 0x00000000d5300000, 0x00000000d5300000| Untracked 
| 340|0x00000000d5400000, 0x00000000d5400000, 0x00000000d5500000|  0%| F|  |TAMS 0x00000000d5400000, 0x00000000d5400000| Untracked 
| 341|0x00000000d5500000, 0x00000000d5500000, 0x00000000d5600000|  0%| F|  |TAMS 0x00000000d5500000, 0x00000000d5500000| Untracked 
| 342|0x00000000d5600000, 0x00000000d5600000, 0x00000000d5700000|  0%| F|  |TAMS 0x00000000d5600000, 0x00000000d5600000| Untracked 
| 343|0x00000000d5700000, 0x00000000d5700000, 0x00000000d5800000|  0%| F|  |TAMS 0x00000000d5700000, 0x00000000d5700000| Untracked 
| 344|0x00000000d5800000, 0x00000000d5800000, 0x00000000d5900000|  0%| F|  |TAMS 0x00000000d5800000, 0x00000000d5800000| Untracked 
| 345|0x00000000d5900000, 0x00000000d5900000, 0x00000000d5a00000|  0%| F|  |TAMS 0x00000000d5900000, 0x00000000d5900000| Untracked 
| 346|0x00000000d5a00000, 0x00000000d5a00000, 0x00000000d5b00000|  0%| F|  |TAMS 0x00000000d5a00000, 0x00000000d5a00000| Untracked 
| 347|0x00000000d5b00000, 0x00000000d5c00000, 0x00000000d5c00000|100%|HS|  |TAMS 0x00000000d5b00000, 0x00000000d5b00000| Complete 
| 348|0x00000000d5c00000, 0x00000000d5d00000, 0x00000000d5d00000|100%|HC|  |TAMS 0x00000000d5c00000, 0x00000000d5c00000| Complete 
| 349|0x00000000d5d00000, 0x00000000d5e00000, 0x00000000d5e00000|100%| O|  |TAMS 0x00000000d5d00000, 0x00000000d5d00000| Untracked 
| 350|0x00000000d5e00000, 0x00000000d5f00000, 0x00000000d5f00000|100%| O|  |TAMS 0x00000000d5e00000, 0x00000000d5e00000| Untracked 
| 351|0x00000000d5f00000, 0x00000000d6000000, 0x00000000d6000000|100%| O|  |TAMS 0x00000000d5f00000, 0x00000000d5f00000| Untracked 
| 352|0x00000000d6000000, 0x00000000d6100000, 0x00000000d6100000|100%| O|  |TAMS 0x00000000d6000000, 0x00000000d6000000| Untracked 
| 353|0x00000000d6100000, 0x00000000d6200000, 0x00000000d6200000|100%| O|  |TAMS 0x00000000d6100000, 0x00000000d6100000| Untracked 
| 354|0x00000000d6200000, 0x00000000d6300000, 0x00000000d6300000|100%| O|  |TAMS 0x00000000d6200000, 0x00000000d6200000| Untracked 
| 355|0x00000000d6300000, 0x00000000d6400000, 0x00000000d6400000|100%| O|  |TAMS 0x00000000d6300000, 0x00000000d6300000| Untracked 
| 356|0x00000000d6400000, 0x00000000d6400000, 0x00000000d6500000|  0%| F|  |TAMS 0x00000000d6400000, 0x00000000d6400000| Untracked 
| 357|0x00000000d6500000, 0x00000000d6500000, 0x00000000d6600000|  0%| F|  |TAMS 0x00000000d6500000, 0x00000000d6500000| Untracked 
| 358|0x00000000d6600000, 0x00000000d6700000, 0x00000000d6700000|100%| O|  |TAMS 0x00000000d6600000, 0x00000000d6600000| Untracked 
| 359|0x00000000d6700000, 0x00000000d6800000, 0x00000000d6800000|100%| S|CS|TAMS 0x00000000d6700000, 0x00000000d6700000| Complete 
| 360|0x00000000d6800000, 0x00000000d6900000, 0x00000000d6900000|100%| S|CS|TAMS 0x00000000d6800000, 0x00000000d6800000| Complete 
| 361|0x00000000d6900000, 0x00000000d6900000, 0x00000000d6a00000|  0%| F|  |TAMS 0x00000000d6900000, 0x00000000d6900000| Untracked 
| 362|0x00000000d6a00000, 0x00000000d6b00000, 0x00000000d6b00000|100%| S|CS|TAMS 0x00000000d6a00000, 0x00000000d6a00000| Complete 
| 363|0x00000000d6b00000, 0x00000000d6b00000, 0x00000000d6c00000|  0%| F|  |TAMS 0x00000000d6b00000, 0x00000000d6b00000| Untracked 
| 364|0x00000000d6c00000, 0x00000000d6c00000, 0x00000000d6d00000|  0%| F|  |TAMS 0x00000000d6c00000, 0x00000000d6c00000| Untracked 
| 365|0x00000000d6d00000, 0x00000000d6d00000, 0x00000000d6e00000|  0%| F|  |TAMS 0x00000000d6d00000, 0x00000000d6d00000| Untracked 
| 366|0x00000000d6e00000, 0x00000000d6e00000, 0x00000000d6f00000|  0%| F|  |TAMS 0x00000000d6e00000, 0x00000000d6e00000| Untracked 
| 367|0x00000000d6f00000, 0x00000000d6f00000, 0x00000000d7000000|  0%| F|  |TAMS 0x00000000d6f00000, 0x00000000d6f00000| Untracked 
| 368|0x00000000d7000000, 0x00000000d7000000, 0x00000000d7100000|  0%| F|  |TAMS 0x00000000d7000000, 0x00000000d7000000| Untracked 
| 369|0x00000000d7100000, 0x00000000d7100000, 0x00000000d7200000|  0%| F|  |TAMS 0x00000000d7100000, 0x00000000d7100000| Untracked 
| 370|0x00000000d7200000, 0x00000000d7200000, 0x00000000d7300000|  0%| F|  |TAMS 0x00000000d7200000, 0x00000000d7200000| Untracked 
| 371|0x00000000d7300000, 0x00000000d7300000, 0x00000000d7400000|  0%| F|  |TAMS 0x00000000d7300000, 0x00000000d7300000| Untracked 
| 372|0x00000000d7400000, 0x00000000d7400000, 0x00000000d7500000|  0%| F|  |TAMS 0x00000000d7400000, 0x00000000d7400000| Untracked 
| 373|0x00000000d7500000, 0x00000000d7500000, 0x00000000d7600000|  0%| F|  |TAMS 0x00000000d7500000, 0x00000000d7500000| Untracked 
| 374|0x00000000d7600000, 0x00000000d7600000, 0x00000000d7700000|  0%| F|  |TAMS 0x00000000d7600000, 0x00000000d7600000| Untracked 
| 375|0x00000000d7700000, 0x00000000d7700000, 0x00000000d7800000|  0%| F|  |TAMS 0x00000000d7700000, 0x00000000d7700000| Untracked 
| 376|0x00000000d7800000, 0x00000000d783d300, 0x00000000d7900000| 23%| E|  |TAMS 0x00000000d7800000, 0x00000000d7800000| Complete 
|1022|0x00000000ffe00000, 0x00000000ffef2e00, 0x00000000fff00000| 94%| O|  |TAMS 0x00000000ffe00000, 0x00000000ffe00000| Untracked 
|1023|0x00000000fff00000, 0x0000000100000000, 0x0000000100000000|100%| O|  |TAMS 0x00000000fff00000, 0x00000000fff00000| Untracked 

Card table byte_map: [0x000002aa9d810000,0x000002aa9da10000] _byte_map_base: 0x000002aa9d210000

Marking Bits (Prev, Next): (CMBitMap*) 0x000002aa8659fa60, (CMBitMap*) 0x000002aa8659faa0
 Prev Bits: [0x000002aa9dc10000, 0x000002aa9ec10000)
 Next Bits: [0x000002aa9ec10000, 0x000002aa9fc10000)

Polling page: 0x000002aa848b0000

Metaspace:

Usage:
  Non-class:    105.16 MB used.
      Class:     16.95 MB used.
       Both:    122.10 MB used.

Virtual space:
  Non-class space:      128.00 MB reserved,     106.12 MB ( 83%) committed,  2 nodes.
      Class space:      208.00 MB reserved,      17.88 MB (  9%) committed,  1 nodes.
             Both:      336.00 MB reserved,     124.00 MB ( 37%) committed. 

Chunk freelists:
   Non-Class:  5.84 MB
       Class:  14.05 MB
        Both:  19.89 MB

MaxMetaspaceSize: 256.00 MB
CompressedClassSpaceSize: 208.00 MB
Initial GC threshold: 21.00 MB
Current GC threshold: 166.50 MB
CDS: on
MetaspaceReclaimPolicy: balanced
 - commit_granule_bytes: 65536.
 - commit_granule_words: 8192.
 - virtual_space_node_default_size: 8388608.
 - enlarge_chunks_in_place: 1.
 - new_chunks_are_fully_committed: 0.
 - uncommit_free_chunks: 1.
 - use_allocation_guard: 0.
 - handle_deallocations: 1.


Internal statistics:

num_allocs_failed_limit: 9.
num_arena_births: 2882.
num_arena_deaths: 2.
num_vsnodes_births: 3.
num_vsnodes_deaths: 0.
num_space_committed: 1983.
num_space_uncommitted: 0.
num_chunks_returned_to_freelist: 14.
num_chunks_taken_from_freelist: 8985.
num_chunk_merges: 9.
num_chunk_splits: 5622.
num_chunks_enlarged: 3302.
num_inconsistent_stats: 0.

CodeHeap 'non-profiled nmethods': size=120000Kb used=15573Kb max_used=15766Kb free=104426Kb
 bounds [0x000002aa95b90000, 0x000002aa96b00000, 0x000002aa9d0c0000]
CodeHeap 'profiled nmethods': size=120000Kb used=33709Kb max_used=33996Kb free=86290Kb
 bounds [0x000002aa8e0c0000, 0x000002aa90200000, 0x000002aa955f0000]
CodeHeap 'non-nmethods': size=5760Kb used=1797Kb max_used=1904Kb free=3962Kb
 bounds [0x000002aa955f0000, 0x000002aa95860000, 0x000002aa95b90000]
 total_blobs=18773 nmethods=17871 adapters=813
 compilation: enabled
              stopped_count=0, restarted_count=0
 full_count=0

Compilation events (20 events):
Event: 47.428 Thread 0x000002aaa28a1040 21705   !   4       com.sun.org.apache.xerces.internal.parsers.AbstractSAXParser::characters (78 bytes)
Event: 47.431 Thread 0x000002aaa28a1950 21723       2       com.sun.org.apache.xerces.internal.impl.XMLDocumentScannerImpl::<init> (126 bytes)
Event: 47.431 Thread 0x000002aaa28a1950 nmethod 21723 0x000002aa8efb1b10 code [0x000002aa8efb1d20, 0x000002aa8efb2898]
Event: 47.431 Thread 0x000002aaa28a1950 21726       3       com.sun.org.apache.xerces.internal.impl.XMLDocumentScannerImpl::getFeatureDefault (40 bytes)
Event: 47.432 Thread 0x000002aaa28a1950 nmethod 21726 0x000002aa8ec88490 code [0x000002aa8ec88660, 0x000002aa8ec88918]
Event: 47.432 Thread 0x000002aaa28a1950 21724       2       com.sun.org.apache.xerces.internal.impl.XMLDocumentFragmentScannerImpl::<init> (329 bytes)
Event: 47.433 Thread 0x000002aaa28a1950 nmethod 21724 0x000002aa8efd7510 code [0x000002aa8efd77a0, 0x000002aa8efd8c28]
Event: 47.433 Thread 0x000002aaa28a1950 21725       2       com.sun.org.apache.xerces.internal.impl.XMLDocumentScannerImpl$XMLDeclDriver::<init> (10 bytes)
Event: 47.433 Thread 0x000002aaa28a1950 nmethod 21725 0x000002aa8e24b090 code [0x000002aa8e24b220, 0x000002aa8e24b378]
Event: 47.447 Thread 0x000002aabb9c27f0 nmethod 21693 0x000002aa95e89f90 code [0x000002aa95e8a160, 0x000002aa95e8aec8]
Event: 47.447 Thread 0x000002aabb9c27f0 21709       4       com.android.utils.PositionXmlParser$DomBuilder::characters (12 bytes)
Event: 47.449 Thread 0x000002aabb9c27f0 nmethod 21709 0x000002aa95f19510 code [0x000002aa95f196a0, 0x000002aa95f19768]
Event: 47.449 Thread 0x000002aabb9c27f0 21666       4       com.android.ide.common.resources.ResourceMergerItem::<init> (63 bytes)
Event: 47.450 Thread 0x000002aaa28a1950 21727       2       com.sun.org.apache.xerces.internal.parsers.XIncludeAwareParserConfiguration::<init> (8 bytes)
Event: 47.451 Thread 0x000002aaa28a1950 nmethod 21727 0x000002aa8e45f710 code [0x000002aa8e45f8c0, 0x000002aa8e45fa08]
Event: 47.451 Thread 0x000002aaa28a1950 21728       2       com.sun.org.apache.xerces.internal.parsers.XIncludeAwareParserConfiguration::<init> (112 bytes)
Event: 47.452 Thread 0x000002aaa28a1950 nmethod 21728 0x000002aa8f285d10 code [0x000002aa8f285fa0, 0x000002aa8f286d38]
Event: 47.452 Thread 0x000002aaa28a1950 21729       2       com.sun.org.apache.xerces.internal.util.SymbolTable::<init> (9 bytes)
Event: 47.452 Thread 0x000002aaa28a1950 nmethod 21729 0x000002aa8e4d6790 code [0x000002aa8e4d6960, 0x000002aa8e4d6a88]
Event: 47.452 Thread 0x000002aaa28a1950 21730       2       com.sun.org.apache.xerces.internal.parsers.SAXParser::setProperty (189 bytes)

GC Heap History (20 events):
Event: 44.585 GC heap before
{Heap before GC invocations=140 (full 0):
 garbage-first heap   total 386048K, used 338438K [0x00000000c0000000, 0x0000000100000000)
  region size 1024K, 25 young (25600K), 3 survivors (3072K)
 Metaspace       used 122968K, committed 124928K, reserved 344064K
  class space    used 17166K, committed 18112K, reserved 212992K
}
Event: 44.587 GC heap after
{Heap after GC invocations=141 (full 0):
 garbage-first heap   total 386048K, used 316709K [0x00000000c0000000, 0x0000000100000000)
  region size 1024K, 4 young (4096K), 4 survivors (4096K)
 Metaspace       used 122968K, committed 124928K, reserved 344064K
  class space    used 17166K, committed 18112K, reserved 212992K
}
Event: 44.710 GC heap before
{Heap before GC invocations=141 (full 0):
 garbage-first heap   total 386048K, used 338213K [0x00000000c0000000, 0x0000000100000000)
  region size 1024K, 25 young (25600K), 4 survivors (4096K)
 Metaspace       used 122968K, committed 124928K, reserved 344064K
  class space    used 17166K, committed 18112K, reserved 212992K
}
Event: 44.713 GC heap after
{Heap after GC invocations=142 (full 0):
 garbage-first heap   total 386048K, used 318046K [0x00000000c0000000, 0x0000000100000000)
  region size 1024K, 4 young (4096K), 4 survivors (4096K)
 Metaspace       used 122968K, committed 124928K, reserved 344064K
  class space    used 17166K, committed 18112K, reserved 212992K
}
Event: 44.859 GC heap before
{Heap before GC invocations=142 (full 0):
 garbage-first heap   total 386048K, used 337502K [0x00000000c0000000, 0x0000000100000000)
  region size 1024K, 24 young (24576K), 4 survivors (4096K)
 Metaspace       used 123040K, committed 124992K, reserved 344064K
  class space    used 17172K, committed 18112K, reserved 212992K
}
Event: 44.862 GC heap after
{Heap after GC invocations=143 (full 0):
 garbage-first heap   total 386048K, used 318445K [0x00000000c0000000, 0x0000000100000000)
  region size 1024K, 3 young (3072K), 3 survivors (3072K)
 Metaspace       used 123040K, committed 124992K, reserved 344064K
  class space    used 17172K, committed 18112K, reserved 212992K
}
Event: 45.292 GC heap before
{Heap before GC invocations=143 (full 0):
 garbage-first heap   total 386048K, used 336877K [0x00000000c0000000, 0x0000000100000000)
  region size 1024K, 22 young (22528K), 3 survivors (3072K)
 Metaspace       used 124149K, committed 126080K, reserved 344064K
  class space    used 17308K, committed 18240K, reserved 212992K
}
Event: 45.295 GC heap after
{Heap after GC invocations=144 (full 0):
 garbage-first heap   total 386048K, used 319224K [0x00000000c0000000, 0x0000000100000000)
  region size 1024K, 1 young (1024K), 1 survivors (1024K)
 Metaspace       used 124149K, committed 126080K, reserved 344064K
  class space    used 17308K, committed 18240K, reserved 212992K
}
Event: 45.452 GC heap before
{Heap before GC invocations=144 (full 0):
 garbage-first heap   total 386048K, used 337656K [0x00000000c0000000, 0x0000000100000000)
  region size 1024K, 20 young (20480K), 1 survivors (1024K)
 Metaspace       used 124183K, committed 126144K, reserved 344064K
  class space    used 17309K, committed 18240K, reserved 212992K
}
Event: 45.456 GC heap after
{Heap after GC invocations=145 (full 0):
 garbage-first heap   total 386048K, used 322029K [0x00000000c0000000, 0x0000000100000000)
  region size 1024K, 3 young (3072K), 3 survivors (3072K)
 Metaspace       used 124183K, committed 126144K, reserved 344064K
  class space    used 17309K, committed 18240K, reserved 212992K
}
Event: 45.762 GC heap before
{Heap before GC invocations=145 (full 0):
 garbage-first heap   total 386048K, used 340461K [0x00000000c0000000, 0x0000000100000000)
  region size 1024K, 19 young (19456K), 3 survivors (3072K)
 Metaspace       used 124361K, committed 126272K, reserved 344064K
  class space    used 17313K, committed 18240K, reserved 212992K
}
Event: 45.770 GC heap after
{Heap after GC invocations=146 (full 0):
 garbage-first heap   total 386048K, used 330107K [0x00000000c0000000, 0x0000000100000000)
  region size 1024K, 3 young (3072K), 3 survivors (3072K)
 Metaspace       used 124361K, committed 126272K, reserved 344064K
  class space    used 17313K, committed 18240K, reserved 212992K
}
Event: 45.994 GC heap before
{Heap before GC invocations=146 (full 0):
 garbage-first heap   total 386048K, used 345467K [0x00000000c0000000, 0x0000000100000000)
  region size 1024K, 18 young (18432K), 3 survivors (3072K)
 Metaspace       used 124667K, committed 126656K, reserved 344064K
  class space    used 17346K, committed 18304K, reserved 212992K
}
Event: 46.000 GC heap after
{Heap after GC invocations=147 (full 0):
 garbage-first heap   total 386048K, used 340358K [0x00000000c0000000, 0x0000000100000000)
  region size 1024K, 3 young (3072K), 3 survivors (3072K)
 Metaspace       used 124667K, committed 126656K, reserved 344064K
  class space    used 17346K, committed 18304K, reserved 212992K
}
Event: 46.659 GC heap before
{Heap before GC invocations=147 (full 0):
 garbage-first heap   total 386048K, used 355718K [0x00000000c0000000, 0x0000000100000000)
  region size 1024K, 18 young (18432K), 3 survivors (3072K)
 Metaspace       used 124974K, committed 126912K, reserved 344064K
  class space    used 17363K, committed 18304K, reserved 212992K
}
Event: 46.663 GC heap after
{Heap after GC invocations=148 (full 0):
 garbage-first heap   total 386048K, used 344486K [0x00000000c0000000, 0x0000000100000000)
  region size 1024K, 3 young (3072K), 3 survivors (3072K)
 Metaspace       used 124974K, committed 126912K, reserved 344064K
  class space    used 17363K, committed 18304K, reserved 212992K
}
Event: 47.194 GC heap before
{Heap before GC invocations=148 (full 0):
 garbage-first heap   total 386048K, used 358822K [0x00000000c0000000, 0x0000000100000000)
  region size 1024K, 18 young (18432K), 3 survivors (3072K)
 Metaspace       used 125039K, committed 126912K, reserved 344064K
  class space    used 17363K, committed 18304K, reserved 212992K
}
Event: 47.199 GC heap after
{Heap after GC invocations=149 (full 0):
 garbage-first heap   total 386048K, used 350896K [0x00000000c0000000, 0x0000000100000000)
  region size 1024K, 3 young (3072K), 3 survivors (3072K)
 Metaspace       used 125039K, committed 126912K, reserved 344064K
  class space    used 17363K, committed 18304K, reserved 212992K
}
Event: 47.438 GC heap before
{Heap before GC invocations=149 (full 0):
 garbage-first heap   total 386048K, used 372400K [0x00000000c0000000, 0x0000000100000000)
  region size 1024K, 17 young (17408K), 3 survivors (3072K)
 Metaspace       used 125054K, committed 126976K, reserved 344064K
  class space    used 17363K, committed 18304K, reserved 212992K
}
Event: 47.446 GC heap after
{Heap after GC invocations=150 (full 0):
 garbage-first heap   total 388096K, used 363467K [0x00000000c0000000, 0x0000000100000000)
  region size 1024K, 3 young (3072K), 3 survivors (3072K)
 Metaspace       used 125054K, committed 126976K, reserved 344064K
  class space    used 17363K, committed 18304K, reserved 212992K
}

Dll operation events (15 events):
Event: 0.014 Loaded shared library C:\Program Files\Eclipse Adoptium\jdk-17.0.18.8-hotspot\bin\java.dll
Event: 0.030 Loaded shared library C:\Program Files\Eclipse Adoptium\jdk-17.0.18.8-hotspot\bin\jsvml.dll
Event: 0.070 Loaded shared library C:\Program Files\Eclipse Adoptium\jdk-17.0.18.8-hotspot\bin\zip.dll
Event: 0.074 Loaded shared library C:\Program Files\Eclipse Adoptium\jdk-17.0.18.8-hotspot\bin\instrument.dll
Event: 0.080 Loaded shared library C:\Program Files\Eclipse Adoptium\jdk-17.0.18.8-hotspot\bin\net.dll
Event: 0.081 Loaded shared library C:\Program Files\Eclipse Adoptium\jdk-17.0.18.8-hotspot\bin\nio.dll
Event: 0.083 Loaded shared library C:\Program Files\Eclipse Adoptium\jdk-17.0.18.8-hotspot\bin\zip.dll
Event: 0.333 Loaded shared library C:\Program Files\Eclipse Adoptium\jdk-17.0.18.8-hotspot\bin\jimage.dll
Event: 0.563 Loaded shared library C:\Program Files\Eclipse Adoptium\jdk-17.0.18.8-hotspot\bin\verify.dll
Event: 0.605 Loaded shared library C:\Users\Nandhitha_R\.gradle\native\1def1411415f61bf3af743bc5b6707747c0891f09f0c88961ee8f79bc544acac\windows-amd64\native-platform.dll
Event: 0.624 Loaded shared library C:\Users\Nandhitha_R\.gradle\native\0.2.8\x86_64-windows-gnu\gradle-fileevents.dll
Event: 1.612 Loaded shared library C:\Program Files\Eclipse Adoptium\jdk-17.0.18.8-hotspot\bin\management.dll
Event: 1.614 Loaded shared library C:\Program Files\Eclipse Adoptium\jdk-17.0.18.8-hotspot\bin\management_ext.dll
Event: 1.828 Loaded shared library C:\Program Files\Eclipse Adoptium\jdk-17.0.18.8-hotspot\bin\extnet.dll
Event: 2.044 Loaded shared library C:\Program Files\Eclipse Adoptium\jdk-17.0.18.8-hotspot\bin\sunmscapi.dll

Deoptimization events (20 events):
Event: 47.317 Thread 0x000002aab7541dc0 Uncommon trap: trap_request=0xffffffc6 fr.pc=0x000002aa96aa3744 relative=0x0000000000000704
Event: 47.317 Thread 0x000002aab7541dc0 Uncommon trap: reason=bimorphic_or_optimized_type_check action=maybe_recompile pc=0x000002aa96aa3744 method=com.sun.org.apache.xerces.internal.dom.NamedNodeMapImpl.findNamePoint(Ljava/lang/String;I)I @ 54 c2
Event: 47.317 Thread 0x000002aab7541dc0 DEOPT PACKING pc=0x000002aa96aa3744 sp=0x000000b4021f9b70
Event: 47.317 Thread 0x000002aab7541dc0 DEOPT UNPACKING pc=0x000002aa956469a3 sp=0x000000b4021f9b08 mode 2
Event: 47.332 Thread 0x000002aab7541dc0 Uncommon trap: trap_request=0xffffff45 fr.pc=0x000002aa96a5feb0 relative=0x0000000000002e50
Event: 47.332 Thread 0x000002aab7541dc0 Uncommon trap: reason=unstable_if action=reinterpret pc=0x000002aa96a5feb0 method=com.sun.org.apache.xerces.internal.utils.XMLLimitAnalyzer.addValue(ILjava/lang/String;I)V @ 102 c2
Event: 47.332 Thread 0x000002aab7541dc0 DEOPT PACKING pc=0x000002aa96a5feb0 sp=0x000000b4021f9ac0
Event: 47.332 Thread 0x000002aab7541dc0 DEOPT UNPACKING pc=0x000002aa956469a3 sp=0x000000b4021f9ad0 mode 2
Event: 47.369 Thread 0x000002aab7541dc0 DEOPT PACKING pc=0x000002aa90190123 sp=0x000000b4021f9e60
Event: 47.369 Thread 0x000002aab7541dc0 DEOPT UNPACKING pc=0x000002aa95647143 sp=0x000000b4021f92c0 mode 0
Event: 47.371 Thread 0x000002aab7541dc0 DEOPT PACKING pc=0x000002aa90160c0d sp=0x000000b4021f9e20
Event: 47.371 Thread 0x000002aab7541dc0 DEOPT UNPACKING pc=0x000002aa95647143 sp=0x000000b4021f92a0 mode 0
Event: 47.373 Thread 0x000002aab7541dc0 DEOPT PACKING pc=0x000002aa90160c0d sp=0x000000b4021f9e20
Event: 47.373 Thread 0x000002aab7541dc0 DEOPT UNPACKING pc=0x000002aa95647143 sp=0x000000b4021f92a0 mode 0
Event: 47.376 Thread 0x000002aab7541dc0 DEOPT PACKING pc=0x000002aa90160c0d sp=0x000000b4021f9e20
Event: 47.376 Thread 0x000002aab7541dc0 DEOPT UNPACKING pc=0x000002aa95647143 sp=0x000000b4021f92a0 mode 0
Event: 47.383 Thread 0x000002aab7541dc0 DEOPT PACKING pc=0x000002aa901c324a sp=0x000000b4021f9d50
Event: 47.383 Thread 0x000002aab7541dc0 DEOPT UNPACKING pc=0x000002aa95647143 sp=0x000000b4021f9278 mode 0
Event: 47.396 Thread 0x000002aab7541dc0 DEOPT PACKING pc=0x000002aa900cf13c sp=0x000000b4021fa530
Event: 47.396 Thread 0x000002aab7541dc0 DEOPT UNPACKING pc=0x000002aa95647143 sp=0x000000b4021f99e0 mode 0

Classes loaded (20 events):
Event: 45.835 Loading class com/sun/org/apache/xerces/internal/dom/TextImpl done
Event: 45.835 Loading class com/sun/org/apache/xerces/internal/dom/DeferredTextImpl done
Event: 45.835 Loading class com/sun/org/apache/xerces/internal/dom/CharacterDataImpl$1
Event: 45.835 Loading class com/sun/org/apache/xerces/internal/dom/CharacterDataImpl$1 done
Event: 46.243 Loading class java/nio/file/Files$2
Event: 46.243 Loading class java/nio/file/Files$2 done
Event: 46.380 Loading class org/xml/sax/ext/DefaultHandler2
Event: 46.380 Loading class org/xml/sax/ext/LexicalHandler
Event: 46.380 Loading class org/xml/sax/ext/LexicalHandler done
Event: 46.380 Loading class org/xml/sax/ext/DeclHandler
Event: 46.381 Loading class org/xml/sax/ext/DeclHandler done
Event: 46.382 Loading class org/xml/sax/ext/DefaultHandler2 done
Event: 46.396 Loading class com/sun/org/apache/xerces/internal/dom/ParentNode$UserDataRecord
Event: 46.396 Loading class com/sun/org/apache/xerces/internal/dom/ParentNode$UserDataRecord done
Event: 46.397 Loading class com/sun/org/apache/xerces/internal/util/EntityResolver2Wrapper
Event: 46.398 Loading class com/sun/org/apache/xerces/internal/util/EntityResolver2Wrapper done
Event: 46.421 Loading class com/sun/org/apache/xerces/internal/dom/CommentImpl
Event: 46.421 Loading class org/w3c/dom/Comment
Event: 46.422 Loading class org/w3c/dom/Comment done
Event: 46.422 Loading class com/sun/org/apache/xerces/internal/dom/CommentImpl done

Classes unloaded (9 events):
Event: 47.454 Thread 0x000002aaa287d220 Unloading class 0x000002aaa502db58 '_BuildScript_$_getReactNativeMinorVersion_closure4'
Event: 47.454 Thread 0x000002aaa287d220 Unloading class 0x000002aaa502d770 '_BuildScript_$_run_closure3'
Event: 47.454 Thread 0x000002aaa287d220 Unloading class 0x000002aaa502d388 '_BuildScript_$_run_closure2$_closure8'
Event: 47.454 Thread 0x000002aaa287d220 Unloading class 0x000002aaa502cfa0 '_BuildScript_$_run_closure2'
Event: 47.454 Thread 0x000002aaa287d220 Unloading class 0x000002aaa502cbb8 '_BuildScript_$_run_closure1$_closure6$_closure7'
Event: 47.454 Thread 0x000002aaa287d220 Unloading class 0x000002aaa502c7d0 '_BuildScript_$_run_closure1$_closure6'
Event: 47.454 Thread 0x000002aaa287d220 Unloading class 0x000002aaa502c3e8 '_BuildScript_$_run_closure1$_closure5'
Event: 47.454 Thread 0x000002aaa287d220 Unloading class 0x000002aaa502c000 '_BuildScript_$_run_closure1'
Event: 47.454 Thread 0x000002aaa287d220 Unloading class 0x000002aaa5020800 '_BuildScript_'

Classes redefined (0 events):
No events

Internal exceptions (20 events):
Event: 46.351 Thread 0x000002aab7541dc0 Exception <a 'sun/nio/fs/WindowsException'{0x00000000d6fa4028}> (0x00000000d6fa4028) 
thrown [s\src\hotspot\share\prims\jni.cpp, line 516]
Event: 46.352 Thread 0x000002aab7541dc0 Exception <a 'sun/nio/fs/WindowsException'{0x00000000d6fa5448}> (0x00000000d6fa5448) 
thrown [s\src\hotspot\share\prims\jni.cpp, line 516]
Event: 46.353 Thread 0x000002aab7541dc0 Exception <a 'sun/nio/fs/WindowsException'{0x00000000d6fa6868}> (0x00000000d6fa6868) 
thrown [s\src\hotspot\share\prims\jni.cpp, line 516]
Event: 46.354 Thread 0x000002aab7541dc0 Exception <a 'sun/nio/fs/WindowsException'{0x00000000d6fa7c88}> (0x00000000d6fa7c88) 
thrown [s\src\hotspot\share\prims\jni.cpp, line 516]
Event: 46.355 Thread 0x000002aab7541dc0 Exception <a 'sun/nio/fs/WindowsException'{0x00000000d6fa9108}> (0x00000000d6fa9108) 
thrown [s\src\hotspot\share\prims\jni.cpp, line 516]
Event: 46.356 Thread 0x000002aab7541dc0 Exception <a 'sun/nio/fs/WindowsException'{0x00000000d6faa588}> (0x00000000d6faa588) 
thrown [s\src\hotspot\share\prims\jni.cpp, line 516]
Event: 46.357 Thread 0x000002aab7541dc0 Exception <a 'sun/nio/fs/WindowsException'{0x00000000d6faba08}> (0x00000000d6faba08) 
thrown [s\src\hotspot\share\prims\jni.cpp, line 516]
Event: 46.358 Thread 0x000002aab7541dc0 Exception <a 'sun/nio/fs/WindowsException'{0x00000000d6face88}> (0x00000000d6face88) 
thrown [s\src\hotspot\share\prims\jni.cpp, line 516]
Event: 46.359 Thread 0x000002aab7541dc0 Exception <a 'sun/nio/fs/WindowsException'{0x00000000d6fae2c8}> (0x00000000d6fae2c8) 
thrown [s\src\hotspot\share\prims\jni.cpp, line 516]
Event: 46.359 Thread 0x000002aab7541dc0 Exception <a 'sun/nio/fs/WindowsException'{0x00000000d6faf708}> (0x00000000d6faf708) 
thrown [s\src\hotspot\share\prims\jni.cpp, line 516]
Event: 46.360 Thread 0x000002aab7541dc0 Exception <a 'sun/nio/fs/WindowsException'{0x00000000d6fb0b48}> (0x00000000d6fb0b48) 
thrown [s\src\hotspot\share\prims\jni.cpp, line 516]
Event: 46.360 Thread 0x000002aab7541dc0 Exception <a 'sun/nio/fs/WindowsException'{0x00000000d6fb1f88}> (0x00000000d6fb1f88) 
thrown [s\src\hotspot\share\prims\jni.cpp, line 516]
Event: 46.361 Thread 0x000002aab7541dc0 Exception <a 'sun/nio/fs/WindowsException'{0x00000000d6fb33c8}> (0x00000000d6fb33c8) 
thrown [s\src\hotspot\share\prims\jni.cpp, line 516]
Event: 46.361 Thread 0x000002aab7541dc0 Exception <a 'sun/nio/fs/WindowsException'{0x00000000d6fb4808}> (0x00000000d6fb4808) 
thrown [s\src\hotspot\share\prims\jni.cpp, line 516]
Event: 46.362 Thread 0x000002aab7541dc0 Exception <a 'sun/nio/fs/WindowsException'{0x00000000d6fb5c28}> (0x00000000d6fb5c28) 
thrown [s\src\hotspot\share\prims\jni.cpp, line 516]
Event: 46.365 Thread 0x000002aab7541dc0 Exception <a 'sun/nio/fs/WindowsException'{0x00000000d6fb7028}> (0x00000000d6fb7028) 
thrown [s\src\hotspot\share\prims\jni.cpp, line 516]
Event: 46.366 Thread 0x000002aab7541dc0 Exception <a 'sun/nio/fs/WindowsException'{0x00000000d6fb8080}> (0x00000000d6fb8080) 
thrown [s\src\hotspot\share\prims\jni.cpp, line 516]
Event: 46.367 Thread 0x000002aab7541dc0 Exception <a 'sun/nio/fs/WindowsException'{0x00000000d6fb9da8}> (0x00000000d6fb9da8) 
thrown [s\src\hotspot\share\prims\jni.cpp, line 516]
Event: 46.368 Thread 0x000002aab7541dc0 Exception <a 'sun/nio/fs/WindowsException'{0x00000000d6fbadf0}> (0x00000000d6fbadf0) 
thrown [s\src\hotspot\share\prims\jni.cpp, line 516]
Event: 47.332 Thread 0x000002aab7541dc0 Implicit null exception at 0x000002aa96a5d14b to 0x000002aa96a5fe9c

VM Operations (20 events):
Event: 45.770 Executing VM operation: G1CollectForAllocation done
Event: 45.875 Executing VM operation: HandshakeAllThreads
Event: 45.875 Executing VM operation: HandshakeAllThreads done
Event: 45.968 Executing VM operation: ICBufferFull
Event: 45.968 Executing VM operation: ICBufferFull done
Event: 45.994 Executing VM operation: G1CollectForAllocation
Event: 46.000 Executing VM operation: G1CollectForAllocation done
Event: 46.015 Executing VM operation: HandshakeAllThreads
Event: 46.016 Executing VM operation: HandshakeAllThreads done
Event: 46.424 Executing VM operation: HandshakeAllThreads
Event: 46.424 Executing VM operation: HandshakeAllThreads done
Event: 46.658 Executing VM operation: G1CollectForAllocation
Event: 46.663 Executing VM operation: G1CollectForAllocation done
Event: 47.194 Executing VM operation: G1CollectForAllocation
Event: 47.199 Executing VM operation: G1CollectForAllocation done
Event: 47.396 Executing VM operation: HandshakeAllThreads
Event: 47.396 Executing VM operation: HandshakeAllThreads done
Event: 47.438 Executing VM operation: G1CollectForAllocation
Event: 47.446 Executing VM operation: G1CollectForAllocation done
Event: 47.453 Executing VM operation: G1PauseRemark

Memory protections (0 events):
No events

Nmethod flushes (20 events):
Event: 47.436 Thread 0x000002aaa28a2260 flushing  nmethod 0x000002aa8f3aba90
Event: 47.437 Thread 0x000002aaa28a2260 flushing  nmethod 0x000002aa8f4c8510
Event: 47.437 Thread 0x000002aaa28a2260 flushing  nmethod 0x000002aa8f4e0a10
Event: 47.437 Thread 0x000002aaa28a2260 flushing  nmethod 0x000002aa8f506690
Event: 47.437 Thread 0x000002aaa28a2260 flushing  nmethod 0x000002aa8f506b90
Event: 47.438 Thread 0x000002aaa28a2260 flushing  nmethod 0x000002aa8f560e10
Event: 47.446 Thread 0x000002aaa28a2260 flushing  nmethod 0x000002aa8f5b7f90
Event: 47.446 Thread 0x000002aaa28a2260 flushing  nmethod 0x000002aa8f5dea90
Event: 47.446 Thread 0x000002aaa28a2260 flushing  nmethod 0x000002aa8f5e8610
Event: 47.446 Thread 0x000002aaa28a2260 flushing  nmethod 0x000002aa8f5e9190
Event: 47.446 Thread 0x000002aaa28a2260 flushing  nmethod 0x000002aa8f5f2990
Event: 47.447 Thread 0x000002aaa28a2260 flushing  nmethod 0x000002aa8f73c790
Event: 47.447 Thread 0x000002aaa28a2260 flushing  nmethod 0x000002aa8f756390
Event: 47.448 Thread 0x000002aaa28a2260 flushing  nmethod 0x000002aa8f787690
Event: 47.448 Thread 0x000002aaa28a2260 flushing  nmethod 0x000002aa8f789510
Event: 47.448 Thread 0x000002aaa28a2260 flushing  nmethod 0x000002aa8f78a610
Event: 47.448 Thread 0x000002aaa28a2260 flushing  nmethod 0x000002aa8f78ad10
Event: 47.448 Thread 0x000002aaa28a2260 flushing  nmethod 0x000002aa8f7b8a90
Event: 47.448 Thread 0x000002aaa28a2260 flushing  nmethod 0x000002aa8f7f8590
Event: 47.451 Thread 0x000002aaa28a2260 flushing  nmethod 0x000002aa8faeba10

Events (20 events):
Event: 33.483 Thread 0x000002aab74669c0 Thread exited: 0x000002aab74669c0
Event: 33.609 Thread 0x000002aaa28a1950 Thread added: 0x000002aabb9bfd70
Event: 33.613 Thread 0x000002aaa28a1040 Thread added: 0x000002aabb9c12b0
Event: 34.414 Thread 0x000002aabb9c12b0 Thread exited: 0x000002aabb9c12b0
Event: 34.889 Thread 0x000002aaa28a1950 Thread added: 0x000002aabb9bdd90
Event: 36.332 Thread 0x000002aabb9bfd70 Thread exited: 0x000002aabb9bfd70
Event: 36.332 Thread 0x000002aabb9bdd90 Thread exited: 0x000002aabb9bdd90
Event: 36.423 Thread 0x000002aaa28a1950 Thread added: 0x000002aabb9bfd70
Event: 37.465 Thread 0x000002aaa28a1040 Thread added: 0x000002aabb9c27f0
Event: 42.013 Thread 0x000002aab7543200 Thread added: 0x000002aab8a09950
Event: 43.010 Thread 0x000002aabb9c27f0 Thread exited: 0x000002aabb9c27f0
Event: 43.011 Thread 0x000002aabb9bfd70 Thread exited: 0x000002aabb9bfd70
Event: 43.471 Thread 0x000002aaa28a1950 Thread added: 0x000002aabb9bfd70
Event: 43.653 Thread 0x000002aabab97730 Thread added: 0x000002aab7ecc520
Event: 43.682 Thread 0x000002aaa28a1950 Thread added: 0x000002aabb9c1d50
Event: 44.489 Thread 0x000002aabb9c1d50 Thread exited: 0x000002aabb9c1d50
Event: 44.759 Thread 0x000002aabb9bfd70 Thread exited: 0x000002aabb9bfd70
Event: 44.863 Thread 0x000002aab7541dc0 Thread added: 0x000002aab7ec9ca0
Event: 44.864 Thread 0x000002aaa28a1950 Thread added: 0x000002aabb9c27f0
Event: 44.870 Thread 0x000002aaa28a1040 Thread added: 0x000002aabb9bfd70


Dynamic libraries:
0x00007ff7cc6a0000 - 0x00007ff7cc6ae000 	C:\Program Files\Eclipse Adoptium\jdk-17.0.18.8-hotspot\bin\java.exe
0x00007ffa85c80000 - 0x00007ffa85ee7000 	C:\Windows\SYSTEM32\ntdll.dll
0x00007ffa84aa0000 - 0x00007ffa84b69000 	C:\Windows\System32\KERNEL32.DLL
0x00007ffa826b0000 - 0x00007ffa82aa7000 	C:\Windows\System32\KERNELBASE.dll
0x00007ffa82cc0000 - 0x00007ffa82e0b000 	C:\Windows\System32\ucrtbase.dll
0x00007ffa711a0000 - 0x00007ffa711be000 	C:\Program Files\Eclipse Adoptium\jdk-17.0.18.8-hotspot\bin\VCRUNTIME140.dll
0x00007ffa6d690000 - 0x00007ffa6d6a8000 	C:\Program Files\Eclipse Adoptium\jdk-17.0.18.8-hotspot\bin\jli.dll
0x00007ffa856e0000 - 0x00007ffa858a6000 	C:\Windows\System32\USER32.dll
0x00007ffa82b60000 - 0x00007ffa82b87000 	C:\Windows\System32\win32u.dll
0x00007ffa65dc0000 - 0x00007ffa66052000 	C:\Windows\WinSxS\amd64_microsoft.windows.common-controls_6595b64144ccf1df_6.0.26100.8328_none_3e08182ce334b678\COMCTL32.dll
0x00007ffa840a0000 - 0x00007ffa840cb000 	C:\Windows\System32\GDI32.dll
0x00007ffa85010000 - 0x00007ffa850b9000 	C:\Windows\System32\msvcrt.dll
0x00007ffa82b90000 - 0x00007ffa82cbc000 	C:\Windows\System32\gdi32full.dll
0x00007ffa82ab0000 - 0x00007ffa82b53000 	C:\Windows\System32\msvcp_win.dll
0x00007ffa850c0000 - 0x00007ffa850f2000 	C:\Windows\System32\IMM32.DLL
0x00007ffa6d660000 - 0x00007ffa6d66c000 	C:\Program Files\Eclipse Adoptium\jdk-17.0.18.8-hotspot\bin\vcruntime140_1.dll
0x00007ffa314f0000 - 0x00007ffa3157d000 	C:\Program Files\Eclipse Adoptium\jdk-17.0.18.8-hotspot\bin\msvcp140.dll
0x00007ff9dba20000 - 0x00007ff9dc68b000 	C:\Program Files\Eclipse Adoptium\jdk-17.0.18.8-hotspot\bin\server\jvm.dll
0x00007ffa85a90000 - 0x00007ffa85b46000 	C:\Windows\System32\ADVAPI32.dll
0x00007ffa83e90000 - 0x00007ffa83f37000 	C:\Windows\System32\sechost.dll
0x00007ffa85950000 - 0x00007ffa85a68000 	C:\Windows\System32\RPCRT4.dll
0x00007ffa84d00000 - 0x00007ffa84d80000 	C:\Windows\System32\WS2_32.dll
0x00007ffa7d9f0000 - 0x00007ffa7da26000 	C:\Windows\SYSTEM32\WINMM.dll
0x00007ffa82530000 - 0x00007ffa8258e000 	C:\Windows\SYSTEM32\POWRPROF.dll
0x00007ffa6efc0000 - 0x00007ffa6efcb000 	C:\Windows\SYSTEM32\VERSION.dll
0x00007ffa824f0000 - 0x00007ffa82504000 	C:\Windows\SYSTEM32\UMPDC.dll
0x00007ffa81440000 - 0x00007ffa8145b000 	C:\Windows\SYSTEM32\kernel.appcore.dll
0x00007ffa6d4b0000 - 0x00007ffa6d4ba000 	C:\Program Files\Eclipse Adoptium\jdk-17.0.18.8-hotspot\bin\jimage.dll
0x00007ffa804e0000 - 0x00007ffa80722000 	C:\Windows\SYSTEM32\DBGHELP.DLL
0x00007ffa85170000 - 0x00007ffa854f3000 	C:\Windows\System32\combase.dll
0x00007ffa85500000 - 0x00007ffa855d9000 	C:\Windows\System32\OLEAUT32.dll
0x00007ffa64f70000 - 0x00007ffa64fab000 	C:\Windows\SYSTEM32\dbgcore.DLL
0x00007ffa82ed0000 - 0x00007ffa82f78000 	C:\Windows\System32\bcryptPrimitives.dll
0x00007ffa6c6b0000 - 0x00007ffa6c6be000 	C:\Program Files\Eclipse Adoptium\jdk-17.0.18.8-hotspot\bin\instrument.dll
0x00007ffa6c7a0000 - 0x00007ffa6c7c5000 	C:\Program Files\Eclipse Adoptium\jdk-17.0.18.8-hotspot\bin\java.dll
0x00007ffa31410000 - 0x00007ffa314e7000 	C:\Program Files\Eclipse Adoptium\jdk-17.0.18.8-hotspot\bin\jsvml.dll
0x00007ffa84140000 - 0x00007ffa848ae000 	C:\Windows\System32\SHELL32.dll
0x00007ffa83190000 - 0x00007ffa839fc000 	C:\Windows\System32\windows.storage.dll
0x00007ffa84c00000 - 0x00007ffa84cf6000 	C:\Windows\System32\SHCORE.dll
0x00007ffa840d0000 - 0x00007ffa84136000 	C:\Windows\System32\shlwapi.dll
0x00007ffa825d0000 - 0x00007ffa825f9000 	C:\Windows\SYSTEM32\profapi.dll
0x00007ffa6c760000 - 0x00007ffa6c778000 	C:\Program Files\Eclipse Adoptium\jdk-17.0.18.8-hotspot\bin\zip.dll
0x00007ffa6c830000 - 0x00007ffa6c84a000 	C:\Program Files\Eclipse Adoptium\jdk-17.0.18.8-hotspot\bin\net.dll
0x00007ffa7b0f0000 - 0x00007ffa7b219000 	C:\Windows\SYSTEM32\WINHTTP.dll
0x00007ffa819b0000 - 0x00007ffa81a1c000 	C:\Windows\system32\mswsock.dll
0x00007ffa6c780000 - 0x00007ffa6c796000 	C:\Program Files\Eclipse Adoptium\jdk-17.0.18.8-hotspot\bin\nio.dll
0x00007ffa6cc90000 - 0x00007ffa6cca0000 	C:\Program Files\Eclipse Adoptium\jdk-17.0.18.8-hotspot\bin\verify.dll
0x00007ffa113b0000 - 0x00007ffa113d7000 	C:\Users\Nandhitha_R\.gradle\native\1def1411415f61bf3af743bc5b6707747c0891f09f0c88961ee8f79bc544acac\windows-amd64\native-platform.dll
0x00007ffa08180000 - 0x00007ffa081f7000 	C:\Users\Nandhitha_R\.gradle\native\0.2.8\x86_64-windows-gnu\gradle-fileevents.dll
0x00007ffa6d3a0000 - 0x00007ffa6d3aa000 	C:\Program Files\Eclipse Adoptium\jdk-17.0.18.8-hotspot\bin\management.dll
0x00007ffa6cdc0000 - 0x00007ffa6cdcc000 	C:\Program Files\Eclipse Adoptium\jdk-17.0.18.8-hotspot\bin\management_ext.dll
0x00007ffa85160000 - 0x00007ffa85168000 	C:\Windows\System32\PSAPI.DLL
0x00007ffa80e60000 - 0x00007ffa80e92000 	C:\Windows\SYSTEM32\IPHLPAPI.DLL
0x00007ffa85100000 - 0x00007ffa8510a000 	C:\Windows\System32\NSI.dll
0x00007ffa7c470000 - 0x00007ffa7c48d000 	C:\Windows\SYSTEM32\dhcpcsvc6.DLL
0x00007ffa7c430000 - 0x00007ffa7c455000 	C:\Windows\SYSTEM32\dhcpcsvc.DLL
0x00007ffa80f00000 - 0x00007ffa81032000 	C:\Windows\SYSTEM32\DNSAPI.dll
0x00007ffa6cae0000 - 0x00007ffa6cae9000 	C:\Program Files\Eclipse Adoptium\jdk-17.0.18.8-hotspot\bin\extnet.dll
0x00007ffa81c90000 - 0x00007ffa81cab000 	C:\Windows\SYSTEM32\CRYPTSP.dll
0x00007ffa813a0000 - 0x00007ffa813d9000 	C:\Windows\system32\rsaenh.dll
0x00007ffa81a60000 - 0x00007ffa81a93000 	C:\Windows\SYSTEM32\USERENV.dll
0x00007ffa825a0000 - 0x00007ffa825ca000 	C:\Windows\SYSTEM32\bcrypt.dll
0x00007ffa81cb0000 - 0x00007ffa81cbc000 	C:\Windows\SYSTEM32\CRYPTBASE.dll
0x00007ffa6c610000 - 0x00007ffa6c61e000 	C:\Program Files\Eclipse Adoptium\jdk-17.0.18.8-hotspot\bin\sunmscapi.dll
0x00007ffa82f80000 - 0x00007ffa830f8000 	C:\Windows\System32\CRYPT32.dll
0x00007ffa81eb0000 - 0x00007ffa81ee0000 	C:\Windows\SYSTEM32\ncrypt.dll
0x00007ffa81e60000 - 0x00007ffa81e9f000 	C:\Windows\SYSTEM32\NTASN1.dll
0x00007ffa518c0000 - 0x00007ffa518c8000 	C:\Windows\system32\wshunix.dll
0x00007ffa81560000 - 0x00007ffa81596000 	C:\Windows\SYSTEM32\ntmarta.dll

dbghelp: loaded successfully - version: 4.0.5 - missing functions: none
symbol engine: initialized successfully - sym options: 0x614 - pdb path: .;C:\Program Files\Eclipse Adoptium\jdk-17.0.18.8-hotspot\bin;C:\Windows\SYSTEM32;C:\Windows\WinSxS\amd64_microsoft.windows.common-controls_6595b64144ccf1df_6.0.26100.8328_none_3e08182ce334b678;C:\Program Files\Eclipse Adoptium\jdk-17.0.18.8-hotspot\bin\server;C:\Users\Nandhitha_R\.gradle\native\1def1411415f61bf3af743bc5b6707747c0891f09f0c88961ee8f79bc544acac\windows-amd64;C:\Users\Nandhitha_R\.gradle\native\0.2.8\x86_64-windows-gnu

VM Arguments:
jvm_args: --add-opens=java.base/java.lang=ALL-UNNAMED --add-opens=java.base/java.lang.invoke=ALL-UNNAMED --add-opens=java.base/java.util=ALL-UNNAMED --add-opens=java.prefs/java.util.prefs=ALL-UNNAMED --add-exports=jdk.compiler/com.sun.tools.javac.api=ALL-UNNAMED --add-exports=jdk.compiler/com.sun.tools.javac.util=ALL-UNNAMED --add-opens=java.base/java.util=ALL-UNNAMED --add-opens=java.prefs/java.util.prefs=ALL-UNNAMED --add-opens=java.base/java.nio.charset=ALL-UNNAMED --add-opens=java.base/java.net=ALL-UNNAMED --add-opens=java.base/java.util.concurrent=ALL-UNNAMED --add-opens=java.base/java.util.concurrent.atomic=ALL-UNNAMED --add-opens=java.xml/javax.xml.namespace=ALL-UNNAMED -XX:MaxMetaspaceSize=256m -XX:+HeapDumpOnOutOfMemoryError -Xmx1024m -Dfile.encoding=UTF-8 -Duser.country=IN -Duser.language=en -Duser.variant -javaagent:C:\Users\Nandhitha_R\.gradle\wrapper\dists\gradle-9.0.0-bin\d6wjpkvcgsg3oed0qlfss3wgl\gradle-9.0.0\lib\agents\gradle-instrumentation-agent-9.0.0.jar 
java_command: org.gradle.launcher.daemon.bootstrap.GradleDaemon 9.0.0
java_class_path (initial): C:\Users\Nandhitha_R\.gradle\wrapper\dists\gradle-9.0.0-bin\d6wjpkvcgsg3oed0qlfss3wgl\gradle-9.0.0\lib\gradle-daemon-main-9.0.0.jar
Launcher Type: SUN_STANDARD

[Global flags]
     intx CICompilerCount                          = 4                                         {product} {ergonomic}
   size_t CompressedClassSpaceSize                 = 218103808                                 {product} {ergonomic}
     uint ConcGCThreads                            = 3                                         {product} {ergonomic}
     uint G1ConcRefinementThreads                  = 10                                        {product} {ergonomic}
   size_t G1HeapRegionSize                         = 1048576                                   {product} {ergonomic}
    uintx GCDrainStackTargetSize                   = 64                                        {product} {ergonomic}
     bool HeapDumpOnOutOfMemoryError               = true                                   {manageable} {command line}
   size_t InitialHeapSize                          = 264241152                                 {product} {ergonomic}
   size_t MarkStackSize                            = 4194304                                   {product} {ergonomic}
   size_t MaxHeapSize                              = 1073741824                                {product} {command line}
   size_t MaxMetaspaceSize                         = 268435456                                 {product} {command line}
   size_t MaxNewSize                               = 643825664                                 {product} {ergonomic}
   size_t MinHeapDeltaBytes                        = 1048576                                   {product} {ergonomic}
   size_t MinHeapSize                              = 8388608                                   {product} {ergonomic}
    uintx NonNMethodCodeHeapSize                   = 5839372                                {pd product} {ergonomic}
    uintx NonProfiledCodeHeapSize                  = 122909434                              {pd product} {ergonomic}
    uintx ProfiledCodeHeapSize                     = 122909434                              {pd product} {ergonomic}
    uintx ReservedCodeCacheSize                    = 251658240                              {pd product} {ergonomic}
     bool SegmentedCodeCache                       = true                                      {product} {ergonomic}
   size_t SoftMaxHeapSize                          = 1073741824                             {manageable} {ergonomic}
     bool UseCompressedClassPointers               = true                           {product lp64_product} {ergonomic}
     bool UseCompressedOops                        = true                           {product lp64_product} {ergonomic}
     bool UseG1GC                                  = true                                      {product} {ergonomic}
     bool UseLargePagesIndividualAllocation        = false                                  {pd product} {ergonomic}

Logging:
Log output configuration:
 #0: stdout all=warning uptime,level,tags
 #1: stderr all=off uptime,level,tags

Environment Variables:
JAVA_HOME=C:\Program Files\Eclipse Adoptium\jdk-17.0.18.8-hotspot
PATH=D:\apps\caltims mobile app\frontend\node_modules\.bin;D:\apps\caltims mobile app\frontend\node_modules\.bin;D:\apps\caltims mobile app\node_modules\.bin;D:\apps\node_modules\.bin;D:\node_modules\.bin;C:\Users\Nandhitha_R\AppData\Roaming\npm\node_modules\npm\node_modules\@npmcli\run-script\lib\node-gyp-bin;C:\Program Files\Eclipse Adoptium\jdk-17.0.18.8-hotspot\bin;C:\Program Files\Python312\Scripts\;C:\Program Files\Python312\;C:\Windows\System32;C:\Program Files\Git\cmd;C:\Program Files\Eclipse Adoptium\jdk-17.0.18.8-hotspot\bin;C:\Program Files\nodejs\;C:\Users\Nandhitha_R\AppData\Local\Android\Sdk\platform-tools;C:\Users\Nandhitha_R\AppData\Local\Android\Sdk\emulator;C:\Program Files\Eclipse Adoptium\jdk-17.0.18.8-hotspot\bin;C:\Users\Nandhitha_R\AppData\Local\Programs\Python\Python312;C:\Program Files\MongoDB\Server\7.0\bin;C:\Users\Nandhitha_R\AppData\Local\Programs\Python\Launcher\;C:\Users\Nandhitha_R\AppData\Roaming\npm;C:\Users\Nandhitha_R\AppData\Local\Programs\Microsoft VS Code\bin;D:\Program Files\Antigravity\bin;c:\Users\Nandhitha_R\.trae\extensions\vscjava.vscode-java-debug-0.59.0-universal\bundled\scripts\noConfigScripts
USERNAME=Nandhitha_R
LANG=en_US.UTF-8
OS=Windows_NT
PROCESSOR_IDENTIFIER=Intel64 Family 6 Model 154 Stepping 4, GenuineIntel
TMP=C:\Users\NANDHI~1\AppData\Local\Temp
TEMP=C:\Users\NANDHI~1\AppData\Local\Temp



Periodic native trim disabled


---------------  S Y S T E M  ---------------

OS:
 Windows 11 , 64 bit Build 26100 (10.0.26100.8328)
OS uptime: 0 days 2:49 hours
Hyper-V role detected

CPU: total 12 (initial active 12) (6 cores per cpu, 2 threads per core) family 6 model 154 stepping 4 microcode 0x43b, cx8, cmov, fxsr, ht, mmx, 3dnowpref, sse, sse2, sse3, ssse3, sse4.1, sse4.2, popcnt, lzcnt, tsc, tscinvbit, avx, avx2, aes, erms, clmul, bmi1, bmi2, adx, sha, fma, vzeroupper, clflush, clflushopt, clwb, hv
Processor Information for all 12 processors :
  Max Mhz: 1300, Current Mhz: 1300, Mhz Limit: 1300

Memory: 4k page, system-wide physical 16068M (1513M free)
TotalPageFile size 23822M (AvailPageFile size 5M)
current process WorkingSet (physical memory assigned to process): 781M, peak: 783M
current process commit charge ("private bytes"): 1055M, peak: 1058M

vm_info: OpenJDK 64-Bit Server VM (17.0.18+8) for windows-amd64 JRE (17.0.18+8), built on Jan 20 2026 22:28:22 by "admin" with MS VC++ 17.12 (VS2022)

END.
