#
# There is insufficient memory for the Java Runtime Environment to continue.
# Native memory allocation (mmap) failed to map 47185920 bytes. Error detail: G1 virtual space
# Possible reasons:
#   The system is out of physical RAM or swap space
#   This process is running with CompressedOops enabled, and the Java Heap may be blocking the growth of the native heap
# Possible solutions:
#   Reduce memory load on the system
#   Increase physical memory or swap space
#   Check if swap backing store is full
#   Decrease Java heap size (-Xmx/-Xms)
#   Decrease number of Java threads
#   Decrease Java thread stack sizes (-Xss)
#   Set larger code cache with -XX:ReservedCodeCacheSize=
#   JVM is running with Unscaled Compressed Oops mode in which the Java heap is
#     placed in the first 4GB address space. The Java Heap base address is the
#     maximum limit for the native heap growth. Please use -XX:HeapBaseMinAddress
#     to set the Java Heap base and to place the Java Heap above 4GB virtual address.
# This output file may be truncated or incomplete.
#
#  Out of Memory Error (os_windows.cpp:3618), pid=17232, tid=1692
#
# JRE version: OpenJDK Runtime Environment Temurin-17.0.18+8 (17.0.18+8) (build 17.0.18+8)
# Java VM: OpenJDK 64-Bit Server VM Temurin-17.0.18+8 (17.0.18+8, mixed mode, sharing, tiered, compressed oops, compressed class ptrs, g1 gc, windows-amd64)
# No core dump will be written. Minidumps are not enabled by default on client versions of Windows
#

---------------  S U M M A R Y ------------

Command Line: --add-opens=java.base/java.lang=ALL-UNNAMED --add-opens=java.base/java.lang.invoke=ALL-UNNAMED --add-opens=java.base/java.util=ALL-UNNAMED --add-opens=java.prefs/java.util.prefs=ALL-UNNAMED --add-exports=jdk.compiler/com.sun.tools.javac.api=ALL-UNNAMED --add-exports=jdk.compiler/com.sun.tools.javac.util=ALL-UNNAMED --add-opens=java.base/java.util=ALL-UNNAMED --add-opens=java.prefs/java.util.prefs=ALL-UNNAMED --add-opens=java.base/java.nio.charset=ALL-UNNAMED --add-opens=java.base/java.net=ALL-UNNAMED --add-opens=java.base/java.util.concurrent=ALL-UNNAMED --add-opens=java.base/java.util.concurrent.atomic=ALL-UNNAMED --add-opens=java.xml/javax.xml.namespace=ALL-UNNAMED -XX:MaxMetaspaceSize=512m -XX:+HeapDumpOnOutOfMemoryError -Xmx1536m -Dfile.encoding=UTF-8 -Duser.country=IN -Duser.language=en -Duser.variant -javaagent:C:\Users\Nandhitha_R\.gradle\wrapper\dists\gradle-9.0.0-bin\d6wjpkvcgsg3oed0qlfss3wgl\gradle-9.0.0\lib\agents\gradle-instrumentation-agent-9.0.0.jar org.gradle.launcher.daemon.bootstrap.GradleDaemon 9.0.0

Host: 12th Gen Intel(R) Core(TM) i5-1235U, 12 cores, 15G,  Windows 11 , 64 bit Build 26100 (10.0.26100.8246)
Time: Sun May  3 22:57:08 2026 India Standard Time elapsed time: 143.474221 seconds (0d 0h 2m 23s)

---------------  T H R E A D  ---------------

Current thread (0x000002bbca9df5f0):  VMThread "VM Thread" [stack: 0x000000c76b000000,0x000000c76b100000] [id=1692]

Stack: [0x000000c76b000000,0x000000c76b100000]
Native frames: (J=compiled Java code, j=interpreted, Vv=VM code, C=native code)
V  [jvm.dll+0x6846f9]
V  [jvm.dll+0x839ea5]
V  [jvm.dll+0x83b91e]
V  [jvm.dll+0x83bfa3]
V  [jvm.dll+0x248eff]
V  [jvm.dll+0x6814b9]
V  [jvm.dll+0x6762ba]
V  [jvm.dll+0x309257]
V  [jvm.dll+0x310826]
V  [jvm.dll+0x360d9e]
V  [jvm.dll+0x360fdd]
V  [jvm.dll+0x2e02dc]
V  [jvm.dll+0x2de6b2]
V  [jvm.dll+0x2dde4c]
V  [jvm.dll+0x320aeb]
V  [jvm.dll+0x8407bd]
V  [jvm.dll+0x8414f3]
V  [jvm.dll+0x841a1f]
V  [jvm.dll+0x841e05]
V  [jvm.dll+0x841ece]
V  [jvm.dll+0x7eaaec]
V  [jvm.dll+0x6835c7]
C  [ucrtbase.dll+0x37b0]
C  [KERNEL32.DLL+0x2e8d7]
C  [ntdll.dll+0x8c3fc]

VM_Operation (0x000000c7740fc2e0): G1CollectForAllocation, mode: safepoint, requested by thread 0x000002bbefe2cec0


---------------  P R O C E S S  ---------------

Threads class SMR info:
_java_thread_list=0x000002bbee7309d0, length=192, elements={
0x000002bbad3afc80, 0x000002bbca9f1640, 0x000002bbca9f2110, 0x000002bbcab10b10,
0x000002bbcab133f0, 0x000002bbcab13cc0, 0x000002bbcab14590, 0x000002bbcab15190,
0x000002bbcab31a80, 0x000002bbcab7eb00, 0x000002bbca9cd4d0, 0x000002bbcad0d520,
0x000002bbcacb2fb0, 0x000002bbcaca2da0, 0x000002bbeb5b3f20, 0x000002bbeab0df80,
0x000002bbeab0e490, 0x000002bbeab10d10, 0x000002bbeab0e9a0, 0x000002bbeab0f8d0,
0x000002bbeab0eeb0, 0x000002bbeab0fde0, 0x000002bbeab11220, 0x000002bbeab0da70,
0x000002bbeab102f0, 0x000002bbeab10800, 0x000002bbeab0f3c0, 0x000002bbed816a30,
0x000002bbed816f40, 0x000002bbed818380, 0x000002bbed818890, 0x000002bbed817960,
0x000002bbed818da0, 0x000002bbed8155f0, 0x000002bbed8192b0, 0x000002bbed816010,
0x000002bbed817e70, 0x000002bbed815b00, 0x000002bbed8197c0, 0x000002bbed819cd0,
0x000002bbed816520, 0x000002bbed81c040, 0x000002bbed81ac00, 0x000002bbed81c550,
0x000002bbed81a1e0, 0x000002bbed81cf70, 0x000002bbed81b110, 0x000002bbed81b620,
0x000002bbed81ca60, 0x000002bbed81a6f0, 0x000002bbed81bb30, 0x000002bbebea0ee0,
0x000002bbebea2d40, 0x000002bbebea13f0, 0x000002bbebea1900, 0x000002bbebea1e10,
0x000002bbebea2320, 0x000002bbebea2830, 0x000002bbebe9ffb0, 0x000002bbebea3c70,
0x000002bbebea04c0, 0x000002bbebea3250, 0x000002bbebea3760, 0x000002bbebea4180,
0x000002bbebea09d0, 0x000002bbebea7930, 0x000002bbebea55c0, 0x000002bbebea64f0,
0x000002bbebea4690, 0x000002bbebea4ba0, 0x000002bbebea7420, 0x000002bbebea50b0,
0x000002bbebea6a00, 0x000002bbebea5ad0, 0x000002bbec469190, 0x000002bbec466910,
0x000002bbec468260, 0x000002bbec4659e0, 0x000002bbec4696a0, 0x000002bbec469bb0,
0x000002bbec466400, 0x000002bbec46aae0, 0x000002bbec46aff0, 0x000002bbec46ba10,
0x000002bbec46a0c0, 0x000002bbec46a5d0, 0x000002bbec46bf20, 0x000002bbec46c940,
0x000002bbec46d360, 0x000002bbef7d03d0, 0x000002bbef7cd640, 0x000002bbef7ce060,
0x000002bbef7ce570, 0x000002bbef7cea80, 0x000002bbef7cdb50, 0x000002bbef7cd130,
0x000002bbef7cef90, 0x000002bbef7cf4a0, 0x000002bbef7cfec0, 0x000002bbef7cf9b0,
0x000002bbef7ccc20, 0x000002bbef7d08e0, 0x000002bbef7d1d20, 0x000002bbef7d0df0,
0x000002bbef7d1810, 0x000002bbef7d2230, 0x000002bbef7d2c50, 0x000002bbef7d45a0,
0x000002bbef7d1300, 0x000002bbef7d2740, 0x000002bbef7d3160, 0x000002bbef7d3670,
0x000002bbef7d3b80, 0x000002bbef21f490, 0x000002bbef21e050, 0x000002bbef21ea70,
0x000002bbef21c700, 0x000002bbef21f9a0, 0x000002bbef21c1f0, 0x000002bbef21e560,
0x000002bbef21ef80, 0x000002bbef21cc10, 0x000002bbef21d630, 0x000002bbef21d120,
0x000002bbef21db40, 0x000002bbefe2ba80, 0x000002bbefe2c9b0, 0x000002bbefe2bf90,
0x000002bbefe2c4a0, 0x000002bbefe2cec0, 0x000002bbefe2d3d0, 0x000002bbefe2ddf0,
0x000002bbefe2b060, 0x000002bbefe2d8e0, 0x000002bbefe2e300, 0x000002bbefe2ab50,
0x000002bbefe2ed20, 0x000002bbefe2e810, 0x000002bbefe31090, 0x000002bbefe30160,
0x000002bbefe31fc0, 0x000002bbefe30670, 0x000002bbefe324d0, 0x000002bbefe2f230,
0x000002bbefe2f740, 0x000002bbefe2fc50, 0x000002bbefe30b80, 0x000002bbefe315a0,
0x000002bbec1315c0, 0x000002bbec134860, 0x000002bbec131ad0, 0x000002bbec133930,
0x000002bbec133e40, 0x000002bbec131fe0, 0x000002bbec132f10, 0x000002bbec1324f0,
0x000002bbec132a00, 0x000002bbec134d70, 0x000002bbec133420, 0x000002bbec134350,
0x000002bbefe31ab0, 0x000002bbf0549e60, 0x000002bbf054b2a0, 0x000002bbf0548a20,
0x000002bbf0549440, 0x000002bbf0549950, 0x000002bbf0548f30, 0x000002bbf054a370,
0x000002bbf0547af0, 0x000002bbf0548000, 0x000002bbf054ad90, 0x000002bbef381320,
0x000002bbef37f4c0, 0x000002bbef380900, 0x000002bbef37f9d0, 0x000002bbef381830,
0x000002bbef3803f0, 0x000002bbef382250, 0x000002bbef37fee0, 0x000002bbef381d40,
0x000002bbef37efb0, 0x000002bbebea5fe0, 0x000002bbf054a880, 0x000002bbee39b3c0,
0x000002bbee399f80, 0x000002bbee39cd10, 0x000002bbee39a490, 0x000002bbee39aeb0,
0x000002bbee39faa0, 0x000002bbee39e150, 0x000002bbee39f080, 0x000002bbef2c3ee0
}

Java Threads: ( => current thread )
  0x000002bbad3afc80 JavaThread "main" [_thread_blocked, id=17928, stack(0x000000c76aa00000,0x000000c76ab00000)]
  0x000002bbca9f1640 JavaThread "Reference Handler" daemon [_thread_blocked, id=25980, stack(0x000000c76b100000,0x000000c76b200000)]
  0x000002bbca9f2110 JavaThread "Finalizer" daemon [_thread_blocked, id=27352, stack(0x000000c76b200000,0x000000c76b300000)]
  0x000002bbcab10b10 JavaThread "Signal Dispatcher" daemon [_thread_blocked, id=25392, stack(0x000000c76b300000,0x000000c76b400000)]
  0x000002bbcab133f0 JavaThread "Attach Listener" daemon [_thread_blocked, id=23668, stack(0x000000c76b400000,0x000000c76b500000)]
  0x000002bbcab13cc0 JavaThread "Service Thread" daemon [_thread_blocked, id=27212, stack(0x000000c76b500000,0x000000c76b600000)]
  0x000002bbcab14590 JavaThread "Monitor Deflation Thread" daemon [_thread_blocked, id=27356, stack(0x000000c76b600000,0x000000c76b700000)]
  0x000002bbcab15190 JavaThread "C2 CompilerThread0" daemon [_thread_blocked, id=19536, stack(0x000000c76b700000,0x000000c76b800000)]
  0x000002bbcab31a80 JavaThread "C1 CompilerThread0" daemon [_thread_blocked, id=23792, stack(0x000000c76b800000,0x000000c76b900000)]
  0x000002bbcab7eb00 JavaThread "Sweeper thread" daemon [_thread_blocked, id=25268, stack(0x000000c76b900000,0x000000c76ba00000)]
  0x000002bbca9cd4d0 JavaThread "Common-Cleaner" daemon [_thread_blocked, id=25180, stack(0x000000c76ba00000,0x000000c76bb00000)]
  0x000002bbcad0d520 JavaThread "Notification Thread" daemon [_thread_blocked, id=26992, stack(0x000000c76bb00000,0x000000c76bc00000)]
  0x000002bbcacb2fb0 JavaThread "Daemon health stats" [_thread_blocked, id=27248, stack(0x000000c76bd00000,0x000000c76be00000)]
  0x000002bbcaca2da0 JavaThread "Incoming local TCP Connector on port 54109" [_thread_in_native, id=18600, stack(0x000000c76c300000,0x000000c76c400000)]
  0x000002bbeb5b3f20 JavaThread "Daemon periodic checks" [_thread_blocked, id=20316, stack(0x000000c76c400000,0x000000c76c500000)]
  0x000002bbeab0df80 JavaThread "Daemon" [_thread_blocked, id=26824, stack(0x000000c76c500000,0x000000c76c600000)]
  0x000002bbeab0e490 JavaThread "Handler for socket connection from /127.0.0.1:54109 to /127.0.0.1:60488" [_thread_in_native, id=16596, stack(0x000000c76c600000,0x000000c76c700000)]
  0x000002bbeab10d10 JavaThread "Cancel handler" [_thread_blocked, id=26464, stack(0x000000c76c700000,0x000000c76c800000)]
  0x000002bbeab0e9a0 JavaThread "Daemon worker" [_thread_blocked, id=19072, stack(0x000000c76c800000,0x000000c76c900000)]
  0x000002bbeab0f8d0 JavaThread "Asynchronous log dispatcher for DefaultDaemonConnection: socket connection from /127.0.0.1:54109 to /127.0.0.1:60488" [_thread_blocked, id=25160, stack(0x000000c76c900000,0x000000c76ca00000)]
  0x000002bbeab0eeb0 JavaThread "Stdin handler" [_thread_blocked, id=19736, stack(0x000000c76ca00000,0x000000c76cb00000)]
  0x000002bbeab0fde0 JavaThread "Daemon client event forwarder" [_thread_blocked, id=18112, stack(0x000000c76cb00000,0x000000c76cc00000)]
  0x000002bbeab11220 JavaThread "Cache worker for journal cache (C:\Users\Nandhitha_R\.gradle\caches\journal-1)" [_thread_blocked, id=15284, stack(0x000000c76cc00000,0x000000c76cd00000)]
  0x000002bbeab0da70 JavaThread "File lock request listener" [_thread_in_native, id=26192, stack(0x000000c76cd00000,0x000000c76ce00000)]
  0x000002bbeab102f0 JavaThread "Cache worker for file hash cache (C:\Users\Nandhitha_R\.gradle\caches\9.0.0\fileHashes)" [_thread_blocked, id=1320, stack(0x000000c76cf00000,0x000000c76d000000)]
  0x000002bbeab10800 JavaThread "Cache worker for file hash cache (D:\apps\caltims mobile app\frontend\android\.gradle\9.0.0\fileHashes)" [_thread_blocked, id=22064, stack(0x000000c76ce00000,0x000000c76cf00000)]
  0x000002bbeab0f3c0 JavaThread "Cache worker for Build Output Cleanup Cache (D:\apps\caltims mobile app\frontend\android\.gradle\buildOutputCleanup)" [_thread_blocked, id=26976, stack(0x000000c76d600000,0x000000c76d700000)]
  0x000002bbed816a30 JavaThread "File watcher server" daemon [_thread_in_native, id=15716, stack(0x000000c76d800000,0x000000c76d900000)]
  0x000002bbed816f40 JavaThread "File watcher consumer" daemon [_thread_blocked, id=22664, stack(0x000000c76d900000,0x000000c76da00000)]
  0x000002bbed818380 JavaThread "Cache worker for checksums cache (D:\apps\caltims mobile app\frontend\android\.gradle\9.0.0\checksums)" [_thread_blocked, id=15804, stack(0x000000c76da00000,0x000000c76db00000)]
  0x000002bbed818890 JavaThread "Cache worker for file content cache (C:\Users\Nandhitha_R\.gradle\caches\9.0.0\fileContent)" [_thread_blocked, id=3112, stack(0x000000c76d700000,0x000000c76d800000)]
  0x000002bbed817960 JavaThread "Cache worker for cache directory md-supplier (C:\Users\Nandhitha_R\.gradle\caches\9.0.0\md-supplier)" [_thread_blocked, id=23432, stack(0x000000c76dc00000,0x000000c76dd00000)]
  0x000002bbed818da0 JavaThread "Cache worker for cache directory md-rule (C:\Users\Nandhitha_R\.gradle\caches\9.0.0\md-rule)" [_thread_blocked, id=2380, stack(0x000000c76dd00000,0x000000c76de00000)]
  0x000002bbed8155f0 JavaThread "jar transforms" [_thread_blocked, id=5676, stack(0x000000c76de00000,0x000000c76df00000)]
  0x000002bbed8192b0 JavaThread "Cache worker for Build Output Cleanup Cache (D:\apps\caltims mobile app\frontend\node_modules\@react-native\gradle-plugin\.gradle\buildOutputCleanup)" [_thread_blocked, id=27208, stack(0x000000c76e000000,0x000000c76e100000)]
  0x000002bbed816010 JavaThread "Unconstrained build operations" [_thread_blocked, id=824, stack(0x000000c76db00000,0x000000c76dc00000)]
  0x000002bbed817e70 JavaThread "Unconstrained build operations Thread 2" [_thread_blocked, id=24532, stack(0x000000c76df00000,0x000000c76e000000)]
  0x000002bbed815b00 JavaThread "Unconstrained build operations Thread 3" [_thread_blocked, id=26940, stack(0x000000c76e100000,0x000000c76e200000)]
  0x000002bbed8197c0 JavaThread "Unconstrained build operations Thread 4" [_thread_blocked, id=27136, stack(0x000000c76e200000,0x000000c76e300000)]
  0x000002bbed819cd0 JavaThread "Unconstrained build operations Thread 5" [_thread_blocked, id=25680, stack(0x000000c76e400000,0x000000c76e500000)]
  0x000002bbed816520 JavaThread "Unconstrained build operations Thread 6" [_thread_blocked, id=1424, stack(0x000000c76e500000,0x000000c76e600000)]
  0x000002bbed81c040 JavaThread "Unconstrained build operations Thread 7" [_thread_blocked, id=17984, stack(0x000000c76e700000,0x000000c76e800000)]
  0x000002bbed81ac00 JavaThread "Unconstrained build operations Thread 8" [_thread_blocked, id=26216, stack(0x000000c76e800000,0x000000c76e900000)]
  0x000002bbed81c550 JavaThread "Unconstrained build operations Thread 9" [_thread_blocked, id=7988, stack(0x000000c76e900000,0x000000c76ea00000)]
  0x000002bbed81a1e0 JavaThread "Unconstrained build operations Thread 10" [_thread_blocked, id=4468, stack(0x000000c76ea00000,0x000000c76eb00000)]
  0x000002bbed81cf70 JavaThread "Unconstrained build operations Thread 11" [_thread_blocked, id=12236, stack(0x000000c76eb00000,0x000000c76ec00000)]
  0x000002bbed81b110 JavaThread "Unconstrained build operations Thread 12" [_thread_blocked, id=8500, stack(0x000000c76ec00000,0x000000c76ed00000)]
  0x000002bbed81b620 JavaThread "Unconstrained build operations Thread 13" [_thread_blocked, id=19344, stack(0x000000c76ed00000,0x000000c76ee00000)]
  0x000002bbed81ca60 JavaThread "Unconstrained build operations Thread 14" [_thread_blocked, id=20484, stack(0x000000c76ee00000,0x000000c76ef00000)]
  0x000002bbed81a6f0 JavaThread "Unconstrained build operations Thread 15" [_thread_blocked, id=3412, stack(0x000000c76ef00000,0x000000c76f000000)]
  0x000002bbed81bb30 JavaThread "Unconstrained build operations Thread 16" [_thread_blocked, id=12308, stack(0x000000c76f000000,0x000000c76f100000)]
  0x000002bbebea0ee0 JavaThread "Unconstrained build operations Thread 17" [_thread_blocked, id=6580, stack(0x000000c76f100000,0x000000c76f200000)]
  0x000002bbebea2d40 JavaThread "Unconstrained build operations Thread 18" [_thread_blocked, id=9672, stack(0x000000c76f200000,0x000000c76f300000)]
  0x000002bbebea13f0 JavaThread "Unconstrained build operations Thread 19" [_thread_blocked, id=4324, stack(0x000000c76f300000,0x000000c76f400000)]
  0x000002bbebea1900 JavaThread "Unconstrained build operations Thread 20" [_thread_blocked, id=21340, stack(0x000000c76f400000,0x000000c76f500000)]
  0x000002bbebea1e10 JavaThread "Unconstrained build operations Thread 21" [_thread_blocked, id=17744, stack(0x000000c76f500000,0x000000c76f600000)]
  0x000002bbebea2320 JavaThread "Unconstrained build operations Thread 22" [_thread_blocked, id=7940, stack(0x000000c76f600000,0x000000c76f700000)]
  0x000002bbebea2830 JavaThread "Unconstrained build operations Thread 23" [_thread_blocked, id=25384, stack(0x000000c76f700000,0x000000c76f800000)]
  0x000002bbebe9ffb0 JavaThread "Unconstrained build operations Thread 24" [_thread_blocked, id=8052, stack(0x000000c76f800000,0x000000c76f900000)]
  0x000002bbebea3c70 JavaThread "Unconstrained build operations Thread 25" [_thread_blocked, id=26484, stack(0x000000c76f900000,0x000000c76fa00000)]
  0x000002bbebea04c0 JavaThread "Unconstrained build operations Thread 26" [_thread_blocked, id=18028, stack(0x000000c76fa00000,0x000000c76fb00000)]
  0x000002bbebea3250 JavaThread "Unconstrained build operations Thread 27" [_thread_blocked, id=13492, stack(0x000000c76fb00000,0x000000c76fc00000)]
  0x000002bbebea3760 JavaThread "Unconstrained build operations Thread 28" [_thread_blocked, id=15564, stack(0x000000c76fc00000,0x000000c76fd00000)]
  0x000002bbebea4180 JavaThread "Unconstrained build operations Thread 29" [_thread_blocked, id=14272, stack(0x000000c76fd00000,0x000000c76fe00000)]
  0x000002bbebea09d0 JavaThread "Unconstrained build operations Thread 30" [_thread_blocked, id=18192, stack(0x000000c76fe00000,0x000000c76ff00000)]
  0x000002bbebea7930 JavaThread "Unconstrained build operations Thread 31" [_thread_blocked, id=21600, stack(0x000000c76ff00000,0x000000c770000000)]
  0x000002bbebea55c0 JavaThread "Unconstrained build operations Thread 32" [_thread_blocked, id=27420, stack(0x000000c770000000,0x000000c770100000)]
  0x000002bbebea64f0 JavaThread "Unconstrained build operations Thread 33" [_thread_blocked, id=4728, stack(0x000000c770100000,0x000000c770200000)]
  0x000002bbebea4690 JavaThread "Unconstrained build operations Thread 34" [_thread_blocked, id=25480, stack(0x000000c770200000,0x000000c770300000)]
  0x000002bbebea4ba0 JavaThread "Unconstrained build operations Thread 35" [_thread_blocked, id=21188, stack(0x000000c770300000,0x000000c770400000)]
  0x000002bbebea7420 JavaThread "Unconstrained build operations Thread 36" [_thread_blocked, id=16916, stack(0x000000c770400000,0x000000c770500000)]
  0x000002bbebea50b0 JavaThread "Unconstrained build operations Thread 37" [_thread_blocked, id=24676, stack(0x000000c770500000,0x000000c770600000)]
  0x000002bbebea6a00 JavaThread "Unconstrained build operations Thread 38" [_thread_blocked, id=9968, stack(0x000000c770600000,0x000000c770700000)]
  0x000002bbebea5ad0 JavaThread "Unconstrained build operations Thread 39" [_thread_blocked, id=16788, stack(0x000000c770700000,0x000000c770800000)]
  0x000002bbec469190 JavaThread "build event listener" [_thread_blocked, id=28032, stack(0x000000c76a700000,0x000000c76a800000)]
  0x000002bbec466910 JavaThread "Memory manager" [_thread_blocked, id=28552, stack(0x000000c76a900000,0x000000c76aa00000)]
  0x000002bbec468260 JavaThread "ForkJoinPool.commonPool-worker-1" daemon [_thread_blocked, id=21276, stack(0x000000c770800000,0x000000c770900000)]
  0x000002bbec4659e0 JavaThread "ForkJoinPool.commonPool-worker-3" daemon [_thread_blocked, id=16680, stack(0x000000c770a00000,0x000000c770b00000)]
  0x000002bbec4696a0 JavaThread "ForkJoinPool.commonPool-worker-4" daemon [_thread_blocked, id=11200, stack(0x000000c770b00000,0x000000c770c00000)]
  0x000002bbec469bb0 JavaThread "ForkJoinPool.commonPool-worker-7" daemon [_thread_blocked, id=13592, stack(0x000000c770c00000,0x000000c770d00000)]
  0x000002bbec466400 JavaThread "ForkJoinPool.commonPool-worker-5" daemon [_thread_blocked, id=5100, stack(0x000000c770d00000,0x000000c770e00000)]
  0x000002bbec46aae0 JavaThread "ForkJoinPool.commonPool-worker-6" daemon [_thread_blocked, id=22968, stack(0x000000c770e00000,0x000000c770f00000)]
  0x000002bbec46aff0 JavaThread "ForkJoinPool.commonPool-worker-8" daemon [_thread_blocked, id=976, stack(0x000000c770f00000,0x000000c771000000)]
  0x000002bbec46ba10 JavaThread "included builds" [_thread_blocked, id=23536, stack(0x000000c76a800000,0x000000c76a900000)]
  0x000002bbec46a0c0 JavaThread "Execution worker" [_thread_blocked, id=28116, stack(0x000000c771000000,0x000000c771100000)]
  0x000002bbec46a5d0 JavaThread "Execution worker Thread 2" [_thread_blocked, id=28048, stack(0x000000c771400000,0x000000c771500000)]
  0x000002bbec46bf20 JavaThread "Execution worker Thread 3" [_thread_blocked, id=3292, stack(0x000000c771500000,0x000000c771600000)]
  0x000002bbec46c940 JavaThread "Execution worker Thread 4" [_thread_blocked, id=28224, stack(0x000000c771600000,0x000000c771700000)]
  0x000002bbec46d360 JavaThread "Execution worker Thread 5" [_thread_blocked, id=28164, stack(0x000000c771700000,0x000000c771800000)]
  0x000002bbef7d03d0 JavaThread "Execution worker Thread 6" [_thread_blocked, id=15504, stack(0x000000c771800000,0x000000c771900000)]
  0x000002bbef7cd640 JavaThread "Execution worker Thread 7" [_thread_blocked, id=27852, stack(0x000000c771900000,0x000000c771a00000)]
  0x000002bbef7ce060 JavaThread "Execution worker Thread 8" [_thread_blocked, id=28152, stack(0x000000c771a00000,0x000000c771b00000)]
  0x000002bbef7ce570 JavaThread "Execution worker Thread 9" [_thread_blocked, id=25944, stack(0x000000c771b00000,0x000000c771c00000)]
  0x000002bbef7cea80 JavaThread "Execution worker Thread 10" [_thread_blocked, id=28272, stack(0x000000c771c00000,0x000000c771d00000)]
  0x000002bbef7cdb50 JavaThread "Execution worker Thread 11" [_thread_blocked, id=28220, stack(0x000000c771d00000,0x000000c771e00000)]
  0x000002bbef7cd130 JavaThread "Cache worker for execution history cache (D:\apps\caltims mobile app\frontend\node_modules\@react-native\gradle-plugin\.gradle\9.0.0\executionHistory)" [_thread_blocked, id=28088, stack(0x000000c771e00000,0x000000c771f00000)]
  0x000002bbef7cef90 JavaThread "Unconstrained build operations Thread 40" [_thread_blocked, id=15312, stack(0x000000c771f00000,0x000000c772000000)]
  0x000002bbef7cf4a0 JavaThread "Unconstrained build operations Thread 41" [_thread_blocked, id=2624, stack(0x000000c772000000,0x000000c772100000)]
  0x000002bbef7cfec0 JavaThread "Unconstrained build operations Thread 42" [_thread_blocked, id=28496, stack(0x000000c772100000,0x000000c772200000)]
  0x000002bbef7cf9b0 JavaThread "Unconstrained build operations Thread 43" [_thread_blocked, id=25620, stack(0x000000c772200000,0x000000c772300000)]
  0x000002bbef7ccc20 JavaThread "Unconstrained build operations Thread 44" [_thread_blocked, id=5704, stack(0x000000c772300000,0x000000c772400000)]
  0x000002bbef7d08e0 JavaThread "Unconstrained build operations Thread 45" [_thread_blocked, id=24212, stack(0x000000c772400000,0x000000c772500000)]
  0x000002bbef7d1d20 JavaThread "Unconstrained build operations Thread 46" [_thread_blocked, id=24552, stack(0x000000c772500000,0x000000c772600000)]
  0x000002bbef7d0df0 JavaThread "Unconstrained build operations Thread 47" [_thread_blocked, id=7212, stack(0x000000c772600000,0x000000c772700000)]
  0x000002bbef7d1810 JavaThread "Unconstrained build operations Thread 48" [_thread_blocked, id=8580, stack(0x000000c772700000,0x000000c772800000)]
  0x000002bbef7d2230 JavaThread "Unconstrained build operations Thread 49" [_thread_blocked, id=28508, stack(0x000000c772800000,0x000000c772900000)]
  0x000002bbef7d2c50 JavaThread "Unconstrained build operations Thread 50" [_thread_blocked, id=27552, stack(0x000000c772900000,0x000000c772a00000)]
  0x000002bbef7d45a0 JavaThread "Unconstrained build operations Thread 51" [_thread_blocked, id=3844, stack(0x000000c772a00000,0x000000c772b00000)]
  0x000002bbef7d1300 JavaThread "Unconstrained build operations Thread 52" [_thread_blocked, id=19468, stack(0x000000c772b00000,0x000000c772c00000)]
  0x000002bbef7d2740 JavaThread "Unconstrained build operations Thread 53" [_thread_blocked, id=28608, stack(0x000000c772c00000,0x000000c772d00000)]
  0x000002bbef7d3160 JavaThread "Unconstrained build operations Thread 54" [_thread_blocked, id=11932, stack(0x000000c772d00000,0x000000c772e00000)]
  0x000002bbef7d3670 JavaThread "Unconstrained build operations Thread 55" [_thread_blocked, id=19676, stack(0x000000c772e00000,0x000000c772f00000)]
  0x000002bbef7d3b80 JavaThread "Unconstrained build operations Thread 56" [_thread_blocked, id=3700, stack(0x000000c772f00000,0x000000c773000000)]
  0x000002bbef21f490 JavaThread "Unconstrained build operations Thread 57" [_thread_blocked, id=27120, stack(0x000000c773000000,0x000000c773100000)]
  0x000002bbef21e050 JavaThread "Unconstrained build operations Thread 58" [_thread_blocked, id=25552, stack(0x000000c773100000,0x000000c773200000)]
  0x000002bbef21ea70 JavaThread "Unconstrained build operations Thread 59" [_thread_blocked, id=28528, stack(0x000000c773200000,0x000000c773300000)]
  0x000002bbef21c700 JavaThread "Unconstrained build operations Thread 60" [_thread_blocked, id=28500, stack(0x000000c773300000,0x000000c773400000)]
  0x000002bbef21f9a0 JavaThread "Unconstrained build operations Thread 61" [_thread_blocked, id=17164, stack(0x000000c773400000,0x000000c773500000)]
  0x000002bbef21c1f0 JavaThread "Unconstrained build operations Thread 62" [_thread_blocked, id=28652, stack(0x000000c773500000,0x000000c773600000)]
  0x000002bbef21e560 JavaThread "Unconstrained build operations Thread 63" [_thread_blocked, id=27620, stack(0x000000c773600000,0x000000c773700000)]
  0x000002bbef21ef80 JavaThread "Unconstrained build operations Thread 64" [_thread_blocked, id=13024, stack(0x000000c773700000,0x000000c773800000)]
  0x000002bbef21cc10 JavaThread "Unconstrained build operations Thread 65" [_thread_blocked, id=23212, stack(0x000000c773800000,0x000000c773900000)]
  0x000002bbef21d630 JavaThread "Unconstrained build operations Thread 66" [_thread_blocked, id=22608, stack(0x000000c773900000,0x000000c773a00000)]
  0x000002bbef21d120 JavaThread "Unconstrained build operations Thread 67" [_thread_blocked, id=12844, stack(0x000000c773a00000,0x000000c773b00000)]
  0x000002bbef21db40 JavaThread "Unconstrained build operations Thread 68" [_thread_blocked, id=26612, stack(0x000000c773b00000,0x000000c773c00000)]
  0x000002bbefe2ba80 JavaThread "Unconstrained build operations Thread 69" [_thread_blocked, id=23308, stack(0x000000c773c00000,0x000000c773d00000)]
  0x000002bbefe2c9b0 JavaThread "Unconstrained build operations Thread 70" [_thread_blocked, id=8760, stack(0x000000c773d00000,0x000000c773e00000)]
  0x000002bbefe2bf90 JavaThread "Unconstrained build operations Thread 71" [_thread_blocked, id=28000, stack(0x000000c773e00000,0x000000c773f00000)]
  0x000002bbefe2c4a0 JavaThread "Unconstrained build operations Thread 72" [_thread_blocked, id=19804, stack(0x000000c773f00000,0x000000c774000000)]
  0x000002bbefe2cec0 JavaThread "Unconstrained build operations Thread 73" [_thread_blocked, id=8316, stack(0x000000c774000000,0x000000c774100000)]
  0x000002bbefe2d3d0 JavaThread "Unconstrained build operations Thread 74" [_thread_blocked, id=10268, stack(0x000000c774100000,0x000000c774200000)]
  0x000002bbefe2ddf0 JavaThread "Unconstrained build operations Thread 75" [_thread_blocked, id=9976, stack(0x000000c774200000,0x000000c774300000)]
  0x000002bbefe2b060 JavaThread "Unconstrained build operations Thread 76" [_thread_blocked, id=13712, stack(0x000000c774300000,0x000000c774400000)]
  0x000002bbefe2d8e0 JavaThread "Unconstrained build operations Thread 77" [_thread_blocked, id=10732, stack(0x000000c774400000,0x000000c774500000)]
  0x000002bbefe2e300 JavaThread "Unconstrained build operations Thread 78" [_thread_blocked, id=25660, stack(0x000000c774500000,0x000000c774600000)]
  0x000002bbefe2ab50 JavaThread "Unconstrained build operations Thread 79" [_thread_blocked, id=19532, stack(0x000000c774600000,0x000000c774700000)]
  0x000002bbefe2ed20 JavaThread "Unconstrained build operations Thread 80" [_thread_blocked, id=28664, stack(0x000000c774700000,0x000000c774800000)]
  0x000002bbefe2e810 JavaThread "Unconstrained build operations Thread 81" [_thread_blocked, id=10044, stack(0x000000c774900000,0x000000c774a00000)]
  0x000002bbefe31090 JavaThread "Unconstrained build operations Thread 82" [_thread_blocked, id=8852, stack(0x000000c774a00000,0x000000c774b00000)]
  0x000002bbefe30160 JavaThread "Unconstrained build operations Thread 83" [_thread_blocked, id=13380, stack(0x000000c774b00000,0x000000c774c00000)]
  0x000002bbefe31fc0 JavaThread "Unconstrained build operations Thread 84" [_thread_blocked, id=16176, stack(0x000000c774c00000,0x000000c774d00000)]
  0x000002bbefe30670 JavaThread "Unconstrained build operations Thread 85" [_thread_blocked, id=19356, stack(0x000000c774d00000,0x000000c774e00000)]
  0x000002bbefe324d0 JavaThread "Unconstrained build operations Thread 86" [_thread_blocked, id=27916, stack(0x000000c774e00000,0x000000c774f00000)]
  0x000002bbefe2f230 JavaThread "Unconstrained build operations Thread 87" [_thread_blocked, id=28076, stack(0x000000c774f00000,0x000000c775000000)]
  0x000002bbefe2f740 JavaThread "Unconstrained build operations Thread 88" [_thread_blocked, id=21264, stack(0x000000c775000000,0x000000c775100000)]
  0x000002bbefe2fc50 JavaThread "Unconstrained build operations Thread 89" [_thread_blocked, id=2764, stack(0x000000c775100000,0x000000c775200000)]
  0x000002bbefe30b80 JavaThread "Unconstrained build operations Thread 90" [_thread_blocked, id=864, stack(0x000000c775200000,0x000000c775300000)]
  0x000002bbefe315a0 JavaThread "Unconstrained build operations Thread 91" [_thread_blocked, id=19448, stack(0x000000c775300000,0x000000c775400000)]
  0x000002bbec1315c0 JavaThread "Unconstrained build operations Thread 92" [_thread_blocked, id=28660, stack(0x000000c775400000,0x000000c775500000)]
  0x000002bbec134860 JavaThread "Unconstrained build operations Thread 93" [_thread_blocked, id=27988, stack(0x000000c775500000,0x000000c775600000)]
  0x000002bbec131ad0 JavaThread "Unconstrained build operations Thread 94" [_thread_blocked, id=28644, stack(0x000000c775600000,0x000000c775700000)]
  0x000002bbec133930 JavaThread "Unconstrained build operations Thread 95" [_thread_blocked, id=15136, stack(0x000000c775700000,0x000000c775800000)]
  0x000002bbec133e40 JavaThread "Unconstrained build operations Thread 96" [_thread_blocked, id=22172, stack(0x000000c775800000,0x000000c775900000)]
  0x000002bbec131fe0 JavaThread "Unconstrained build operations Thread 97" [_thread_blocked, id=26240, stack(0x000000c775900000,0x000000c775a00000)]
  0x000002bbec132f10 JavaThread "Unconstrained build operations Thread 98" [_thread_blocked, id=19864, stack(0x000000c775a00000,0x000000c775b00000)]
  0x000002bbec1324f0 JavaThread "Unconstrained build operations Thread 99" [_thread_blocked, id=8420, stack(0x000000c775b00000,0x000000c775c00000)]
  0x000002bbec132a00 JavaThread "Unconstrained build operations Thread 100" [_thread_blocked, id=17436, stack(0x000000c775c00000,0x000000c775d00000)]
  0x000002bbec134d70 JavaThread "Unconstrained build operations Thread 101" [_thread_blocked, id=28316, stack(0x000000c775d00000,0x000000c775e00000)]
  0x000002bbec133420 JavaThread "Unconstrained build operations Thread 102" [_thread_blocked, id=28524, stack(0x000000c775e00000,0x000000c775f00000)]
  0x000002bbec134350 JavaThread "Unconstrained build operations Thread 103" [_thread_blocked, id=17640, stack(0x000000c775f00000,0x000000c776000000)]
  0x000002bbefe31ab0 JavaThread "Unconstrained build operations Thread 104" [_thread_blocked, id=27840, stack(0x000000c776000000,0x000000c776100000)]
  0x000002bbf0549e60 JavaThread "Unconstrained build operations Thread 105" [_thread_blocked, id=24772, stack(0x000000c776100000,0x000000c776200000)]
  0x000002bbf054b2a0 JavaThread "Unconstrained build operations Thread 106" [_thread_blocked, id=9712, stack(0x000000c776200000,0x000000c776300000)]
  0x000002bbf0548a20 JavaThread "Unconstrained build operations Thread 107" [_thread_blocked, id=28432, stack(0x000000c776300000,0x000000c776400000)]
  0x000002bbf0549440 JavaThread "Unconstrained build operations Thread 108" [_thread_blocked, id=21912, stack(0x000000c776400000,0x000000c776500000)]
  0x000002bbf0549950 JavaThread "Unconstrained build operations Thread 109" [_thread_blocked, id=17944, stack(0x000000c776500000,0x000000c776600000)]
  0x000002bbf0548f30 JavaThread "Unconstrained build operations Thread 110" [_thread_blocked, id=13068, stack(0x000000c776600000,0x000000c776700000)]
  0x000002bbf054a370 JavaThread "Unconstrained build operations Thread 111" [_thread_blocked, id=24764, stack(0x000000c776700000,0x000000c776800000)]
  0x000002bbf0547af0 JavaThread "Unconstrained build operations Thread 112" [_thread_blocked, id=23680, stack(0x000000c776800000,0x000000c776900000)]
  0x000002bbf0548000 JavaThread "jar transforms Thread 2" [_thread_blocked, id=25076, stack(0x000000c776900000,0x000000c776a00000)]
  0x000002bbf054ad90 JavaThread "jar transforms Thread 3" [_thread_blocked, id=22612, stack(0x000000c776a00000,0x000000c776b00000)]
  0x000002bbef381320 JavaThread "File lock release action executor" [_thread_blocked, id=19628, stack(0x000000c776b00000,0x000000c776c00000)]
  0x000002bbef37f4c0 JavaThread "Unconstrained build operations Thread 113" [_thread_blocked, id=18744, stack(0x000000c774800000,0x000000c774900000)]
  0x000002bbef380900 JavaThread "Unconstrained build operations Thread 114" [_thread_blocked, id=7848, stack(0x000000c776c00000,0x000000c776d00000)]
  0x000002bbef37f9d0 JavaThread "Unconstrained build operations Thread 115" [_thread_blocked, id=23584, stack(0x000000c776d00000,0x000000c776e00000)]
  0x000002bbef381830 JavaThread "Unconstrained build operations Thread 116" [_thread_blocked, id=7664, stack(0x000000c776e00000,0x000000c776f00000)]
  0x000002bbef3803f0 JavaThread "Unconstrained build operations Thread 117" [_thread_blocked, id=17820, stack(0x000000c776f00000,0x000000c777000000)]
  0x000002bbef382250 JavaThread "Unconstrained build operations Thread 118" [_thread_blocked, id=28648, stack(0x000000c777000000,0x000000c777100000)]
  0x000002bbef37fee0 JavaThread "Unconstrained build operations Thread 119" [_thread_blocked, id=24116, stack(0x000000c777100000,0x000000c777200000)]
  0x000002bbef381d40 JavaThread "Unconstrained build operations Thread 120" [_thread_blocked, id=28636, stack(0x000000c777200000,0x000000c777300000)]
  0x000002bbef37efb0 JavaThread "jar transforms Thread 4" [_thread_blocked, id=28308, stack(0x000000c777300000,0x000000c777400000)]
  0x000002bbebea5fe0 JavaThread "jar transforms Thread 5" [_thread_blocked, id=6368, stack(0x000000c777400000,0x000000c777500000)]
  0x000002bbf054a880 JavaThread "jar transforms Thread 6" [_thread_blocked, id=27800, stack(0x000000c777500000,0x000000c777600000)]
  0x000002bbee39b3c0 JavaThread "build event listener" [_thread_blocked, id=15400, stack(0x000000c777600000,0x000000c777700000)]
  0x000002bbee399f80 JavaThread "Problems report writer" [_thread_blocked, id=17200, stack(0x000000c777700000,0x000000c777800000)]
  0x000002bbee39cd10 JavaThread "jar transforms Thread 7" [_thread_blocked, id=12012, stack(0x000000c777a00000,0x000000c777b00000)]
  0x000002bbee39a490 JavaThread "jar transforms Thread 8" [_thread_blocked, id=26040, stack(0x000000c777b00000,0x000000c777c00000)]
  0x000002bbee39aeb0 JavaThread "jar transforms Thread 9" [_thread_blocked, id=6272, stack(0x000000c777c00000,0x000000c777d00000)]
  0x000002bbee39faa0 JavaThread "jar transforms Thread 10" [_thread_blocked, id=28340, stack(0x000000c777d00000,0x000000c777e00000)]
  0x000002bbee39e150 JavaThread "jar transforms Thread 11" [_thread_blocked, id=28388, stack(0x000000c777800000,0x000000c777900000)]
  0x000002bbee39f080 JavaThread "jar transforms Thread 12" [_thread_blocked, id=1932, stack(0x000000c777900000,0x000000c777a00000)]
  0x000002bbef2c3ee0 JavaThread "C2 CompilerThread1" daemon [_thread_blocked, id=10072, stack(0x000000c770900000,0x000000c770a00000)]

Other Threads:
=>0x000002bbca9df5f0 VMThread "VM Thread" [stack: 0x000000c76b000000,0x000000c76b100000] [id=1692]
  0x000002bbcad0da00 WatcherThread [stack: 0x000000c76bc00000,0x000000c76bd00000] [id=24932]
  0x000002bbad3feeb0 GCTaskThread "GC Thread#0" [stack: 0x000000c76ab00000,0x000000c76ac00000] [id=27388]
  0x000002bbea0120b0 GCTaskThread "GC Thread#1" [stack: 0x000000c76be00000,0x000000c76bf00000] [id=11604]
  0x000002bbea0c86b0 GCTaskThread "GC Thread#2" [stack: 0x000000c76bf00000,0x000000c76c000000] [id=7232]
  0x000002bbea0c8970 GCTaskThread "GC Thread#3" [stack: 0x000000c76c000000,0x000000c76c100000] [id=7792]
  0x000002bbea0c8c30 GCTaskThread "GC Thread#4" [stack: 0x000000c76c100000,0x000000c76c200000] [id=8948]
  0x000002bbea01ee60 GCTaskThread "GC Thread#5" [stack: 0x000000c76c200000,0x000000c76c300000] [id=10560]
  0x000002bbcabf9190 GCTaskThread "GC Thread#6" [stack: 0x000000c76d000000,0x000000c76d100000] [id=21136]
  0x000002bbcabf9710 GCTaskThread "GC Thread#7" [stack: 0x000000c76d100000,0x000000c76d200000] [id=7600]
  0x000002bbcabf7e50 GCTaskThread "GC Thread#8" [stack: 0x000000c76d200000,0x000000c76d300000] [id=26228]
  0x000002bbcabf7b90 GCTaskThread "GC Thread#9" [stack: 0x000000c76d300000,0x000000c76d400000] [id=16784]
  0x000002bbad40bd10 ConcurrentGCThread "G1 Main Marker" [stack: 0x000000c76ac00000,0x000000c76ad00000] [id=8932]
  0x000002bbad40dfe0 ConcurrentGCThread "G1 Conc#0" [stack: 0x000000c76ad00000,0x000000c76ae00000] [id=18800]
  0x000002bbcabf8690 ConcurrentGCThread "G1 Conc#1" [stack: 0x000000c76d400000,0x000000c76d500000] [id=5728]
  0x000002bbcabf8950 ConcurrentGCThread "G1 Conc#2" [stack: 0x000000c76d500000,0x000000c76d600000] [id=20540]
  0x000002bbad45d290 ConcurrentGCThread "G1 Refine#0" [stack: 0x000000c76ae00000,0x000000c76af00000] [id=12944]
  0x000002bbad45dbd0 ConcurrentGCThread "G1 Service" [stack: 0x000000c76af00000,0x000000c76b000000] [id=21280]

Threads with active compile tasks:
C2 CompilerThread0  143724 16041       4       org.gradle.internal.execution.steps.IdentifyStep::createIdentityContextInternal (88 bytes)
C2 CompilerThread1  143725 16043   !   4       java.io.File::toPath (54 bytes)

VM state: at safepoint (normal execution)

VM Mutex/Monitor currently owned by a thread:  ([mutex/lock_event])
[0x000002bbad3ac730] Threads_lock - owner thread: 0x000002bbca9df5f0
[0x000002bbad3abad0] Heap_lock - owner thread: 0x000002bbefe2cec0

Heap address: 0x00000000a0000000, size: 1536 MB, Compressed Oops mode: 32-bit

CDS archive(s) mapped at: [0x000002bbcb000000-0x000002bbcbbb0000-0x000002bbcbbb0000), size 12255232, SharedBaseAddress: 0x000002bbcb000000, ArchiveRelocationMode: 1.
Compressed class space mapped at: 0x000002bbcc000000-0x000002bbe6000000, reserved size: 436207616
Narrow klass base: 0x000002bbcb000000, Narrow klass shift: 0, Narrow klass range: 0x100000000

GC Precious Log:
 CPUs: 12 total, 12 available
 Memory: 16068M
 Large Page Support: Disabled
 NUMA Support: Disabled
 Compressed Oops: Enabled (32-bit)
 Heap Region Size: 1M
 Heap Min Capacity: 8M
 Heap Initial Capacity: 252M
 Heap Max Capacity: 1536M
 Pre-touch: Disabled
 Parallel Workers: 10
 Concurrent Workers: 3
 Concurrent Refinement Workers: 10
 Periodic GC: Disabled

Heap:
 garbage-first heap   total 258048K, used 188375K [0x00000000a0000000, 0x0000000100000000)
  region size 1024K, 3 young (3072K), 3 survivors (3072K)
 Metaspace       used 105638K, committed 107264K, reserved 557056K
  class space    used 14816K, committed 15616K, reserved 425984K

Heap Regions: E=young(eden), S=young(survivor), O=old, HS=humongous(starts), HC=humongous(continues), CS=collection set, F=free, OA=open archive, CA=closed archive, TAMS=top-at-mark-start (previous, next)
|   0|0x00000000a0000000, 0x00000000a0100000, 0x00000000a0100000|100%|HS|  |TAMS 0x00000000a0100000, 0x00000000a0000000| Complete 
|   1|0x00000000a0100000, 0x00000000a0200000, 0x00000000a0200000|100%|HC|  |TAMS 0x00000000a0200000, 0x00000000a0100000| Complete 
|   2|0x00000000a0200000, 0x00000000a0300000, 0x00000000a0300000|100%|HC|  |TAMS 0x00000000a0300000, 0x00000000a0200000| Complete 
|   3|0x00000000a0300000, 0x00000000a0400000, 0x00000000a0400000|100%| O|  |TAMS 0x00000000a0400000, 0x00000000a0300000| Untracked 
|   4|0x00000000a0400000, 0x00000000a0500000, 0x00000000a0500000|100%| O|  |TAMS 0x00000000a0500000, 0x00000000a0400000| Untracked 
|   5|0x00000000a0500000, 0x00000000a0600000, 0x00000000a0600000|100%| O|  |TAMS 0x00000000a0600000, 0x00000000a0500000| Untracked 
|   6|0x00000000a0600000, 0x00000000a0700000, 0x00000000a0700000|100%|HS|  |TAMS 0x00000000a0700000, 0x00000000a0600000| Complete 
|   7|0x00000000a0700000, 0x00000000a0800000, 0x00000000a0800000|100%| O|  |TAMS 0x00000000a0800000, 0x00000000a0700000| Untracked 
|   8|0x00000000a0800000, 0x00000000a0900000, 0x00000000a0900000|100%| O|  |TAMS 0x00000000a0900000, 0x00000000a0800000| Untracked 
|   9|0x00000000a0900000, 0x00000000a0a00000, 0x00000000a0a00000|100%| O|  |TAMS 0x00000000a0a00000, 0x00000000a0900000| Untracked 
|  10|0x00000000a0a00000, 0x00000000a0b00000, 0x00000000a0b00000|100%| O|  |TAMS 0x00000000a0b00000, 0x00000000a0a00000| Untracked 
|  11|0x00000000a0b00000, 0x00000000a0c00000, 0x00000000a0c00000|100%| O|  |TAMS 0x00000000a0c00000, 0x00000000a0b00000| Untracked 
|  12|0x00000000a0c00000, 0x00000000a0d00000, 0x00000000a0d00000|100%| O|  |TAMS 0x00000000a0d00000, 0x00000000a0c00000| Untracked 
|  13|0x00000000a0d00000, 0x00000000a0e00000, 0x00000000a0e00000|100%| O|  |TAMS 0x00000000a0e00000, 0x00000000a0d00000| Untracked 
|  14|0x00000000a0e00000, 0x00000000a0f00000, 0x00000000a0f00000|100%| O|  |TAMS 0x00000000a0f00000, 0x00000000a0e00000| Untracked 
|  15|0x00000000a0f00000, 0x00000000a1000000, 0x00000000a1000000|100%| O|  |TAMS 0x00000000a1000000, 0x00000000a0f00000| Untracked 
|  16|0x00000000a1000000, 0x00000000a1100000, 0x00000000a1100000|100%| O|  |TAMS 0x00000000a1100000, 0x00000000a1000000| Untracked 
|  17|0x00000000a1100000, 0x00000000a1200000, 0x00000000a1200000|100%| O|  |TAMS 0x00000000a1200000, 0x00000000a1100000| Untracked 
|  18|0x00000000a1200000, 0x00000000a1300000, 0x00000000a1300000|100%| O|  |TAMS 0x00000000a1300000, 0x00000000a1200000| Untracked 
|  19|0x00000000a1300000, 0x00000000a1400000, 0x00000000a1400000|100%| O|  |TAMS 0x00000000a1400000, 0x00000000a1300000| Untracked 
|  20|0x00000000a1400000, 0x00000000a1500000, 0x00000000a1500000|100%| O|  |TAMS 0x00000000a1500000, 0x00000000a1400000| Untracked 
|  21|0x00000000a1500000, 0x00000000a1600000, 0x00000000a1600000|100%| O|  |TAMS 0x00000000a1600000, 0x00000000a1500000| Untracked 
|  22|0x00000000a1600000, 0x00000000a1700000, 0x00000000a1700000|100%| O|  |TAMS 0x00000000a1700000, 0x00000000a1600000| Untracked 
|  23|0x00000000a1700000, 0x00000000a1800000, 0x00000000a1800000|100%| O|  |TAMS 0x00000000a1800000, 0x00000000a1700000| Untracked 
|  24|0x00000000a1800000, 0x00000000a1900000, 0x00000000a1900000|100%| O|  |TAMS 0x00000000a1900000, 0x00000000a1800000| Untracked 
|  25|0x00000000a1900000, 0x00000000a1a00000, 0x00000000a1a00000|100%| O|  |TAMS 0x00000000a1a00000, 0x00000000a1900000| Untracked 
|  26|0x00000000a1a00000, 0x00000000a1b00000, 0x00000000a1b00000|100%| O|  |TAMS 0x00000000a1b00000, 0x00000000a1a00000| Untracked 
|  27|0x00000000a1b00000, 0x00000000a1c00000, 0x00000000a1c00000|100%| O|  |TAMS 0x00000000a1c00000, 0x00000000a1b00000| Untracked 
|  28|0x00000000a1c00000, 0x00000000a1d00000, 0x00000000a1d00000|100%| O|  |TAMS 0x00000000a1d00000, 0x00000000a1c00000| Untracked 
|  29|0x00000000a1d00000, 0x00000000a1e00000, 0x00000000a1e00000|100%| O|  |TAMS 0x00000000a1e00000, 0x00000000a1d00000| Untracked 
|  30|0x00000000a1e00000, 0x00000000a1f00000, 0x00000000a1f00000|100%| O|  |TAMS 0x00000000a1f00000, 0x00000000a1e00000| Untracked 
|  31|0x00000000a1f00000, 0x00000000a2000000, 0x00000000a2000000|100%| O|  |TAMS 0x00000000a2000000, 0x00000000a1f00000| Untracked 
|  32|0x00000000a2000000, 0x00000000a2100000, 0x00000000a2100000|100%| O|  |TAMS 0x00000000a2100000, 0x00000000a2000000| Untracked 
|  33|0x00000000a2100000, 0x00000000a2200000, 0x00000000a2200000|100%| O|  |TAMS 0x00000000a2200000, 0x00000000a2100000| Untracked 
|  34|0x00000000a2200000, 0x00000000a2300000, 0x00000000a2300000|100%| O|  |TAMS 0x00000000a2300000, 0x00000000a2200000| Untracked 
|  35|0x00000000a2300000, 0x00000000a2400000, 0x00000000a2400000|100%| O|  |TAMS 0x00000000a2400000, 0x00000000a2300000| Untracked 
|  36|0x00000000a2400000, 0x00000000a2500000, 0x00000000a2500000|100%| O|  |TAMS 0x00000000a2500000, 0x00000000a2400000| Untracked 
|  37|0x00000000a2500000, 0x00000000a2600000, 0x00000000a2600000|100%| O|  |TAMS 0x00000000a2500000, 0x00000000a2500000| Untracked 
|  38|0x00000000a2600000, 0x00000000a2700000, 0x00000000a2700000|100%| O|  |TAMS 0x00000000a2700000, 0x00000000a2600000| Untracked 
|  39|0x00000000a2700000, 0x00000000a2800000, 0x00000000a2800000|100%| O|  |TAMS 0x00000000a2700000, 0x00000000a2700000| Untracked 
|  40|0x00000000a2800000, 0x00000000a2900000, 0x00000000a2900000|100%| O|  |TAMS 0x00000000a2800000, 0x00000000a2800000| Untracked 
|  41|0x00000000a2900000, 0x00000000a2a00000, 0x00000000a2a00000|100%|HS|  |TAMS 0x00000000a2a00000, 0x00000000a2900000| Complete 
|  42|0x00000000a2a00000, 0x00000000a2b00000, 0x00000000a2b00000|100%|HC|  |TAMS 0x00000000a2b00000, 0x00000000a2a00000| Complete 
|  43|0x00000000a2b00000, 0x00000000a2c00000, 0x00000000a2c00000|100%|HC|  |TAMS 0x00000000a2c00000, 0x00000000a2b00000| Complete 
|  44|0x00000000a2c00000, 0x00000000a2d00000, 0x00000000a2d00000|100%|HS|  |TAMS 0x00000000a2d00000, 0x00000000a2c00000| Complete 
|  45|0x00000000a2d00000, 0x00000000a2e00000, 0x00000000a2e00000|100%|HC|  |TAMS 0x00000000a2e00000, 0x00000000a2d00000| Complete 
|  46|0x00000000a2e00000, 0x00000000a2f00000, 0x00000000a2f00000|100%|HC|  |TAMS 0x00000000a2f00000, 0x00000000a2e00000| Complete 
|  47|0x00000000a2f00000, 0x00000000a3000000, 0x00000000a3000000|100%| O|  |TAMS 0x00000000a2f00000, 0x00000000a2f00000| Untracked 
|  48|0x00000000a3000000, 0x00000000a3100000, 0x00000000a3100000|100%| O|  |TAMS 0x00000000a3000000, 0x00000000a3000000| Untracked 
|  49|0x00000000a3100000, 0x00000000a3200000, 0x00000000a3200000|100%| O|  |TAMS 0x00000000a3200000, 0x00000000a3100000| Untracked 
|  50|0x00000000a3200000, 0x00000000a3300000, 0x00000000a3300000|100%| O|  |TAMS 0x00000000a3300000, 0x00000000a3200000| Untracked 
|  51|0x00000000a3300000, 0x00000000a3400000, 0x00000000a3400000|100%| O|  |TAMS 0x00000000a3300000, 0x00000000a3300000| Untracked 
|  52|0x00000000a3400000, 0x00000000a3500000, 0x00000000a3500000|100%| O|  |TAMS 0x00000000a3500000, 0x00000000a3400000| Untracked 
|  53|0x00000000a3500000, 0x00000000a3600000, 0x00000000a3600000|100%| O|  |TAMS 0x00000000a3600000, 0x00000000a3500000| Untracked 
|  54|0x00000000a3600000, 0x00000000a3700000, 0x00000000a3700000|100%| O|  |TAMS 0x00000000a3700000, 0x00000000a3600000| Untracked 
|  55|0x00000000a3700000, 0x00000000a3800000, 0x00000000a3800000|100%| O|  |TAMS 0x00000000a3800000, 0x00000000a3700000| Untracked 
|  56|0x00000000a3800000, 0x00000000a3900000, 0x00000000a3900000|100%| O|  |TAMS 0x00000000a3900000, 0x00000000a3800000| Untracked 
|  57|0x00000000a3900000, 0x00000000a3a00000, 0x00000000a3a00000|100%| O|  |TAMS 0x00000000a3900000, 0x00000000a3900000| Untracked 
|  58|0x00000000a3a00000, 0x00000000a3b00000, 0x00000000a3b00000|100%| O|  |TAMS 0x00000000a3b00000, 0x00000000a3a00000| Untracked 
|  59|0x00000000a3b00000, 0x00000000a3c00000, 0x00000000a3c00000|100%| O|  |TAMS 0x00000000a3c00000, 0x00000000a3b00000| Untracked 
|  60|0x00000000a3c00000, 0x00000000a3d00000, 0x00000000a3d00000|100%| O|  |TAMS 0x00000000a3d00000, 0x00000000a3c00000| Untracked 
|  61|0x00000000a3d00000, 0x00000000a3e00000, 0x00000000a3e00000|100%| O|  |TAMS 0x00000000a3e00000, 0x00000000a3d00000| Untracked 
|  62|0x00000000a3e00000, 0x00000000a3f00000, 0x00000000a3f00000|100%| O|  |TAMS 0x00000000a3e00000, 0x00000000a3e00000| Untracked 
|  63|0x00000000a3f00000, 0x00000000a4000000, 0x00000000a4000000|100%| O|  |TAMS 0x00000000a3f00000, 0x00000000a3f00000| Untracked 
|  64|0x00000000a4000000, 0x00000000a4100000, 0x00000000a4100000|100%| O|  |TAMS 0x00000000a4000000, 0x00000000a4000000| Untracked 
|  65|0x00000000a4100000, 0x00000000a4200000, 0x00000000a4200000|100%| O|  |TAMS 0x00000000a4200000, 0x00000000a4100000| Untracked 
|  66|0x00000000a4200000, 0x00000000a4300000, 0x00000000a4300000|100%| O|  |TAMS 0x00000000a4300000, 0x00000000a4200000| Untracked 
|  67|0x00000000a4300000, 0x00000000a4400000, 0x00000000a4400000|100%| O|  |TAMS 0x00000000a4400000, 0x00000000a4300000| Untracked 
|  68|0x00000000a4400000, 0x00000000a4500000, 0x00000000a4500000|100%| O|  |TAMS 0x00000000a4400000, 0x00000000a4400000| Untracked 
|  69|0x00000000a4500000, 0x00000000a4600000, 0x00000000a4600000|100%| O|  |TAMS 0x00000000a4500000, 0x00000000a4500000| Untracked 
|  70|0x00000000a4600000, 0x00000000a4700000, 0x00000000a4700000|100%| O|  |TAMS 0x00000000a4600000, 0x00000000a4600000| Untracked 
|  71|0x00000000a4700000, 0x00000000a4800000, 0x00000000a4800000|100%| O|  |TAMS 0x00000000a4800000, 0x00000000a4700000| Untracked 
|  72|0x00000000a4800000, 0x00000000a4900000, 0x00000000a4900000|100%| O|  |TAMS 0x00000000a4800000, 0x00000000a4800000| Untracked 
|  73|0x00000000a4900000, 0x00000000a4a00000, 0x00000000a4a00000|100%| O|  |TAMS 0x00000000a4a00000, 0x00000000a4900000| Untracked 
|  74|0x00000000a4a00000, 0x00000000a4b00000, 0x00000000a4b00000|100%| O|  |TAMS 0x00000000a4b00000, 0x00000000a4a00000| Untracked 
|  75|0x00000000a4b00000, 0x00000000a4c00000, 0x00000000a4c00000|100%| O|  |TAMS 0x00000000a4c00000, 0x00000000a4b00000| Untracked 
|  76|0x00000000a4c00000, 0x00000000a4d00000, 0x00000000a4d00000|100%| O|  |TAMS 0x00000000a4d00000, 0x00000000a4c00000| Untracked 
|  77|0x00000000a4d00000, 0x00000000a4e00000, 0x00000000a4e00000|100%| O|  |TAMS 0x00000000a4d00000, 0x00000000a4d00000| Untracked 
|  78|0x00000000a4e00000, 0x00000000a4f00000, 0x00000000a4f00000|100%| O|  |TAMS 0x00000000a4f00000, 0x00000000a4e00000| Untracked 
|  79|0x00000000a4f00000, 0x00000000a5000000, 0x00000000a5000000|100%| O|  |TAMS 0x00000000a5000000, 0x00000000a4f00000| Untracked 
|  80|0x00000000a5000000, 0x00000000a5100000, 0x00000000a5100000|100%| O|  |TAMS 0x00000000a5100000, 0x00000000a5000000| Untracked 
|  81|0x00000000a5100000, 0x00000000a5200000, 0x00000000a5200000|100%| O|  |TAMS 0x00000000a5200000, 0x00000000a5100000| Untracked 
|  82|0x00000000a5200000, 0x00000000a5300000, 0x00000000a5300000|100%| O|  |TAMS 0x00000000a5200000, 0x00000000a5200000| Untracked 
|  83|0x00000000a5300000, 0x00000000a5400000, 0x00000000a5400000|100%| O|  |TAMS 0x00000000a5300000, 0x00000000a5300000| Untracked 
|  84|0x00000000a5400000, 0x00000000a5500000, 0x00000000a5500000|100%| O|  |TAMS 0x00000000a5400000, 0x00000000a5400000| Untracked 
|  85|0x00000000a5500000, 0x00000000a5600000, 0x00000000a5600000|100%| O|  |TAMS 0x00000000a5500000, 0x00000000a5500000| Untracked 
|  86|0x00000000a5600000, 0x00000000a5700000, 0x00000000a5700000|100%| O|  |TAMS 0x00000000a5600000, 0x00000000a5600000| Untracked 
|  87|0x00000000a5700000, 0x00000000a5800000, 0x00000000a5800000|100%| O|  |TAMS 0x00000000a5700000, 0x00000000a5700000| Untracked 
|  88|0x00000000a5800000, 0x00000000a5900000, 0x00000000a5900000|100%| O|  |TAMS 0x00000000a5800000, 0x00000000a5800000| Untracked 
|  89|0x00000000a5900000, 0x00000000a5a00000, 0x00000000a5a00000|100%| O|  |TAMS 0x00000000a5a00000, 0x00000000a5900000| Untracked 
|  90|0x00000000a5a00000, 0x00000000a5b00000, 0x00000000a5b00000|100%| O|  |TAMS 0x00000000a5b00000, 0x00000000a5a00000| Untracked 
|  91|0x00000000a5b00000, 0x00000000a5c00000, 0x00000000a5c00000|100%|HS|  |TAMS 0x00000000a5c00000, 0x00000000a5b00000| Complete 
|  92|0x00000000a5c00000, 0x00000000a5d00000, 0x00000000a5d00000|100%|HS|  |TAMS 0x00000000a5d00000, 0x00000000a5c00000| Complete 
|  93|0x00000000a5d00000, 0x00000000a5e00000, 0x00000000a5e00000|100%|HS|  |TAMS 0x00000000a5e00000, 0x00000000a5d00000| Complete 
|  94|0x00000000a5e00000, 0x00000000a5f00000, 0x00000000a5f00000|100%|HS|  |TAMS 0x00000000a5f00000, 0x00000000a5e00000| Complete 
|  95|0x00000000a5f00000, 0x00000000a6000000, 0x00000000a6000000|100%|HS|  |TAMS 0x00000000a6000000, 0x00000000a5f00000| Complete 
|  96|0x00000000a6000000, 0x00000000a6100000, 0x00000000a6100000|100%| O|  |TAMS 0x00000000a6000000, 0x00000000a6000000| Untracked 
|  97|0x00000000a6100000, 0x00000000a6200000, 0x00000000a6200000|100%| O|  |TAMS 0x00000000a6200000, 0x00000000a6100000| Untracked 
|  98|0x00000000a6200000, 0x00000000a6300000, 0x00000000a6300000|100%|HS|  |TAMS 0x00000000a6300000, 0x00000000a6200000| Complete 
|  99|0x00000000a6300000, 0x00000000a6400000, 0x00000000a6400000|100%| O|  |TAMS 0x00000000a6400000, 0x00000000a6300000| Untracked 
| 100|0x00000000a6400000, 0x00000000a6500000, 0x00000000a6500000|100%| O|  |TAMS 0x00000000a6500000, 0x00000000a6400000| Untracked 
| 101|0x00000000a6500000, 0x00000000a6600000, 0x00000000a6600000|100%| O|  |TAMS 0x00000000a6600000, 0x00000000a6500000| Untracked 
| 102|0x00000000a6600000, 0x00000000a6700000, 0x00000000a6700000|100%| O|  |TAMS 0x00000000a6700000, 0x00000000a6600000| Untracked 
| 103|0x00000000a6700000, 0x00000000a6800000, 0x00000000a6800000|100%| O|  |TAMS 0x00000000a6700000, 0x00000000a6700000| Untracked 
| 104|0x00000000a6800000, 0x00000000a6900000, 0x00000000a6900000|100%| O|  |TAMS 0x00000000a6900000, 0x00000000a6800000| Untracked 
| 105|0x00000000a6900000, 0x00000000a6a00000, 0x00000000a6a00000|100%| O|  |TAMS 0x00000000a6a00000, 0x00000000a6900000| Untracked 
| 106|0x00000000a6a00000, 0x00000000a6b00000, 0x00000000a6b00000|100%| O|  |TAMS 0x00000000a6b00000, 0x00000000a6a00000| Untracked 
| 107|0x00000000a6b00000, 0x00000000a6c00000, 0x00000000a6c00000|100%| O|  |TAMS 0x00000000a6c00000, 0x00000000a6b00000| Untracked 
| 108|0x00000000a6c00000, 0x00000000a6d00000, 0x00000000a6d00000|100%| O|  |TAMS 0x00000000a6d00000, 0x00000000a6c00000| Untracked 
| 109|0x00000000a6d00000, 0x00000000a6e00000, 0x00000000a6e00000|100%| O|  |TAMS 0x00000000a6e00000, 0x00000000a6d00000| Untracked 
| 110|0x00000000a6e00000, 0x00000000a6f00000, 0x00000000a6f00000|100%| O|  |TAMS 0x00000000a6f00000, 0x00000000a6e00000| Untracked 
| 111|0x00000000a6f00000, 0x00000000a7000000, 0x00000000a7000000|100%| O|  |TAMS 0x00000000a7000000, 0x00000000a6f00000| Untracked 
| 112|0x00000000a7000000, 0x00000000a7100000, 0x00000000a7100000|100%|HS|  |TAMS 0x00000000a7100000, 0x00000000a7000000| Complete 
| 113|0x00000000a7100000, 0x00000000a7200000, 0x00000000a7200000|100%| O|  |TAMS 0x00000000a7200000, 0x00000000a7100000| Untracked 
| 114|0x00000000a7200000, 0x00000000a7300000, 0x00000000a7300000|100%|HS|  |TAMS 0x00000000a7300000, 0x00000000a7200000| Complete 
| 115|0x00000000a7300000, 0x00000000a7400000, 0x00000000a7400000|100%|HC|  |TAMS 0x00000000a7400000, 0x00000000a7300000| Complete 
| 116|0x00000000a7400000, 0x00000000a7500000, 0x00000000a7500000|100%|HC|  |TAMS 0x00000000a7500000, 0x00000000a7400000| Complete 
| 117|0x00000000a7500000, 0x00000000a7600000, 0x00000000a7600000|100%| O|  |TAMS 0x00000000a7567000, 0x00000000a7500000| Untracked 
| 118|0x00000000a7600000, 0x00000000a7700000, 0x00000000a7700000|100%| O|  |TAMS 0x00000000a7600000, 0x00000000a7600000| Untracked 
| 119|0x00000000a7700000, 0x00000000a7800000, 0x00000000a7800000|100%| O|  |TAMS 0x00000000a7700000, 0x00000000a7700000| Untracked 
| 120|0x00000000a7800000, 0x00000000a7900000, 0x00000000a7900000|100%| O|  |TAMS 0x00000000a7800000, 0x00000000a7800000| Untracked 
| 121|0x00000000a7900000, 0x00000000a7a00000, 0x00000000a7a00000|100%| O|  |TAMS 0x00000000a7900000, 0x00000000a7900000| Untracked 
| 122|0x00000000a7a00000, 0x00000000a7b00000, 0x00000000a7b00000|100%| O|  |TAMS 0x00000000a7a00000, 0x00000000a7a00000| Untracked 
| 123|0x00000000a7b00000, 0x00000000a7c00000, 0x00000000a7c00000|100%| O|  |TAMS 0x00000000a7b00000, 0x00000000a7b00000| Untracked 
| 124|0x00000000a7c00000, 0x00000000a7d00000, 0x00000000a7d00000|100%| O|  |TAMS 0x00000000a7c00000, 0x00000000a7c00000| Untracked 
| 125|0x00000000a7d00000, 0x00000000a7e00000, 0x00000000a7e00000|100%| O|  |TAMS 0x00000000a7d00000, 0x00000000a7d00000| Untracked 
| 126|0x00000000a7e00000, 0x00000000a7f00000, 0x00000000a7f00000|100%| O|  |TAMS 0x00000000a7e00000, 0x00000000a7e00000| Untracked 
| 127|0x00000000a7f00000, 0x00000000a8000000, 0x00000000a8000000|100%| O|  |TAMS 0x00000000a7f00000, 0x00000000a7f00000| Untracked 
| 128|0x00000000a8000000, 0x00000000a8100000, 0x00000000a8100000|100%| O|  |TAMS 0x00000000a8000000, 0x00000000a8000000| Untracked 
| 129|0x00000000a8100000, 0x00000000a8200000, 0x00000000a8200000|100%| O|  |TAMS 0x00000000a8100000, 0x00000000a8100000| Untracked 
| 130|0x00000000a8200000, 0x00000000a8300000, 0x00000000a8300000|100%| O|  |TAMS 0x00000000a8200000, 0x00000000a8200000| Untracked 
| 131|0x00000000a8300000, 0x00000000a8400000, 0x00000000a8400000|100%| O|  |TAMS 0x00000000a8300000, 0x00000000a8300000| Untracked 
| 132|0x00000000a8400000, 0x00000000a8500000, 0x00000000a8500000|100%| O|  |TAMS 0x00000000a8400000, 0x00000000a8400000| Untracked 
| 133|0x00000000a8500000, 0x00000000a8600000, 0x00000000a8600000|100%| O|  |TAMS 0x00000000a8500000, 0x00000000a8500000| Untracked 
| 134|0x00000000a8600000, 0x00000000a8700000, 0x00000000a8700000|100%| O|  |TAMS 0x00000000a8600000, 0x00000000a8600000| Untracked 
| 135|0x00000000a8700000, 0x00000000a8800000, 0x00000000a8800000|100%| O|  |TAMS 0x00000000a8700000, 0x00000000a8700000| Untracked 
| 136|0x00000000a8800000, 0x00000000a8900000, 0x00000000a8900000|100%| O|  |TAMS 0x00000000a8800000, 0x00000000a8800000| Untracked 
| 137|0x00000000a8900000, 0x00000000a8a00000, 0x00000000a8a00000|100%| O|  |TAMS 0x00000000a8900000, 0x00000000a8900000| Untracked 
| 138|0x00000000a8a00000, 0x00000000a8b00000, 0x00000000a8b00000|100%| O|  |TAMS 0x00000000a8a00000, 0x00000000a8a00000| Untracked 
| 139|0x00000000a8b00000, 0x00000000a8c00000, 0x00000000a8c00000|100%| O|  |TAMS 0x00000000a8b00000, 0x00000000a8b00000| Untracked 
| 140|0x00000000a8c00000, 0x00000000a8d00000, 0x00000000a8d00000|100%| O|  |TAMS 0x00000000a8c00000, 0x00000000a8c00000| Untracked 
| 141|0x00000000a8d00000, 0x00000000a8e00000, 0x00000000a8e00000|100%| O|  |TAMS 0x00000000a8d00000, 0x00000000a8d00000| Untracked 
| 142|0x00000000a8e00000, 0x00000000a8f00000, 0x00000000a8f00000|100%|HS|  |TAMS 0x00000000a8e00000, 0x00000000a8e00000| Complete 
| 143|0x00000000a8f00000, 0x00000000a9000000, 0x00000000a9000000|100%|HS|  |TAMS 0x00000000a8f00000, 0x00000000a8f00000| Complete 
| 144|0x00000000a9000000, 0x00000000a9100000, 0x00000000a9100000|100%|HS|  |TAMS 0x00000000a9000000, 0x00000000a9000000| Complete 
| 145|0x00000000a9100000, 0x00000000a9200000, 0x00000000a9200000|100%| O|  |TAMS 0x00000000a9100000, 0x00000000a9100000| Untracked 
| 146|0x00000000a9200000, 0x00000000a9300000, 0x00000000a9300000|100%| O|  |TAMS 0x00000000a9200000, 0x00000000a9200000| Untracked 
| 147|0x00000000a9300000, 0x00000000a9400000, 0x00000000a9400000|100%| O|  |TAMS 0x00000000a9300000, 0x00000000a9300000| Untracked 
| 148|0x00000000a9400000, 0x00000000a9500000, 0x00000000a9500000|100%| O|  |TAMS 0x00000000a9400000, 0x00000000a9400000| Untracked 
| 149|0x00000000a9500000, 0x00000000a9600000, 0x00000000a9600000|100%| O|  |TAMS 0x00000000a9500000, 0x00000000a9500000| Untracked 
| 150|0x00000000a9600000, 0x00000000a9700000, 0x00000000a9700000|100%| O|  |TAMS 0x00000000a9600000, 0x00000000a9600000| Untracked 
| 151|0x00000000a9700000, 0x00000000a9800000, 0x00000000a9800000|100%| O|  |TAMS 0x00000000a9700000, 0x00000000a9700000| Untracked 
| 152|0x00000000a9800000, 0x00000000a9900000, 0x00000000a9900000|100%| O|  |TAMS 0x00000000a9800000, 0x00000000a9800000| Untracked 
| 153|0x00000000a9900000, 0x00000000a9a00000, 0x00000000a9a00000|100%| O|  |TAMS 0x00000000a9900000, 0x00000000a9900000| Untracked 
| 154|0x00000000a9a00000, 0x00000000a9b00000, 0x00000000a9b00000|100%| O|  |TAMS 0x00000000a9a00000, 0x00000000a9a00000| Untracked 
| 155|0x00000000a9b00000, 0x00000000a9c00000, 0x00000000a9c00000|100%| O|  |TAMS 0x00000000a9b00000, 0x00000000a9b00000| Untracked 
| 156|0x00000000a9c00000, 0x00000000a9d00000, 0x00000000a9d00000|100%| O|  |TAMS 0x00000000a9c00000, 0x00000000a9c00000| Untracked 
| 157|0x00000000a9d00000, 0x00000000a9e00000, 0x00000000a9e00000|100%| O|  |TAMS 0x00000000a9d00000, 0x00000000a9d00000| Untracked 
| 158|0x00000000a9e00000, 0x00000000a9f00000, 0x00000000a9f00000|100%| O|  |TAMS 0x00000000a9e00000, 0x00000000a9e00000| Untracked 
| 159|0x00000000a9f00000, 0x00000000aa000000, 0x00000000aa000000|100%| O|  |TAMS 0x00000000a9f00000, 0x00000000a9f00000| Untracked 
| 160|0x00000000aa000000, 0x00000000aa100000, 0x00000000aa100000|100%| O|  |TAMS 0x00000000aa000000, 0x00000000aa000000| Untracked 
| 161|0x00000000aa100000, 0x00000000aa200000, 0x00000000aa200000|100%| O|  |TAMS 0x00000000aa100000, 0x00000000aa100000| Untracked 
| 162|0x00000000aa200000, 0x00000000aa300000, 0x00000000aa300000|100%| O|  |TAMS 0x00000000aa200000, 0x00000000aa200000| Untracked 
| 163|0x00000000aa300000, 0x00000000aa400000, 0x00000000aa400000|100%| O|  |TAMS 0x00000000aa300000, 0x00000000aa300000| Untracked 
| 164|0x00000000aa400000, 0x00000000aa500000, 0x00000000aa500000|100%| O|  |TAMS 0x00000000aa400000, 0x00000000aa400000| Untracked 
| 165|0x00000000aa500000, 0x00000000aa600000, 0x00000000aa600000|100%| O|  |TAMS 0x00000000aa500000, 0x00000000aa500000| Untracked 
| 166|0x00000000aa600000, 0x00000000aa700000, 0x00000000aa700000|100%| O|  |TAMS 0x00000000aa600000, 0x00000000aa600000| Untracked 
| 167|0x00000000aa700000, 0x00000000aa800000, 0x00000000aa800000|100%| O|  |TAMS 0x00000000aa700000, 0x00000000aa700000| Untracked 
| 168|0x00000000aa800000, 0x00000000aa900000, 0x00000000aa900000|100%|HS|  |TAMS 0x00000000aa800000, 0x00000000aa800000| Complete 
| 169|0x00000000aa900000, 0x00000000aaa00000, 0x00000000aaa00000|100%|HS|  |TAMS 0x00000000aa900000, 0x00000000aa900000| Complete 
| 170|0x00000000aaa00000, 0x00000000aab00000, 0x00000000aab00000|100%| O|  |TAMS 0x00000000aaa00000, 0x00000000aaa00000| Untracked 
| 171|0x00000000aab00000, 0x00000000aac00000, 0x00000000aac00000|100%| O|  |TAMS 0x00000000aab00000, 0x00000000aab00000| Untracked 
| 172|0x00000000aac00000, 0x00000000aad00000, 0x00000000aad00000|100%| O|  |TAMS 0x00000000aac00000, 0x00000000aac00000| Untracked 
| 173|0x00000000aad00000, 0x00000000aae00000, 0x00000000aae00000|100%| O|  |TAMS 0x00000000aad00000, 0x00000000aad00000| Untracked 
| 174|0x00000000aae00000, 0x00000000aaf00000, 0x00000000aaf00000|100%| O|  |TAMS 0x00000000aae00000, 0x00000000aae00000| Untracked 
| 175|0x00000000aaf00000, 0x00000000ab000000, 0x00000000ab000000|100%| O|  |TAMS 0x00000000aaf00000, 0x00000000aaf00000| Untracked 
| 176|0x00000000ab000000, 0x00000000ab100000, 0x00000000ab100000|100%| O|  |TAMS 0x00000000ab000000, 0x00000000ab000000| Untracked 
| 177|0x00000000ab100000, 0x00000000ab200000, 0x00000000ab200000|100%| O|  |TAMS 0x00000000ab100000, 0x00000000ab100000| Untracked 
| 178|0x00000000ab200000, 0x00000000ab300000, 0x00000000ab300000|100%| O|  |TAMS 0x00000000ab200000, 0x00000000ab200000| Untracked 
| 179|0x00000000ab300000, 0x00000000ab400000, 0x00000000ab400000|100%| O|  |TAMS 0x00000000ab300000, 0x00000000ab300000| Untracked 
| 180|0x00000000ab400000, 0x00000000ab4f5e00, 0x00000000ab500000| 96%| O|  |TAMS 0x00000000ab400000, 0x00000000ab400000| Untracked 
| 181|0x00000000ab500000, 0x00000000ab500000, 0x00000000ab600000|  0%| F|  |TAMS 0x00000000ab500000, 0x00000000ab500000| Untracked 
| 182|0x00000000ab600000, 0x00000000ab600000, 0x00000000ab700000|  0%| F|  |TAMS 0x00000000ab600000, 0x00000000ab600000| Untracked 
| 183|0x00000000ab700000, 0x00000000ab700000, 0x00000000ab800000|  0%| F|  |TAMS 0x00000000ab700000, 0x00000000ab700000| Untracked 
| 184|0x00000000ab800000, 0x00000000ab800000, 0x00000000ab900000|  0%| F|  |TAMS 0x00000000ab800000, 0x00000000ab800000| Untracked 
| 185|0x00000000ab900000, 0x00000000ab900000, 0x00000000aba00000|  0%| F|  |TAMS 0x00000000ab900000, 0x00000000ab900000| Untracked 
| 186|0x00000000aba00000, 0x00000000aba00000, 0x00000000abb00000|  0%| F|  |TAMS 0x00000000aba00000, 0x00000000aba00000| Untracked 
| 187|0x00000000abb00000, 0x00000000abb00000, 0x00000000abc00000|  0%| F|  |TAMS 0x00000000abb00000, 0x00000000abb00000| Untracked 
| 188|0x00000000abc00000, 0x00000000abc00000, 0x00000000abd00000|  0%| F|  |TAMS 0x00000000abc00000, 0x00000000abc00000| Untracked 
| 189|0x00000000abd00000, 0x00000000abd00000, 0x00000000abe00000|  0%| F|  |TAMS 0x00000000abd00000, 0x00000000abd00000| Untracked 
| 190|0x00000000abe00000, 0x00000000abe00000, 0x00000000abf00000|  0%| F|  |TAMS 0x00000000abe00000, 0x00000000abe00000| Untracked 
| 191|0x00000000abf00000, 0x00000000abf00000, 0x00000000ac000000|  0%| F|  |TAMS 0x00000000abf00000, 0x00000000abf00000| Untracked 
| 192|0x00000000ac000000, 0x00000000ac000000, 0x00000000ac100000|  0%| F|  |TAMS 0x00000000ac000000, 0x00000000ac000000| Untracked 
| 193|0x00000000ac100000, 0x00000000ac100000, 0x00000000ac200000|  0%| F|  |TAMS 0x00000000ac100000, 0x00000000ac100000| Untracked 
| 194|0x00000000ac200000, 0x00000000ac200000, 0x00000000ac300000|  0%| F|  |TAMS 0x00000000ac200000, 0x00000000ac200000| Untracked 
| 195|0x00000000ac300000, 0x00000000ac300000, 0x00000000ac400000|  0%| F|  |TAMS 0x00000000ac300000, 0x00000000ac300000| Untracked 
| 196|0x00000000ac400000, 0x00000000ac400000, 0x00000000ac500000|  0%| F|  |TAMS 0x00000000ac400000, 0x00000000ac400000| Untracked 
| 197|0x00000000ac500000, 0x00000000ac500000, 0x00000000ac600000|  0%| F|  |TAMS 0x00000000ac500000, 0x00000000ac500000| Untracked 
| 198|0x00000000ac600000, 0x00000000ac600000, 0x00000000ac700000|  0%| F|  |TAMS 0x00000000ac600000, 0x00000000ac600000| Untracked 
| 199|0x00000000ac700000, 0x00000000ac700000, 0x00000000ac800000|  0%| F|  |TAMS 0x00000000ac700000, 0x00000000ac700000| Untracked 
| 200|0x00000000ac800000, 0x00000000ac800000, 0x00000000ac900000|  0%| F|  |TAMS 0x00000000ac800000, 0x00000000ac800000| Untracked 
| 201|0x00000000ac900000, 0x00000000ac900000, 0x00000000aca00000|  0%| F|  |TAMS 0x00000000ac900000, 0x00000000ac900000| Untracked 
| 202|0x00000000aca00000, 0x00000000aca00000, 0x00000000acb00000|  0%| F|  |TAMS 0x00000000aca00000, 0x00000000aca00000| Untracked 
| 203|0x00000000acb00000, 0x00000000acb00000, 0x00000000acc00000|  0%| F|  |TAMS 0x00000000acb00000, 0x00000000acb00000| Untracked 
| 204|0x00000000acc00000, 0x00000000acc00000, 0x00000000acd00000|  0%| F|  |TAMS 0x00000000acc00000, 0x00000000acc00000| Untracked 
| 205|0x00000000acd00000, 0x00000000acd00000, 0x00000000ace00000|  0%| F|  |TAMS 0x00000000acd00000, 0x00000000acd00000| Untracked 
| 206|0x00000000ace00000, 0x00000000ace00000, 0x00000000acf00000|  0%| F|  |TAMS 0x00000000ace00000, 0x00000000ace00000| Untracked 
| 207|0x00000000acf00000, 0x00000000acf00000, 0x00000000ad000000|  0%| F|  |TAMS 0x00000000acf00000, 0x00000000acf00000| Untracked 
| 208|0x00000000ad000000, 0x00000000ad000000, 0x00000000ad100000|  0%| F|  |TAMS 0x00000000ad000000, 0x00000000ad000000| Untracked 
| 209|0x00000000ad100000, 0x00000000ad100000, 0x00000000ad200000|  0%| F|  |TAMS 0x00000000ad100000, 0x00000000ad100000| Untracked 
| 210|0x00000000ad200000, 0x00000000ad200000, 0x00000000ad300000|  0%| F|  |TAMS 0x00000000ad200000, 0x00000000ad200000| Untracked 
| 211|0x00000000ad300000, 0x00000000ad300000, 0x00000000ad400000|  0%| F|  |TAMS 0x00000000ad300000, 0x00000000ad300000| Untracked 
| 212|0x00000000ad400000, 0x00000000ad400000, 0x00000000ad500000|  0%| F|  |TAMS 0x00000000ad400000, 0x00000000ad400000| Untracked 
| 213|0x00000000ad500000, 0x00000000ad500000, 0x00000000ad600000|  0%| F|  |TAMS 0x00000000ad500000, 0x00000000ad500000| Untracked 
| 214|0x00000000ad600000, 0x00000000ad700000, 0x00000000ad700000|100%| S|CS|TAMS 0x00000000ad600000, 0x00000000ad600000| Complete 
| 215|0x00000000ad700000, 0x00000000ad700000, 0x00000000ad800000|  0%| F|  |TAMS 0x00000000ad700000, 0x00000000ad700000| Untracked 
| 216|0x00000000ad800000, 0x00000000ad800000, 0x00000000ad900000|  0%| F|  |TAMS 0x00000000ad800000, 0x00000000ad800000| Untracked 
| 217|0x00000000ad900000, 0x00000000ad900000, 0x00000000ada00000|  0%| F|  |TAMS 0x00000000ad900000, 0x00000000ad900000| Untracked 
| 218|0x00000000ada00000, 0x00000000ada00000, 0x00000000adb00000|  0%| F|  |TAMS 0x00000000ada00000, 0x00000000ada00000| Untracked 
| 219|0x00000000adb00000, 0x00000000adc00000, 0x00000000adc00000|100%| S|CS|TAMS 0x00000000adb00000, 0x00000000adb00000| Complete 
| 220|0x00000000adc00000, 0x00000000add00000, 0x00000000add00000|100%| S|CS|TAMS 0x00000000adc00000, 0x00000000adc00000| Complete 
| 221|0x00000000add00000, 0x00000000add00000, 0x00000000ade00000|  0%| F|  |TAMS 0x00000000add00000, 0x00000000add00000| Untracked 
| 222|0x00000000ade00000, 0x00000000ade00000, 0x00000000adf00000|  0%| F|  |TAMS 0x00000000ade00000, 0x00000000ade00000| Untracked 
| 223|0x00000000adf00000, 0x00000000adf00000, 0x00000000ae000000|  0%| F|  |TAMS 0x00000000adf00000, 0x00000000adf00000| Untracked 
| 224|0x00000000ae000000, 0x00000000ae000000, 0x00000000ae100000|  0%| F|  |TAMS 0x00000000ae000000, 0x00000000ae000000| Untracked 
| 225|0x00000000ae100000, 0x00000000ae100000, 0x00000000ae200000|  0%| F|  |TAMS 0x00000000ae100000, 0x00000000ae100000| Untracked 
| 226|0x00000000ae200000, 0x00000000ae200000, 0x00000000ae300000|  0%| F|  |TAMS 0x00000000ae200000, 0x00000000ae200000| Untracked 
| 227|0x00000000ae300000, 0x00000000ae300000, 0x00000000ae400000|  0%| F|  |TAMS 0x00000000ae300000, 0x00000000ae300000| Untracked 
| 228|0x00000000ae400000, 0x00000000ae400000, 0x00000000ae500000|  0%| F|  |TAMS 0x00000000ae400000, 0x00000000ae400000| Untracked 
| 229|0x00000000ae500000, 0x00000000ae500000, 0x00000000ae600000|  0%| F|  |TAMS 0x00000000ae500000, 0x00000000ae500000| Untracked 
| 230|0x00000000ae600000, 0x00000000ae600000, 0x00000000ae700000|  0%| F|  |TAMS 0x00000000ae600000, 0x00000000ae600000| Untracked 
| 231|0x00000000ae700000, 0x00000000ae700000, 0x00000000ae800000|  0%| F|  |TAMS 0x00000000ae700000, 0x00000000ae700000| Untracked 
| 232|0x00000000ae800000, 0x00000000ae800000, 0x00000000ae900000|  0%| F|  |TAMS 0x00000000ae800000, 0x00000000ae800000| Untracked 
| 233|0x00000000ae900000, 0x00000000ae900000, 0x00000000aea00000|  0%| F|  |TAMS 0x00000000ae900000, 0x00000000ae900000| Untracked 
| 234|0x00000000aea00000, 0x00000000aea00000, 0x00000000aeb00000|  0%| F|  |TAMS 0x00000000aea00000, 0x00000000aea00000| Untracked 
| 235|0x00000000aeb00000, 0x00000000aeb00000, 0x00000000aec00000|  0%| F|  |TAMS 0x00000000aeb00000, 0x00000000aeb00000| Untracked 
| 236|0x00000000aec00000, 0x00000000aec00000, 0x00000000aed00000|  0%| F|  |TAMS 0x00000000aec00000, 0x00000000aec00000| Untracked 
| 237|0x00000000aed00000, 0x00000000aed00000, 0x00000000aee00000|  0%| F|  |TAMS 0x00000000aed00000, 0x00000000aed00000| Untracked 
| 238|0x00000000aee00000, 0x00000000aee00000, 0x00000000aef00000|  0%| F|  |TAMS 0x00000000aee00000, 0x00000000aee00000| Untracked 
| 239|0x00000000aef00000, 0x00000000aef00000, 0x00000000af000000|  0%| F|  |TAMS 0x00000000aef00000, 0x00000000aef00000| Untracked 
| 240|0x00000000af000000, 0x00000000af000000, 0x00000000af100000|  0%| F|  |TAMS 0x00000000af000000, 0x00000000af000000| Untracked 
| 241|0x00000000af100000, 0x00000000af100000, 0x00000000af200000|  0%| F|  |TAMS 0x00000000af100000, 0x00000000af100000| Untracked 
| 242|0x00000000af200000, 0x00000000af200000, 0x00000000af300000|  0%| F|  |TAMS 0x00000000af200000, 0x00000000af200000| Untracked 
| 243|0x00000000af300000, 0x00000000af300000, 0x00000000af400000|  0%| F|  |TAMS 0x00000000af300000, 0x00000000af300000| Untracked 
| 244|0x00000000af400000, 0x00000000af400000, 0x00000000af500000|  0%| F|  |TAMS 0x00000000af400000, 0x00000000af400000| Untracked 
| 245|0x00000000af500000, 0x00000000af500000, 0x00000000af600000|  0%| F|  |TAMS 0x00000000af500000, 0x00000000af500000| Untracked 
| 246|0x00000000af600000, 0x00000000af600000, 0x00000000af700000|  0%| F|  |TAMS 0x00000000af600000, 0x00000000af600000| Untracked 
| 247|0x00000000af700000, 0x00000000af700000, 0x00000000af800000|  0%| F|  |TAMS 0x00000000af700000, 0x00000000af700000| Untracked 
| 248|0x00000000af800000, 0x00000000af800000, 0x00000000af900000|  0%| F|  |TAMS 0x00000000af800000, 0x00000000af800000| Untracked 
| 249|0x00000000af900000, 0x00000000af900000, 0x00000000afa00000|  0%| F|  |TAMS 0x00000000af900000, 0x00000000af900000| Untracked 
| 250|0x00000000afa00000, 0x00000000afa00000, 0x00000000afb00000|  0%| F|  |TAMS 0x00000000afa00000, 0x00000000afa00000| Untracked 
| 251|0x00000000afb00000, 0x00000000afb00000, 0x00000000afc00000|  0%| F|  |TAMS 0x00000000afb00000, 0x00000000afb00000| Untracked 

Card table byte_map: [0x000002bbc4760000,0x000002bbc4a60000] _byte_map_base: 0x000002bbc4260000

Marking Bits (Prev, Next): (CMBitMap*) 0x000002bbad3ff420, (CMBitMap*) 0x000002bbad3ff3e0
 Prev Bits: [0x000002bbc6560000, 0x000002bbc7d60000)
 Next Bits: [0x000002bbc4d60000, 0x000002bbc6560000)

Polling page: 0x000002bbab2d0000

Metaspace:

Usage:
  Non-class:     88.69 MB used.
      Class:     14.47 MB used.
       Both:    103.16 MB used.

Virtual space:
  Non-class space:      128.00 MB reserved,      89.50 MB ( 70%) committed,  2 nodes.
      Class space:      416.00 MB reserved,      15.25 MB (  4%) committed,  1 nodes.
             Both:      544.00 MB reserved,     104.75 MB ( 19%) committed. 

Chunk freelists:
   Non-Class:  6.42 MB
       Class:  609.00 KB
        Both:  7.02 MB

MaxMetaspaceSize: 512.00 MB
CompressedClassSpaceSize: 416.00 MB
Initial GC threshold: 21.00 MB
Current GC threshold: 142.81 MB
CDS: on
MetaspaceReclaimPolicy: balanced
 - commit_granule_bytes: 65536.
 - commit_granule_words: 8192.
 - virtual_space_node_default_size: 8388608.
 - enlarge_chunks_in_place: 1.
 - new_chunks_are_fully_committed: 0.
 - uncommit_free_chunks: 1.
 - use_allocation_guard: 0.
 - handle_deallocations: 1.


Internal statistics:

num_allocs_failed_limit: 6.
num_arena_births: 2238.
num_arena_deaths: 0.
num_vsnodes_births: 3.
num_vsnodes_deaths: 0.
num_space_committed: 1676.
num_space_uncommitted: 0.
num_chunks_returned_to_freelist: 6.
num_chunks_taken_from_freelist: 7273.
num_chunk_merges: 6.
num_chunk_splits: 4595.
num_chunks_enlarged: 2779.
num_inconsistent_stats: 0.

CodeHeap 'non-profiled nmethods': size=120000Kb used=10150Kb max_used=10150Kb free=109850Kb
 bounds [0x000002bbbc9e0000, 0x000002bbbd3d0000, 0x000002bbc3f10000]
CodeHeap 'profiled nmethods': size=120000Kb used=27335Kb max_used=27335Kb free=92664Kb
 bounds [0x000002bbb4f10000, 0x000002bbb69d0000, 0x000002bbbc440000]
CodeHeap 'non-nmethods': size=5760Kb used=1769Kb max_used=1826Kb free=3990Kb
 bounds [0x000002bbbc440000, 0x000002bbbc6b0000, 0x000002bbbc9e0000]
 total_blobs=14573 nmethods=13707 adapters=777
 compilation: enabled
              stopped_count=0, restarted_count=0
 full_count=0

Compilation events (20 events):
Event: 143.015 Thread 0x000002bbcab31a80 16038       3       java.util.concurrent.LinkedBlockingQueue$Node::<init> (10 bytes)
Event: 143.015 Thread 0x000002bbcab31a80 nmethod 16038 0x000002bbb69c2d10 code [0x000002bbb69c2ec0, 0x000002bbb69c3078]
Event: 143.032 Thread 0x000002bbcab31a80 16039       3       java.util.IdentityHashMap::<init> (44 bytes)
Event: 143.034 Thread 0x000002bbcab31a80 nmethod 16039 0x000002bbb69c3110 code [0x000002bbb69c3380, 0x000002bbb69c3dc8]
Event: 143.075 Thread 0x000002bbcab15190 nmethod 16033 0x000002bbbd3bc610 code [0x000002bbbd3bc820, 0x000002bbbd3bd968]
Event: 143.075 Thread 0x000002bbcab15190 16036       4       org.gradle.internal.fingerprint.impl.DefaultFileCollectionSnapshotter$SnapshottingVisitor::visitCollection (64 bytes)
Event: 143.156 Thread 0x000002bbef2c3ee0 nmethod 16034 0x000002bbbd3be510 code [0x000002bbbd3be740, 0x000002bbbd3c0078]
Event: 143.157 Thread 0x000002bbef2c3ee0 16037       4       org.gradle.api.internal.artifacts.transform.TransformExecutionResult$Builder$MixedInputAndProducedOutputResult$$Lambda$979/0x000002bbcc61c480::apply (12 bytes)
Event: 143.159 Thread 0x000002bbef2c3ee0 nmethod 16037 0x000002bbbd3c1010 code [0x000002bbbd3c11a0, 0x000002bbbd3c12b8]
Event: 143.159 Thread 0x000002bbef2c3ee0 16040       4       java.util.concurrent.locks.AbstractQueuedSynchronizer::hasQueuedPredecessors (58 bytes)
Event: 143.164 Thread 0x000002bbef2c3ee0 nmethod 16040 0x000002bbbd3c1390 code [0x000002bbbd3c1520, 0x000002bbbd3c1648]
Event: 143.164 Thread 0x000002bbef2c3ee0 16035       4       org.gradle.api.internal.artifacts.DefaultResolvableArtifact::transformedTo (100 bytes)
Event: 143.171 Thread 0x000002bbcab15190 nmethod 16036 0x000002bbbd3c1710 code [0x000002bbbd3c19a0, 0x000002bbbd3c3060]
Event: 143.171 Thread 0x000002bbcab15190 16041       4       org.gradle.internal.execution.steps.IdentifyStep::createIdentityContextInternal (88 bytes)
Event: 143.393 Thread 0x000002bbef2c3ee0 nmethod 16035 0x000002bbbd3c3a10 code [0x000002bbbd3c3cc0, 0x000002bbbd3c6be8]
Event: 143.393 Thread 0x000002bbef2c3ee0 16044   !   4       java.nio.charset.CharsetDecoder::decode (275 bytes)
Event: 143.436 Thread 0x000002bbef2c3ee0 nmethod 16044 0x000002bbbd3c7e90 code [0x000002bbbd3c8160, 0x000002bbbd3c8aa8]
Event: 143.437 Thread 0x000002bbef2c3ee0 16045       4       sun.nio.cs.UTF_8$Decoder::decodeLoop (28 bytes)
Event: 143.441 Thread 0x000002bbef2c3ee0 nmethod 16045 0x000002bbbd3c9390 code [0x000002bbbd3c9520, 0x000002bbbd3c9668]
Event: 143.441 Thread 0x000002bbef2c3ee0 16043   !   4       java.io.File::toPath (54 bytes)

GC Heap History (20 events):
Event: 137.938 GC heap after
{Heap after GC invocations=80 (full 0):
 garbage-first heap   total 209920K, used 161610K [0x00000000a0000000, 0x0000000100000000)
  region size 1024K, 3 young (3072K), 3 survivors (3072K)
 Metaspace       used 105191K, committed 106752K, reserved 557056K
  class space    used 14774K, committed 15552K, reserved 425984K
}
Event: 139.487 GC heap before
{Heap before GC invocations=80 (full 0):
 garbage-first heap   total 209920K, used 177994K [0x00000000a0000000, 0x0000000100000000)
  region size 1024K, 19 young (19456K), 3 survivors (3072K)
 Metaspace       used 105363K, committed 106880K, reserved 557056K
  class space    used 14787K, committed 15552K, reserved 425984K
}
Event: 139.503 GC heap after
{Heap after GC invocations=81 (full 0):
 garbage-first heap   total 209920K, used 165273K [0x00000000a0000000, 0x0000000100000000)
  region size 1024K, 3 young (3072K), 3 survivors (3072K)
 Metaspace       used 105363K, committed 106880K, reserved 557056K
  class space    used 14787K, committed 15552K, reserved 425984K
}
Event: 139.884 GC heap before
{Heap before GC invocations=81 (full 0):
 garbage-first heap   total 209920K, used 177561K [0x00000000a0000000, 0x0000000100000000)
  region size 1024K, 16 young (16384K), 3 survivors (3072K)
 Metaspace       used 105375K, committed 106880K, reserved 557056K
  class space    used 14787K, committed 15552K, reserved 425984K
}
Event: 139.894 GC heap after
{Heap after GC invocations=82 (full 0):
 garbage-first heap   total 209920K, used 169643K [0x00000000a0000000, 0x0000000100000000)
  region size 1024K, 2 young (2048K), 2 survivors (2048K)
 Metaspace       used 105375K, committed 106880K, reserved 557056K
  class space    used 14787K, committed 15552K, reserved 425984K
}
Event: 140.020 GC heap before
{Heap before GC invocations=82 (full 0):
 garbage-first heap   total 209920K, used 178859K [0x00000000a0000000, 0x0000000100000000)
  region size 1024K, 12 young (12288K), 2 survivors (2048K)
 Metaspace       used 105375K, committed 106880K, reserved 557056K
  class space    used 14787K, committed 15552K, reserved 425984K
}
Event: 140.026 GC heap after
{Heap after GC invocations=83 (full 0):
 garbage-first heap   total 209920K, used 171945K [0x00000000a0000000, 0x0000000100000000)
  region size 1024K, 2 young (2048K), 2 survivors (2048K)
 Metaspace       used 105375K, committed 106880K, reserved 557056K
  class space    used 14787K, committed 15552K, reserved 425984K
}
Event: 140.108 GC heap before
{Heap before GC invocations=83 (full 0):
 garbage-first heap   total 209920K, used 180137K [0x00000000a0000000, 0x0000000100000000)
  region size 1024K, 11 young (11264K), 2 survivors (2048K)
 Metaspace       used 105377K, committed 106880K, reserved 557056K
  class space    used 14787K, committed 15552K, reserved 425984K
}
Event: 140.115 GC heap after
{Heap after GC invocations=84 (full 0):
 garbage-first heap   total 251904K, used 173056K [0x00000000a0000000, 0x0000000100000000)
  region size 1024K, 2 young (2048K), 2 survivors (2048K)
 Metaspace       used 105377K, committed 106880K, reserved 557056K
  class space    used 14787K, committed 15552K, reserved 425984K
}
Event: 140.369 GC heap before
{Heap before GC invocations=84 (full 0):
 garbage-first heap   total 251904K, used 208896K [0x00000000a0000000, 0x0000000100000000)
  region size 1024K, 38 young (38912K), 2 survivors (2048K)
 Metaspace       used 105377K, committed 106880K, reserved 557056K
  class space    used 14787K, committed 15552K, reserved 425984K
}
Event: 140.376 GC heap after
{Heap after GC invocations=85 (full 0):
 garbage-first heap   total 251904K, used 174489K [0x00000000a0000000, 0x0000000100000000)
  region size 1024K, 4 young (4096K), 4 survivors (4096K)
 Metaspace       used 105377K, committed 106880K, reserved 557056K
  class space    used 14787K, committed 15552K, reserved 425984K
}
Event: 140.713 GC heap before
{Heap before GC invocations=85 (full 0):
 garbage-first heap   total 251904K, used 210329K [0x00000000a0000000, 0x0000000100000000)
  region size 1024K, 40 young (40960K), 4 survivors (4096K)
 Metaspace       used 105377K, committed 106880K, reserved 557056K
  class space    used 14787K, committed 15552K, reserved 425984K
}
Event: 140.722 GC heap after
{Heap after GC invocations=86 (full 0):
 garbage-first heap   total 251904K, used 175173K [0x00000000a0000000, 0x0000000100000000)
  region size 1024K, 4 young (4096K), 4 survivors (4096K)
 Metaspace       used 105377K, committed 106880K, reserved 557056K
  class space    used 14787K, committed 15552K, reserved 425984K
}
Event: 141.703 GC heap before
{Heap before GC invocations=86 (full 0):
 garbage-first heap   total 251904K, used 214085K [0x00000000a0000000, 0x0000000100000000)
  region size 1024K, 40 young (40960K), 4 survivors (4096K)
 Metaspace       used 105526K, committed 107136K, reserved 557056K
  class space    used 14808K, committed 15616K, reserved 425984K
}
Event: 141.712 GC heap after
{Heap after GC invocations=87 (full 0):
 garbage-first heap   total 251904K, used 178739K [0x00000000a0000000, 0x0000000100000000)
  region size 1024K, 5 young (5120K), 5 survivors (5120K)
 Metaspace       used 105526K, committed 107136K, reserved 557056K
  class space    used 14808K, committed 15616K, reserved 425984K
}
Event: 142.945 GC heap before
{Heap before GC invocations=87 (full 0):
 garbage-first heap   total 251904K, used 211507K [0x00000000a0000000, 0x0000000100000000)
  region size 1024K, 38 young (38912K), 5 survivors (5120K)
 Metaspace       used 105637K, committed 107264K, reserved 557056K
  class space    used 14816K, committed 15616K, reserved 425984K
}
Event: 142.959 GC heap after
{Heap after GC invocations=88 (full 0):
 garbage-first heap   total 251904K, used 185051K [0x00000000a0000000, 0x0000000100000000)
  region size 1024K, 5 young (5120K), 5 survivors (5120K)
 Metaspace       used 105637K, committed 107264K, reserved 557056K
  class space    used 14816K, committed 15616K, reserved 425984K
}
Event: 143.193 GC heap before
{Heap before GC invocations=88 (full 0):
 garbage-first heap   total 251904K, used 211675K [0x00000000a0000000, 0x0000000100000000)
  region size 1024K, 32 young (32768K), 5 survivors (5120K)
 Metaspace       used 105638K, committed 107264K, reserved 557056K
  class space    used 14816K, committed 15616K, reserved 425984K
}
Event: 143.203 GC heap after
{Heap after GC invocations=89 (full 0):
 garbage-first heap   total 251904K, used 188155K [0x00000000a0000000, 0x0000000100000000)
  region size 1024K, 4 young (4096K), 4 survivors (4096K)
 Metaspace       used 105638K, committed 107264K, reserved 557056K
  class space    used 14816K, committed 15616K, reserved 425984K
}
Event: 143.447 GC heap before
{Heap before GC invocations=89 (full 0):
 garbage-first heap   total 251904K, used 212731K [0x00000000a0000000, 0x0000000100000000)
  region size 1024K, 29 young (29696K), 4 survivors (4096K)
 Metaspace       used 105638K, committed 107264K, reserved 557056K
  class space    used 14816K, committed 15616K, reserved 425984K
}

Dll operation events (15 events):
Event: 0.074 Loaded shared library C:\Program Files\Eclipse Adoptium\jdk-17.0.18.8-hotspot\bin\java.dll
Event: 0.193 Loaded shared library C:\Program Files\Eclipse Adoptium\jdk-17.0.18.8-hotspot\bin\jsvml.dll
Event: 0.502 Loaded shared library C:\Program Files\Eclipse Adoptium\jdk-17.0.18.8-hotspot\bin\zip.dll
Event: 0.516 Loaded shared library C:\Program Files\Eclipse Adoptium\jdk-17.0.18.8-hotspot\bin\instrument.dll
Event: 0.544 Loaded shared library C:\Program Files\Eclipse Adoptium\jdk-17.0.18.8-hotspot\bin\net.dll
Event: 0.555 Loaded shared library C:\Program Files\Eclipse Adoptium\jdk-17.0.18.8-hotspot\bin\nio.dll
Event: 0.567 Loaded shared library C:\Program Files\Eclipse Adoptium\jdk-17.0.18.8-hotspot\bin\zip.dll
Event: 3.552 Loaded shared library C:\Program Files\Eclipse Adoptium\jdk-17.0.18.8-hotspot\bin\jimage.dll
Event: 5.501 Loaded shared library C:\Program Files\Eclipse Adoptium\jdk-17.0.18.8-hotspot\bin\verify.dll
Event: 5.799 Loaded shared library C:\Users\Nandhitha_R\.gradle\native\1def1411415f61bf3af743bc5b6707747c0891f09f0c88961ee8f79bc544acac\windows-amd64\native-platform.dll
Event: 5.892 Loaded shared library C:\Users\Nandhitha_R\.gradle\native\0.2.8\x86_64-windows-gnu\gradle-fileevents.dll
Event: 15.368 Loaded shared library C:\Program Files\Eclipse Adoptium\jdk-17.0.18.8-hotspot\bin\management.dll
Event: 15.376 Loaded shared library C:\Program Files\Eclipse Adoptium\jdk-17.0.18.8-hotspot\bin\management_ext.dll
Event: 18.489 Loaded shared library C:\Program Files\Eclipse Adoptium\jdk-17.0.18.8-hotspot\bin\extnet.dll
Event: 27.501 Loaded shared library C:\Program Files\Eclipse Adoptium\jdk-17.0.18.8-hotspot\bin\sunmscapi.dll

Deoptimization events (20 events):
Event: 140.029 Thread 0x000002bbeab0e9a0 Uncommon trap: trap_request=0xffffffd6 fr.pc=0x000002bbbcd6e724 relative=0x0000000000000fc4
Event: 140.029 Thread 0x000002bbeab0e9a0 Uncommon trap: reason=array_check action=maybe_recompile pc=0x000002bbbcd6e724 method=java.util.ComparableTimSort.binarySort([Ljava/lang/Object;III)V @ 183 c2
Event: 140.029 Thread 0x000002bbeab0e9a0 DEOPT PACKING pc=0x000002bbbcd6e724 sp=0x000000c76c8f8300
Event: 140.029 Thread 0x000002bbeab0e9a0 DEOPT UNPACKING pc=0x000002bbbc4969a3 sp=0x000000c76c8f82d0 mode 2
Event: 140.029 Thread 0x000002bbeab0e9a0 Uncommon trap: trap_request=0xffffffd6 fr.pc=0x000002bbbcd6e52c relative=0x0000000000000dcc
Event: 140.030 Thread 0x000002bbeab0e9a0 Uncommon trap: reason=array_check action=maybe_recompile pc=0x000002bbbcd6e52c method=java.util.ComparableTimSort.binarySort([Ljava/lang/Object;III)V @ 215 c2
Event: 140.030 Thread 0x000002bbeab0e9a0 DEOPT PACKING pc=0x000002bbbcd6e52c sp=0x000000c76c8f8300
Event: 140.030 Thread 0x000002bbeab0e9a0 DEOPT UNPACKING pc=0x000002bbbc4969a3 sp=0x000000c76c8f82d0 mode 2
Event: 140.030 Thread 0x000002bbeab0e9a0 Uncommon trap: trap_request=0xffffffd6 fr.pc=0x000002bbbcd6e64c relative=0x0000000000000eec
Event: 140.030 Thread 0x000002bbeab0e9a0 Uncommon trap: reason=array_check action=maybe_recompile pc=0x000002bbbcd6e64c method=java.util.ComparableTimSort.binarySort([Ljava/lang/Object;III)V @ 193 c2
Event: 140.030 Thread 0x000002bbeab0e9a0 DEOPT PACKING pc=0x000002bbbcd6e64c sp=0x000000c76c8f8300
Event: 140.030 Thread 0x000002bbeab0e9a0 DEOPT UNPACKING pc=0x000002bbbc4969a3 sp=0x000000c76c8f82d0 mode 2
Event: 140.030 Thread 0x000002bbeab0e9a0 Uncommon trap: trap_request=0xffffffd6 fr.pc=0x000002bbbcd6e52c relative=0x0000000000000dcc
Event: 140.030 Thread 0x000002bbeab0e9a0 Uncommon trap: reason=array_check action=maybe_recompile pc=0x000002bbbcd6e52c method=java.util.ComparableTimSort.binarySort([Ljava/lang/Object;III)V @ 215 c2
Event: 140.030 Thread 0x000002bbeab0e9a0 DEOPT PACKING pc=0x000002bbbcd6e52c sp=0x000000c76c8f8300
Event: 140.030 Thread 0x000002bbeab0e9a0 DEOPT UNPACKING pc=0x000002bbbc4969a3 sp=0x000000c76c8f82d0 mode 2
Event: 143.433 Thread 0x000002bbefe324d0 Uncommon trap: trap_request=0xffffff45 fr.pc=0x000002bbbcd346e8 relative=0x0000000000000048
Event: 143.433 Thread 0x000002bbefe324d0 Uncommon trap: reason=unstable_if action=reinterpret pc=0x000002bbbcd346e8 method=java.util.concurrent.locks.LockSupport.unpark(Ljava/lang/Thread;)V @ 1 c2
Event: 143.433 Thread 0x000002bbefe324d0 DEOPT PACKING pc=0x000002bbbcd346e8 sp=0x000000c774efd320
Event: 143.433 Thread 0x000002bbefe324d0 DEOPT UNPACKING pc=0x000002bbbc4969a3 sp=0x000000c774efd2b8 mode 2

Classes loaded (20 events):
Event: 135.795 Loading class java/util/TreeSetBeanInfo
Event: 135.795 Loading class java/util/TreeSetBeanInfo done
Event: 135.798 Loading class java/util/TreeSetBeanInfo
Event: 135.798 Loading class java/util/TreeSetBeanInfo done
Event: 135.798 Loading class java/util/AbstractSetBeanInfo
Event: 135.798 Loading class java/util/AbstractSetBeanInfo done
Event: 135.800 Loading class java/util/AbstractSetBeanInfo
Event: 135.800 Loading class java/util/AbstractSetBeanInfo done
Event: 135.800 Loading class java/util/AbstractSetCustomizer
Event: 135.800 Loading class java/util/AbstractSetCustomizer done
Event: 135.801 Loading class java/util/AbstractSetCustomizer
Event: 135.801 Loading class java/util/AbstractSetCustomizer done
Event: 135.803 Loading class java/util/TreeSetCustomizer
Event: 135.803 Loading class java/util/TreeSetCustomizer done
Event: 135.804 Loading class java/util/TreeSetCustomizer
Event: 135.804 Loading class java/util/TreeSetCustomizer done
Event: 135.840 Loading class java/lang/invoke/BoundMethodHandle$Species_LLLLILLLLLLL
Event: 135.840 Loading class java/lang/invoke/BoundMethodHandle$Species_LLLLILLLLLLL done
Event: 135.883 Loading class java/io/LineNumberReader
Event: 135.884 Loading class java/io/LineNumberReader done

Classes unloaded (0 events):
No events

Classes redefined (0 events):
No events

Internal exceptions (20 events):
Event: 137.187 Thread 0x000002bbeab0e9a0 Exception <a 'java/lang/ClassNotFoundException'{0x00000000ac361188}: build_e597plqtoll103wv1x1hlnqgvBeanInfo> (0x00000000ac361188) 
thrown [s\src\hotspot\share\classfile\systemDictionary.cpp, line 256]
Event: 137.189 Thread 0x000002bbeab0e9a0 Exception <a 'java/lang/ClassNotFoundException'{0x00000000ac368880}: build_e597plqtoll103wv1x1hlnqgvCustomizer> (0x00000000ac368880) 
thrown [s\src\hotspot\share\classfile\systemDictionary.cpp, line 256]
Event: 137.306 Thread 0x000002bbeab0e9a0 Exception <a 'java/lang/ClassNotFoundException'{0x00000000ac1916f8}: build_e597plqtoll103wv1x1hlnqgv$_run_closure1BeanInfo> (0x00000000ac1916f8) 
thrown [s\src\hotspot\share\classfile\systemDictionary.cpp, line 256]
Event: 137.309 Thread 0x000002bbeab0e9a0 Exception <a 'java/lang/ClassNotFoundException'{0x00000000ac19d7c8}: build_e597plqtoll103wv1x1hlnqgv$_run_closure1Customizer> (0x00000000ac19d7c8) 
thrown [s\src\hotspot\share\classfile\systemDictionary.cpp, line 256]
Event: 137.786 Thread 0x000002bbeab0e9a0 Exception <a 'java/lang/ClassNotFoundException'{0x00000000abb501f0}: build_bojofs33rnxwkzpq99tx7qp07BeanInfo> (0x00000000abb501f0) 
thrown [s\src\hotspot\share\classfile\systemDictionary.cpp, line 256]
Event: 137.787 Thread 0x000002bbeab0e9a0 Exception <a 'java/lang/ClassNotFoundException'{0x00000000abb57908}: build_bojofs33rnxwkzpq99tx7qp07Customizer> (0x00000000abb57908) 
thrown [s\src\hotspot\share\classfile\systemDictionary.cpp, line 256]
Event: 137.872 Thread 0x000002bbeab0e9a0 Exception <a 'java/lang/ClassNotFoundException'{0x00000000abac1c18}: build_bojofs33rnxwkzpq99tx7qp07BeanInfo> (0x00000000abac1c18) 
thrown [s\src\hotspot\share\classfile\systemDictionary.cpp, line 256]
Event: 137.874 Thread 0x000002bbeab0e9a0 Exception <a 'java/lang/ClassNotFoundException'{0x00000000abac9510}: build_bojofs33rnxwkzpq99tx7qp07Customizer> (0x00000000abac9510) 
thrown [s\src\hotspot\share\classfile\systemDictionary.cpp, line 256]
Event: 137.990 Thread 0x000002bbeab0e9a0 Exception <a 'java/lang/ClassNotFoundException'{0x00000000afb95980}: build_bojofs33rnxwkzpq99tx7qp07$_run_closure1BeanInfo> (0x00000000afb95980) 
thrown [s\src\hotspot\share\classfile\systemDictionary.cpp, line 256]
Event: 137.993 Thread 0x000002bbeab0e9a0 Exception <a 'java/lang/ClassNotFoundException'{0x00000000afba7a80}: build_bojofs33rnxwkzpq99tx7qp07$_run_closure1Customizer> (0x00000000afba7a80) 
thrown [s\src\hotspot\share\classfile\systemDictionary.cpp, line 256]
Event: 138.421 Thread 0x000002bbeab0e9a0 Exception <a 'java/lang/ClassNotFoundException'{0x00000000ac7ed718}: build_6n73jx90e057iwf4v76uymh5nBeanInfo> (0x00000000ac7ed718) 
thrown [s\src\hotspot\share\classfile\systemDictionary.cpp, line 256]
Event: 138.423 Thread 0x000002bbeab0e9a0 Exception <a 'java/lang/ClassNotFoundException'{0x00000000ac7f4e30}: build_6n73jx90e057iwf4v76uymh5nCustomizer> (0x00000000ac7f4e30) 
thrown [s\src\hotspot\share\classfile\systemDictionary.cpp, line 256]
Event: 138.470 Thread 0x000002bbeab0e9a0 Exception <a 'java/lang/ClassNotFoundException'{0x00000000ac673e30}: build_6n73jx90e057iwf4v76uymh5n$_run_closure1BeanInfo> (0x00000000ac673e30) 
thrown [s\src\hotspot\share\classfile\systemDictionary.cpp, line 256]
Event: 138.472 Thread 0x000002bbeab0e9a0 Exception <a 'java/lang/ClassNotFoundException'{0x00000000ac67cb70}: build_6n73jx90e057iwf4v76uymh5n$_run_closure1Customizer> (0x00000000ac67cb70) 
thrown [s\src\hotspot\share\classfile\systemDictionary.cpp, line 256]
Event: 141.121 Thread 0x000002bbeab0e9a0 Exception <a 'java/lang/ClassNotFoundException'{0x00000000adcefbf0}: build_6n73jx90e057iwf4v76uymh5nBeanInfo> (0x00000000adcefbf0) 
thrown [s\src\hotspot\share\classfile\systemDictionary.cpp, line 256]
Event: 141.122 Thread 0x000002bbeab0e9a0 Exception <a 'java/lang/ClassNotFoundException'{0x00000000adcf74d0}: build_6n73jx90e057iwf4v76uymh5nCustomizer> (0x00000000adcf74d0) 
thrown [s\src\hotspot\share\classfile\systemDictionary.cpp, line 256]
Event: 141.581 Thread 0x000002bbeab0e9a0 Exception <a 'java/lang/ClassNotFoundException'{0x00000000ad2239b0}: build_6n73jx90e057iwf4v76uymh5n$_run_closure1BeanInfo> (0x00000000ad2239b0) 
thrown [s\src\hotspot\share\classfile\systemDictionary.cpp, line 256]
Event: 141.583 Thread 0x000002bbeab0e9a0 Exception <a 'java/lang/ClassNotFoundException'{0x00000000ad22ebf0}: build_6n73jx90e057iwf4v76uymh5n$_run_closure1Customizer> (0x00000000ad22ebf0) 
thrown [s\src\hotspot\share\classfile\systemDictionary.cpp, line 256]
Event: 142.144 Thread 0x000002bbeab0e9a0 Exception <a 'java/lang/ClassNotFoundException'{0x00000000aed79960}: build_8j1gdej5l0fxy9dh9b0ssrrqwBeanInfo> (0x00000000aed79960) 
thrown [s\src\hotspot\share\classfile\systemDictionary.cpp, line 256]
Event: 142.145 Thread 0x000002bbeab0e9a0 Exception <a 'java/lang/ClassNotFoundException'{0x00000000aed81350}: build_8j1gdej5l0fxy9dh9b0ssrrqwCustomizer> (0x00000000aed81350) 
thrown [s\src\hotspot\share\classfile\systemDictionary.cpp, line 256]

VM Operations (20 events):
Event: 139.503 Executing VM operation: G1CollectForAllocation done
Event: 139.884 Executing VM operation: G1CollectForAllocation
Event: 139.894 Executing VM operation: G1CollectForAllocation done
Event: 140.019 Executing VM operation: G1CollectForAllocation
Event: 140.026 Executing VM operation: G1CollectForAllocation done
Event: 140.108 Executing VM operation: G1CollectForAllocation
Event: 140.115 Executing VM operation: G1CollectForAllocation done
Event: 140.369 Executing VM operation: G1CollectForAllocation
Event: 140.377 Executing VM operation: G1CollectForAllocation done
Event: 140.713 Executing VM operation: G1CollectForAllocation
Event: 140.722 Executing VM operation: G1CollectForAllocation done
Event: 141.702 Executing VM operation: G1CollectForAllocation
Event: 141.712 Executing VM operation: G1CollectForAllocation done
Event: 142.719 Executing VM operation: Cleanup
Event: 142.719 Executing VM operation: Cleanup done
Event: 142.945 Executing VM operation: G1CollectForAllocation
Event: 142.959 Executing VM operation: G1CollectForAllocation done
Event: 143.193 Executing VM operation: G1CollectForAllocation
Event: 143.203 Executing VM operation: G1CollectForAllocation done
Event: 143.446 Executing VM operation: G1CollectForAllocation

Memory protections (0 events):
No events

Nmethod flushes (20 events):
Event: 129.838 Thread 0x000002bbcab7eb00 flushing  nmethod 0x000002bbb6438310
Event: 129.838 Thread 0x000002bbcab7eb00 flushing  nmethod 0x000002bbb643ab10
Event: 129.838 Thread 0x000002bbcab7eb00 flushing  nmethod 0x000002bbb643af90
Event: 129.838 Thread 0x000002bbcab7eb00 flushing  nmethod 0x000002bbb6449590
Event: 129.838 Thread 0x000002bbcab7eb00 flushing  nmethod 0x000002bbb6456090
Event: 129.838 Thread 0x000002bbcab7eb00 flushing  nmethod 0x000002bbb645cd90
Event: 129.838 Thread 0x000002bbcab7eb00 flushing  nmethod 0x000002bbb645e590
Event: 129.838 Thread 0x000002bbcab7eb00 flushing  nmethod 0x000002bbb6462510
Event: 129.838 Thread 0x000002bbcab7eb00 flushing  nmethod 0x000002bbb646b790
Event: 129.839 Thread 0x000002bbcab7eb00 flushing  nmethod 0x000002bbb64b7810
Event: 129.839 Thread 0x000002bbcab7eb00 flushing  nmethod 0x000002bbb64bd010
Event: 129.839 Thread 0x000002bbcab7eb00 flushing  nmethod 0x000002bbb64e3410
Event: 129.839 Thread 0x000002bbcab7eb00 flushing  nmethod 0x000002bbb64e5e90
Event: 129.839 Thread 0x000002bbcab7eb00 flushing  nmethod 0x000002bbb64e6210
Event: 129.839 Thread 0x000002bbcab7eb00 flushing  nmethod 0x000002bbb64e6b10
Event: 129.839 Thread 0x000002bbcab7eb00 flushing  nmethod 0x000002bbb64f3190
Event: 129.841 Thread 0x000002bbcab7eb00 flushing  nmethod 0x000002bbb660b890
Event: 129.841 Thread 0x000002bbcab7eb00 flushing  nmethod 0x000002bbb6664010
Event: 135.950 Thread 0x000002bbcab7eb00 flushing  nmethod 0x000002bbb5b67290
Event: 135.950 Thread 0x000002bbcab7eb00 flushing  nmethod 0x000002bbb5b94d10

Events (20 events):
Event: 128.421 Thread 0x000002bbee24b6e0 Thread exited: 0x000002bbee24b6e0
Event: 128.681 Thread 0x000002bbeab0e9a0 Thread added: 0x000002bbee39e150
Event: 128.772 Thread 0x000002bbeab0e9a0 Thread added: 0x000002bbee39f080
Event: 129.130 Thread 0x000002bbcab31a80 Thread added: 0x000002bbcae88580
Event: 129.293 Thread 0x000002bbcae88580 Thread exited: 0x000002bbcae88580
Event: 129.710 Thread 0x000002bbcab31a80 Thread added: 0x000002bbcae88580
Event: 131.648 Thread 0x000002bbcae88580 Thread exited: 0x000002bbcae88580
Event: 132.487 Thread 0x000002bbcab31a80 Thread added: 0x000002bbee24fbf0
Event: 132.935 Thread 0x000002bbcab31a80 Thread added: 0x000002bbee250690
Event: 134.969 Thread 0x000002bbee250690 Thread exited: 0x000002bbee250690
Event: 137.764 Thread 0x000002bbee24fbf0 Thread exited: 0x000002bbee24fbf0
Event: 137.915 Thread 0x000002bbcab31a80 Thread added: 0x000002bbef2c4980
Event: 137.982 Thread 0x000002bbec46b500 Thread exited: 0x000002bbec46b500
Event: 137.990 Thread 0x000002bbec46c430 Thread exited: 0x000002bbec46c430
Event: 138.030 Thread 0x000002bbec46ce50 Thread exited: 0x000002bbec46ce50
Event: 138.530 Thread 0x000002bbec468c80 Thread exited: 0x000002bbec468c80
Event: 139.086 Thread 0x000002bbef2c4980 Thread exited: 0x000002bbef2c4980
Event: 139.482 Thread 0x000002bbcab31a80 Thread added: 0x000002bbef2c3ee0
Event: 140.031 Thread 0x000002bbcab31a80 Thread added: 0x000002bbef2c3440
Event: 141.443 Thread 0x000002bbef2c3440 Thread exited: 0x000002bbef2c3440


Dynamic libraries:
0x00007ff6b3470000 - 0x00007ff6b347e000 	C:\Program Files\Eclipse Adoptium\jdk-17.0.18.8-hotspot\bin\java.exe
0x00007ffc71a60000 - 0x00007ffc71cc7000 	C:\Windows\SYSTEM32\ntdll.dll
0x00007ffc70190000 - 0x00007ffc70259000 	C:\Windows\System32\KERNEL32.DLL
0x00007ffc6f3f0000 - 0x00007ffc6f7e4000 	C:\Windows\System32\KERNELBASE.dll
0x00007ffc6f2a0000 - 0x00007ffc6f3eb000 	C:\Windows\System32\ucrtbase.dll
0x00007ffc59200000 - 0x00007ffc59218000 	C:\Program Files\Eclipse Adoptium\jdk-17.0.18.8-hotspot\bin\jli.dll
0x00007ffc71010000 - 0x00007ffc711d5000 	C:\Windows\System32\USER32.dll
0x00007ffc6ed20000 - 0x00007ffc6ed47000 	C:\Windows\System32\win32u.dll
0x00007ffc70600000 - 0x00007ffc7062b000 	C:\Windows\System32\GDI32.dll
0x00007ffc6ee10000 - 0x00007ffc6ef3b000 	C:\Windows\System32\gdi32full.dll
0x00007ffc6f160000 - 0x00007ffc6f203000 	C:\Windows\System32\msvcp_win.dll
0x00007ffc596a0000 - 0x00007ffc596be000 	C:\Program Files\Eclipse Adoptium\jdk-17.0.18.8-hotspot\bin\VCRUNTIME140.dll
0x00007ffc51ff0000 - 0x00007ffc52283000 	C:\Windows\WinSxS\amd64_microsoft.windows.common-controls_6595b64144ccf1df_6.0.26100.8115_none_3e075c82e3354f9c\COMCTL32.dll
0x00007ffc70270000 - 0x00007ffc70319000 	C:\Windows\System32\msvcrt.dll
0x00007ffc70f40000 - 0x00007ffc70f72000 	C:\Windows\System32\IMM32.DLL
0x00007ffc61e70000 - 0x00007ffc61e7c000 	C:\Program Files\Eclipse Adoptium\jdk-17.0.18.8-hotspot\bin\vcruntime140_1.dll
0x00007ffc2dc10000 - 0x00007ffc2dc9d000 	C:\Program Files\Eclipse Adoptium\jdk-17.0.18.8-hotspot\bin\msvcp140.dll
0x00007ffbce7e0000 - 0x00007ffbcf44b000 	C:\Program Files\Eclipse Adoptium\jdk-17.0.18.8-hotspot\bin\server\jvm.dll
0x00007ffc70320000 - 0x00007ffc703d6000 	C:\Windows\System32\ADVAPI32.dll
0x00007ffc711e0000 - 0x00007ffc71287000 	C:\Windows\System32\sechost.dll
0x00007ffc704e0000 - 0x00007ffc705f8000 	C:\Windows\System32\RPCRT4.dll
0x00007ffc708c0000 - 0x00007ffc70940000 	C:\Windows\System32\WS2_32.dll
0x00007ffc6e190000 - 0x00007ffc6e1ee000 	C:\Windows\SYSTEM32\POWRPROF.dll
0x00007ffc6b2f0000 - 0x00007ffc6b326000 	C:\Windows\SYSTEM32\WINMM.dll
0x00007ffc5aed0000 - 0x00007ffc5aedb000 	C:\Windows\SYSTEM32\VERSION.dll
0x00007ffc6e170000 - 0x00007ffc6e184000 	C:\Windows\SYSTEM32\UMPDC.dll
0x00007ffc6d090000 - 0x00007ffc6d0ab000 	C:\Windows\SYSTEM32\kernel.appcore.dll
0x00007ffc5ca30000 - 0x00007ffc5ca3a000 	C:\Program Files\Eclipse Adoptium\jdk-17.0.18.8-hotspot\bin\jimage.dll
0x00007ffc6c300000 - 0x00007ffc6c542000 	C:\Windows\SYSTEM32\DBGHELP.DLL
0x00007ffc70a00000 - 0x00007ffc70d82000 	C:\Windows\System32\combase.dll
0x00007ffc70680000 - 0x00007ffc70758000 	C:\Windows\System32\OLEAUT32.dll
0x00007ffc4c2d0000 - 0x00007ffc4c30b000 	C:\Windows\SYSTEM32\dbgcore.DLL
0x00007ffc6f0b0000 - 0x00007ffc6f155000 	C:\Windows\System32\bcryptPrimitives.dll
0x00007ffc4ff90000 - 0x00007ffc4ff9e000 	C:\Program Files\Eclipse Adoptium\jdk-17.0.18.8-hotspot\bin\instrument.dll
0x00007ffc4c020000 - 0x00007ffc4c045000 	C:\Program Files\Eclipse Adoptium\jdk-17.0.18.8-hotspot\bin\java.dll
0x00007ffc2d470000 - 0x00007ffc2d547000 	C:\Program Files\Eclipse Adoptium\jdk-17.0.18.8-hotspot\bin\jsvml.dll
0x00007ffc712b0000 - 0x00007ffc71a17000 	C:\Windows\System32\SHELL32.dll
0x00007ffc6ef40000 - 0x00007ffc6f0aa000 	C:\Windows\System32\wintypes.dll
0x00007ffc6e330000 - 0x00007ffc6eb98000 	C:\Windows\System32\windows.storage.dll
0x00007ffc703e0000 - 0x00007ffc704d8000 	C:\Windows\System32\SHCORE.dll
0x00007ffc70120000 - 0x00007ffc70186000 	C:\Windows\System32\shlwapi.dll
0x00007ffc6e250000 - 0x00007ffc6e279000 	C:\Windows\SYSTEM32\profapi.dll
0x00007ffc2dd50000 - 0x00007ffc2dd68000 	C:\Program Files\Eclipse Adoptium\jdk-17.0.18.8-hotspot\bin\zip.dll
0x00007ffc31780000 - 0x00007ffc3179a000 	C:\Program Files\Eclipse Adoptium\jdk-17.0.18.8-hotspot\bin\net.dll
0x00007ffc64710000 - 0x00007ffc6483d000 	C:\Windows\SYSTEM32\WINHTTP.dll
0x00007ffc6d630000 - 0x00007ffc6d69c000 	C:\Windows\system32\mswsock.dll
0x00007ffc31400000 - 0x00007ffc31416000 	C:\Program Files\Eclipse Adoptium\jdk-17.0.18.8-hotspot\bin\nio.dll
0x00007ffc58f70000 - 0x00007ffc58f80000 	C:\Program Files\Eclipse Adoptium\jdk-17.0.18.8-hotspot\bin\verify.dll
0x00007ffc2dbe0000 - 0x00007ffc2dc07000 	C:\Users\Nandhitha_R\.gradle\native\1def1411415f61bf3af743bc5b6707747c0891f09f0c88961ee8f79bc544acac\windows-amd64\native-platform.dll
0x00007ffc2d3f0000 - 0x00007ffc2d467000 	C:\Users\Nandhitha_R\.gradle\native\0.2.8\x86_64-windows-gnu\gradle-fileevents.dll
0x00007ffc59630000 - 0x00007ffc5963a000 	C:\Program Files\Eclipse Adoptium\jdk-17.0.18.8-hotspot\bin\management.dll
0x00007ffc59600000 - 0x00007ffc5960c000 	C:\Program Files\Eclipse Adoptium\jdk-17.0.18.8-hotspot\bin\management_ext.dll
0x00007ffc70260000 - 0x00007ffc70268000 	C:\Windows\System32\PSAPI.DLL
0x00007ffc6ca10000 - 0x00007ffc6ca42000 	C:\Windows\SYSTEM32\IPHLPAPI.DLL
0x00007ffc70d90000 - 0x00007ffc70d9a000 	C:\Windows\System32\NSI.dll
0x00007ffc68960000 - 0x00007ffc6897d000 	C:\Windows\SYSTEM32\dhcpcsvc6.DLL
0x00007ffc68890000 - 0x00007ffc688b5000 	C:\Windows\SYSTEM32\dhcpcsvc.DLL
0x00007ffc6ca50000 - 0x00007ffc6cb82000 	C:\Windows\SYSTEM32\DNSAPI.dll
0x00007ffc58a20000 - 0x00007ffc58a29000 	C:\Program Files\Eclipse Adoptium\jdk-17.0.18.8-hotspot\bin\extnet.dll
0x00007ffc6d920000 - 0x00007ffc6d93b000 	C:\Windows\SYSTEM32\CRYPTSP.dll
0x00007ffc6cff0000 - 0x00007ffc6d029000 	C:\Windows\system32\rsaenh.dll
0x00007ffc6d6e0000 - 0x00007ffc6d713000 	C:\Windows\SYSTEM32\USERENV.dll
0x00007ffc6e220000 - 0x00007ffc6e24a000 	C:\Windows\SYSTEM32\bcrypt.dll
0x00007ffc6d910000 - 0x00007ffc6d91c000 	C:\Windows\SYSTEM32\CRYPTBASE.dll
0x00007ffc4c0a0000 - 0x00007ffc4c0ae000 	C:\Program Files\Eclipse Adoptium\jdk-17.0.18.8-hotspot\bin\sunmscapi.dll
0x00007ffc6eba0000 - 0x00007ffc6ed17000 	C:\Windows\System32\CRYPT32.dll
0x00007ffc6db30000 - 0x00007ffc6db60000 	C:\Windows\SYSTEM32\ncrypt.dll
0x00007ffc6dae0000 - 0x00007ffc6db1f000 	C:\Windows\SYSTEM32\NTASN1.dll
0x00007ffc3d570000 - 0x00007ffc3d578000 	C:\Windows\system32\wshunix.dll

dbghelp: loaded successfully - version: 4.0.5 - missing functions: none
symbol engine: initialized successfully - sym options: 0x614 - pdb path: .;C:\Program Files\Eclipse Adoptium\jdk-17.0.18.8-hotspot\bin;C:\Windows\SYSTEM32;C:\Windows\WinSxS\amd64_microsoft.windows.common-controls_6595b64144ccf1df_6.0.26100.8115_none_3e075c82e3354f9c;C:\Program Files\Eclipse Adoptium\jdk-17.0.18.8-hotspot\bin\server;C:\Users\Nandhitha_R\.gradle\native\1def1411415f61bf3af743bc5b6707747c0891f09f0c88961ee8f79bc544acac\windows-amd64;C:\Users\Nandhitha_R\.gradle\native\0.2.8\x86_64-windows-gnu

VM Arguments:
jvm_args: --add-opens=java.base/java.lang=ALL-UNNAMED --add-opens=java.base/java.lang.invoke=ALL-UNNAMED --add-opens=java.base/java.util=ALL-UNNAMED --add-opens=java.prefs/java.util.prefs=ALL-UNNAMED --add-exports=jdk.compiler/com.sun.tools.javac.api=ALL-UNNAMED --add-exports=jdk.compiler/com.sun.tools.javac.util=ALL-UNNAMED --add-opens=java.base/java.util=ALL-UNNAMED --add-opens=java.prefs/java.util.prefs=ALL-UNNAMED --add-opens=java.base/java.nio.charset=ALL-UNNAMED --add-opens=java.base/java.net=ALL-UNNAMED --add-opens=java.base/java.util.concurrent=ALL-UNNAMED --add-opens=java.base/java.util.concurrent.atomic=ALL-UNNAMED --add-opens=java.xml/javax.xml.namespace=ALL-UNNAMED -XX:MaxMetaspaceSize=512m -XX:+HeapDumpOnOutOfMemoryError -Xmx1536m -Dfile.encoding=UTF-8 -Duser.country=IN -Duser.language=en -Duser.variant -javaagent:C:\Users\Nandhitha_R\.gradle\wrapper\dists\gradle-9.0.0-bin\d6wjpkvcgsg3oed0qlfss3wgl\gradle-9.0.0\lib\agents\gradle-instrumentation-agent-9.0.0.jar 
java_command: org.gradle.launcher.daemon.bootstrap.GradleDaemon 9.0.0
java_class_path (initial): C:\Users\Nandhitha_R\.gradle\wrapper\dists\gradle-9.0.0-bin\d6wjpkvcgsg3oed0qlfss3wgl\gradle-9.0.0\lib\gradle-daemon-main-9.0.0.jar
Launcher Type: SUN_STANDARD

[Global flags]
     intx CICompilerCount                          = 4                                         {product} {ergonomic}
   size_t CompressedClassSpaceSize                 = 436207616                                 {product} {ergonomic}
     uint ConcGCThreads                            = 3                                         {product} {ergonomic}
     uint G1ConcRefinementThreads                  = 10                                        {product} {ergonomic}
   size_t G1HeapRegionSize                         = 1048576                                   {product} {ergonomic}
    uintx GCDrainStackTargetSize                   = 64                                        {product} {ergonomic}
     bool HeapDumpOnOutOfMemoryError               = true                                   {manageable} {command line}
   size_t InitialHeapSize                          = 264241152                                 {product} {ergonomic}
   size_t MarkStackSize                            = 4194304                                   {product} {ergonomic}
   size_t MaxHeapSize                              = 1610612736                                {product} {command line}
   size_t MaxMetaspaceSize                         = 536870912                                 {product} {command line}
   size_t MaxNewSize                               = 965738496                                 {product} {ergonomic}
   size_t MinHeapDeltaBytes                        = 1048576                                   {product} {ergonomic}
   size_t MinHeapSize                              = 8388608                                   {product} {ergonomic}
    uintx NonNMethodCodeHeapSize                   = 5839372                                {pd product} {ergonomic}
    uintx NonProfiledCodeHeapSize                  = 122909434                              {pd product} {ergonomic}
    uintx ProfiledCodeHeapSize                     = 122909434                              {pd product} {ergonomic}
    uintx ReservedCodeCacheSize                    = 251658240                              {pd product} {ergonomic}
     bool SegmentedCodeCache                       = true                                      {product} {ergonomic}
   size_t SoftMaxHeapSize                          = 1610612736                             {manageable} {ergonomic}
     bool UseCompressedClassPointers               = true                           {product lp64_product} {ergonomic}
     bool UseCompressedOops                        = true                           {product lp64_product} {ergonomic}
     bool UseG1GC                                  = true                                      {product} {ergonomic}
     bool UseLargePagesIndividualAllocation        = false                                  {pd product} {ergonomic}

Logging:
Log output configuration:
 #0: stdout all=warning uptime,level,tags
 #1: stderr all=off uptime,level,tags

Environment Variables:
JAVA_HOME=C:\Program Files\Eclipse Adoptium\jdk-17.0.18.8-hotspot
PATH=c:\\Users\\Nandhitha_R\\.trae\\tools\\trae-gopls\\current;c:\\Users\\Nandhitha_R\\.trae\\sdks\\workspaces\\d1813b88\\versions\\node\\current;c:\\Users\\Nandhitha_R\\.trae\\sdks\\versions\\node\\current;c:\Users\Nandhitha_R\.trae\tools\trae-gopls\current;c:\Users\Nandhitha_R\.trae\sdks\workspaces\d1813b88\versions\node\current;c:\Users\Nandhitha_R\.trae\sdks\versions\node\current;C:\Program Files\Eclipse Adoptium\jdk-17.0.18.8-hotspot\bin;C:\Program Files\Python312\Scripts\;C:\Program Files\Python312\;C:\Windows\System32;C:\Program Files\Git\cmd;C:\Program Files\Eclipse Adoptium\jdk-17.0.18.8-hotspot\bin;C:\Program Files\nodejs\;C:\Users\Nandhitha_R\AppData\Local\Android\Sdk\platform-tools;C:\Users\Nandhitha_R\AppData\Local\Android\Sdk\emulator;C:\Program Files\Eclipse Adoptium\jdk-17.0.18.8-hotspot\bin;C:\Users\Nandhitha_R\AppData\Local\Programs\Python\Python312;C:\Program Files\MongoDB\Server\7.0\bin;C:\Users\Nandhitha_R\AppData\Local\Programs\Python\Launcher\;C:\Users\Nandhitha_R\AppData\Roaming\npm;C:\Users\Nandhitha_R\AppData\Local\Programs\Microsoft VS Code\bin;D:\Program Files\Antigravity\bin;c:\Users\Nandhitha_R\.trae\extensions\vscjava.vscode-java-debug-0.59.0-universal\bundled\scripts\noConfigScripts
USERNAME=Nandhitha_R
LANG=en_US.UTF-8
OS=Windows_NT
PROCESSOR_IDENTIFIER=Intel64 Family 6 Model 154 Stepping 4, GenuineIntel
TMP=C:\Users\NANDHI~1\AppData\Local\Temp
TEMP=C:\Users\NANDHI~1\AppData\Local\Temp



Periodic native trim disabled


---------------  S Y S T E M  ---------------

OS:
 Windows 11 , 64 bit Build 26100 (10.0.26100.8246)
OS uptime: 2 days 5:58 hours
Hyper-V role detected

CPU: total 12 (initial active 12) (6 cores per cpu, 2 threads per core) family 6 model 154 stepping 4 microcode 0x43b, cx8, cmov, fxsr, ht, mmx, 3dnowpref, sse, sse2, sse3, ssse3, sse4.1, sse4.2, popcnt, lzcnt, tsc, tscinvbit, avx, avx2, aes, erms, clmul, bmi1, bmi2, adx, sha, fma, vzeroupper, clflush, clflushopt, clwb, hv
Processor Information for all 12 processors :
  Max Mhz: 1300, Current Mhz: 1300, Mhz Limit: 1300

Memory: 4k page, system-wide physical 16068M (841M free)
TotalPageFile size 23699M (AvailPageFile size 102M)
current process WorkingSet (physical memory assigned to process): 553M, peak: 563M
current process commit charge ("private bytes"): 610M, peak: 655M

vm_info: OpenJDK 64-Bit Server VM (17.0.18+8) for windows-amd64 JRE (17.0.18+8), built on Jan 20 2026 22:28:22 by "admin" with MS VC++ 17.12 (VS2022)

END.
