#
# There is insufficient memory for the Java Runtime Environment to continue.
# Native memory allocation (mmap) failed to map 65536 bytes. Error detail: Failed to commit metaspace.
# Possible reasons:
#   The system is out of physical RAM or swap space
#   This process is running with CompressedOops enabled, and the Java Heap may be blocking the growth of the native heap
# Possible solutions:
#   Reduce memory load on the system
#   Increase physical memory or swap space
#   Check if swap backing store is full
#   Decrease Java heap size (-Xmx/-Xms)
#   Decrease number of Java threads
#   Decrease Java thread stack sizes (-Xss)
#   Set larger code cache with -XX:ReservedCodeCacheSize=
#   JVM is running with Unscaled Compressed Oops mode in which the Java heap is
#     placed in the first 4GB address space. The Java Heap base address is the
#     maximum limit for the native heap growth. Please use -XX:HeapBaseMinAddress
#     to set the Java Heap base and to place the Java Heap above 4GB virtual address.
# This output file may be truncated or incomplete.
#
#  Out of Memory Error (virtualSpaceNode.cpp:110), pid=25392, tid=13064
#
# JRE version: OpenJDK Runtime Environment Temurin-17.0.18+8 (17.0.18+8) (build 17.0.18+8)
# Java VM: OpenJDK 64-Bit Server VM Temurin-17.0.18+8 (17.0.18+8, mixed mode, sharing, tiered, compressed oops, compressed class ptrs, g1 gc, windows-amd64)
# No core dump will be written. Minidumps are not enabled by default on client versions of Windows
#

---------------  S U M M A R Y ------------

Command Line: --add-opens=java.base/java.lang=ALL-UNNAMED --add-opens=java.base/java.lang.invoke=ALL-UNNAMED --add-opens=java.base/java.util=ALL-UNNAMED --add-opens=java.prefs/java.util.prefs=ALL-UNNAMED --add-exports=jdk.compiler/com.sun.tools.javac.api=ALL-UNNAMED --add-exports=jdk.compiler/com.sun.tools.javac.util=ALL-UNNAMED --add-opens=java.base/java.util=ALL-UNNAMED --add-opens=java.prefs/java.util.prefs=ALL-UNNAMED --add-opens=java.base/java.nio.charset=ALL-UNNAMED --add-opens=java.base/java.net=ALL-UNNAMED --add-opens=java.base/java.util.concurrent=ALL-UNNAMED --add-opens=java.base/java.util.concurrent.atomic=ALL-UNNAMED --add-opens=java.xml/javax.xml.namespace=ALL-UNNAMED -XX:MaxMetaspaceSize=512m -XX:+HeapDumpOnOutOfMemoryError -Xmx1536m -Dfile.encoding=UTF-8 -Duser.country=IN -Duser.language=en -Duser.variant -javaagent:C:\Users\Nandhitha_R\.gradle\wrapper\dists\gradle-9.0.0-bin\d6wjpkvcgsg3oed0qlfss3wgl\gradle-9.0.0\lib\agents\gradle-instrumentation-agent-9.0.0.jar org.gradle.launcher.daemon.bootstrap.GradleDaemon 9.0.0

Host: 12th Gen Intel(R) Core(TM) i5-1235U, 12 cores, 15G,  Windows 11 , 64 bit Build 26100 (10.0.26100.8246)
Time: Sun May  3 22:59:51 2026 India Standard Time elapsed time: 152.946687 seconds (0d 0h 2m 32s)

---------------  T H R E A D  ---------------

Current thread (0x00000221f3dc87d0):  JavaThread "build event listener" [_thread_in_vm, id=13064, stack(0x0000003d52300000,0x0000003d52400000)]

Stack: [0x0000003d52300000,0x0000003d52400000]
Native frames: (J=compiled Java code, j=interpreted, Vv=VM code, C=native code)
V  [jvm.dll+0x6846f9]
V  [jvm.dll+0x839ea5]
V  [jvm.dll+0x83b91e]
V  [jvm.dll+0x83bfa3]
V  [jvm.dll+0x248eff]
V  [jvm.dll+0x835c8d]
V  [jvm.dll+0x6291fd]
V  [jvm.dll+0x1c0710]
V  [jvm.dll+0x62bb72]
V  [jvm.dll+0x629bb6]
V  [jvm.dll+0x2467cd]
V  [jvm.dll+0x6daeed]
V  [jvm.dll+0x6db8df]
V  [jvm.dll+0x3759a2]
V  [jvm.dll+0x374a14]
V  [jvm.dll+0x3749b8]
V  [jvm.dll+0x384a6a]
C  0x00000221dc44b8ae

The last pc belongs to new (printed below).
Java frames: (J=compiled Java code, j=interpreted, Vv=VM code)
j  org.gradle.tooling.internal.consumer.parameters.BuildProgressListenerAdapter.toFailure(Lorg/gradle/tooling/internal/protocol/InternalFailure;)Lorg/gradle/tooling/Failure;+314
j  org.gradle.tooling.internal.consumer.parameters.BuildProgressListenerAdapter.toFailures(Ljava/util/List;)Ljava/util/List;+41
j  org.gradle.tooling.internal.consumer.parameters.BuildProgressListenerAdapter.toTaskResult(Lorg/gradle/tooling/internal/protocol/events/InternalTaskResult;)Lorg/gradle/tooling/events/task/TaskOperationResult;+166
J 23124 c1 org.gradle.internal.build.event.DefaultBuildEventsListenerRegistry$ForwardingBuildEventConsumer.handle(Lorg/gradle/internal/build/event/types/DefaultTaskFinishedProgressEvent;)V (77 bytes) @ 0x00000221d72a2b8c [0x00000221d72a2840+0x000000000000034c]
J 23123 c1 org.gradle.internal.build.event.DefaultBuildEventsListenerRegistry$ForwardingBuildEventConsumer.handle(Ljava/lang/Object;)V (9 bytes) @ 0x00000221d72a2434 [0x00000221d72a22c0+0x0000000000000174]
j  org.gradle.internal.build.event.DefaultBuildEventsListenerRegistry$AbstractListener.run()V+32
j  org.gradle.internal.build.event.DefaultBuildEventsListenerRegistry$AbstractListener$$Lambda$1249+0x0000022181801a78.run()V+4
j  java.util.concurrent.Executors$RunnableAdapter.call()Ljava/lang/Object;+4 java.base@17.0.18
J 6019 c1 java.util.concurrent.FutureTask.run()V java.base@17.0.18 (123 bytes) @ 0x00000221d58d743c [0x00000221d58d6c40+0x00000000000007fc]
J 5971 c1 org.gradle.internal.concurrent.ExecutorPolicy$CatchAndRecordFailures.onExecute(Ljava/lang/Runnable;)V (29 bytes) @ 0x00000221d58c1adc [0x00000221d58c19c0+0x000000000000011c]
j  org.gradle.internal.concurrent.AbstractManagedExecutor$1.run()V+25
j  java.util.concurrent.ThreadPoolExecutor.runWorker(Ljava/util/concurrent/ThreadPoolExecutor$Worker;)V+92 java.base@17.0.18
j  java.util.concurrent.ThreadPoolExecutor$Worker.run()V+5 java.base@17.0.18
j  java.lang.Thread.run()V+11 java.base@17.0.18
v  ~StubRoutines::call_stub
new  187 new  [0x00000221dc44b720, 0x00000221dc44b940]  544 bytes
[MachCode]
  0x00000221dc44b720: 4883 ec08 | c5fa 1104 | 24eb 1f48 | 83ec 10c5 | fb11 0424 | eb14 4883 | ec10 4889 | 0424 48c7 
  0x00000221dc44b740: 4424 0800 | 0000 00eb | 0150 410f | b755 010f | cac1 ea10 | 488b 4de8 | 488b 4908 | 488b 4908 
  0x00000221dc44b760: 488b 4108 | 807c 1004 | 070f 85df | 0000 0066 | 8b54 d148 | 488b 4928 | 488b 4cd1 | 0851 80b9 
  0x00000221dc44b780: 3301 0000 | 040f 85c2 | 0000 008b | 5108 f7c2 | 0100 0000 | 0f85 b300 | 0000 498b | 8708 0100 
  0x00000221dc44b7a0: 0048 8d1c | 1049 3b9f | 1801 0000 | 0f87 9b00 | 0000 4989 | 9f08 0100 | 00e9 0000 | 0000 4883 
  0x00000221dc44b7c0: ea10 0f84 | 0f00 0000 | 33c9 c1ea | 0348 894c | d008 48ff | ca75 f648 | c700 0100 | 0000 5933 
  0x00000221dc44b7e0: f689 700c | 49ba 0000 | 0080 2102 | 0000 492b | ca89 4808 | 49ba d6c6 | 36cf fb7f | 0000 4180 
  0x00000221dc44b800: 3a00 0f84 | 4000 0000 | 5048 8bc8 | 4883 ec20 | f7c4 0f00 | 0000 0f84 | 1a00 0000 | 4883 ec08 
  0x00000221dc44b820: 49ba 70a0 | ecce fb7f | 0000 41ff | d248 83c4 | 08e9 0d00 | 0000 49ba | 70a0 ecce | fb7f 0000 
  0x00000221dc44b840: 41ff d248 | 83c4 2058 | e9cd 0000 | 0059 488b | 55e8 488b | 5208 488b | 5208 450f | b745 0141 
  0x00000221dc44b860: 0fc8 41c1 | e810 e805 | 0000 00e9 | aa00 0000 | 488d 4424 | 084c 896d | c049 8bcf | c5f8 7749 
  0x00000221dc44b880: 89af a802 | 0000 4989 | 8798 0200 | 0048 83ec | 20f7 c40f | 0000 000f | 841a 0000 | 0048 83ec 
  0x00000221dc44b8a0: 0849 bae0 | 49b6 cefb | 7f00 0041 | ffd2 4883 | c408 e90d | 0000 0049 | bae0 49b6 | cefb 7f00 
  0x00000221dc44b8c0: 0041 ffd2 | 4883 c420 | 49c7 8798 | 0200 0000 | 0000 0049 | c787 a802 | 0000 0000 | 0000 49c7 
  0x00000221dc44b8e0: 87a0 0200 | 0000 0000 | 00c5 f877 | 4981 7f08 | 0000 0000 | 0f84 0500 | 0000 e901 | 56fe ff49 
  0x00000221dc44b900: 8b87 f002 | 0000 49c7 | 87f0 0200 | 0000 0000 | 004c 8b6d | c04c 8b75 | c8c3 410f | b65d 0349 
  0x00000221dc44b920: 83c5 0349 | ba60 3739 | cffb 7f00 | 0041 ff24 | da0f 1f80 | 0000 0000 | 0000 0000 | 0000 0000 
[/MachCode]

Compiled method (c1) 153069 23124       3       org.gradle.internal.build.event.DefaultBuildEventsListenerRegistry$ForwardingBuildEventConsumer::handle (77 bytes)
 total in heap  [0x00000221d72a2610,0x00000221d72a3390] = 3456
 relocation     [0x00000221d72a2770,0x00000221d72a2830] = 192
 main code      [0x00000221d72a2840,0x00000221d72a3060] = 2080
 stub code      [0x00000221d72a3060,0x00000221d72a30f8] = 152
 oops           [0x00000221d72a30f8,0x00000221d72a3100] = 8
 metadata       [0x00000221d72a3100,0x00000221d72a3130] = 48
 scopes data    [0x00000221d72a3130,0x00000221d72a3238] = 264
 scopes pcs     [0x00000221d72a3238,0x00000221d72a3358] = 288
 dependencies   [0x00000221d72a3358,0x00000221d72a3368] = 16
 nul chk table  [0x00000221d72a3368,0x00000221d72a3390] = 40

[Constant Pool (empty)]

[MachCode]
[Entry Point]
  # {method} {0x00000221ede4bb08} 'handle' '(Lorg/gradle/internal/build/event/types/DefaultTaskFinishedProgressEvent;)V' in 'org/gradle/internal/build/event/DefaultBuildEventsListenerRegistry$ForwardingBuildEventConsumer'
  # this:     rdx:rdx   = 'org/gradle/internal/build/event/DefaultBuildEventsListenerRegistry$ForwardingBuildEventConsumer'
  # parm0:    r8:r8     = 'org/gradle/internal/build/event/types/DefaultTaskFinishedProgressEvent'
  #           [sp+0xb0]  (sp of caller)
  0x00000221d72a2840: 448b 5208 | 49bb 0000 | 0080 2102 | 0000 4d03 | d34c 3bd0 

  0x00000221d72a2854: ;   {runtime_call ic_miss_stub}
  0x00000221d72a2854: 0f85 26e8 | 1d05 660f | 1f44 0000 
[Verified Entry Point]
  0x00000221d72a2860: 8984 2400 | 90ff ff55 | 4881 eca0 

  0x00000221d72a286c: ;   {metadata(method data for {method} {0x00000221ede4bb08} 'handle' '(Lorg/gradle/internal/build/event/types/DefaultTaskFinishedProgressEvent;)V' in 'org/gradle/internal/build/event/DefaultBuildEventsListenerRegistry$ForwardingBuildEventConsumer')}
  0x00000221d72a286c: 0000 0048 | be40 04b3 | f921 0200 | 008b becc | 0000 0083 | c702 89be | cc00 0000 | 81e7 fe07 
  0x00000221d72a288c: 0000 83ff | 000f 8403 | 0700 0048 | 8954 2470 

  0x00000221d72a289c: ; implicit exception: dispatches to 0x00000221d72a2fbb
  0x00000221d72a289c: 493b 0049 

  0x00000221d72a28a0: ;   {metadata(method data for {method} {0x00000221ede4bb08} 'handle' '(Lorg/gradle/internal/build/event/types/DefaultTaskFinishedProgressEvent;)V' in 'org/gradle/internal/build/event/DefaultBuildEventsListenerRegistry$ForwardingBuildEventConsumer')}
  0x00000221d72a28a0: 8bf0 48bf | 4004 b3f9 | 2102 0000 | 8b76 0849 | ba00 0000 | 8021 0200 | 0049 03f2 | 483b b720 
  0x00000221d72a28c0: 0100 0075 | 0d48 8387 | 2801 0000 | 01e9 6600 | 0000 483b | b730 0100 | 0075 0d48 | 8387 3801 
  0x00000221d72a28e0: 0000 01e9 | 5000 0000 | 4881 bf20 | 0100 0000 | 0000 0075 | 1748 89b7 | 2001 0000 | 48c7 8728 
  0x00000221d72a2900: 0100 0001 | 0000 00e9 | 2c00 0000 | 4881 bf30 | 0100 0000 | 0000 0075 | 1748 89b7 | 3001 0000 
  0x00000221d72a2920: 48c7 8738 | 0100 0001 | 0000 00e9 | 0800 0000 | 4883 8710 | 0100 0001 | 418b 700c | 4883 fe00 
  0x00000221d72a2940: ;   {metadata(method data for {method} {0x00000221ede4bb08} 'handle' '(Lorg/gradle/internal/build/event/types/DefaultTaskFinishedProgressEvent;)V' in 'org/gradle/internal/build/event/DefaultBuildEventsListenerRegistry$ForwardingBuildEventConsumer')}
  0x00000221d72a2940: 7516 48bf | 4004 b3f9 | 2102 0000 | 808f 4101 | 0000 01e9 | ee00 0000 

  0x00000221d72a2958: ;   {metadata('org/gradle/tooling/internal/protocol/events/InternalTaskDescriptor')}
  0x00000221d72a2958: 48b8 b0d5 | a081 2102 | 0000 8b7e | 0849 ba00 | 0000 8021 | 0200 0049 | 03fa 483b | 4720 0f84 
  0x00000221d72a2978: 1b00 0000 | 483b f80f | 8412 0000 

  0x00000221d72a2984: ;   {runtime_call slow_subtype_check Runtime1 stub}
  0x00000221d72a2984: 0057 50e8 | f44c 2805 | 5f5f 83ff | 000f 8493 

  0x00000221d72a2994: ;   {metadata(method data for {method} {0x00000221ede4bb08} 'handle' '(Lorg/gradle/internal/build/event/types/DefaultTaskFinishedProgressEvent;)V' in 'org/gradle/internal/build/event/DefaultBuildEventsListenerRegistry$ForwardingBuildEventConsumer')}
  0x00000221d72a2994: 0000 0048 | bf40 04b3 | f921 0200 | 008b 4608 | 49ba 0000 | 0080 2102 | 0000 4903 | c248 3b87 
  0x00000221d72a29b4: 5801 0000 | 750d 4883 | 8760 0100 | 0001 e97f | 0000 0048 | 3b87 6801 | 0000 750d | 4883 8770 
  0x00000221d72a29d4: 0100 0001 | e969 0000 | 0048 81bf | 5801 0000 | 0000 0000 | 7517 4889 | 8758 0100 | 0048 c787 
  0x00000221d72a29f4: 6001 0000 | 0100 0000 | e945 0000 | 0048 81bf | 6801 0000 | 0000 0000 | 7517 4889 | 8768 0100 
  0x00000221d72a2a14: 0048 c787 | 7001 0000 | 0100 0000 | e921 0000 | 00e9 1c00 

  0x00000221d72a2a28: ;   {metadata(method data for {method} {0x00000221ede4bb08} 'handle' '(Lorg/gradle/internal/build/event/types/DefaultTaskFinishedProgressEvent;)V' in 'org/gradle/internal/build/event/DefaultBuildEventsListenerRegistry$ForwardingBuildEventConsumer')}
  0x00000221d72a2a28: 0000 48bf | 4004 b3f9 | 2102 0000 | 4883 af48 | 0100 0001 | e97f 0500 | 00e9 0000 | 0000 4c8b 
  0x00000221d72a2a48: ce49 8bf0 

  0x00000221d72a2a4c: ;   {metadata(method data for {method} {0x00000221ede4bb08} 'handle' '(Lorg/gradle/internal/build/event/types/DefaultTaskFinishedProgressEvent;)V' in 'org/gradle/internal/build/event/DefaultBuildEventsListenerRegistry$ForwardingBuildEventConsumer')}
  0x00000221d72a2a4c: 48bf 4004 | b3f9 2102 

  0x00000221d72a2a54: ;   {metadata('org/gradle/internal/build/event/types/DefaultTaskFinishedProgressEvent')}
  0x00000221d72a2a54: 0000 49ba | f8e0 a081 | 2102 0000 | 4c89 9790 | 0100 0048 | 8387 9801 | 0000 0141 

  0x00000221d72a2a70: ;   {metadata('org/gradle/tooling/events/task/internal/DefaultTaskOperationDescriptor')}
  0x00000221d72a2a70: 8b58 1848 | ba00 00a1 | 8121 0200 | 0049 8b87 | 0801 0000 | 488d 7828 | 493b bf18 | 0100 000f 
  0x00000221d72a2a90: 8734 0500 | 0049 89bf | 0801 0000 | 48c7 0001 | 0000 0048 | 8bca 49ba | 0000 0080 | 2102 0000 
  0x00000221d72a2ab0: 492b ca89 | 4808 4833 | c989 480c | 4833 c948 | 8948 1048 | 8948 1848 | 8948 2049 | 83f9 000f 
  0x00000221d72a2ad0: 842a 0000 

  0x00000221d72a2ad4: ;   {metadata('org/gradle/internal/build/event/types/DefaultTaskDescriptor')}
  0x00000221d72a2ad4: 0048 b9a0 | d9a0 8121 | 0200 0041 | 8b71 0849 | ba00 0000 | 8021 0200 | 0049 03f2 | 483b 4e38 
  0x00000221d72a2af4: 0f85 dc04 | 0000 e900 | 0000 0049 | 8bf9 493b | 0149 8bf9 

  0x00000221d72a2b08: ;   {metadata(method data for {method} {0x00000221ede4bb08} 'handle' '(Lorg/gradle/internal/build/event/types/DefaultTaskFinishedProgressEvent;)V' in 'org/gradle/internal/build/event/DefaultBuildEventsListenerRegistry$ForwardingBuildEventConsumer')}
  0x00000221d72a2b08: 48ba 4004 | b3f9 2102 

  0x00000221d72a2b10: ;   {metadata('org/gradle/internal/build/event/types/DefaultTaskDescriptor')}
  0x00000221d72a2b10: 0000 49ba | a0d9 a081 | 2102 0000 | 4c89 92c8 | 0100 0048 | 8382 d001 | 0000 0141 | 8b79 1848 
  0x00000221d72a2b30: ;   {metadata(method data for {method} {0x00000221ede4bb08} 'handle' '(Lorg/gradle/internal/build/event/types/DefaultTaskFinishedProgressEvent;)V' in 'org/gradle/internal/build/event/DefaultBuildEventsListenerRegistry$ForwardingBuildEventConsumer')}
  0x00000221d72a2b30: 8bd0 48be | 4004 b3f9 | 2102 0000 | 4883 86f0 | 0100 0001 | 4c89 4424 | 604d 8bc1 

  0x00000221d72a2b4c: ;   {oop(NULL)}
  0x00000221d72a2b4c: 49b9 0000 | 0000 0000 | 0000 488b | d048 8944 | 2468 4889 | 5c24 580f 

  0x00000221d72a2b64: ;   {optimized virtual_call}
  0x00000221d72a2b64: 1f40 00e8 

  0x00000221d72a2b68: ; ImmutableOopMap {[96]=Oop [104]=Oop [112]=Oop [88]=Oop }
                      ;*invokespecial <init> {reexecute=0 rethrow=0 return_oop=0}
                      ; - org.gradle.internal.build.event.DefaultBuildEventsListenerRegistry$ForwardingBuildEventConsumer::handle@25 (line 325)
  0x00000221d72a2b68: 1428 ffff 

  0x00000221d72a2b6c: ;   {metadata(method data for {method} {0x00000221ede4bb08} 'handle' '(Lorg/gradle/internal/build/event/types/DefaultTaskFinishedProgressEvent;)V' in 'org/gradle/internal/build/event/DefaultBuildEventsListenerRegistry$ForwardingBuildEventConsumer')}
  0x00000221d72a2b6c: 48ba 4004 | b3f9 2102 | 0000 4883 | 8200 0200 | 0001 488b | 5424 580f 

  0x00000221d72a2b84: ;   {static_call}
  0x00000221d72a2b84: 1f40 00e8 

  0x00000221d72a2b88: ; ImmutableOopMap {[96]=Oop [104]=Oop [112]=Oop }
                      ;*invokestatic toTaskResult {reexecute=0 rethrow=0 return_oop=0}
                      ; - org.gradle.internal.build.event.DefaultBuildEventsListenerRegistry$ForwardingBuildEventConsumer::handle@31 (line 326)
  0x00000221d72a2b88: e904 0000 

  0x00000221d72a2b8c: ;   {metadata('org/gradle/tooling/events/task/internal/DefaultTaskFinishEvent')}
  0x00000221d72a2b8c: 48ba 20e7 | a181 2102 | 0000 4889 | 8424 8800 | 0000 498b | 8708 0100 | 0048 8d78 | 2049 3bbf 
  0x00000221d72a2bac: 1801 0000 | 0f87 2a04 | 0000 4989 | bf08 0100 | 0048 c700 | 0100 0000 | 488b ca49 | ba00 0000 
  0x00000221d72a2bcc: 8021 0200 | 0049 2bca | 8948 0848 | 33c9 8948 | 0c48 33c9 | 4889 4810 | 4889 4818 | 4c8b 4424 
  0x00000221d72a2bec: ;   {metadata(method data for {method} {0x00000221ede4bb08} 'handle' '(Lorg/gradle/internal/build/event/types/DefaultTaskFinishedProgressEvent;)V' in 'org/gradle/internal/build/event/DefaultBuildEventsListenerRegistry$ForwardingBuildEventConsumer')}
  0x00000221d72a2bec: 6048 ba40 | 04b3 f921 | 0200 0045 | 8b40 0849 | ba00 0000 | 8021 0200 | 004d 03c2 | 4c3b 8220 
  0x00000221d72a2c0c: 0200 0075 | 0d48 8382 | 2802 0000 | 01e9 6600 | 0000 4c3b | 8230 0200 | 0075 0d48 | 8382 3802 
  0x00000221d72a2c2c: 0000 01e9 | 5000 0000 | 4881 ba20 | 0200 0000 | 0000 0075 | 174c 8982 | 2002 0000 | 48c7 8228 
  0x00000221d72a2c4c: 0200 0001 | 0000 00e9 | 2c00 0000 | 4881 ba30 | 0200 0000 | 0000 0075 | 174c 8982 | 3002 0000 
  0x00000221d72a2c6c: 48c7 8238 | 0200 0001 | 0000 00e9 | 0800 0000 | 4883 8210 | 0200 0001 | 4c8b 4424 | 6049 8b70 
  0x00000221d72a2c8c: 1049 8bd0 

  0x00000221d72a2c90: ;   {metadata(method data for {method} {0x00000221ede4bb08} 'handle' '(Lorg/gradle/internal/build/event/types/DefaultTaskFinishedProgressEvent;)V' in 'org/gradle/internal/build/event/DefaultBuildEventsListenerRegistry$ForwardingBuildEventConsumer')}
  0x00000221d72a2c90: 48bf 4004 | b3f9 2102 

  0x00000221d72a2c98: ;   {metadata('org/gradle/internal/build/event/types/DefaultTaskFinishedProgressEvent')}
  0x00000221d72a2c98: 0000 49ba | f8e0 a081 | 2102 0000 | 4c89 9758 | 0200 0048 | 8387 6002 | 0000 0149 | 8bd0 4889 
  0x00000221d72a2cb8: b424 8000 | 0000 4889 | 4424 780f 

  0x00000221d72a2cc4: ;   {optimized virtual_call}
  0x00000221d72a2cc4: 1f40 00e8 

  0x00000221d72a2cc8: ; ImmutableOopMap {[104]=Oop [112]=Oop [120]=Oop [136]=Oop }
                      ;*invokevirtual getDisplayName {reexecute=0 rethrow=0 return_oop=0}
                      ; - org.gradle.internal.build.event.DefaultBuildEventsListenerRegistry$ForwardingBuildEventConsumer::handle@45 (line 327)
  0x00000221d72a2cc8: b4d8 1700 | 4c8b 4424 

  0x00000221d72a2cd0: ;   {metadata(method data for {method} {0x00000221ede4bb08} 'handle' '(Lorg/gradle/internal/build/event/types/DefaultTaskFinishedProgressEvent;)V' in 'org/gradle/internal/build/event/DefaultBuildEventsListenerRegistry$ForwardingBuildEventConsumer')}
  0x00000221d72a2cd0: 7849 b940 | 04b3 f921 | 0200 0049 | 8381 8002 | 0000 014c | 8b84 2480 | 0000 004c | 8bc8 488b 
  0x00000221d72a2cf0: 7c24 6848 | 8bb4 2488 | 0000 0048 | 8b54 2478 | 0f1f 8000 

  0x00000221d72a2d04: ;   {optimized virtual_call}
  0x00000221d72a2d04: 0000 00e8 

  0x00000221d72a2d08: ; ImmutableOopMap {[112]=Oop [120]=Oop }
                      ;*invokespecial <init> {reexecute=0 rethrow=0 return_oop=0}
                      ; - org.gradle.internal.build.event.DefaultBuildEventsListenerRegistry$ForwardingBuildEventConsumer::handle@52 (line 327)
  0x00000221d72a2d08: 543c 1800 | 488b 5424 | 708b 521c 

  0x00000221d72a2d14: ; implicit exception: dispatches to 0x00000221d72a2fed
  0x00000221d72a2d14: 483b 0248 

  0x00000221d72a2d18: ;   {metadata(method data for {method} {0x00000221ede4bb08} 'handle' '(Lorg/gradle/internal/build/event/types/DefaultTaskFinishedProgressEvent;)V' in 'org/gradle/internal/build/event/DefaultBuildEventsListenerRegistry$ForwardingBuildEventConsumer')}
  0x00000221d72a2d18: 8bf2 48bf | 4004 b3f9 | 2102 0000 | 8b76 0849 | ba00 0000 | 8021 0200 | 0049 03f2 | 483b b7a0 
  0x00000221d72a2d38: 0200 0075 | 0d48 8387 | a802 0000 | 01e9 6600 | 0000 483b | b7b0 0200 | 0075 0d48 | 8387 b802 
  0x00000221d72a2d58: 0000 01e9 | 5000 0000 | 4881 bfa0 | 0200 0000 | 0000 0075 | 1748 89b7 | a002 0000 | 48c7 87a8 
  0x00000221d72a2d78: 0200 0001 | 0000 00e9 | 2c00 0000 | 4881 bfb0 | 0200 0000 | 0000 0075 | 1748 89b7 | b002 0000 
  0x00000221d72a2d98: 48c7 87b8 | 0200 0001 | 0000 00e9 | 0800 0000 | 4883 8790 | 0200 0001 | 0f1f 4400 | 0048 b800 
  0x00000221d72a2db8: 8055 8121 

  0x00000221d72a2dbc: ;   {virtual_call}
  0x00000221d72a2dbc: 0200 00e8 

  0x00000221d72a2dc0: ; ImmutableOopMap {[120]=Oop }
                      ;*invokeinterface get {reexecute=0 rethrow=0 return_oop=0}
                      ; - org.gradle.internal.build.event.DefaultBuildEventsListenerRegistry$ForwardingBuildEventConsumer::handle@61 (line 328)
  0x00000221d72a2dc0: fcd5 9405 | 4883 f800 

  0x00000221d72a2dc8: ;   {metadata(method data for {method} {0x00000221ede4bb08} 'handle' '(Lorg/gradle/internal/build/event/types/DefaultTaskFinishedProgressEvent;)V' in 'org/gradle/internal/build/event/DefaultBuildEventsListenerRegistry$ForwardingBuildEventConsumer')}
  0x00000221d72a2dc8: 7516 48be | 4004 b3f9 | 2102 0000 | 808e c102 | 0000 01e9 | ee00 0000 

  0x00000221d72a2de0: ;   {metadata('org/gradle/tooling/events/OperationCompletionListener')}
  0x00000221d72a2de0: 48bf a0ed | 7a81 2102 | 0000 8b70 | 0849 ba00 | 0000 8021 | 0200 0049 | 03f2 483b | 7e20 0f84 
  0x00000221d72a2e00: 1b00 0000 | 483b f70f | 8412 0000 

  0x00000221d72a2e0c: ;   {runtime_call slow_subtype_check Runtime1 stub}
  0x00000221d72a2e0c: 0056 57e8 | 6c48 2805 | 5e5e 83fe | 000f 8493 

  0x00000221d72a2e1c: ;   {metadata(method data for {method} {0x00000221ede4bb08} 'handle' '(Lorg/gradle/internal/build/event/types/DefaultTaskFinishedProgressEvent;)V' in 'org/gradle/internal/build/event/DefaultBuildEventsListenerRegistry$ForwardingBuildEventConsumer')}
  0x00000221d72a2e1c: 0000 0048 | be40 04b3 | f921 0200 | 008b 7808 | 49ba 0000 | 0080 2102 | 0000 4903 | fa48 3bbe 
  0x00000221d72a2e3c: d802 0000 | 750d 4883 | 86e0 0200 | 0001 e97f | 0000 0048 | 3bbe e802 | 0000 750d | 4883 86f0 
  0x00000221d72a2e5c: 0200 0001 | e969 0000 | 0048 81be | d802 0000 | 0000 0000 | 7517 4889 | bed8 0200 | 0048 c786 
  0x00000221d72a2e7c: e002 0000 | 0100 0000 | e945 0000 | 0048 81be | e802 0000 | 0000 0000 | 7517 4889 | bee8 0200 
  0x00000221d72a2e9c: 0048 c786 | f002 0000 | 0100 0000 | e921 0000 | 00e9 1c00 

  0x00000221d72a2eb0: ;   {metadata(method data for {method} {0x00000221ede4bb08} 'handle' '(Lorg/gradle/internal/build/event/types/DefaultTaskFinishedProgressEvent;)V' in 'org/gradle/internal/build/event/DefaultBuildEventsListenerRegistry$ForwardingBuildEventConsumer')}
  0x00000221d72a2eb0: 0000 48be | 4004 b3f9 | 2102 0000 | 4883 aec8 | 0200 0001 | e929 0100 | 00e9 0000 | 0000 488b 
  0x00000221d72a2ed0: d048 3b02 

  0x00000221d72a2ed4: ;   {metadata(method data for {method} {0x00000221ede4bb08} 'handle' '(Lorg/gradle/internal/build/event/types/DefaultTaskFinishedProgressEvent;)V' in 'org/gradle/internal/build/event/DefaultBuildEventsListenerRegistry$ForwardingBuildEventConsumer')}
  0x00000221d72a2ed4: 4c8b c248 | be40 04b3 | f921 0200 | 0045 8b40 | 0849 ba00 | 0000 8021 | 0200 004d | 03c2 4c3b 
  0x00000221d72a2ef4: 8610 0300 | 0075 0d48 | 8386 1803 | 0000 01e9 | 6600 0000 | 4c3b 8620 | 0300 0075 | 0d48 8386 
  0x00000221d72a2f14: 2803 0000 | 01e9 5000 | 0000 4881 | be10 0300 | 0000 0000 | 0075 174c | 8986 1003 | 0000 48c7 
  0x00000221d72a2f34: 8618 0300 | 0001 0000 | 00e9 2c00 | 0000 4881 | be20 0300 | 0000 0000 | 0075 174c | 8986 2003 
  0x00000221d72a2f54: 0000 48c7 | 8628 0300 | 0001 0000 | 00e9 0800 | 0000 4883 | 8600 0300 | 0001 4c8b | 4424 7866 
  0x00000221d72a2f74: 9048 b860 | a0fa fe21 

  0x00000221d72a2f7c: ;   {virtual_call}
  0x00000221d72a2f7c: 0200 00e8 

  0x00000221d72a2f80: ; ImmutableOopMap {}
                      ;*invokeinterface onFinish {reexecute=0 rethrow=0 return_oop=0}
                      ; - org.gradle.internal.build.event.DefaultBuildEventsListenerRegistry$ForwardingBuildEventConsumer::handle@71 (line 328)
  0x00000221d72a2f80: 64b7 2805 | 4881 c4a0 | 0000 005d 

  0x00000221d72a2f8c: ;   {poll_return}
  0x00000221d72a2f8c: 493b a748 | 0300 000f | 8767 0000 

  0x00000221d72a2f98: ;   {metadata({method} {0x00000221ede4bb08} 'handle' '(Lorg/gradle/internal/build/event/types/DefaultTaskFinishedProgressEvent;)V' in 'org/gradle/internal/build/event/DefaultBuildEventsListenerRegistry$ForwardingBuildEventConsumer')}
  0x00000221d72a2f98: 00c3 49ba | 00bb e4ed | 2102 0000 | 4c89 5424 | 0848 c704 | 24ff ffff 

  0x00000221d72a2fb0: ;   {runtime_call counter_overflow Runtime1 stub}
  0x00000221d72a2fb0: ffe8 ca70 

  0x00000221d72a2fb4: ; ImmutableOopMap {rdx=Oop r8=Oop }
                      ;*synchronization entry
                      ; - org.gradle.internal.build.event.DefaultBuildEventsListenerRegistry$ForwardingBuildEventConsumer::handle@-1 (line 323)
  0x00000221d72a2fb4: 2805 e9dc 

  0x00000221d72a2fb8: ;   {runtime_call throw_null_pointer_exception Runtime1 stub}
  0x00000221d72a2fb8: f8ff ffe8 

  0x00000221d72a2fbc: ; ImmutableOopMap {r8=Oop [112]=Oop }
                      ;*invokevirtual getDescriptor {reexecute=0 rethrow=0 return_oop=0}
                      ; - org.gradle.internal.build.event.DefaultBuildEventsListenerRegistry$ForwardingBuildEventConsumer::handle@1 (line 323)
  0x00000221d72a2fbc: e019 2805 | 4889 3424 

  0x00000221d72a2fc4: ;   {runtime_call throw_class_cast_exception Runtime1 stub}
  0x00000221d72a2fc4: e8d7 4028 

  0x00000221d72a2fc8: ; ImmutableOopMap {r8=Oop [112]=Oop }
                      ;*checkcast {reexecute=0 rethrow=0 return_oop=0}
                      ; - org.gradle.internal.build.event.DefaultBuildEventsListenerRegistry$ForwardingBuildEventConsumer::handle@4 (line 323)
  0x00000221d72a2fc8: 0548 8bd2 

  0x00000221d72a2fcc: ;   {runtime_call fast_new_instance Runtime1 stub}
  0x00000221d72a2fcc: e8af 2528 

  0x00000221d72a2fd0: ; ImmutableOopMap {r8=Oop r9=Oop rbx=Oop [112]=Oop }
                      ;*new {reexecute=0 rethrow=0 return_oop=0}
                      ; - org.gradle.internal.build.event.DefaultBuildEventsListenerRegistry$ForwardingBuildEventConsumer::handle@13 (line 325)
  0x00000221d72a2fd0: 05e9 f5fa 

  0x00000221d72a2fd4: ;   {runtime_call throw_incompatible_class_change_error Runtime1 stub}
  0x00000221d72a2fd4: ffff e8c5 

  0x00000221d72a2fd8: ; ImmutableOopMap {r8=Oop r9=Oop rbx=Oop [112]=Oop rax=Oop }
                      ;*invokeinterface getTaskPath {reexecute=0 rethrow=0 return_oop=0}
                      ; - org.gradle.internal.build.event.DefaultBuildEventsListenerRegistry$ForwardingBuildEventConsumer::handle@20 (line 325)
                      ;   {runtime_call throw_null_pointer_exception Runtime1 stub}
  0x00000221d72a2fd8: 4328 05e8 

  0x00000221d72a2fdc: ; ImmutableOopMap {r8=Oop r9=Oop rbx=Oop [112]=Oop rax=Oop }
                      ;*invokeinterface getTaskPath {reexecute=0 rethrow=0 return_oop=0}
                      ; - org.gradle.internal.build.event.DefaultBuildEventsListenerRegistry$ForwardingBuildEventConsumer::handle@20 (line 325)
  0x00000221d72a2fdc: c019 2805 

  0x00000221d72a2fe0: ;   {runtime_call fast_new_instance Runtime1 stub}
  0x00000221d72a2fe0: 488b d2e8 

  0x00000221d72a2fe4: ; ImmutableOopMap {[96]=Oop [104]=Oop [112]=Oop [136]=Oop }
                      ;*new {reexecute=0 rethrow=0 return_oop=0}
                      ; - org.gradle.internal.build.event.DefaultBuildEventsListenerRegistry$ForwardingBuildEventConsumer::handle@36 (line 327)
  0x00000221d72a2fe4: 9825 2805 | e9fb fbff 

  0x00000221d72a2fec: ;   {runtime_call throw_null_pointer_exception Runtime1 stub}
  0x00000221d72a2fec: ffe8 ae19 

  0x00000221d72a2ff0: ; ImmutableOopMap {[120]=Oop rdx=Oop }
                      ;*invokeinterface get {reexecute=0 rethrow=0 return_oop=0}
                      ; - org.gradle.internal.build.event.DefaultBuildEventsListenerRegistry$ForwardingBuildEventConsumer::handle@61 (line 328)
  0x00000221d72a2ff0: 2805 4889 

  0x00000221d72a2ff4: ;   {runtime_call throw_class_cast_exception Runtime1 stub}
  0x00000221d72a2ff4: 0424 e8a5 

  0x00000221d72a2ff8: ; ImmutableOopMap {[120]=Oop }
                      ;*checkcast {reexecute=0 rethrow=0 return_oop=0}
                      ; - org.gradle.internal.build.event.DefaultBuildEventsListenerRegistry$ForwardingBuildEventConsumer::handle@66 (line 328)
                      ;   {runtime_call throw_null_pointer_exception Runtime1 stub}
  0x00000221d72a2ff8: 4028 05e8 

  0x00000221d72a2ffc: ; ImmutableOopMap {[120]=Oop rdx=Oop }
                      ;*invokeinterface onFinish {reexecute=0 rethrow=0 return_oop=0}
                      ; - org.gradle.internal.build.event.DefaultBuildEventsListenerRegistry$ForwardingBuildEventConsumer::handle@71 (line 328)
  0x00000221d72a2ffc: a019 2805 

  0x00000221d72a3000: ;   {internal_word}
  0x00000221d72a3000: 49ba 8c2f | 2ad7 2102 | 0000 4d89 | 9760 0300 

  0x00000221d72a3010: ;   {runtime_call SafepointBlob}
  0x00000221d72a3010: 00e9 ea49 | 1e05 9090 | 498b 87d8 | 0300 0049 | c787 d803 | 0000 0000 | 0000 49c7 | 87e0 0300 
  0x00000221d72a3030: 0000 0000 | 0048 81c4 | a000 0000 

  0x00000221d72a303c: ;   {runtime_call unwind_exception Runtime1 stub}
  0x00000221d72a303c: 5de9 be36 | 1f05 f4f4 | f4f4 f4f4 | f4f4 f4f4 | f4f4 f4f4 | f4f4 f4f4 | f4f4 f4f4 | f4f4 f4f4 
  0x00000221d72a305c: f4f4 f4f4 
[Stub Code]
  0x00000221d72a3060: ;   {no_reloc}
  0x00000221d72a3060: 0f1f 4400 

  0x00000221d72a3064: ;   {static_stub}
  0x00000221d72a3064: 0048 bb00 | 0000 0000 

  0x00000221d72a306c: ;   {runtime_call}
  0x00000221d72a306c: 0000 00e9 | fbff ffff 

  0x00000221d72a3074: ;   {static_stub}
  0x00000221d72a3074: 9048 bb78 | ad9c ee21 

  0x00000221d72a307c: ;   {runtime_call I2C/C2I adapters}
  0x00000221d72a307c: 0200 00e9 | d52c 1e05 

  0x00000221d72a3084: ;   {static_stub}
  0x00000221d72a3084: 9048 bb40 | 2a9b ee21 

  0x00000221d72a308c: ;   {runtime_call I2C/C2I adapters}
  0x00000221d72a308c: 0200 00e9 | c52c 1e05 

  0x00000221d72a3094: ;   {static_stub}
  0x00000221d72a3094: 9048 bb68 | d69e ee21 

  0x00000221d72a309c: ;   {runtime_call I2C/C2I adapters}
  0x00000221d72a309c: 0200 00e9 | 4502 2905 

  0x00000221d72a30a4: ;   {static_stub}
  0x00000221d72a30a4: 9048 bb00 | 0000 0000 

  0x00000221d72a30ac: ;   {runtime_call}
  0x00000221d72a30ac: 0000 00e9 | fbff ffff 

  0x00000221d72a30b4: ;   {static_stub}
  0x00000221d72a30b4: 9048 bb00 | 0000 0000 

  0x00000221d72a30bc: ;   {runtime_call}
  0x00000221d72a30bc: 0000 00e9 | fbff ffff 
[Exception Handler]
  0x00000221d72a30c4: ;   {runtime_call handle_exception_from_callee Runtime1 stub}
  0x00000221d72a30c4: e8b7 3928 

  0x00000221d72a30c8: ;   {external_word}
  0x00000221d72a30c8: 0548 b900 | ea10 cffb | 7f00 0048 

  0x00000221d72a30d4: ;   {runtime_call}
  0x00000221d72a30d4: 83e4 f049 | ba40 96d9 | cefb 7f00 | 0041 ffd2 

  0x00000221d72a30e4: ;   {section_word}
  0x00000221d72a30e4: f449 bae5 | 302a d721 | 0200 0041 

  0x00000221d72a30f0: ;   {runtime_call DeoptimizationBlob}
  0x00000221d72a30f0: 52e9 aa3b | 1e05 f4f4 
[/MachCode]


Compiled method (c1) 153291 23123       3       org.gradle.internal.build.event.DefaultBuildEventsListenerRegistry$ForwardingBuildEventConsumer::handle (9 bytes)
 total in heap  [0x00000221d72a2110,0x00000221d72a25a0] = 1168
 relocation     [0x00000221d72a2270,0x00000221d72a22b8] = 72
 main code      [0x00000221d72a22c0,0x00000221d72a24c0] = 512
 stub code      [0x00000221d72a24c0,0x00000221d72a2508] = 72
 oops           [0x00000221d72a2508,0x00000221d72a2510] = 8
 metadata       [0x00000221d72a2510,0x00000221d72a2528] = 24
 scopes data    [0x00000221d72a2528,0x00000221d72a2548] = 32
 scopes pcs     [0x00000221d72a2548,0x00000221d72a2598] = 80
 dependencies   [0x00000221d72a2598,0x00000221d72a25a0] = 8

[Constant Pool (empty)]

[MachCode]
[Entry Point]
  # {method} {0x00000221ede4bc60} 'handle' '(Ljava/lang/Object;)V' in 'org/gradle/internal/build/event/DefaultBuildEventsListenerRegistry$ForwardingBuildEventConsumer'
  # this:     rdx:rdx   = 'org/gradle/internal/build/event/DefaultBuildEventsListenerRegistry$ForwardingBuildEventConsumer'
  # parm0:    r8:r8     = 'java/lang/Object'
  #           [sp+0x40]  (sp of caller)
  0x00000221d72a22c0: 448b 5208 | 49bb 0000 | 0080 2102 | 0000 4d03 | d34c 3bd0 

  0x00000221d72a22d4: ;   {runtime_call ic_miss_stub}
  0x00000221d72a22d4: 0f85 a6ed | 1d05 660f | 1f44 0000 
[Verified Entry Point]
  0x00000221d72a22e0: 8984 2400 | 90ff ff55 | 4883 ec30 

  0x00000221d72a22ec: ;   {metadata(method data for {method} {0x00000221ede4bc60} 'handle' '(Ljava/lang/Object;)V' in 'org/gradle/internal/build/event/DefaultBuildEventsListenerRegistry$ForwardingBuildEventConsumer')}
  0x00000221d72a22ec: 48be 7802 | b3f9 2102 | 0000 8bbe | cc00 0000 | 83c7 0289 | becc 0000 | 0081 e7fe | 0700 0083 
  0x00000221d72a230c: ff00 0f84 | 3301 0000 | 4983 f800 

  0x00000221d72a2318: ;   {metadata(method data for {method} {0x00000221ede4bc60} 'handle' '(Ljava/lang/Object;)V' in 'org/gradle/internal/build/event/DefaultBuildEventsListenerRegistry$ForwardingBuildEventConsumer')}
  0x00000221d72a2318: 7516 48bf | 7802 b3f9 | 2102 0000 | 808f 0901 | 0000 01e9 | d400 0000 

  0x00000221d72a2330: ;   {metadata('org/gradle/internal/build/event/types/DefaultTaskFinishedProgressEvent')}
  0x00000221d72a2330: 48bb f8e0 | a081 2102 | 0000 418b | 7008 49ba | 0000 0080 | 2102 0000 | 4903 f248 | 3bde 0f85 
  0x00000221d72a2350: 9400 0000 

  0x00000221d72a2354: ;   {metadata(method data for {method} {0x00000221ede4bc60} 'handle' '(Ljava/lang/Object;)V' in 'org/gradle/internal/build/event/DefaultBuildEventsListenerRegistry$ForwardingBuildEventConsumer')}
  0x00000221d72a2354: 48bf 7802 | b3f9 2102 | 0000 418b | 5808 49ba | 0000 0080 | 2102 0000 | 4903 da48 | 3b9f 2001 
  0x00000221d72a2374: 0000 750d | 4883 8728 | 0100 0001 | e97f 0000 | 0048 3b9f | 3001 0000 | 750d 4883 | 8738 0100 
  0x00000221d72a2394: 0001 e969 | 0000 0048 | 81bf 2001 | 0000 0000 | 0000 7517 | 4889 9f20 | 0100 0048 | c787 2801 
  0x00000221d72a23b4: 0000 0100 | 0000 e945 | 0000 0048 | 81bf 3001 | 0000 0000 | 0000 7517 | 4889 9f30 | 0100 0048 
  0x00000221d72a23d4: c787 3801 | 0000 0100 | 0000 e921 | 0000 00e9 | 1c00 0000 

  0x00000221d72a23e8: ;   {metadata(method data for {method} {0x00000221ede4bc60} 'handle' '(Ljava/lang/Object;)V' in 'org/gradle/internal/build/event/DefaultBuildEventsListenerRegistry$ForwardingBuildEventConsumer')}
  0x00000221d72a23e8: 48bf 7802 | b3f9 2102 | 0000 4883 | af10 0100 | 0001 e969 | 0000 00e9 | 0000 0000 

  0x00000221d72a2404: ;   {metadata(method data for {method} {0x00000221ede4bc60} 'handle' '(Ljava/lang/Object;)V' in 'org/gradle/internal/build/event/DefaultBuildEventsListenerRegistry$ForwardingBuildEventConsumer')}
  0x00000221d72a2404: 488b f248 | bf78 02b3 | f921 0200 

  0x00000221d72a2410: ;   {metadata('org/gradle/internal/build/event/DefaultBuildEventsListenerRegistry$ForwardingBuildEventConsumer')}
  0x00000221d72a2410: 0049 ba00 | 1080 8121 | 0200 004c | 8997 5801 | 0000 4883 | 8760 0100 | 0001 0f1f 

  0x00000221d72a242c: ;   {optimized virtual_call}
  0x00000221d72a242c: 4400 00e8 

  0x00000221d72a2430: ; ImmutableOopMap {}
                      ;*invokevirtual handle {reexecute=0 rethrow=0 return_oop=0}
                      ; - org.gradle.internal.build.event.DefaultBuildEventsListenerRegistry$ForwardingBuildEventConsumer::handle@5 (line 297)
  0x00000221d72a2430: 2c04 0000 | 4883 c430 

  0x00000221d72a2438: ;   {poll_return}
  0x00000221d72a2438: 5d49 3ba7 | 4803 0000 | 0f87 2b00 

  0x00000221d72a2444: ;   {metadata({method} {0x00000221ede4bc60} 'handle' '(Ljava/lang/Object;)V' in 'org/gradle/internal/build/event/DefaultBuildEventsListenerRegistry$ForwardingBuildEventConsumer')}
  0x00000221d72a2444: 0000 c349 | ba58 bce4 | ed21 0200 | 004c 8954 | 2408 48c7 | 0424 ffff 

  0x00000221d72a245c: ;   {runtime_call counter_overflow Runtime1 stub}
  0x00000221d72a245c: ffff e81d 

  0x00000221d72a2460: ; ImmutableOopMap {rdx=Oop r8=Oop }
                      ;*synchronization entry
                      ; - org.gradle.internal.build.event.DefaultBuildEventsListenerRegistry$ForwardingBuildEventConsumer::handle@-1 (line 297)
  0x00000221d72a2460: 7c28 05e9 | acfe ffff | 4c89 0424 

  0x00000221d72a246c: ;   {runtime_call throw_class_cast_exception Runtime1 stub}
  0x00000221d72a246c: e82f 4c28 

  0x00000221d72a2470: ; ImmutableOopMap {rdx=Oop }
                      ;*checkcast {reexecute=0 rethrow=0 return_oop=0}
                      ; - org.gradle.internal.build.event.DefaultBuildEventsListenerRegistry$ForwardingBuildEventConsumer::handle@2 (line 297)
                      ;   {internal_word}
  0x00000221d72a2470: 0549 ba39 | 242a d721 | 0200 004d | 8997 6003 

  0x00000221d72a2480: ;   {runtime_call SafepointBlob}
  0x00000221d72a2480: 0000 e979 | 551e 0590 | 9049 8b87 | d803 0000 | 49c7 87d8 | 0300 0000 | 0000 0049 | c787 e003 
  0x00000221d72a24a0: 0000 0000 | 0000 4883 

  0x00000221d72a24a8: ;   {runtime_call unwind_exception Runtime1 stub}
  0x00000221d72a24a8: c430 5de9 | 5042 1f05 | f4f4 f4f4 | f4f4 f4f4 | f4f4 f4f4 | f4f4 f4f4 
[Stub Code]
  0x00000221d72a24c0: ;   {no_reloc}
  0x00000221d72a24c0: 0f1f 4400 

  0x00000221d72a24c4: ;   {static_stub}
  0x00000221d72a24c4: 0048 bb00 | 0000 0000 

  0x00000221d72a24cc: ;   {runtime_call}
  0x00000221d72a24cc: 0000 00e9 | fbff ffff 
[Exception Handler]
  0x00000221d72a24d4: ;   {runtime_call handle_exception_from_callee Runtime1 stub}
  0x00000221d72a24d4: e8a7 4528 

  0x00000221d72a24d8: ;   {external_word}
  0x00000221d72a24d8: 0548 b900 | ea10 cffb | 7f00 0048 

  0x00000221d72a24e4: ;   {runtime_call}
  0x00000221d72a24e4: 83e4 f049 | ba40 96d9 | cefb 7f00 | 0041 ffd2 

  0x00000221d72a24f4: ;   {section_word}
  0x00000221d72a24f4: f449 baf5 | 242a d721 | 0200 0041 

  0x00000221d72a2500: ;   {runtime_call DeoptimizationBlob}
  0x00000221d72a2500: 52e9 9a47 | 1e05 f4f4 
[/MachCode]


---------------  P R O C E S S  ---------------

Threads class SMR info:
_java_thread_list=0x00000221fb893a00, length=211, elements={
0x00000221cd3a5b00, 0x00000221ea9ec2d0, 0x00000221ea9ecba0, 0x00000221eaa47cd0,
0x00000221eaa485a0, 0x00000221eaa48e70, 0x00000221eaa49740, 0x00000221eaa56270,
0x00000221eaa58c40, 0x00000221eaa5d560, 0x00000221ea9d3fb0, 0x00000221eac4ce30,
0x00000221f03a6060, 0x00000221efe2e860, 0x00000221f0063420, 0x00000221f0003a70,
0x00000221f0007220, 0x00000221f00053c0, 0x00000221f0005de0, 0x00000221f0003f80,
0x00000221f0004490, 0x00000221f00062f0, 0x00000221f00049a0, 0x00000221f0004eb0,
0x00000221f00058d0, 0x00000221f0006800, 0x00000221f0006d10, 0x00000221f23b4a80,
0x00000221f23b5ec0, 0x00000221f23b4f90, 0x00000221f23b63d0, 0x00000221f23b6df0,
0x00000221f23b7300, 0x00000221f23b7810, 0x00000221f23b4570, 0x00000221f23ba090,
0x00000221f23b9b80, 0x00000221f23ba5a0, 0x00000221f23baab0, 0x00000221f23b9670,
0x00000221f23b8230, 0x00000221f23b8740, 0x00000221f23b54a0, 0x00000221f23bb4d0,
0x00000221f23bb9e0, 0x00000221f23b9160, 0x00000221f4629810, 0x00000221f4626060,
0x00000221f4626570, 0x00000221f4628df0, 0x00000221f46288e0, 0x00000221f4626a80,
0x00000221f4629300, 0x00000221f4626f90, 0x00000221f4627ec0, 0x00000221f46274a0,
0x00000221f46279b0, 0x00000221f46283d0, 0x00000221f28a3df0, 0x00000221f28a33d0,
0x00000221f28a4300, 0x00000221f28a29b0, 0x00000221f28a24a0, 0x00000221f28a1a80,
0x00000221f28a4810, 0x00000221f28a4d20, 0x00000221f28a38e0, 0x00000221f28a2ec0,
0x00000221f28a1f90, 0x00000221f28a7090, 0x00000221f28a84d0, 0x00000221f28a75a0,
0x00000221f28a89e0, 0x00000221f28a5230, 0x00000221f28a7ab0, 0x00000221f28a6b80,
0x00000221f28a7fc0, 0x00000221f4b6d150, 0x00000221f4b6c730, 0x00000221f4b6a8d0,
0x00000221f4b699a0, 0x00000221f4b6d660, 0x00000221f4b69eb0, 0x00000221f4b6db70,
0x00000221f4b6ade0, 0x00000221f4b6e080, 0x00000221f4b6b800, 0x00000221f4b6e590,
0x00000221f4b6bd10, 0x00000221f4b6f9d0, 0x00000221f4b6fee0, 0x00000221f4b703f0,
0x00000221f4b70900, 0x00000221f4b70e10, 0x00000221f4b71320, 0x00000221f4fd3060,
0x00000221f4fd44a0, 0x00000221f4fd3570, 0x00000221f4fd0cf0, 0x00000221f4fd2130,
0x00000221f4fd3a80, 0x00000221f4fd1c20, 0x00000221f4fd2640, 0x00000221f4fd1710,
0x00000221f4fd3f90, 0x00000221f4fd2b50, 0x00000221f4fd49b0, 0x00000221f4fd1200,
0x00000221f4fd4ec0, 0x00000221f4fd8670, 0x00000221f4fd53d0, 0x00000221f4fd6810,
0x00000221f4fd58e0, 0x00000221f4fd6d20, 0x00000221f4fd7230, 0x00000221f4fd5df0,
0x00000221f4fd6300, 0x00000221f4fd7c50, 0x00000221f4fd7740, 0x00000221f4fd8160,
0x00000221f2874d50, 0x00000221f28724d0, 0x00000221f2875260, 0x00000221f2871ab0,
0x00000221f2873e20, 0x00000221f2871fc0, 0x00000221f2875770, 0x00000221f2875c80,
0x00000221f2874840, 0x00000221f2876190, 0x00000221f28729e0, 0x00000221f2873400,
0x00000221f2874330, 0x00000221f2872ef0, 0x00000221f2878a10, 0x00000221f2879430,
0x00000221f2878500, 0x00000221f2877ff0, 0x00000221f2878f20, 0x00000221f28766a0,
0x00000221f2876bb0, 0x00000221f28770c0, 0x00000221f28775d0, 0x00000221f2877ae0,
0x00000221f5f35d90, 0x00000221f5f37bf0, 0x00000221f5f38100, 0x00000221f5f362a0,
0x00000221f5f38610, 0x00000221f5f35370, 0x00000221f5f376e0, 0x00000221f5f367b0,
0x00000221f5f371d0, 0x00000221f5f36cc0, 0x00000221f5f34e60, 0x00000221f5f38b20,
0x00000221f5f3b3a0, 0x00000221f5f35880, 0x00000221f5f39030, 0x00000221f5f3a470,
0x00000221f5f39540, 0x00000221f5f39a50, 0x00000221f5f3c2d0, 0x00000221f5f3ae90,
0x00000221f5f3b8b0, 0x00000221f5f39f60, 0x00000221f5f3a980, 0x00000221f5f3bdc0,
0x00000221f5f3c7e0, 0x00000221f0276930, 0x00000221f0276e40, 0x00000221f0275a00,
0x00000221f0277350, 0x00000221f0277860, 0x00000221f0277d70, 0x00000221f0278790,
0x00000221f0278280, 0x00000221f02796c0, 0x00000221f02791b0, 0x00000221f0275f10,
0x00000221f0279bd0, 0x00000221f0276420, 0x00000221f027bf40, 0x00000221f027d380,
0x00000221f027a0e0, 0x00000221f027a5f0, 0x00000221f027c450, 0x00000221f3dc87d0,
0x00000221f3dcba70, 0x00000221f3dca120, 0x00000221f3dcceb0, 0x00000221f3dcd8d0,
0x00000221f3dcc490, 0x00000221f3dcd3c0, 0x00000221f3dca630, 0x00000221fe1194e0,
0x00000221fe11d1a0, 0x00000221fe11d6b0, 0x00000221fe11dbc0, 0x00000221fe11a410,
0x00000221fe11e0d0, 0x00000221fe11ae30, 0x00000221fe11e5e0, 0x00000221fe11f000,
0x00000221fe11bd60, 0x00000221fe11fa20, 0x00000221fe11f510, 0x00000221fe11c270,
0x00000221fe122cc0, 0x00000221fe1231d0, 0x00000221fe1236e0
}

Java Threads: ( => current thread )
  0x00000221cd3a5b00 JavaThread "main" [_thread_blocked, id=10560, stack(0x0000003d45d00000,0x0000003d45e00000)]
  0x00000221ea9ec2d0 JavaThread "Reference Handler" daemon [_thread_blocked, id=20316, stack(0x0000003d46400000,0x0000003d46500000)]
  0x00000221ea9ecba0 JavaThread "Finalizer" daemon [_thread_blocked, id=26824, stack(0x0000003d46500000,0x0000003d46600000)]
  0x00000221eaa47cd0 JavaThread "Signal Dispatcher" daemon [_thread_blocked, id=16596, stack(0x0000003d46600000,0x0000003d46700000)]
  0x00000221eaa485a0 JavaThread "Attach Listener" daemon [_thread_blocked, id=7600, stack(0x0000003d46700000,0x0000003d46800000)]
  0x00000221eaa48e70 JavaThread "Service Thread" daemon [_thread_blocked, id=26464, stack(0x0000003d46800000,0x0000003d46900000)]
  0x00000221eaa49740 JavaThread "Monitor Deflation Thread" daemon [_thread_blocked, id=19736, stack(0x0000003d46900000,0x0000003d46a00000)]
  0x00000221eaa56270 JavaThread "C2 CompilerThread0" daemon [_thread_blocked, id=25160, stack(0x0000003d46a00000,0x0000003d46b00000)]
  0x00000221eaa58c40 JavaThread "C1 CompilerThread0" daemon [_thread_blocked, id=15284, stack(0x0000003d46b00000,0x0000003d46c00000)]
  0x00000221eaa5d560 JavaThread "Sweeper thread" daemon [_thread_blocked, id=21136, stack(0x0000003d46c00000,0x0000003d46d00000)]
  0x00000221ea9d3fb0 JavaThread "Common-Cleaner" daemon [_thread_blocked, id=26192, stack(0x0000003d46d00000,0x0000003d46e00000)]
  0x00000221eac4ce30 JavaThread "Notification Thread" daemon [_thread_blocked, id=24532, stack(0x0000003d46e00000,0x0000003d46f00000)]
  0x00000221f03a6060 JavaThread "Daemon health stats" [_thread_blocked, id=27516, stack(0x0000003d47000000,0x0000003d47100000)]
  0x00000221efe2e860 JavaThread "Incoming local TCP Connector on port 58508" [_thread_in_native, id=7580, stack(0x0000003d47100000,0x0000003d47200000)]
  0x00000221f0063420 JavaThread "Daemon periodic checks" [_thread_blocked, id=944, stack(0x0000003d47700000,0x0000003d47800000)]
  0x00000221f0003a70 JavaThread "Daemon" [_thread_blocked, id=2520, stack(0x0000003d47800000,0x0000003d47900000)]
  0x00000221f0007220 JavaThread "Handler for socket connection from /127.0.0.1:58508 to /127.0.0.1:58509" [_thread_in_native, id=26860, stack(0x0000003d47900000,0x0000003d47a00000)]
  0x00000221f00053c0 JavaThread "Cancel handler" [_thread_blocked, id=21120, stack(0x0000003d47a00000,0x0000003d47b00000)]
  0x00000221f0005de0 JavaThread "Daemon worker" [_thread_blocked, id=2972, stack(0x0000003d47b00000,0x0000003d47c00000)]
  0x00000221f0003f80 JavaThread "Asynchronous log dispatcher for DefaultDaemonConnection: socket connection from /127.0.0.1:58508 to /127.0.0.1:58509" [_thread_blocked, id=5880, stack(0x0000003d47c00000,0x0000003d47d00000)]
  0x00000221f0004490 JavaThread "Stdin handler" [_thread_blocked, id=26776, stack(0x0000003d47d00000,0x0000003d47e00000)]
  0x00000221f00062f0 JavaThread "Daemon client event forwarder" [_thread_blocked, id=7584, stack(0x0000003d47e00000,0x0000003d47f00000)]
  0x00000221f00049a0 JavaThread "Cache worker for journal cache (C:\Users\Nandhitha_R\.gradle\caches\journal-1)" [_thread_blocked, id=27928, stack(0x0000003d47f00000,0x0000003d48000000)]
  0x00000221f0004eb0 JavaThread "File lock request listener" [_thread_in_native, id=13732, stack(0x0000003d48000000,0x0000003d48100000)]
  0x00000221f00058d0 JavaThread "Cache worker for file hash cache (C:\Users\Nandhitha_R\.gradle\caches\9.0.0\fileHashes)" [_thread_blocked, id=14916, stack(0x0000003d48100000,0x0000003d48200000)]
  0x00000221f0006800 JavaThread "File lock release action executor" [_thread_blocked, id=28144, stack(0x0000003d48200000,0x0000003d48300000)]
  0x00000221f0006d10 JavaThread "Cache worker for file hash cache (D:\apps\caltims mobile app\frontend\android\.gradle\9.0.0\fileHashes)" [_thread_blocked, id=27372, stack(0x0000003d48a00000,0x0000003d48b00000)]
  0x00000221f23b4a80 JavaThread "Cache worker for Build Output Cleanup Cache (D:\apps\caltims mobile app\frontend\android\.gradle\buildOutputCleanup)" [_thread_blocked, id=23148, stack(0x0000003d48b00000,0x0000003d48c00000)]
  0x00000221f23b5ec0 JavaThread "File watcher server" daemon [_thread_in_native, id=12928, stack(0x0000003d48d00000,0x0000003d48e00000)]
  0x00000221f23b4f90 JavaThread "File watcher consumer" daemon [_thread_blocked, id=7368, stack(0x0000003d48e00000,0x0000003d48f00000)]
  0x00000221f23b63d0 JavaThread "Cache worker for checksums cache (D:\apps\caltims mobile app\frontend\android\.gradle\9.0.0\checksums)" [_thread_blocked, id=20156, stack(0x0000003d48c00000,0x0000003d48d00000)]
  0x00000221f23b6df0 JavaThread "Cache worker for file content cache (C:\Users\Nandhitha_R\.gradle\caches\9.0.0\fileContent)" [_thread_blocked, id=17300, stack(0x0000003d48300000,0x0000003d48400000)]
  0x00000221f23b7300 JavaThread "Cache worker for cache directory md-supplier (C:\Users\Nandhitha_R\.gradle\caches\9.0.0\md-supplier)" [_thread_blocked, id=4468, stack(0x0000003d49000000,0x0000003d49100000)]
  0x00000221f23b7810 JavaThread "Cache worker for cache directory md-rule (C:\Users\Nandhitha_R\.gradle\caches\9.0.0\md-rule)" [_thread_blocked, id=7940, stack(0x0000003d49100000,0x0000003d49200000)]
  0x00000221f23b4570 JavaThread "jar transforms" [_thread_blocked, id=6520, stack(0x0000003d49200000,0x0000003d49300000)]
  0x00000221f23ba090 JavaThread "Cache worker for Build Output Cleanup Cache (D:\apps\caltims mobile app\frontend\node_modules\@react-native\gradle-plugin\.gradle\buildOutputCleanup)" [_thread_blocked, id=28480, stack(0x0000003d49400000,0x0000003d49500000)]
  0x00000221f23b9b80 JavaThread "Unconstrained build operations" [_thread_blocked, id=18420, stack(0x0000003d48f00000,0x0000003d49000000)]
  0x00000221f23ba5a0 JavaThread "Unconstrained build operations Thread 2" [_thread_blocked, id=19536, stack(0x0000003d49300000,0x0000003d49400000)]
  0x00000221f23baab0 JavaThread "Unconstrained build operations Thread 3" [_thread_blocked, id=18736, stack(0x0000003d49600000,0x0000003d49700000)]
  0x00000221f23b9670 JavaThread "Unconstrained build operations Thread 4" [_thread_blocked, id=21772, stack(0x0000003d49700000,0x0000003d49800000)]
  0x00000221f23b8230 JavaThread "Unconstrained build operations Thread 5" [_thread_blocked, id=15000, stack(0x0000003d49800000,0x0000003d49900000)]
  0x00000221f23b8740 JavaThread "Unconstrained build operations Thread 6" [_thread_blocked, id=21836, stack(0x0000003d49900000,0x0000003d49a00000)]
  0x00000221f23b54a0 JavaThread "Unconstrained build operations Thread 7" [_thread_blocked, id=24684, stack(0x0000003d49b00000,0x0000003d49c00000)]
  0x00000221f23bb4d0 JavaThread "Unconstrained build operations Thread 8" [_thread_blocked, id=972, stack(0x0000003d49c00000,0x0000003d49d00000)]
  0x00000221f23bb9e0 JavaThread "Unconstrained build operations Thread 9" [_thread_blocked, id=20408, stack(0x0000003d49d00000,0x0000003d49e00000)]
  0x00000221f23b9160 JavaThread "Unconstrained build operations Thread 10" [_thread_blocked, id=22808, stack(0x0000003d49e00000,0x0000003d49f00000)]
  0x00000221f4629810 JavaThread "Unconstrained build operations Thread 11" [_thread_blocked, id=17260, stack(0x0000003d49f00000,0x0000003d4a000000)]
  0x00000221f4626060 JavaThread "Unconstrained build operations Thread 12" [_thread_blocked, id=24536, stack(0x0000003d4a000000,0x0000003d4a100000)]
  0x00000221f4626570 JavaThread "Unconstrained build operations Thread 13" [_thread_blocked, id=25640, stack(0x0000003d4a100000,0x0000003d4a200000)]
  0x00000221f4628df0 JavaThread "Unconstrained build operations Thread 14" [_thread_blocked, id=10076, stack(0x0000003d4a200000,0x0000003d4a300000)]
  0x00000221f46288e0 JavaThread "Unconstrained build operations Thread 15" [_thread_blocked, id=9348, stack(0x0000003d4a300000,0x0000003d4a400000)]
  0x00000221f4626a80 JavaThread "Unconstrained build operations Thread 16" [_thread_blocked, id=6588, stack(0x0000003d4a400000,0x0000003d4a500000)]
  0x00000221f4629300 JavaThread "Unconstrained build operations Thread 17" [_thread_blocked, id=24188, stack(0x0000003d4a500000,0x0000003d4a600000)]
  0x00000221f4626f90 JavaThread "Unconstrained build operations Thread 18" [_thread_blocked, id=16232, stack(0x0000003d4a600000,0x0000003d4a700000)]
  0x00000221f4627ec0 JavaThread "Unconstrained build operations Thread 19" [_thread_blocked, id=27668, stack(0x0000003d4a700000,0x0000003d4a800000)]
  0x00000221f46274a0 JavaThread "Unconstrained build operations Thread 20" [_thread_blocked, id=19788, stack(0x0000003d4a800000,0x0000003d4a900000)]
  0x00000221f46279b0 JavaThread "Unconstrained build operations Thread 21" [_thread_blocked, id=12520, stack(0x0000003d4a900000,0x0000003d4aa00000)]
  0x00000221f46283d0 JavaThread "Unconstrained build operations Thread 22" [_thread_blocked, id=17336, stack(0x0000003d4aa00000,0x0000003d4ab00000)]
  0x00000221f28a3df0 JavaThread "Unconstrained build operations Thread 23" [_thread_blocked, id=17580, stack(0x0000003d4ab00000,0x0000003d4ac00000)]
  0x00000221f28a33d0 JavaThread "Unconstrained build operations Thread 24" [_thread_blocked, id=20392, stack(0x0000003d4ac00000,0x0000003d4ad00000)]
  0x00000221f28a4300 JavaThread "Unconstrained build operations Thread 25" [_thread_blocked, id=24004, stack(0x0000003d4ad00000,0x0000003d4ae00000)]
  0x00000221f28a29b0 JavaThread "Unconstrained build operations Thread 26" [_thread_blocked, id=1528, stack(0x0000003d4ae00000,0x0000003d4af00000)]
  0x00000221f28a24a0 JavaThread "Unconstrained build operations Thread 27" [_thread_blocked, id=28208, stack(0x0000003d4af00000,0x0000003d4b000000)]
  0x00000221f28a1a80 JavaThread "Unconstrained build operations Thread 28" [_thread_blocked, id=11968, stack(0x0000003d4b000000,0x0000003d4b100000)]
  0x00000221f28a4810 JavaThread "Unconstrained build operations Thread 29" [_thread_blocked, id=12816, stack(0x0000003d4b100000,0x0000003d4b200000)]
  0x00000221f28a4d20 JavaThread "Unconstrained build operations Thread 30" [_thread_blocked, id=2456, stack(0x0000003d4b200000,0x0000003d4b300000)]
  0x00000221f28a38e0 JavaThread "Unconstrained build operations Thread 31" [_thread_blocked, id=19348, stack(0x0000003d4b300000,0x0000003d4b400000)]
  0x00000221f28a2ec0 JavaThread "Unconstrained build operations Thread 32" [_thread_blocked, id=3068, stack(0x0000003d4b400000,0x0000003d4b500000)]
  0x00000221f28a1f90 JavaThread "Unconstrained build operations Thread 33" [_thread_blocked, id=24380, stack(0x0000003d4b500000,0x0000003d4b600000)]
  0x00000221f28a7090 JavaThread "Unconstrained build operations Thread 34" [_thread_blocked, id=23972, stack(0x0000003d4b600000,0x0000003d4b700000)]
  0x00000221f28a84d0 JavaThread "Unconstrained build operations Thread 35" [_thread_blocked, id=12456, stack(0x0000003d4b700000,0x0000003d4b800000)]
  0x00000221f28a75a0 JavaThread "Unconstrained build operations Thread 36" [_thread_blocked, id=17272, stack(0x0000003d4b800000,0x0000003d4b900000)]
  0x00000221f28a89e0 JavaThread "Unconstrained build operations Thread 37" [_thread_blocked, id=25292, stack(0x0000003d4b900000,0x0000003d4ba00000)]
  0x00000221f28a5230 JavaThread "Unconstrained build operations Thread 38" [_thread_blocked, id=11676, stack(0x0000003d4ba00000,0x0000003d4bb00000)]
  0x00000221f28a7ab0 JavaThread "Unconstrained build operations Thread 39" [_thread_blocked, id=28344, stack(0x0000003d4bb00000,0x0000003d4bc00000)]
  0x00000221f28a6b80 JavaThread "build event listener" [_thread_blocked, id=3148, stack(0x0000003d49a00000,0x0000003d49b00000)]
  0x00000221f28a7fc0 JavaThread "Memory manager" [_thread_blocked, id=26816, stack(0x0000003d49500000,0x0000003d49600000)]
  0x00000221f4b6d150 JavaThread "ForkJoinPool.commonPool-worker-1" daemon [_thread_blocked, id=27492, stack(0x0000003d4c000000,0x0000003d4c100000)]
  0x00000221f4b6c730 JavaThread "ForkJoinPool.commonPool-worker-2" daemon [_thread_blocked, id=25784, stack(0x0000003d4c100000,0x0000003d4c200000)]
  0x00000221f4b6a8d0 JavaThread "ForkJoinPool.commonPool-worker-3" daemon [_thread_blocked, id=25556, stack(0x0000003d4c200000,0x0000003d4c300000)]
  0x00000221f4b699a0 JavaThread "ForkJoinPool.commonPool-worker-4" daemon [_thread_blocked, id=27084, stack(0x0000003d4c300000,0x0000003d4c400000)]
  0x00000221f4b6d660 JavaThread "ForkJoinPool.commonPool-worker-5" daemon [_thread_blocked, id=27736, stack(0x0000003d4c400000,0x0000003d4c500000)]
  0x00000221f4b69eb0 JavaThread "ForkJoinPool.commonPool-worker-6" daemon [_thread_blocked, id=21924, stack(0x0000003d4c500000,0x0000003d4c600000)]
  0x00000221f4b6db70 JavaThread "ForkJoinPool.commonPool-worker-7" daemon [_thread_blocked, id=10540, stack(0x0000003d4c600000,0x0000003d4c700000)]
  0x00000221f4b6ade0 JavaThread "ForkJoinPool.commonPool-worker-8" daemon [_thread_blocked, id=21052, stack(0x0000003d4c700000,0x0000003d4c800000)]
  0x00000221f4b6e080 JavaThread "ForkJoinPool.commonPool-worker-9" daemon [_thread_blocked, id=18276, stack(0x0000003d4c800000,0x0000003d4c900000)]
  0x00000221f4b6b800 JavaThread "ForkJoinPool.commonPool-worker-10" daemon [_thread_blocked, id=5504, stack(0x0000003d4c900000,0x0000003d4ca00000)]
  0x00000221f4b6e590 JavaThread "ForkJoinPool.commonPool-worker-11" daemon [_thread_blocked, id=28068, stack(0x0000003d4ca00000,0x0000003d4cb00000)]
  0x00000221f4b6bd10 JavaThread "included builds" [_thread_in_vm, id=28416, stack(0x0000003d4bd00000,0x0000003d4be00000)]
  0x00000221f4b6f9d0 JavaThread "Execution worker" [_thread_blocked, id=25932, stack(0x0000003d4ce00000,0x0000003d4cf00000)]
  0x00000221f4b6fee0 JavaThread "Execution worker Thread 2" [_thread_blocked, id=19188, stack(0x0000003d4cf00000,0x0000003d4d000000)]
  0x00000221f4b703f0 JavaThread "Execution worker Thread 3" [_thread_blocked, id=19312, stack(0x0000003d4d000000,0x0000003d4d100000)]
  0x00000221f4b70900 JavaThread "Execution worker Thread 4" [_thread_blocked, id=16980, stack(0x0000003d4d100000,0x0000003d4d200000)]
  0x00000221f4b70e10 JavaThread "Execution worker Thread 5" [_thread_blocked, id=28408, stack(0x0000003d4d200000,0x0000003d4d300000)]
  0x00000221f4b71320 JavaThread "Execution worker Thread 6" [_thread_blocked, id=25604, stack(0x0000003d4d300000,0x0000003d4d400000)]
  0x00000221f4fd3060 JavaThread "Execution worker Thread 7" [_thread_blocked, id=18328, stack(0x0000003d4d400000,0x0000003d4d500000)]
  0x00000221f4fd44a0 JavaThread "Execution worker Thread 8" [_thread_blocked, id=4428, stack(0x0000003d4d500000,0x0000003d4d600000)]
  0x00000221f4fd3570 JavaThread "Execution worker Thread 9" [_thread_blocked, id=14100, stack(0x0000003d4d600000,0x0000003d4d700000)]
  0x00000221f4fd0cf0 JavaThread "Execution worker Thread 10" [_thread_blocked, id=13112, stack(0x0000003d4d700000,0x0000003d4d800000)]
  0x00000221f4fd2130 JavaThread "Execution worker Thread 11" [_thread_blocked, id=15224, stack(0x0000003d4d800000,0x0000003d4d900000)]
  0x00000221f4fd3a80 JavaThread "Cache worker for execution history cache (D:\apps\caltims mobile app\frontend\node_modules\@react-native\gradle-plugin\.gradle\9.0.0\executionHistory)" [_thread_blocked, id=28612, stack(0x0000003d4d900000,0x0000003d4da00000)]
  0x00000221f4fd1c20 JavaThread "Unconstrained build operations Thread 40" [_thread_blocked, id=10288, stack(0x0000003d4da00000,0x0000003d4db00000)]
  0x00000221f4fd2640 JavaThread "Unconstrained build operations Thread 41" [_thread_blocked, id=17304, stack(0x0000003d4db00000,0x0000003d4dc00000)]
  0x00000221f4fd1710 JavaThread "Unconstrained build operations Thread 42" [_thread_blocked, id=5700, stack(0x0000003d4dc00000,0x0000003d4dd00000)]
  0x00000221f4fd3f90 JavaThread "Unconstrained build operations Thread 43" [_thread_blocked, id=22636, stack(0x0000003d4dd00000,0x0000003d4de00000)]
  0x00000221f4fd2b50 JavaThread "Unconstrained build operations Thread 44" [_thread_blocked, id=28464, stack(0x0000003d4de00000,0x0000003d4df00000)]
  0x00000221f4fd49b0 JavaThread "Unconstrained build operations Thread 45" [_thread_blocked, id=24176, stack(0x0000003d4df00000,0x0000003d4e000000)]
  0x00000221f4fd1200 JavaThread "Unconstrained build operations Thread 46" [_thread_blocked, id=17320, stack(0x0000003d4e000000,0x0000003d4e100000)]
  0x00000221f4fd4ec0 JavaThread "Unconstrained build operations Thread 47" [_thread_blocked, id=23280, stack(0x0000003d4e100000,0x0000003d4e200000)]
  0x00000221f4fd8670 JavaThread "Unconstrained build operations Thread 48" [_thread_blocked, id=1020, stack(0x0000003d4e200000,0x0000003d4e300000)]
  0x00000221f4fd53d0 JavaThread "Unconstrained build operations Thread 49" [_thread_blocked, id=22664, stack(0x0000003d4bc00000,0x0000003d4bd00000)]
  0x00000221f4fd6810 JavaThread "Unconstrained build operations Thread 50" [_thread_blocked, id=824, stack(0x0000003d4e300000,0x0000003d4e400000)]
  0x00000221f4fd58e0 JavaThread "Unconstrained build operations Thread 51" [_thread_blocked, id=20140, stack(0x0000003d4e400000,0x0000003d4e500000)]
  0x00000221f4fd6d20 JavaThread "Unconstrained build operations Thread 52" [_thread_blocked, id=25180, stack(0x0000003d4e500000,0x0000003d4e600000)]
  0x00000221f4fd7230 JavaThread "Unconstrained build operations Thread 53" [_thread_blocked, id=20868, stack(0x0000003d4e600000,0x0000003d4e700000)]
  0x00000221f4fd5df0 JavaThread "Unconstrained build operations Thread 54" [_thread_blocked, id=27356, stack(0x0000003d4e700000,0x0000003d4e800000)]
  0x00000221f4fd6300 JavaThread "Unconstrained build operations Thread 55" [_thread_blocked, id=5728, stack(0x0000003d4e800000,0x0000003d4e900000)]
  0x00000221f4fd7c50 JavaThread "Unconstrained build operations Thread 56" [_thread_blocked, id=16784, stack(0x0000003d4e900000,0x0000003d4ea00000)]
  0x00000221f4fd7740 JavaThread "Unconstrained build operations Thread 57" [_thread_blocked, id=15804, stack(0x0000003d4ea00000,0x0000003d4eb00000)]
  0x00000221f4fd8160 JavaThread "Unconstrained build operations Thread 58" [_thread_blocked, id=26228, stack(0x0000003d4eb00000,0x0000003d4ec00000)]
  0x00000221f2874d50 JavaThread "Unconstrained build operations Thread 59" [_thread_blocked, id=1320, stack(0x0000003d4ed00000,0x0000003d4ee00000)]
  0x00000221f28724d0 JavaThread "Unconstrained build operations Thread 60" [_thread_blocked, id=13492, stack(0x0000003d4ee00000,0x0000003d4ef00000)]
  0x00000221f2875260 JavaThread "Unconstrained build operations Thread 61" [_thread_blocked, id=13212, stack(0x0000003d4ef00000,0x0000003d4f000000)]
  0x00000221f2871ab0 JavaThread "Unconstrained build operations Thread 62" [_thread_blocked, id=13876, stack(0x0000003d4f000000,0x0000003d4f100000)]
  0x00000221f2873e20 JavaThread "Unconstrained build operations Thread 63" [_thread_blocked, id=24232, stack(0x0000003d4f100000,0x0000003d4f200000)]
  0x00000221f2871fc0 JavaThread "Unconstrained build operations Thread 64" [_thread_blocked, id=8952, stack(0x0000003d4f200000,0x0000003d4f300000)]
  0x00000221f2875770 JavaThread "Unconstrained build operations Thread 65" [_thread_blocked, id=17312, stack(0x0000003d4f300000,0x0000003d4f400000)]
  0x00000221f2875c80 JavaThread "Unconstrained build operations Thread 66" [_thread_blocked, id=12604, stack(0x0000003d4f400000,0x0000003d4f500000)]
  0x00000221f2874840 JavaThread "Unconstrained build operations Thread 67" [_thread_blocked, id=9456, stack(0x0000003d4f500000,0x0000003d4f600000)]
  0x00000221f2876190 JavaThread "Unconstrained build operations Thread 68" [_thread_blocked, id=24456, stack(0x0000003d4f600000,0x0000003d4f700000)]
  0x00000221f28729e0 JavaThread "Unconstrained build operations Thread 69" [_thread_blocked, id=2392, stack(0x0000003d4f700000,0x0000003d4f800000)]
  0x00000221f2873400 JavaThread "Unconstrained build operations Thread 70" [_thread_blocked, id=20584, stack(0x0000003d4f800000,0x0000003d4f900000)]
  0x00000221f2874330 JavaThread "Unconstrained build operations Thread 71" [_thread_blocked, id=24088, stack(0x0000003d4f900000,0x0000003d4fa00000)]
  0x00000221f2872ef0 JavaThread "Unconstrained build operations Thread 72" [_thread_blocked, id=2336, stack(0x0000003d4fa00000,0x0000003d4fb00000)]
  0x00000221f2878a10 JavaThread "Unconstrained build operations Thread 73" [_thread_blocked, id=7264, stack(0x0000003d4fb00000,0x0000003d4fc00000)]
  0x00000221f2879430 JavaThread "Unconstrained build operations Thread 74" [_thread_blocked, id=624, stack(0x0000003d4fc00000,0x0000003d4fd00000)]
  0x00000221f2878500 JavaThread "Unconstrained build operations Thread 75" [_thread_blocked, id=24052, stack(0x0000003d4fd00000,0x0000003d4fe00000)]
  0x00000221f2877ff0 JavaThread "Unconstrained build operations Thread 76" [_thread_blocked, id=1836, stack(0x0000003d4fe00000,0x0000003d4ff00000)]
  0x00000221f2878f20 JavaThread "Unconstrained build operations Thread 77" [_thread_blocked, id=17808, stack(0x0000003d4ff00000,0x0000003d50000000)]
  0x00000221f28766a0 JavaThread "Unconstrained build operations Thread 78" [_thread_blocked, id=24472, stack(0x0000003d50000000,0x0000003d50100000)]
  0x00000221f2876bb0 JavaThread "Unconstrained build operations Thread 79" [_thread_blocked, id=11520, stack(0x0000003d50100000,0x0000003d50200000)]
  0x00000221f28770c0 JavaThread "Unconstrained build operations Thread 80" [_thread_blocked, id=20892, stack(0x0000003d50200000,0x0000003d50300000)]
  0x00000221f28775d0 JavaThread "Unconstrained build operations Thread 81" [_thread_blocked, id=19076, stack(0x0000003d50300000,0x0000003d50400000)]
  0x00000221f2877ae0 JavaThread "Unconstrained build operations Thread 82" [_thread_blocked, id=7024, stack(0x0000003d50400000,0x0000003d50500000)]
  0x00000221f5f35d90 JavaThread "Unconstrained build operations Thread 83" [_thread_blocked, id=10408, stack(0x0000003d50500000,0x0000003d50600000)]
  0x00000221f5f37bf0 JavaThread "Unconstrained build operations Thread 84" [_thread_blocked, id=2696, stack(0x0000003d50600000,0x0000003d50700000)]
  0x00000221f5f38100 JavaThread "Unconstrained build operations Thread 85" [_thread_blocked, id=8000, stack(0x0000003d50700000,0x0000003d50800000)]
  0x00000221f5f362a0 JavaThread "Unconstrained build operations Thread 86" [_thread_blocked, id=21376, stack(0x0000003d50800000,0x0000003d50900000)]
  0x00000221f5f38610 JavaThread "Unconstrained build operations Thread 87" [_thread_blocked, id=11244, stack(0x0000003d50900000,0x0000003d50a00000)]
  0x00000221f5f35370 JavaThread "Unconstrained build operations Thread 88" [_thread_blocked, id=25916, stack(0x0000003d50a00000,0x0000003d50b00000)]
  0x00000221f5f376e0 JavaThread "Unconstrained build operations Thread 89" [_thread_blocked, id=19748, stack(0x0000003d50b00000,0x0000003d50c00000)]
  0x00000221f5f367b0 JavaThread "Unconstrained build operations Thread 90" [_thread_blocked, id=26084, stack(0x0000003d50c00000,0x0000003d50d00000)]
  0x00000221f5f371d0 JavaThread "Unconstrained build operations Thread 91" [_thread_blocked, id=19028, stack(0x0000003d50d00000,0x0000003d50e00000)]
  0x00000221f5f36cc0 JavaThread "Unconstrained build operations Thread 92" [_thread_blocked, id=18372, stack(0x0000003d50e00000,0x0000003d50f00000)]
  0x00000221f5f34e60 JavaThread "Unconstrained build operations Thread 93" [_thread_blocked, id=13216, stack(0x0000003d50f00000,0x0000003d51000000)]
  0x00000221f5f38b20 JavaThread "Unconstrained build operations Thread 94" [_thread_blocked, id=18816, stack(0x0000003d51000000,0x0000003d51100000)]
  0x00000221f5f3b3a0 JavaThread "Unconstrained build operations Thread 95" [_thread_blocked, id=1856, stack(0x0000003d51100000,0x0000003d51200000)]
  0x00000221f5f35880 JavaThread "Unconstrained build operations Thread 96" [_thread_blocked, id=27568, stack(0x0000003d51200000,0x0000003d51300000)]
  0x00000221f5f39030 JavaThread "Unconstrained build operations Thread 97" [_thread_blocked, id=26364, stack(0x0000003d51300000,0x0000003d51400000)]
  0x00000221f5f3a470 JavaThread "Unconstrained build operations Thread 98" [_thread_blocked, id=8412, stack(0x0000003d51400000,0x0000003d51500000)]
  0x00000221f5f39540 JavaThread "Unconstrained build operations Thread 99" [_thread_blocked, id=26236, stack(0x0000003d51500000,0x0000003d51600000)]
  0x00000221f5f39a50 JavaThread "Unconstrained build operations Thread 100" [_thread_blocked, id=18528, stack(0x0000003d51600000,0x0000003d51700000)]
  0x00000221f5f3c2d0 JavaThread "Unconstrained build operations Thread 101" [_thread_blocked, id=9988, stack(0x0000003d51700000,0x0000003d51800000)]
  0x00000221f5f3ae90 JavaThread "Unconstrained build operations Thread 102" [_thread_blocked, id=18768, stack(0x0000003d51800000,0x0000003d51900000)]
  0x00000221f5f3b8b0 JavaThread "Unconstrained build operations Thread 103" [_thread_blocked, id=20152, stack(0x0000003d51900000,0x0000003d51a00000)]
  0x00000221f5f39f60 JavaThread "Unconstrained build operations Thread 104" [_thread_blocked, id=21880, stack(0x0000003d51a00000,0x0000003d51b00000)]
  0x00000221f5f3a980 JavaThread "Unconstrained build operations Thread 105" [_thread_blocked, id=22296, stack(0x0000003d51b00000,0x0000003d51c00000)]
  0x00000221f5f3bdc0 JavaThread "Unconstrained build operations Thread 106" [_thread_blocked, id=16916, stack(0x0000003d51c00000,0x0000003d51d00000)]
  0x00000221f5f3c7e0 JavaThread "Unconstrained build operations Thread 107" [_thread_blocked, id=9764, stack(0x0000003d51d00000,0x0000003d51e00000)]
  0x00000221f0276930 JavaThread "Unconstrained build operations Thread 108" [_thread_blocked, id=26792, stack(0x0000003d51e00000,0x0000003d51f00000)]
  0x00000221f0276e40 JavaThread "Unconstrained build operations Thread 109" [_thread_blocked, id=24880, stack(0x0000003d51f00000,0x0000003d52000000)]
  0x00000221f0275a00 JavaThread "Unconstrained build operations Thread 110" [_thread_blocked, id=28256, stack(0x0000003d52000000,0x0000003d52100000)]
  0x00000221f0277350 JavaThread "Unconstrained build operations Thread 111" [_thread_blocked, id=5704, stack(0x0000003d52100000,0x0000003d52200000)]
  0x00000221f0277860 JavaThread "Unconstrained build operations Thread 112" [_thread_blocked, id=26840, stack(0x0000003d52200000,0x0000003d52300000)]
  0x00000221f0277d70 JavaThread "jar transforms Thread 2" [_thread_blocked, id=17724, stack(0x0000003d4ec00000,0x0000003d4ed00000)]
  0x00000221f0278790 JavaThread "jar transforms Thread 3" [_thread_blocked, id=7844, stack(0x0000003d52400000,0x0000003d52500000)]
  0x00000221f0278280 JavaThread "Unconstrained build operations Thread 113" [_thread_blocked, id=27564, stack(0x0000003d52500000,0x0000003d52600000)]
  0x00000221f02796c0 JavaThread "Unconstrained build operations Thread 114" [_thread_blocked, id=9796, stack(0x0000003d52600000,0x0000003d52700000)]
  0x00000221f02791b0 JavaThread "Unconstrained build operations Thread 115" [_thread_blocked, id=10916, stack(0x0000003d52700000,0x0000003d52800000)]
  0x00000221f0275f10 JavaThread "Unconstrained build operations Thread 116" [_thread_blocked, id=27396, stack(0x0000003d52800000,0x0000003d52900000)]
  0x00000221f0279bd0 JavaThread "Unconstrained build operations Thread 117" [_thread_blocked, id=18060, stack(0x0000003d52900000,0x0000003d52a00000)]
  0x00000221f0276420 JavaThread "Unconstrained build operations Thread 118" [_thread_blocked, id=26956, stack(0x0000003d52a00000,0x0000003d52b00000)]
  0x00000221f027bf40 JavaThread "Unconstrained build operations Thread 119" [_thread_blocked, id=18716, stack(0x0000003d52b00000,0x0000003d52c00000)]
  0x00000221f027d380 JavaThread "Unconstrained build operations Thread 120" [_thread_blocked, id=12220, stack(0x0000003d52c00000,0x0000003d52d00000)]
  0x00000221f027a0e0 JavaThread "jar transforms Thread 4" [_thread_blocked, id=11696, stack(0x0000003d52e00000,0x0000003d52f00000)]
  0x00000221f027a5f0 JavaThread "jar transforms Thread 5" [_thread_blocked, id=26552, stack(0x0000003d52d00000,0x0000003d52e00000)]
  0x00000221f027c450 JavaThread "jar transforms Thread 6" [_thread_blocked, id=20708, stack(0x0000003d52f00000,0x0000003d53000000)]
=>0x00000221f3dc87d0 JavaThread "build event listener" [_thread_in_vm, id=13064, stack(0x0000003d52300000,0x0000003d52400000)]
  0x00000221f3dcba70 JavaThread "Problems report writer" [_thread_blocked, id=7652, stack(0x0000003d45c00000,0x0000003d45d00000)]
  0x00000221f3dca120 JavaThread "jar transforms Thread 7" [_thread_blocked, id=11368, stack(0x0000003d53000000,0x0000003d53100000)]
  0x00000221f3dcceb0 JavaThread "jar transforms Thread 8" [_thread_blocked, id=6212, stack(0x0000003d53100000,0x0000003d53200000)]
  0x00000221f3dcd8d0 JavaThread "jar transforms Thread 9" [_thread_blocked, id=22900, stack(0x0000003d53200000,0x0000003d53300000)]
  0x00000221f3dcc490 JavaThread "jar transforms Thread 10" [_thread_blocked, id=9532, stack(0x0000003d53300000,0x0000003d53400000)]
  0x00000221f3dcd3c0 JavaThread "jar transforms Thread 11" [_thread_blocked, id=12592, stack(0x0000003d53400000,0x0000003d53500000)]
  0x00000221f3dca630 JavaThread "jar transforms Thread 12" [_thread_blocked, id=24892, stack(0x0000003d45b00000,0x0000003d45c00000)]
  0x00000221fe1194e0 JavaThread "Cache worker for execution history cache (D:\apps\caltims mobile app\frontend\android\.gradle\9.0.0\executionHistory)" [_thread_blocked, id=2376, stack(0x0000003d4cb00000,0x0000003d4cc00000)]
  0x00000221fe11d1a0 JavaThread "WorkerExecutor Queue" [_thread_blocked, id=19412, stack(0x0000003d53500000,0x0000003d53600000)]
  0x00000221fe11d6b0 JavaThread "WorkerExecutor Queue Thread 2" [_thread_blocked, id=7548, stack(0x0000003d53700000,0x0000003d53800000)]
  0x00000221fe11dbc0 JavaThread "WorkerExecutor Queue Thread 3" [_thread_blocked, id=25192, stack(0x0000003d53800000,0x0000003d53900000)]
  0x00000221fe11a410 JavaThread "WorkerExecutor Queue Thread 4" [_thread_blocked, id=26800, stack(0x0000003d53900000,0x0000003d53a00000)]
  0x00000221fe11e0d0 JavaThread "WorkerExecutor Queue Thread 5" [_thread_blocked, id=13988, stack(0x0000003d53a00000,0x0000003d53b00000)]
  0x00000221fe11ae30 JavaThread "WorkerExecutor Queue Thread 6" [_thread_blocked, id=7208, stack(0x0000003d53b00000,0x0000003d53c00000)]
  0x00000221fe11e5e0 JavaThread "WorkerExecutor Queue Thread 7" [_thread_blocked, id=12040, stack(0x0000003d53c00000,0x0000003d53d00000)]
  0x00000221fe11f000 JavaThread "WorkerExecutor Queue Thread 8" [_thread_blocked, id=14456, stack(0x0000003d53d00000,0x0000003d53e00000)]
  0x00000221fe11bd60 JavaThread "WorkerExecutor Queue Thread 9" [_thread_blocked, id=3108, stack(0x0000003d53e00000,0x0000003d53f00000)]
  0x00000221fe11fa20 JavaThread "WorkerExecutor Queue Thread 10" [_thread_blocked, id=14504, stack(0x0000003d53f00000,0x0000003d54000000)]
  0x00000221fe11f510 JavaThread "WorkerExecutor Queue Thread 11" [_thread_blocked, id=7984, stack(0x0000003d54000000,0x0000003d54100000)]
  0x00000221fe11c270 JavaThread "WorkerExecutor Queue Thread 12" [_thread_blocked, id=14096, stack(0x0000003d54100000,0x0000003d54200000)]
  0x00000221fe122cc0 JavaThread "pool-3-thread-1" [_thread_blocked, id=5776, stack(0x0000003d54300000,0x0000003d54400000)]
  0x00000221fe1231d0 JavaThread "stderr" [_thread_in_native, id=26984, stack(0x0000003d54400000,0x0000003d54500000)]
  0x00000221fe1236e0 JavaThread "stdout" [_thread_in_native, id=28128, stack(0x0000003d54500000,0x0000003d54600000)]

Other Threads:
  0x00000221eaa42010 VMThread "VM Thread" [stack: 0x0000003d46300000,0x0000003d46400000] [id=18600]
  0x00000221cd3a6890 WatcherThread [stack: 0x0000003d46f00000,0x0000003d47000000] [id=23432]
  0x00000221cd3f4bb0 GCTaskThread "GC Thread#0" [stack: 0x0000003d45e00000,0x0000003d45f00000] [id=2356]
  0x00000221ef2e9c80 GCTaskThread "GC Thread#1" [stack: 0x0000003d47200000,0x0000003d47300000] [id=3844]
  0x00000221ef1007a0 GCTaskThread "GC Thread#2" [stack: 0x0000003d47300000,0x0000003d47400000] [id=19468]
  0x00000221ef10aae0 GCTaskThread "GC Thread#3" [stack: 0x0000003d47400000,0x0000003d47500000] [id=28608]
  0x00000221ef10ada0 GCTaskThread "GC Thread#4" [stack: 0x0000003d47500000,0x0000003d47600000] [id=11932]
  0x00000221ef4aeee0 GCTaskThread "GC Thread#5" [stack: 0x0000003d47600000,0x0000003d47700000] [id=3700]
  0x00000221f0b6b260 GCTaskThread "GC Thread#6" [stack: 0x0000003d48400000,0x0000003d48500000] [id=18064]
  0x00000221f0b6a4a0 GCTaskThread "GC Thread#7" [stack: 0x0000003d48500000,0x0000003d48600000] [id=1168]
  0x00000221f0b6afa0 GCTaskThread "GC Thread#8" [stack: 0x0000003d48600000,0x0000003d48700000] [id=18616]
  0x00000221f0b6a760 GCTaskThread "GC Thread#9" [stack: 0x0000003d48700000,0x0000003d48800000] [id=25116]
  0x00000221cb05cfe0 ConcurrentGCThread "G1 Main Marker" [stack: 0x0000003d45f00000,0x0000003d46000000] [id=1692]
  0x00000221cb05e5e0 ConcurrentGCThread "G1 Conc#0" [stack: 0x0000003d46000000,0x0000003d46100000] [id=27248]
  0x00000221f0b6a1e0 ConcurrentGCThread "G1 Conc#1" [stack: 0x0000003d48800000,0x0000003d48900000] [id=17344]
  0x00000221f0b6aa20 ConcurrentGCThread "G1 Conc#2" [stack: 0x0000003d48900000,0x0000003d48a00000] [id=14348]
  0x00000221cd44d870 ConcurrentGCThread "G1 Refine#0" [stack: 0x0000003d46100000,0x0000003d46200000] [id=17928]
  0x00000221f4f0df10 ConcurrentGCThread "G1 Refine#1" [stack: 0x0000003d53600000,0x0000003d53700000] [id=8972]
  0x00000221f2285200 ConcurrentGCThread "G1 Refine#2" [stack: 0x0000003d4cd00000,0x0000003d4ce00000] [id=20324]
  0x00000221cd44e050 ConcurrentGCThread "G1 Service" [stack: 0x0000003d46200000,0x0000003d46300000] [id=3112]

Threads with active compile tasks:

VM state: not at safepoint (normal execution)

VM Mutex/Monitor currently owned by a thread:  ([mutex/lock_event])
[0x00000221cd3a2d90] Metaspace_lock - owner thread: 0x00000221f3dc87d0

Heap address: 0x00000000a0000000, size: 1536 MB, Compressed Oops mode: 32-bit

CDS archive(s) mapped at: [0x0000022180000000-0x0000022180bb0000-0x0000022180bb0000), size 12255232, SharedBaseAddress: 0x0000022180000000, ArchiveRelocationMode: 1.
Compressed class space mapped at: 0x0000022181000000-0x000002219b000000, reserved size: 436207616
Narrow klass base: 0x0000022180000000, Narrow klass shift: 0, Narrow klass range: 0x100000000

GC Precious Log:
 CPUs: 12 total, 12 available
 Memory: 16068M
 Large Page Support: Disabled
 NUMA Support: Disabled
 Compressed Oops: Enabled (32-bit)
 Heap Region Size: 1M
 Heap Min Capacity: 8M
 Heap Initial Capacity: 252M
 Heap Max Capacity: 1536M
 Pre-touch: Disabled
 Parallel Workers: 10
 Concurrent Workers: 3
 Concurrent Refinement Workers: 10
 Periodic GC: Disabled

Heap:
 garbage-first heap   total 742400K, used 455707K [0x00000000a0000000, 0x0000000100000000)
  region size 1024K, 17 young (17408K), 2 survivors (2048K)
 Metaspace       used 129446K, committed 131520K, reserved 557056K
  class space    used 17589K, committed 18624K, reserved 425984K

Heap Regions: E=young(eden), S=young(survivor), O=old, HS=humongous(starts), HC=humongous(continues), CS=collection set, F=free, OA=open archive, CA=closed archive, TAMS=top-at-mark-start (previous, next)
|   0|0x00000000a0000000, 0x00000000a0100000, 0x00000000a0100000|100%|HS|  |TAMS 0x00000000a0100000, 0x00000000a0000000| Complete 
|   1|0x00000000a0100000, 0x00000000a0200000, 0x00000000a0200000|100%|HC|  |TAMS 0x00000000a0200000, 0x00000000a0100000| Complete 
|   2|0x00000000a0200000, 0x00000000a0300000, 0x00000000a0300000|100%|HC|  |TAMS 0x00000000a0300000, 0x00000000a0200000| Complete 
|   3|0x00000000a0300000, 0x00000000a0400000, 0x00000000a0400000|100%| O|  |TAMS 0x00000000a0400000, 0x00000000a0300000| Untracked 
|   4|0x00000000a0400000, 0x00000000a0500000, 0x00000000a0500000|100%| O|  |TAMS 0x00000000a0500000, 0x00000000a0400000| Untracked 
|   5|0x00000000a0500000, 0x00000000a0600000, 0x00000000a0600000|100%| O|  |TAMS 0x00000000a0600000, 0x00000000a0500000| Untracked 
|   6|0x00000000a0600000, 0x00000000a0700000, 0x00000000a0700000|100%|HS|  |TAMS 0x00000000a0700000, 0x00000000a0600000| Complete 
|   7|0x00000000a0700000, 0x00000000a0800000, 0x00000000a0800000|100%| O|  |TAMS 0x00000000a0800000, 0x00000000a0700000| Untracked 
|   8|0x00000000a0800000, 0x00000000a0900000, 0x00000000a0900000|100%| O|  |TAMS 0x00000000a0900000, 0x00000000a0800000| Untracked 
|   9|0x00000000a0900000, 0x00000000a0a00000, 0x00000000a0a00000|100%| O|  |TAMS 0x00000000a0a00000, 0x00000000a0900000| Untracked 
|  10|0x00000000a0a00000, 0x00000000a0b00000, 0x00000000a0b00000|100%| O|  |TAMS 0x00000000a0b00000, 0x00000000a0a00000| Untracked 
|  11|0x00000000a0b00000, 0x00000000a0c00000, 0x00000000a0c00000|100%| O|  |TAMS 0x00000000a0c00000, 0x00000000a0b00000| Untracked 
|  12|0x00000000a0c00000, 0x00000000a0d00000, 0x00000000a0d00000|100%| O|  |TAMS 0x00000000a0d00000, 0x00000000a0c00000| Untracked 
|  13|0x00000000a0d00000, 0x00000000a0e00000, 0x00000000a0e00000|100%| O|  |TAMS 0x00000000a0e00000, 0x00000000a0d00000| Untracked 
|  14|0x00000000a0e00000, 0x00000000a0f00000, 0x00000000a0f00000|100%| O|  |TAMS 0x00000000a0f00000, 0x00000000a0e00000| Untracked 
|  15|0x00000000a0f00000, 0x00000000a1000000, 0x00000000a1000000|100%| O|  |TAMS 0x00000000a1000000, 0x00000000a0f00000| Untracked 
|  16|0x00000000a1000000, 0x00000000a1100000, 0x00000000a1100000|100%| O|  |TAMS 0x00000000a1100000, 0x00000000a1000000| Untracked 
|  17|0x00000000a1100000, 0x00000000a1200000, 0x00000000a1200000|100%| O|  |TAMS 0x00000000a1200000, 0x00000000a1100000| Untracked 
|  18|0x00000000a1200000, 0x00000000a1300000, 0x00000000a1300000|100%| O|  |TAMS 0x00000000a1300000, 0x00000000a1200000| Untracked 
|  19|0x00000000a1300000, 0x00000000a1400000, 0x00000000a1400000|100%| O|  |TAMS 0x00000000a1400000, 0x00000000a1300000| Untracked 
|  20|0x00000000a1400000, 0x00000000a1500000, 0x00000000a1500000|100%| O|  |TAMS 0x00000000a1500000, 0x00000000a1400000| Untracked 
|  21|0x00000000a1500000, 0x00000000a1600000, 0x00000000a1600000|100%| O|  |TAMS 0x00000000a1600000, 0x00000000a1500000| Untracked 
|  22|0x00000000a1600000, 0x00000000a1700000, 0x00000000a1700000|100%| O|  |TAMS 0x00000000a1700000, 0x00000000a1600000| Untracked 
|  23|0x00000000a1700000, 0x00000000a1800000, 0x00000000a1800000|100%| O|  |TAMS 0x00000000a1800000, 0x00000000a1700000| Untracked 
|  24|0x00000000a1800000, 0x00000000a1900000, 0x00000000a1900000|100%| O|  |TAMS 0x00000000a1900000, 0x00000000a1800000| Untracked 
|  25|0x00000000a1900000, 0x00000000a1a00000, 0x00000000a1a00000|100%| O|  |TAMS 0x00000000a1a00000, 0x00000000a1900000| Untracked 
|  26|0x00000000a1a00000, 0x00000000a1b00000, 0x00000000a1b00000|100%| O|  |TAMS 0x00000000a1b00000, 0x00000000a1a00000| Untracked 
|  27|0x00000000a1b00000, 0x00000000a1c00000, 0x00000000a1c00000|100%| O|  |TAMS 0x00000000a1c00000, 0x00000000a1b00000| Untracked 
|  28|0x00000000a1c00000, 0x00000000a1d00000, 0x00000000a1d00000|100%| O|  |TAMS 0x00000000a1d00000, 0x00000000a1c00000| Untracked 
|  29|0x00000000a1d00000, 0x00000000a1e00000, 0x00000000a1e00000|100%| O|  |TAMS 0x00000000a1e00000, 0x00000000a1d00000| Untracked 
|  30|0x00000000a1e00000, 0x00000000a1f00000, 0x00000000a1f00000|100%| O|  |TAMS 0x00000000a1f00000, 0x00000000a1e00000| Untracked 
|  31|0x00000000a1f00000, 0x00000000a2000000, 0x00000000a2000000|100%| O|  |TAMS 0x00000000a2000000, 0x00000000a1f00000| Untracked 
|  32|0x00000000a2000000, 0x00000000a2100000, 0x00000000a2100000|100%| O|  |TAMS 0x00000000a2100000, 0x00000000a2000000| Untracked 
|  33|0x00000000a2100000, 0x00000000a2200000, 0x00000000a2200000|100%| O|  |TAMS 0x00000000a2200000, 0x00000000a2100000| Untracked 
|  34|0x00000000a2200000, 0x00000000a2300000, 0x00000000a2300000|100%|HS|  |TAMS 0x00000000a2300000, 0x00000000a2200000| Complete 
|  35|0x00000000a2300000, 0x00000000a2400000, 0x00000000a2400000|100%| O|  |TAMS 0x00000000a2400000, 0x00000000a2300000| Untracked 
|  36|0x00000000a2400000, 0x00000000a2500000, 0x00000000a2500000|100%|HS|  |TAMS 0x00000000a2500000, 0x00000000a2400000| Complete 
|  37|0x00000000a2500000, 0x00000000a2600000, 0x00000000a2600000|100%| O|  |TAMS 0x00000000a2600000, 0x00000000a2500000| Untracked 
|  38|0x00000000a2600000, 0x00000000a2700000, 0x00000000a2700000|100%| O|  |TAMS 0x00000000a2700000, 0x00000000a2600000| Untracked 
|  39|0x00000000a2700000, 0x00000000a2800000, 0x00000000a2800000|100%| O|  |TAMS 0x00000000a2800000, 0x00000000a2700000| Untracked 
|  40|0x00000000a2800000, 0x00000000a2900000, 0x00000000a2900000|100%| O|  |TAMS 0x00000000a2900000, 0x00000000a2800000| Untracked 
|  41|0x00000000a2900000, 0x00000000a2a00000, 0x00000000a2a00000|100%| O|  |TAMS 0x00000000a2a00000, 0x00000000a2900000| Complete 
|  42|0x00000000a2a00000, 0x00000000a2b00000, 0x00000000a2b00000|100%| O|  |TAMS 0x00000000a2b00000, 0x00000000a2a00000| Untracked 
|  43|0x00000000a2b00000, 0x00000000a2c00000, 0x00000000a2c00000|100%| O|  |TAMS 0x00000000a2c00000, 0x00000000a2b00000| Untracked 
|  44|0x00000000a2c00000, 0x00000000a2d00000, 0x00000000a2d00000|100%|HS|  |TAMS 0x00000000a2d00000, 0x00000000a2c00000| Complete 
|  45|0x00000000a2d00000, 0x00000000a2e00000, 0x00000000a2e00000|100%|HC|  |TAMS 0x00000000a2e00000, 0x00000000a2d00000| Complete 
|  46|0x00000000a2e00000, 0x00000000a2f00000, 0x00000000a2f00000|100%|HC|  |TAMS 0x00000000a2f00000, 0x00000000a2e00000| Complete 
|  47|0x00000000a2f00000, 0x00000000a3000000, 0x00000000a3000000|100%|HS|  |TAMS 0x00000000a3000000, 0x00000000a2f00000| Complete 
|  48|0x00000000a3000000, 0x00000000a3100000, 0x00000000a3100000|100%|HC|  |TAMS 0x00000000a3100000, 0x00000000a3000000| Complete 
|  49|0x00000000a3100000, 0x00000000a3200000, 0x00000000a3200000|100%|HC|  |TAMS 0x00000000a3200000, 0x00000000a3100000| Complete 
|  50|0x00000000a3200000, 0x00000000a3300000, 0x00000000a3300000|100%| O|  |TAMS 0x00000000a3300000, 0x00000000a3200000| Untracked 
|  51|0x00000000a3300000, 0x00000000a3400000, 0x00000000a3400000|100%| O|  |TAMS 0x00000000a3400000, 0x00000000a3300000| Untracked 
|  52|0x00000000a3400000, 0x00000000a3500000, 0x00000000a3500000|100%| O|  |TAMS 0x00000000a3500000, 0x00000000a3400000| Untracked 
|  53|0x00000000a3500000, 0x00000000a3600000, 0x00000000a3600000|100%| O|  |TAMS 0x00000000a3600000, 0x00000000a3500000| Complete 
|  54|0x00000000a3600000, 0x00000000a3700000, 0x00000000a3700000|100%| O|  |TAMS 0x00000000a3700000, 0x00000000a3600000| Untracked 
|  55|0x00000000a3700000, 0x00000000a3800000, 0x00000000a3800000|100%| O|  |TAMS 0x00000000a3800000, 0x00000000a3700000| Untracked 
|  56|0x00000000a3800000, 0x00000000a3900000, 0x00000000a3900000|100%| O|  |TAMS 0x00000000a3900000, 0x00000000a3800000| Untracked 
|  57|0x00000000a3900000, 0x00000000a3a00000, 0x00000000a3a00000|100%| O|  |TAMS 0x00000000a3a00000, 0x00000000a3900000| Untracked 
|  58|0x00000000a3a00000, 0x00000000a3b00000, 0x00000000a3b00000|100%| O|  |TAMS 0x00000000a3b00000, 0x00000000a3a00000| Untracked 
|  59|0x00000000a3b00000, 0x00000000a3c00000, 0x00000000a3c00000|100%| O|  |TAMS 0x00000000a3c00000, 0x00000000a3b00000| Untracked 
|  60|0x00000000a3c00000, 0x00000000a3d00000, 0x00000000a3d00000|100%| O|  |TAMS 0x00000000a3d00000, 0x00000000a3c00000| Untracked 
|  61|0x00000000a3d00000, 0x00000000a3e00000, 0x00000000a3e00000|100%| O|  |TAMS 0x00000000a3e00000, 0x00000000a3d00000| Untracked 
|  62|0x00000000a3e00000, 0x00000000a3f00000, 0x00000000a3f00000|100%| O|  |TAMS 0x00000000a3f00000, 0x00000000a3e00000| Untracked 
|  63|0x00000000a3f00000, 0x00000000a4000000, 0x00000000a4000000|100%| O|  |TAMS 0x00000000a4000000, 0x00000000a3f00000| Untracked 
|  64|0x00000000a4000000, 0x00000000a4100000, 0x00000000a4100000|100%| O|  |TAMS 0x00000000a4100000, 0x00000000a4000000| Untracked 
|  65|0x00000000a4100000, 0x00000000a4200000, 0x00000000a4200000|100%| O|  |TAMS 0x00000000a4200000, 0x00000000a4100000| Untracked 
|  66|0x00000000a4200000, 0x00000000a4300000, 0x00000000a4300000|100%| O|  |TAMS 0x00000000a4300000, 0x00000000a4200000| Untracked 
|  67|0x00000000a4300000, 0x00000000a4400000, 0x00000000a4400000|100%| O|  |TAMS 0x00000000a4400000, 0x00000000a4300000| Untracked 
|  68|0x00000000a4400000, 0x00000000a4500000, 0x00000000a4500000|100%| O|  |TAMS 0x00000000a4500000, 0x00000000a4400000| Untracked 
|  69|0x00000000a4500000, 0x00000000a4600000, 0x00000000a4600000|100%| O|  |TAMS 0x00000000a4600000, 0x00000000a4500000| Untracked 
|  70|0x00000000a4600000, 0x00000000a4700000, 0x00000000a4700000|100%| O|  |TAMS 0x00000000a4700000, 0x00000000a4600000| Complete 
|  71|0x00000000a4700000, 0x00000000a4800000, 0x00000000a4800000|100%| O|  |TAMS 0x00000000a4800000, 0x00000000a4700000| Untracked 
|  72|0x00000000a4800000, 0x00000000a4900000, 0x00000000a4900000|100%|HS|  |TAMS 0x00000000a4900000, 0x00000000a4800000| Complete 
|  73|0x00000000a4900000, 0x00000000a4a00000, 0x00000000a4a00000|100%|HC|  |TAMS 0x00000000a4a00000, 0x00000000a4900000| Complete 
|  74|0x00000000a4a00000, 0x00000000a4b00000, 0x00000000a4b00000|100%| O|  |TAMS 0x00000000a4b00000, 0x00000000a4a00000| Untracked 
|  75|0x00000000a4b00000, 0x00000000a4c00000, 0x00000000a4c00000|100%| O|  |TAMS 0x00000000a4c00000, 0x00000000a4b00000| Untracked 
|  76|0x00000000a4c00000, 0x00000000a4d00000, 0x00000000a4d00000|100%| O|  |TAMS 0x00000000a4d00000, 0x00000000a4c00000| Untracked 
|  77|0x00000000a4d00000, 0x00000000a4e00000, 0x00000000a4e00000|100%| O|  |TAMS 0x00000000a4e00000, 0x00000000a4d00000| Untracked 
|  78|0x00000000a4e00000, 0x00000000a4f00000, 0x00000000a4f00000|100%| O|  |TAMS 0x00000000a4f00000, 0x00000000a4e00000| Untracked 
|  79|0x00000000a4f00000, 0x00000000a5000000, 0x00000000a5000000|100%| O|  |TAMS 0x00000000a5000000, 0x00000000a4f00000| Untracked 
|  80|0x00000000a5000000, 0x00000000a5100000, 0x00000000a5100000|100%| O|  |TAMS 0x00000000a5100000, 0x00000000a5000000| Untracked 
|  81|0x00000000a5100000, 0x00000000a5200000, 0x00000000a5200000|100%|HS|  |TAMS 0x00000000a5200000, 0x00000000a5100000| Complete 
|  82|0x00000000a5200000, 0x00000000a5300000, 0x00000000a5300000|100%|HS|  |TAMS 0x00000000a5300000, 0x00000000a5200000| Complete 
|  83|0x00000000a5300000, 0x00000000a5400000, 0x00000000a5400000|100%|HS|  |TAMS 0x00000000a5400000, 0x00000000a5300000| Complete 
|  84|0x00000000a5400000, 0x00000000a5500000, 0x00000000a5500000|100%|HS|  |TAMS 0x00000000a5500000, 0x00000000a5400000| Complete 
|  85|0x00000000a5500000, 0x00000000a5600000, 0x00000000a5600000|100%|HS|  |TAMS 0x00000000a5600000, 0x00000000a5500000| Complete 
|  86|0x00000000a5600000, 0x00000000a5700000, 0x00000000a5700000|100%|HS|  |TAMS 0x00000000a5700000, 0x00000000a5600000| Complete 
|  87|0x00000000a5700000, 0x00000000a5800000, 0x00000000a5800000|100%|HS|  |TAMS 0x00000000a5800000, 0x00000000a5700000| Complete 
|  88|0x00000000a5800000, 0x00000000a5900000, 0x00000000a5900000|100%|HC|  |TAMS 0x00000000a5900000, 0x00000000a5800000| Complete 
|  89|0x00000000a5900000, 0x00000000a5a00000, 0x00000000a5a00000|100%|HC|  |TAMS 0x00000000a5a00000, 0x00000000a5900000| Complete 
|  90|0x00000000a5a00000, 0x00000000a5b00000, 0x00000000a5b00000|100%| O|  |TAMS 0x00000000a5b00000, 0x00000000a5a00000| Untracked 
|  91|0x00000000a5b00000, 0x00000000a5c00000, 0x00000000a5c00000|100%|HS|  |TAMS 0x00000000a5c00000, 0x00000000a5b00000| Complete 
|  92|0x00000000a5c00000, 0x00000000a5d00000, 0x00000000a5d00000|100%| O|  |TAMS 0x00000000a5d00000, 0x00000000a5c00000| Untracked 
|  93|0x00000000a5d00000, 0x00000000a5e00000, 0x00000000a5e00000|100%| O|  |TAMS 0x00000000a5e00000, 0x00000000a5d00000| Untracked 
|  94|0x00000000a5e00000, 0x00000000a5f00000, 0x00000000a5f00000|100%| O|  |TAMS 0x00000000a5f00000, 0x00000000a5e00000| Untracked 
|  95|0x00000000a5f00000, 0x00000000a6000000, 0x00000000a6000000|100%| O|  |TAMS 0x00000000a6000000, 0x00000000a5f00000| Untracked 
|  96|0x00000000a6000000, 0x00000000a6100000, 0x00000000a6100000|100%| O|  |TAMS 0x00000000a6100000, 0x00000000a6000000| Untracked 
|  97|0x00000000a6100000, 0x00000000a6200000, 0x00000000a6200000|100%| O|  |TAMS 0x00000000a6200000, 0x00000000a6100000| Untracked 
|  98|0x00000000a6200000, 0x00000000a6300000, 0x00000000a6300000|100%| O|  |TAMS 0x00000000a6300000, 0x00000000a6200000| Untracked 
|  99|0x00000000a6300000, 0x00000000a6400000, 0x00000000a6400000|100%| O|  |TAMS 0x00000000a6400000, 0x00000000a6300000| Untracked 
| 100|0x00000000a6400000, 0x00000000a6500000, 0x00000000a6500000|100%| O|  |TAMS 0x00000000a6500000, 0x00000000a6400000| Untracked 
| 101|0x00000000a6500000, 0x00000000a6600000, 0x00000000a6600000|100%| O|  |TAMS 0x00000000a6600000, 0x00000000a6500000| Untracked 
| 102|0x00000000a6600000, 0x00000000a6700000, 0x00000000a6700000|100%| O|  |TAMS 0x00000000a6700000, 0x00000000a6600000| Untracked 
| 103|0x00000000a6700000, 0x00000000a6800000, 0x00000000a6800000|100%| O|  |TAMS 0x00000000a6800000, 0x00000000a6700000| Untracked 
| 104|0x00000000a6800000, 0x00000000a6900000, 0x00000000a6900000|100%| O|  |TAMS 0x00000000a6900000, 0x00000000a6800000| Untracked 
| 105|0x00000000a6900000, 0x00000000a6a00000, 0x00000000a6a00000|100%| O|  |TAMS 0x00000000a6a00000, 0x00000000a6900000| Untracked 
| 106|0x00000000a6a00000, 0x00000000a6b00000, 0x00000000a6b00000|100%| O|  |TAMS 0x00000000a6b00000, 0x00000000a6a00000| Untracked 
| 107|0x00000000a6b00000, 0x00000000a6c00000, 0x00000000a6c00000|100%| O|  |TAMS 0x00000000a6c00000, 0x00000000a6b00000| Untracked 
| 108|0x00000000a6c00000, 0x00000000a6d00000, 0x00000000a6d00000|100%| O|  |TAMS 0x00000000a6d00000, 0x00000000a6c00000| Untracked 
| 109|0x00000000a6d00000, 0x00000000a6e00000, 0x00000000a6e00000|100%| O|  |TAMS 0x00000000a6e00000, 0x00000000a6d00000| Untracked 
| 110|0x00000000a6e00000, 0x00000000a6f00000, 0x00000000a6f00000|100%| O|  |TAMS 0x00000000a6f00000, 0x00000000a6e00000| Untracked 
| 111|0x00000000a6f00000, 0x00000000a7000000, 0x00000000a7000000|100%| O|  |TAMS 0x00000000a7000000, 0x00000000a6f00000| Untracked 
| 112|0x00000000a7000000, 0x00000000a7100000, 0x00000000a7100000|100%| O|  |TAMS 0x00000000a7100000, 0x00000000a7000000| Untracked 
| 113|0x00000000a7100000, 0x00000000a7200000, 0x00000000a7200000|100%| O|  |TAMS 0x00000000a7200000, 0x00000000a7100000| Untracked 
| 114|0x00000000a7200000, 0x00000000a7300000, 0x00000000a7300000|100%| O|  |TAMS 0x00000000a7300000, 0x00000000a7200000| Untracked 
| 115|0x00000000a7300000, 0x00000000a7400000, 0x00000000a7400000|100%| O|  |TAMS 0x00000000a7400000, 0x00000000a7300000| Untracked 
| 116|0x00000000a7400000, 0x00000000a7500000, 0x00000000a7500000|100%| O|  |TAMS 0x00000000a7500000, 0x00000000a7400000| Untracked 
| 117|0x00000000a7500000, 0x00000000a7600000, 0x00000000a7600000|100%| O|  |TAMS 0x00000000a7600000, 0x00000000a7500000| Untracked 
| 118|0x00000000a7600000, 0x00000000a7700000, 0x00000000a7700000|100%| O|  |TAMS 0x00000000a7700000, 0x00000000a7600000| Untracked 
| 119|0x00000000a7700000, 0x00000000a7800000, 0x00000000a7800000|100%| O|  |TAMS 0x00000000a7800000, 0x00000000a7700000| Untracked 
| 120|0x00000000a7800000, 0x00000000a7900000, 0x00000000a7900000|100%| O|  |TAMS 0x00000000a7900000, 0x00000000a7800000| Untracked 
| 121|0x00000000a7900000, 0x00000000a7a00000, 0x00000000a7a00000|100%| O|  |TAMS 0x00000000a7a00000, 0x00000000a7900000| Untracked 
| 122|0x00000000a7a00000, 0x00000000a7b00000, 0x00000000a7b00000|100%| O|  |TAMS 0x00000000a7b00000, 0x00000000a7a00000| Untracked 
| 123|0x00000000a7b00000, 0x00000000a7c00000, 0x00000000a7c00000|100%| O|  |TAMS 0x00000000a7c00000, 0x00000000a7b00000| Untracked 
| 124|0x00000000a7c00000, 0x00000000a7d00000, 0x00000000a7d00000|100%| O|  |TAMS 0x00000000a7d00000, 0x00000000a7c00000| Untracked 
| 125|0x00000000a7d00000, 0x00000000a7e00000, 0x00000000a7e00000|100%| O|  |TAMS 0x00000000a7e00000, 0x00000000a7d00000| Untracked 
| 126|0x00000000a7e00000, 0x00000000a7f00000, 0x00000000a7f00000|100%| O|  |TAMS 0x00000000a7f00000, 0x00000000a7e00000| Untracked 
| 127|0x00000000a7f00000, 0x00000000a8000000, 0x00000000a8000000|100%| O|  |TAMS 0x00000000a8000000, 0x00000000a7f00000| Untracked 
| 128|0x00000000a8000000, 0x00000000a8100000, 0x00000000a8100000|100%| O|  |TAMS 0x00000000a8100000, 0x00000000a8000000| Untracked 
| 129|0x00000000a8100000, 0x00000000a8200000, 0x00000000a8200000|100%| O|  |TAMS 0x00000000a8200000, 0x00000000a8100000| Untracked 
| 130|0x00000000a8200000, 0x00000000a8300000, 0x00000000a8300000|100%| O|  |TAMS 0x00000000a8300000, 0x00000000a8200000| Untracked 
| 131|0x00000000a8300000, 0x00000000a8400000, 0x00000000a8400000|100%| O|  |TAMS 0x00000000a8400000, 0x00000000a8300000| Untracked 
| 132|0x00000000a8400000, 0x00000000a8500000, 0x00000000a8500000|100%| O|  |TAMS 0x00000000a8500000, 0x00000000a8400000| Untracked 
| 133|0x00000000a8500000, 0x00000000a8600000, 0x00000000a8600000|100%| O|  |TAMS 0x00000000a8600000, 0x00000000a8500000| Untracked 
| 134|0x00000000a8600000, 0x00000000a8700000, 0x00000000a8700000|100%| O|  |TAMS 0x00000000a8700000, 0x00000000a8600000| Untracked 
| 135|0x00000000a8700000, 0x00000000a8800000, 0x00000000a8800000|100%| O|  |TAMS 0x00000000a8800000, 0x00000000a8700000| Untracked 
| 136|0x00000000a8800000, 0x00000000a8900000, 0x00000000a8900000|100%| O|  |TAMS 0x00000000a8900000, 0x00000000a8800000| Untracked 
| 137|0x00000000a8900000, 0x00000000a8a00000, 0x00000000a8a00000|100%| O|  |TAMS 0x00000000a8a00000, 0x00000000a8900000| Untracked 
| 138|0x00000000a8a00000, 0x00000000a8b00000, 0x00000000a8b00000|100%| O|  |TAMS 0x00000000a8b00000, 0x00000000a8a00000| Untracked 
| 139|0x00000000a8b00000, 0x00000000a8c00000, 0x00000000a8c00000|100%| O|  |TAMS 0x00000000a8c00000, 0x00000000a8b00000| Untracked 
| 140|0x00000000a8c00000, 0x00000000a8d00000, 0x00000000a8d00000|100%| O|  |TAMS 0x00000000a8d00000, 0x00000000a8c00000| Untracked 
| 141|0x00000000a8d00000, 0x00000000a8e00000, 0x00000000a8e00000|100%| O|  |TAMS 0x00000000a8e00000, 0x00000000a8d00000| Untracked 
| 142|0x00000000a8e00000, 0x00000000a8f00000, 0x00000000a8f00000|100%| O|  |TAMS 0x00000000a8f00000, 0x00000000a8e00000| Untracked 
| 143|0x00000000a8f00000, 0x00000000a9000000, 0x00000000a9000000|100%|HS|  |TAMS 0x00000000a9000000, 0x00000000a8f00000| Complete 
| 144|0x00000000a9000000, 0x00000000a9100000, 0x00000000a9100000|100%|HS|  |TAMS 0x00000000a9100000, 0x00000000a9000000| Complete 
| 145|0x00000000a9100000, 0x00000000a9200000, 0x00000000a9200000|100%|HS|  |TAMS 0x00000000a9200000, 0x00000000a9100000| Complete 
| 146|0x00000000a9200000, 0x00000000a9300000, 0x00000000a9300000|100%| O|  |TAMS 0x00000000a9300000, 0x00000000a9200000| Untracked 
| 147|0x00000000a9300000, 0x00000000a9400000, 0x00000000a9400000|100%| O|  |TAMS 0x00000000a9400000, 0x00000000a9300000| Untracked 
| 148|0x00000000a9400000, 0x00000000a9500000, 0x00000000a9500000|100%| O|  |TAMS 0x00000000a9500000, 0x00000000a9400000| Untracked 
| 149|0x00000000a9500000, 0x00000000a9600000, 0x00000000a9600000|100%| O|  |TAMS 0x00000000a9600000, 0x00000000a9500000| Untracked 
| 150|0x00000000a9600000, 0x00000000a9700000, 0x00000000a9700000|100%| O|  |TAMS 0x00000000a9700000, 0x00000000a9600000| Untracked 
| 151|0x00000000a9700000, 0x00000000a9800000, 0x00000000a9800000|100%| O|  |TAMS 0x00000000a9800000, 0x00000000a9700000| Untracked 
| 152|0x00000000a9800000, 0x00000000a9900000, 0x00000000a9900000|100%| O|  |TAMS 0x00000000a9900000, 0x00000000a9800000| Untracked 
| 153|0x00000000a9900000, 0x00000000a9a00000, 0x00000000a9a00000|100%| O|  |TAMS 0x00000000a9a00000, 0x00000000a9900000| Untracked 
| 154|0x00000000a9a00000, 0x00000000a9b00000, 0x00000000a9b00000|100%| O|  |TAMS 0x00000000a9b00000, 0x00000000a9a00000| Untracked 
| 155|0x00000000a9b00000, 0x00000000a9c00000, 0x00000000a9c00000|100%| O|  |TAMS 0x00000000a9c00000, 0x00000000a9b00000| Complete 
| 156|0x00000000a9c00000, 0x00000000a9d00000, 0x00000000a9d00000|100%| O|  |TAMS 0x00000000a9d00000, 0x00000000a9c00000| Untracked 
| 157|0x00000000a9d00000, 0x00000000a9e00000, 0x00000000a9e00000|100%| O|  |TAMS 0x00000000a9e00000, 0x00000000a9d00000| Untracked 
| 158|0x00000000a9e00000, 0x00000000a9f00000, 0x00000000a9f00000|100%| O|  |TAMS 0x00000000a9f00000, 0x00000000a9e00000| Untracked 
| 159|0x00000000a9f00000, 0x00000000aa000000, 0x00000000aa000000|100%| O|  |TAMS 0x00000000aa000000, 0x00000000a9f00000| Untracked 
| 160|0x00000000aa000000, 0x00000000aa100000, 0x00000000aa100000|100%| O|  |TAMS 0x00000000aa100000, 0x00000000aa000000| Untracked 
| 161|0x00000000aa100000, 0x00000000aa200000, 0x00000000aa200000|100%| O|  |TAMS 0x00000000aa200000, 0x00000000aa100000| Untracked 
| 162|0x00000000aa200000, 0x00000000aa300000, 0x00000000aa300000|100%| O|  |TAMS 0x00000000aa300000, 0x00000000aa200000| Untracked 
| 163|0x00000000aa300000, 0x00000000aa400000, 0x00000000aa400000|100%| O|  |TAMS 0x00000000aa400000, 0x00000000aa300000| Untracked 
| 164|0x00000000aa400000, 0x00000000aa500000, 0x00000000aa500000|100%| O|  |TAMS 0x00000000aa500000, 0x00000000aa400000| Untracked 
| 165|0x00000000aa500000, 0x00000000aa600000, 0x00000000aa600000|100%| O|  |TAMS 0x00000000aa600000, 0x00000000aa500000| Untracked 
| 166|0x00000000aa600000, 0x00000000aa700000, 0x00000000aa700000|100%| O|  |TAMS 0x00000000aa700000, 0x00000000aa600000| Untracked 
| 167|0x00000000aa700000, 0x00000000aa800000, 0x00000000aa800000|100%| O|  |TAMS 0x00000000aa800000, 0x00000000aa700000| Complete 
| 168|0x00000000aa800000, 0x00000000aa900000, 0x00000000aa900000|100%| O|  |TAMS 0x00000000aa900000, 0x00000000aa800000| Untracked 
| 169|0x00000000aa900000, 0x00000000aaa00000, 0x00000000aaa00000|100%| O|  |TAMS 0x00000000aaa00000, 0x00000000aa900000| Untracked 
| 170|0x00000000aaa00000, 0x00000000aab00000, 0x00000000aab00000|100%|HS|  |TAMS 0x00000000aab00000, 0x00000000aaa00000| Complete 
| 171|0x00000000aab00000, 0x00000000aac00000, 0x00000000aac00000|100%|HS|  |TAMS 0x00000000aac00000, 0x00000000aab00000| Complete 
| 172|0x00000000aac00000, 0x00000000aad00000, 0x00000000aad00000|100%| O|  |TAMS 0x00000000aad00000, 0x00000000aac00000| Untracked 
| 173|0x00000000aad00000, 0x00000000aae00000, 0x00000000aae00000|100%| O|  |TAMS 0x00000000aae00000, 0x00000000aad00000| Complete 
| 174|0x00000000aae00000, 0x00000000aaf00000, 0x00000000aaf00000|100%|HS|  |TAMS 0x00000000aaf00000, 0x00000000aae00000| Complete 
| 175|0x00000000aaf00000, 0x00000000ab000000, 0x00000000ab000000|100%|HS|  |TAMS 0x00000000ab000000, 0x00000000aaf00000| Complete 
| 176|0x00000000ab000000, 0x00000000ab100000, 0x00000000ab100000|100%| O|  |TAMS 0x00000000ab100000, 0x00000000ab000000| Untracked 
| 177|0x00000000ab100000, 0x00000000ab200000, 0x00000000ab200000|100%|HS|  |TAMS 0x00000000ab200000, 0x00000000ab100000| Complete 
| 178|0x00000000ab200000, 0x00000000ab300000, 0x00000000ab300000|100%| O|  |TAMS 0x00000000ab300000, 0x00000000ab200000| Untracked 
| 179|0x00000000ab300000, 0x00000000ab400000, 0x00000000ab400000|100%| O|  |TAMS 0x00000000ab400000, 0x00000000ab300000| Untracked 
| 180|0x00000000ab400000, 0x00000000ab500000, 0x00000000ab500000|100%| O|  |TAMS 0x00000000ab500000, 0x00000000ab400000| Untracked 
| 181|0x00000000ab500000, 0x00000000ab600000, 0x00000000ab600000|100%| O|  |TAMS 0x00000000ab600000, 0x00000000ab500000| Untracked 
| 182|0x00000000ab600000, 0x00000000ab700000, 0x00000000ab700000|100%| O|  |TAMS 0x00000000ab700000, 0x00000000ab600000| Complete 
| 183|0x00000000ab700000, 0x00000000ab800000, 0x00000000ab800000|100%| O|  |TAMS 0x00000000ab800000, 0x00000000ab700000| Untracked 
| 184|0x00000000ab800000, 0x00000000ab900000, 0x00000000ab900000|100%|HS|  |TAMS 0x00000000ab900000, 0x00000000ab800000| Complete 
| 185|0x00000000ab900000, 0x00000000aba00000, 0x00000000aba00000|100%|HC|  |TAMS 0x00000000aba00000, 0x00000000ab900000| Complete 
| 186|0x00000000aba00000, 0x00000000abb00000, 0x00000000abb00000|100%|HS|  |TAMS 0x00000000abb00000, 0x00000000aba00000| Complete 
| 187|0x00000000abb00000, 0x00000000abc00000, 0x00000000abc00000|100%|HC|  |TAMS 0x00000000abc00000, 0x00000000abb00000| Complete 
| 188|0x00000000abc00000, 0x00000000abd00000, 0x00000000abd00000|100%| O|  |TAMS 0x00000000abd00000, 0x00000000abc00000| Untracked 
| 189|0x00000000abd00000, 0x00000000abe00000, 0x00000000abe00000|100%| O|  |TAMS 0x00000000abe00000, 0x00000000abd00000| Untracked 
| 190|0x00000000abe00000, 0x00000000abf00000, 0x00000000abf00000|100%| O|  |TAMS 0x00000000abf00000, 0x00000000abe00000| Untracked 
| 191|0x00000000abf00000, 0x00000000ac000000, 0x00000000ac000000|100%| O|  |TAMS 0x00000000ac000000, 0x00000000abf00000| Untracked 
| 192|0x00000000ac000000, 0x00000000ac100000, 0x00000000ac100000|100%| O|  |TAMS 0x00000000ac100000, 0x00000000ac000000| Untracked 
| 193|0x00000000ac100000, 0x00000000ac200000, 0x00000000ac200000|100%| O|  |TAMS 0x00000000ac200000, 0x00000000ac100000| Untracked 
| 194|0x00000000ac200000, 0x00000000ac300000, 0x00000000ac300000|100%| O|  |TAMS 0x00000000ac300000, 0x00000000ac200000| Untracked 
| 195|0x00000000ac300000, 0x00000000ac400000, 0x00000000ac400000|100%| O|  |TAMS 0x00000000ac400000, 0x00000000ac300000| Untracked 
| 196|0x00000000ac400000, 0x00000000ac500000, 0x00000000ac500000|100%| O|  |TAMS 0x00000000ac500000, 0x00000000ac400000| Untracked 
| 197|0x00000000ac500000, 0x00000000ac600000, 0x00000000ac600000|100%| O|  |TAMS 0x00000000ac600000, 0x00000000ac500000| Untracked 
| 198|0x00000000ac600000, 0x00000000ac700000, 0x00000000ac700000|100%| O|  |TAMS 0x00000000ac700000, 0x00000000ac600000| Untracked 
| 199|0x00000000ac700000, 0x00000000ac800000, 0x00000000ac800000|100%| O|  |TAMS 0x00000000ac800000, 0x00000000ac700000| Complete 
| 200|0x00000000ac800000, 0x00000000ac900000, 0x00000000ac900000|100%| O|  |TAMS 0x00000000ac900000, 0x00000000ac800000| Untracked 
| 201|0x00000000ac900000, 0x00000000aca00000, 0x00000000aca00000|100%| O|  |TAMS 0x00000000aca00000, 0x00000000ac900000| Untracked 
| 202|0x00000000aca00000, 0x00000000acb00000, 0x00000000acb00000|100%| O|  |TAMS 0x00000000acb00000, 0x00000000aca00000| Untracked 
| 203|0x00000000acb00000, 0x00000000acc00000, 0x00000000acc00000|100%| O|  |TAMS 0x00000000acc00000, 0x00000000acb00000| Untracked 
| 204|0x00000000acc00000, 0x00000000acd00000, 0x00000000acd00000|100%| O|  |TAMS 0x00000000acd00000, 0x00000000acc00000| Untracked 
| 205|0x00000000acd00000, 0x00000000ace00000, 0x00000000ace00000|100%| O|  |TAMS 0x00000000ace00000, 0x00000000acd00000| Untracked 
| 206|0x00000000ace00000, 0x00000000acf00000, 0x00000000acf00000|100%| O|  |TAMS 0x00000000acf00000, 0x00000000ace00000| Untracked 
| 207|0x00000000acf00000, 0x00000000ad000000, 0x00000000ad000000|100%| O|  |TAMS 0x00000000ad000000, 0x00000000acf00000| Untracked 
| 208|0x00000000ad000000, 0x00000000ad100000, 0x00000000ad100000|100%| O|  |TAMS 0x00000000ad100000, 0x00000000ad000000| Untracked 
| 209|0x00000000ad100000, 0x00000000ad200000, 0x00000000ad200000|100%| O|  |TAMS 0x00000000ad200000, 0x00000000ad100000| Untracked 
| 210|0x00000000ad200000, 0x00000000ad300000, 0x00000000ad300000|100%| O|  |TAMS 0x00000000ad300000, 0x00000000ad200000| Untracked 
| 211|0x00000000ad300000, 0x00000000ad400000, 0x00000000ad400000|100%| O|  |TAMS 0x00000000ad400000, 0x00000000ad300000| Untracked 
| 212|0x00000000ad400000, 0x00000000ad500000, 0x00000000ad500000|100%| O|  |TAMS 0x00000000ad500000, 0x00000000ad400000| Untracked 
| 213|0x00000000ad500000, 0x00000000ad600000, 0x00000000ad600000|100%| O|  |TAMS 0x00000000ad600000, 0x00000000ad500000| Untracked 
| 214|0x00000000ad600000, 0x00000000ad700000, 0x00000000ad700000|100%| O|  |TAMS 0x00000000ad700000, 0x00000000ad600000| Untracked 
| 215|0x00000000ad700000, 0x00000000ad800000, 0x00000000ad800000|100%| O|  |TAMS 0x00000000ad800000, 0x00000000ad700000| Untracked 
| 216|0x00000000ad800000, 0x00000000ad900000, 0x00000000ad900000|100%| O|  |TAMS 0x00000000ad900000, 0x00000000ad800000| Untracked 
| 217|0x00000000ad900000, 0x00000000ada00000, 0x00000000ada00000|100%| O|  |TAMS 0x00000000ada00000, 0x00000000ad900000| Untracked 
| 218|0x00000000ada00000, 0x00000000adb00000, 0x00000000adb00000|100%| O|  |TAMS 0x00000000adb00000, 0x00000000ada00000| Untracked 
| 219|0x00000000adb00000, 0x00000000adc00000, 0x00000000adc00000|100%| O|  |TAMS 0x00000000adc00000, 0x00000000adb00000| Untracked 
| 220|0x00000000adc00000, 0x00000000add00000, 0x00000000add00000|100%| O|  |TAMS 0x00000000add00000, 0x00000000adc00000| Untracked 
| 221|0x00000000add00000, 0x00000000ade00000, 0x00000000ade00000|100%|HS|  |TAMS 0x00000000ade00000, 0x00000000add00000| Complete 
| 222|0x00000000ade00000, 0x00000000adf00000, 0x00000000adf00000|100%|HS|  |TAMS 0x00000000adf00000, 0x00000000ade00000| Complete 
| 223|0x00000000adf00000, 0x00000000ae000000, 0x00000000ae000000|100%| O|  |TAMS 0x00000000ae000000, 0x00000000adf00000| Untracked 
| 224|0x00000000ae000000, 0x00000000ae100000, 0x00000000ae100000|100%| O|  |TAMS 0x00000000ae100000, 0x00000000ae000000| Untracked 
| 225|0x00000000ae100000, 0x00000000ae200000, 0x00000000ae200000|100%| O|  |TAMS 0x00000000ae200000, 0x00000000ae100000| Untracked 
| 226|0x00000000ae200000, 0x00000000ae300000, 0x00000000ae300000|100%| O|  |TAMS 0x00000000ae300000, 0x00000000ae200000| Untracked 
| 227|0x00000000ae300000, 0x00000000ae400000, 0x00000000ae400000|100%| O|  |TAMS 0x00000000ae400000, 0x00000000ae300000| Untracked 
| 228|0x00000000ae400000, 0x00000000ae500000, 0x00000000ae500000|100%| O|  |TAMS 0x00000000ae500000, 0x00000000ae400000| Complete 
| 229|0x00000000ae500000, 0x00000000ae600000, 0x00000000ae600000|100%| O|  |TAMS 0x00000000ae600000, 0x00000000ae500000| Complete 
| 230|0x00000000ae600000, 0x00000000ae700000, 0x00000000ae700000|100%| O|  |TAMS 0x00000000ae700000, 0x00000000ae600000| Untracked 
| 231|0x00000000ae700000, 0x00000000ae800000, 0x00000000ae800000|100%| O|  |TAMS 0x00000000ae800000, 0x00000000ae700000| Untracked 
| 232|0x00000000ae800000, 0x00000000ae900000, 0x00000000ae900000|100%| O|  |TAMS 0x00000000ae900000, 0x00000000ae800000| Untracked 
| 233|0x00000000ae900000, 0x00000000aea00000, 0x00000000aea00000|100%| O|  |TAMS 0x00000000aea00000, 0x00000000ae900000| Untracked 
| 234|0x00000000aea00000, 0x00000000aeb00000, 0x00000000aeb00000|100%| O|  |TAMS 0x00000000aeb00000, 0x00000000aea00000| Untracked 
| 235|0x00000000aeb00000, 0x00000000aec00000, 0x00000000aec00000|100%| O|  |TAMS 0x00000000aec00000, 0x00000000aeb00000| Untracked 
| 236|0x00000000aec00000, 0x00000000aed00000, 0x00000000aed00000|100%| O|  |TAMS 0x00000000aed00000, 0x00000000aec00000| Untracked 
| 237|0x00000000aed00000, 0x00000000aee00000, 0x00000000aee00000|100%| O|  |TAMS 0x00000000aee00000, 0x00000000aed00000| Untracked 
| 238|0x00000000aee00000, 0x00000000aef00000, 0x00000000aef00000|100%| O|  |TAMS 0x00000000aef00000, 0x00000000aee00000| Untracked 
| 239|0x00000000aef00000, 0x00000000af000000, 0x00000000af000000|100%| O|  |TAMS 0x00000000af000000, 0x00000000aef00000| Untracked 
| 240|0x00000000af000000, 0x00000000af100000, 0x00000000af100000|100%| O|  |TAMS 0x00000000af100000, 0x00000000af000000| Untracked 
| 241|0x00000000af100000, 0x00000000af200000, 0x00000000af200000|100%| O|  |TAMS 0x00000000af200000, 0x00000000af100000| Untracked 
| 242|0x00000000af200000, 0x00000000af300000, 0x00000000af300000|100%| O|  |TAMS 0x00000000af300000, 0x00000000af200000| Untracked 
| 243|0x00000000af300000, 0x00000000af400000, 0x00000000af400000|100%| O|  |TAMS 0x00000000af400000, 0x00000000af300000| Untracked 
| 244|0x00000000af400000, 0x00000000af500000, 0x00000000af500000|100%| O|  |TAMS 0x00000000af500000, 0x00000000af400000| Untracked 
| 245|0x00000000af500000, 0x00000000af600000, 0x00000000af600000|100%| O|  |TAMS 0x00000000af600000, 0x00000000af500000| Untracked 
| 246|0x00000000af600000, 0x00000000af700000, 0x00000000af700000|100%| O|  |TAMS 0x00000000af700000, 0x00000000af600000| Untracked 
| 247|0x00000000af700000, 0x00000000af800000, 0x00000000af800000|100%| O|  |TAMS 0x00000000af800000, 0x00000000af700000| Untracked 
| 248|0x00000000af800000, 0x00000000af900000, 0x00000000af900000|100%| O|  |TAMS 0x00000000af900000, 0x00000000af800000| Untracked 
| 249|0x00000000af900000, 0x00000000afa00000, 0x00000000afa00000|100%| O|  |TAMS 0x00000000afa00000, 0x00000000af900000| Untracked 
| 250|0x00000000afa00000, 0x00000000afb00000, 0x00000000afb00000|100%| O|  |TAMS 0x00000000afb00000, 0x00000000afa00000| Untracked 
| 251|0x00000000afb00000, 0x00000000afc00000, 0x00000000afc00000|100%| O|  |TAMS 0x00000000afc00000, 0x00000000afb00000| Untracked 
| 252|0x00000000afc00000, 0x00000000afd00000, 0x00000000afd00000|100%| O|  |TAMS 0x00000000afd00000, 0x00000000afc00000| Untracked 
| 253|0x00000000afd00000, 0x00000000afe00000, 0x00000000afe00000|100%| O|  |TAMS 0x00000000afe00000, 0x00000000afd00000| Untracked 
| 254|0x00000000afe00000, 0x00000000aff00000, 0x00000000aff00000|100%| O|  |TAMS 0x00000000aff00000, 0x00000000afe00000| Untracked 
| 255|0x00000000aff00000, 0x00000000b0000000, 0x00000000b0000000|100%| O|  |TAMS 0x00000000b0000000, 0x00000000aff00000| Untracked 
| 256|0x00000000b0000000, 0x00000000b0100000, 0x00000000b0100000|100%| O|  |TAMS 0x00000000b0100000, 0x00000000b0000000| Untracked 
| 257|0x00000000b0100000, 0x00000000b0200000, 0x00000000b0200000|100%| O|  |TAMS 0x00000000b0200000, 0x00000000b0100000| Untracked 
| 258|0x00000000b0200000, 0x00000000b0300000, 0x00000000b0300000|100%| O|  |TAMS 0x00000000b0300000, 0x00000000b0200000| Untracked 
| 259|0x00000000b0300000, 0x00000000b0400000, 0x00000000b0400000|100%| O|  |TAMS 0x00000000b0400000, 0x00000000b0300000| Untracked 
| 260|0x00000000b0400000, 0x00000000b0500000, 0x00000000b0500000|100%| O|  |TAMS 0x00000000b0500000, 0x00000000b0400000| Untracked 
| 261|0x00000000b0500000, 0x00000000b0600000, 0x00000000b0600000|100%| O|  |TAMS 0x00000000b0600000, 0x00000000b0500000| Untracked 
| 262|0x00000000b0600000, 0x00000000b0700000, 0x00000000b0700000|100%| O|  |TAMS 0x00000000b0700000, 0x00000000b0600000| Untracked 
| 263|0x00000000b0700000, 0x00000000b0800000, 0x00000000b0800000|100%| O|  |TAMS 0x00000000b0800000, 0x00000000b0700000| Untracked 
| 264|0x00000000b0800000, 0x00000000b0900000, 0x00000000b0900000|100%| O|  |TAMS 0x00000000b0900000, 0x00000000b0800000| Untracked 
| 265|0x00000000b0900000, 0x00000000b0a00000, 0x00000000b0a00000|100%| O|  |TAMS 0x00000000b0a00000, 0x00000000b0900000| Untracked 
| 266|0x00000000b0a00000, 0x00000000b0b00000, 0x00000000b0b00000|100%| O|  |TAMS 0x00000000b0b00000, 0x00000000b0a00000| Untracked 
| 267|0x00000000b0b00000, 0x00000000b0c00000, 0x00000000b0c00000|100%| O|  |TAMS 0x00000000b0c00000, 0x00000000b0b00000| Untracked 
| 268|0x00000000b0c00000, 0x00000000b0d00000, 0x00000000b0d00000|100%| O|  |TAMS 0x00000000b0d00000, 0x00000000b0c00000| Untracked 
| 269|0x00000000b0d00000, 0x00000000b0e00000, 0x00000000b0e00000|100%| O|  |TAMS 0x00000000b0e00000, 0x00000000b0d00000| Untracked 
| 270|0x00000000b0e00000, 0x00000000b0f00000, 0x00000000b0f00000|100%| O|  |TAMS 0x00000000b0f00000, 0x00000000b0e00000| Untracked 
| 271|0x00000000b0f00000, 0x00000000b1000000, 0x00000000b1000000|100%| O|  |TAMS 0x00000000b1000000, 0x00000000b0f00000| Untracked 
| 272|0x00000000b1000000, 0x00000000b1100000, 0x00000000b1100000|100%| O|  |TAMS 0x00000000b1100000, 0x00000000b1000000| Untracked 
| 273|0x00000000b1100000, 0x00000000b1200000, 0x00000000b1200000|100%| O|  |TAMS 0x00000000b1200000, 0x00000000b1100000| Untracked 
| 274|0x00000000b1200000, 0x00000000b1300000, 0x00000000b1300000|100%| O|  |TAMS 0x00000000b1300000, 0x00000000b1200000| Untracked 
| 275|0x00000000b1300000, 0x00000000b1400000, 0x00000000b1400000|100%| O|  |TAMS 0x00000000b1400000, 0x00000000b1300000| Complete 
| 276|0x00000000b1400000, 0x00000000b1500000, 0x00000000b1500000|100%| O|  |TAMS 0x00000000b1500000, 0x00000000b1400000| Untracked 
| 277|0x00000000b1500000, 0x00000000b1600000, 0x00000000b1600000|100%| O|  |TAMS 0x00000000b1600000, 0x00000000b1500000| Untracked 
| 278|0x00000000b1600000, 0x00000000b1700000, 0x00000000b1700000|100%| O|  |TAMS 0x00000000b1700000, 0x00000000b1600000| Untracked 
| 279|0x00000000b1700000, 0x00000000b1800000, 0x00000000b1800000|100%| O|  |TAMS 0x00000000b1800000, 0x00000000b1700000| Untracked 
| 280|0x00000000b1800000, 0x00000000b1900000, 0x00000000b1900000|100%| O|  |TAMS 0x00000000b1900000, 0x00000000b1800000| Untracked 
| 281|0x00000000b1900000, 0x00000000b1a00000, 0x00000000b1a00000|100%| O|  |TAMS 0x00000000b1a00000, 0x00000000b1900000| Untracked 
| 282|0x00000000b1a00000, 0x00000000b1b00000, 0x00000000b1b00000|100%| O|  |TAMS 0x00000000b1b00000, 0x00000000b1a00000| Untracked 
| 283|0x00000000b1b00000, 0x00000000b1c00000, 0x00000000b1c00000|100%| O|  |TAMS 0x00000000b1c00000, 0x00000000b1b00000| Untracked 
| 284|0x00000000b1c00000, 0x00000000b1d00000, 0x00000000b1d00000|100%| O|  |TAMS 0x00000000b1d00000, 0x00000000b1c00000| Untracked 
| 285|0x00000000b1d00000, 0x00000000b1e00000, 0x00000000b1e00000|100%| O|  |TAMS 0x00000000b1e00000, 0x00000000b1d00000| Untracked 
| 286|0x00000000b1e00000, 0x00000000b1f00000, 0x00000000b1f00000|100%| O|  |TAMS 0x00000000b1f00000, 0x00000000b1e00000| Complete 
| 287|0x00000000b1f00000, 0x00000000b2000000, 0x00000000b2000000|100%| O|  |TAMS 0x00000000b2000000, 0x00000000b1f00000| Untracked 
| 288|0x00000000b2000000, 0x00000000b2100000, 0x00000000b2100000|100%| O|  |TAMS 0x00000000b2100000, 0x00000000b2000000| Complete 
| 289|0x00000000b2100000, 0x00000000b2100000, 0x00000000b2200000|  0%| F|  |TAMS 0x00000000b2100000, 0x00000000b2100000| Untracked 
| 290|0x00000000b2200000, 0x00000000b2200000, 0x00000000b2300000|  0%| F|  |TAMS 0x00000000b2200000, 0x00000000b2200000| Untracked 
| 291|0x00000000b2300000, 0x00000000b2300000, 0x00000000b2400000|  0%| F|  |TAMS 0x00000000b2300000, 0x00000000b2300000| Untracked 
| 292|0x00000000b2400000, 0x00000000b2400000, 0x00000000b2500000|  0%| F|  |TAMS 0x00000000b2400000, 0x00000000b2400000| Untracked 
| 293|0x00000000b2500000, 0x00000000b2600000, 0x00000000b2600000|100%| O|  |TAMS 0x00000000b2600000, 0x00000000b2500000| Complete 
| 294|0x00000000b2600000, 0x00000000b2700000, 0x00000000b2700000|100%| O|  |TAMS 0x00000000b2700000, 0x00000000b2600000| Complete 
| 295|0x00000000b2700000, 0x00000000b2700000, 0x00000000b2800000|  0%| F|  |TAMS 0x00000000b2700000, 0x00000000b2700000| Untracked 
| 296|0x00000000b2800000, 0x00000000b2900000, 0x00000000b2900000|100%| O|  |TAMS 0x00000000b2900000, 0x00000000b2800000| Complete 
| 297|0x00000000b2900000, 0x00000000b2900000, 0x00000000b2a00000|  0%| F|  |TAMS 0x00000000b2900000, 0x00000000b2900000| Untracked 
| 298|0x00000000b2a00000, 0x00000000b2a00000, 0x00000000b2b00000|  0%| F|  |TAMS 0x00000000b2a00000, 0x00000000b2a00000| Untracked 
| 299|0x00000000b2b00000, 0x00000000b2c00000, 0x00000000b2c00000|100%| O|  |TAMS 0x00000000b2c00000, 0x00000000b2b00000| Complete 
| 300|0x00000000b2c00000, 0x00000000b2d00000, 0x00000000b2d00000|100%| O|  |TAMS 0x00000000b2d00000, 0x00000000b2c00000| Complete 
| 301|0x00000000b2d00000, 0x00000000b2d00000, 0x00000000b2e00000|  0%| F|  |TAMS 0x00000000b2d00000, 0x00000000b2d00000| Untracked 
| 302|0x00000000b2e00000, 0x00000000b2e00000, 0x00000000b2f00000|  0%| F|  |TAMS 0x00000000b2e00000, 0x00000000b2e00000| Untracked 
| 303|0x00000000b2f00000, 0x00000000b3000000, 0x00000000b3000000|100%| O|  |TAMS 0x00000000b3000000, 0x00000000b2f00000| Complete 
| 304|0x00000000b3000000, 0x00000000b3000000, 0x00000000b3100000|  0%| F|  |TAMS 0x00000000b3000000, 0x00000000b3000000| Untracked 
| 305|0x00000000b3100000, 0x00000000b3200000, 0x00000000b3200000|100%| O|  |TAMS 0x00000000b3200000, 0x00000000b3100000| Complete 
| 306|0x00000000b3200000, 0x00000000b3300000, 0x00000000b3300000|100%| O|  |TAMS 0x00000000b3300000, 0x00000000b3200000| Complete 
| 307|0x00000000b3300000, 0x00000000b3300000, 0x00000000b3400000|  0%| F|  |TAMS 0x00000000b3300000, 0x00000000b3300000| Untracked 
| 308|0x00000000b3400000, 0x00000000b3400000, 0x00000000b3500000|  0%| F|  |TAMS 0x00000000b3400000, 0x00000000b3400000| Untracked 
| 309|0x00000000b3500000, 0x00000000b3500000, 0x00000000b3600000|  0%| F|  |TAMS 0x00000000b3500000, 0x00000000b3500000| Untracked 
| 310|0x00000000b3600000, 0x00000000b3600000, 0x00000000b3700000|  0%| F|  |TAMS 0x00000000b3600000, 0x00000000b3600000| Untracked 
| 311|0x00000000b3700000, 0x00000000b3700000, 0x00000000b3800000|  0%| F|  |TAMS 0x00000000b3700000, 0x00000000b3700000| Untracked 
| 312|0x00000000b3800000, 0x00000000b3800000, 0x00000000b3900000|  0%| F|  |TAMS 0x00000000b3800000, 0x00000000b3800000| Untracked 
| 313|0x00000000b3900000, 0x00000000b3a00000, 0x00000000b3a00000|100%| O|  |TAMS 0x00000000b3a00000, 0x00000000b3900000| Complete 
| 314|0x00000000b3a00000, 0x00000000b3b00000, 0x00000000b3b00000|100%| O|  |TAMS 0x00000000b3b00000, 0x00000000b3a00000| Complete 
| 315|0x00000000b3b00000, 0x00000000b3b00000, 0x00000000b3c00000|  0%| F|  |TAMS 0x00000000b3b00000, 0x00000000b3b00000| Untracked 
| 316|0x00000000b3c00000, 0x00000000b3c00000, 0x00000000b3d00000|  0%| F|  |TAMS 0x00000000b3c00000, 0x00000000b3c00000| Untracked 
| 317|0x00000000b3d00000, 0x00000000b3d00000, 0x00000000b3e00000|  0%| F|  |TAMS 0x00000000b3d00000, 0x00000000b3d00000| Untracked 
| 318|0x00000000b3e00000, 0x00000000b3f00000, 0x00000000b3f00000|100%| O|  |TAMS 0x00000000b3f00000, 0x00000000b3e00000| Complete 
| 319|0x00000000b3f00000, 0x00000000b4000000, 0x00000000b4000000|100%| O|  |TAMS 0x00000000b4000000, 0x00000000b3f00000| Untracked 
| 320|0x00000000b4000000, 0x00000000b4100000, 0x00000000b4100000|100%| O|  |TAMS 0x00000000b4100000, 0x00000000b4000000| Untracked 
| 321|0x00000000b4100000, 0x00000000b4200000, 0x00000000b4200000|100%| O|  |TAMS 0x00000000b4200000, 0x00000000b4100000| Untracked 
| 322|0x00000000b4200000, 0x00000000b4300000, 0x00000000b4300000|100%| O|  |TAMS 0x00000000b4300000, 0x00000000b4200000| Untracked 
| 323|0x00000000b4300000, 0x00000000b4400000, 0x00000000b4400000|100%| O|  |TAMS 0x00000000b4400000, 0x00000000b4300000| Untracked 
| 324|0x00000000b4400000, 0x00000000b4500000, 0x00000000b4500000|100%| O|  |TAMS 0x00000000b4500000, 0x00000000b4400000| Untracked 
| 325|0x00000000b4500000, 0x00000000b4600000, 0x00000000b4600000|100%| O|  |TAMS 0x00000000b4600000, 0x00000000b4500000| Untracked 
| 326|0x00000000b4600000, 0x00000000b4700000, 0x00000000b4700000|100%| O|  |TAMS 0x00000000b4700000, 0x00000000b4600000| Untracked 
| 327|0x00000000b4700000, 0x00000000b4800000, 0x00000000b4800000|100%| O|  |TAMS 0x00000000b4800000, 0x00000000b4700000| Complete 
| 328|0x00000000b4800000, 0x00000000b4900000, 0x00000000b4900000|100%| O|  |TAMS 0x00000000b4900000, 0x00000000b4800000| Complete 
| 329|0x00000000b4900000, 0x00000000b4a00000, 0x00000000b4a00000|100%| O|  |TAMS 0x00000000b4a00000, 0x00000000b4900000| Untracked 
| 330|0x00000000b4a00000, 0x00000000b4b00000, 0x00000000b4b00000|100%| O|  |TAMS 0x00000000b4b00000, 0x00000000b4a00000| Complete 
| 331|0x00000000b4b00000, 0x00000000b4c00000, 0x00000000b4c00000|100%| O|  |TAMS 0x00000000b4c00000, 0x00000000b4b00000| Complete 
| 332|0x00000000b4c00000, 0x00000000b4d00000, 0x00000000b4d00000|100%| O|  |TAMS 0x00000000b4d00000, 0x00000000b4c00000| Complete 
| 333|0x00000000b4d00000, 0x00000000b4e00000, 0x00000000b4e00000|100%| O|  |TAMS 0x00000000b4e00000, 0x00000000b4d00000| Untracked 
| 334|0x00000000b4e00000, 0x00000000b4f00000, 0x00000000b4f00000|100%| O|  |TAMS 0x00000000b4f00000, 0x00000000b4e00000| Untracked 
| 335|0x00000000b4f00000, 0x00000000b5000000, 0x00000000b5000000|100%| O|  |TAMS 0x00000000b5000000, 0x00000000b4f00000| Untracked 
| 336|0x00000000b5000000, 0x00000000b5100000, 0x00000000b5100000|100%| O|  |TAMS 0x00000000b5100000, 0x00000000b5000000| Untracked 
| 337|0x00000000b5100000, 0x00000000b5200000, 0x00000000b5200000|100%| O|  |TAMS 0x00000000b5200000, 0x00000000b5100000| Untracked 
| 338|0x00000000b5200000, 0x00000000b5300000, 0x00000000b5300000|100%| O|  |TAMS 0x00000000b5300000, 0x00000000b5200000| Untracked 
| 339|0x00000000b5300000, 0x00000000b5400000, 0x00000000b5400000|100%| O|  |TAMS 0x00000000b5400000, 0x00000000b5300000| Untracked 
| 340|0x00000000b5400000, 0x00000000b5500000, 0x00000000b5500000|100%|HS|  |TAMS 0x00000000b5400000, 0x00000000b5400000| Complete 
| 341|0x00000000b5500000, 0x00000000b5600000, 0x00000000b5600000|100%|HC|  |TAMS 0x00000000b5500000, 0x00000000b5500000| Complete 
| 342|0x00000000b5600000, 0x00000000b5700000, 0x00000000b5700000|100%|HS|  |TAMS 0x00000000b5600000, 0x00000000b5600000| Complete 
| 343|0x00000000b5700000, 0x00000000b5800000, 0x00000000b5800000|100%|HC|  |TAMS 0x00000000b5700000, 0x00000000b5700000| Complete 
| 344|0x00000000b5800000, 0x00000000b5900000, 0x00000000b5900000|100%|HS|  |TAMS 0x00000000b5800000, 0x00000000b5800000| Complete 
| 345|0x00000000b5900000, 0x00000000b5a00000, 0x00000000b5a00000|100%|HC|  |TAMS 0x00000000b5900000, 0x00000000b5900000| Complete 
| 346|0x00000000b5a00000, 0x00000000b5b00000, 0x00000000b5b00000|100%|HS|  |TAMS 0x00000000b5a00000, 0x00000000b5a00000| Complete 
| 347|0x00000000b5b00000, 0x00000000b5c00000, 0x00000000b5c00000|100%|HC|  |TAMS 0x00000000b5b00000, 0x00000000b5b00000| Complete 
| 348|0x00000000b5c00000, 0x00000000b5d00000, 0x00000000b5d00000|100%|HS|  |TAMS 0x00000000b5c00000, 0x00000000b5c00000| Complete 
| 349|0x00000000b5d00000, 0x00000000b5e00000, 0x00000000b5e00000|100%|HC|  |TAMS 0x00000000b5d00000, 0x00000000b5d00000| Complete 
| 350|0x00000000b5e00000, 0x00000000b5f00000, 0x00000000b5f00000|100%|HS|  |TAMS 0x00000000b5e00000, 0x00000000b5e00000| Complete 
| 351|0x00000000b5f00000, 0x00000000b6000000, 0x00000000b6000000|100%|HC|  |TAMS 0x00000000b5f00000, 0x00000000b5f00000| Complete 
| 352|0x00000000b6000000, 0x00000000b6100000, 0x00000000b6100000|100%|HS|  |TAMS 0x00000000b6000000, 0x00000000b6000000| Complete 
| 353|0x00000000b6100000, 0x00000000b6200000, 0x00000000b6200000|100%|HC|  |TAMS 0x00000000b6100000, 0x00000000b6100000| Complete 
| 354|0x00000000b6200000, 0x00000000b6300000, 0x00000000b6300000|100%|HS|  |TAMS 0x00000000b6200000, 0x00000000b6200000| Complete 
| 355|0x00000000b6300000, 0x00000000b6400000, 0x00000000b6400000|100%|HC|  |TAMS 0x00000000b6300000, 0x00000000b6300000| Complete 
| 356|0x00000000b6400000, 0x00000000b6500000, 0x00000000b6500000|100%|HS|  |TAMS 0x00000000b6400000, 0x00000000b6400000| Complete 
| 357|0x00000000b6500000, 0x00000000b6600000, 0x00000000b6600000|100%|HC|  |TAMS 0x00000000b6500000, 0x00000000b6500000| Complete 
| 358|0x00000000b6600000, 0x00000000b6700000, 0x00000000b6700000|100%|HS|  |TAMS 0x00000000b6600000, 0x00000000b6600000| Complete 
| 359|0x00000000b6700000, 0x00000000b6800000, 0x00000000b6800000|100%|HC|  |TAMS 0x00000000b6700000, 0x00000000b6700000| Complete 
| 360|0x00000000b6800000, 0x00000000b6900000, 0x00000000b6900000|100%|HS|  |TAMS 0x00000000b6800000, 0x00000000b6800000| Complete 
| 361|0x00000000b6900000, 0x00000000b6a00000, 0x00000000b6a00000|100%|HC|  |TAMS 0x00000000b6900000, 0x00000000b6900000| Complete 
| 362|0x00000000b6a00000, 0x00000000b6b00000, 0x00000000b6b00000|100%|HS|  |TAMS 0x00000000b6a00000, 0x00000000b6a00000| Complete 
| 363|0x00000000b6b00000, 0x00000000b6c00000, 0x00000000b6c00000|100%|HC|  |TAMS 0x00000000b6b00000, 0x00000000b6b00000| Complete 
| 364|0x00000000b6c00000, 0x00000000b6d00000, 0x00000000b6d00000|100%|HS|  |TAMS 0x00000000b6c00000, 0x00000000b6c00000| Complete 
| 365|0x00000000b6d00000, 0x00000000b6e00000, 0x00000000b6e00000|100%|HC|  |TAMS 0x00000000b6d00000, 0x00000000b6d00000| Complete 
| 366|0x00000000b6e00000, 0x00000000b6f00000, 0x00000000b6f00000|100%|HS|  |TAMS 0x00000000b6e00000, 0x00000000b6e00000| Complete 
| 367|0x00000000b6f00000, 0x00000000b7000000, 0x00000000b7000000|100%|HC|  |TAMS 0x00000000b6f00000, 0x00000000b6f00000| Complete 
| 368|0x00000000b7000000, 0x00000000b7100000, 0x00000000b7100000|100%|HS|  |TAMS 0x00000000b7000000, 0x00000000b7000000| Complete 
| 369|0x00000000b7100000, 0x00000000b7200000, 0x00000000b7200000|100%|HC|  |TAMS 0x00000000b7100000, 0x00000000b7100000| Complete 
| 370|0x00000000b7200000, 0x00000000b7300000, 0x00000000b7300000|100%|HS|  |TAMS 0x00000000b7200000, 0x00000000b7200000| Complete 
| 371|0x00000000b7300000, 0x00000000b7400000, 0x00000000b7400000|100%|HC|  |TAMS 0x00000000b7300000, 0x00000000b7300000| Complete 
| 372|0x00000000b7400000, 0x00000000b7500000, 0x00000000b7500000|100%|HS|  |TAMS 0x00000000b7400000, 0x00000000b7400000| Complete 
| 373|0x00000000b7500000, 0x00000000b7600000, 0x00000000b7600000|100%|HC|  |TAMS 0x00000000b7500000, 0x00000000b7500000| Complete 
| 374|0x00000000b7600000, 0x00000000b7700000, 0x00000000b7700000|100%|HS|  |TAMS 0x00000000b7600000, 0x00000000b7600000| Complete 
| 375|0x00000000b7700000, 0x00000000b7800000, 0x00000000b7800000|100%|HC|  |TAMS 0x00000000b7700000, 0x00000000b7700000| Complete 
| 376|0x00000000b7800000, 0x00000000b7900000, 0x00000000b7900000|100%|HS|  |TAMS 0x00000000b7800000, 0x00000000b7800000| Complete 
| 377|0x00000000b7900000, 0x00000000b7a00000, 0x00000000b7a00000|100%|HC|  |TAMS 0x00000000b7900000, 0x00000000b7900000| Complete 
| 378|0x00000000b7a00000, 0x00000000b7b00000, 0x00000000b7b00000|100%|HS|  |TAMS 0x00000000b7a00000, 0x00000000b7a00000| Complete 
| 379|0x00000000b7b00000, 0x00000000b7c00000, 0x00000000b7c00000|100%|HC|  |TAMS 0x00000000b7b00000, 0x00000000b7b00000| Complete 
| 380|0x00000000b7c00000, 0x00000000b7d00000, 0x00000000b7d00000|100%|HS|  |TAMS 0x00000000b7c00000, 0x00000000b7c00000| Complete 
| 381|0x00000000b7d00000, 0x00000000b7e00000, 0x00000000b7e00000|100%|HC|  |TAMS 0x00000000b7d00000, 0x00000000b7d00000| Complete 
| 382|0x00000000b7e00000, 0x00000000b7f00000, 0x00000000b7f00000|100%| O|  |TAMS 0x00000000b7f00000, 0x00000000b7e00000| Untracked 
| 383|0x00000000b7f00000, 0x00000000b8000000, 0x00000000b8000000|100%| O|  |TAMS 0x00000000b8000000, 0x00000000b7f00000| Untracked 
| 384|0x00000000b8000000, 0x00000000b8100000, 0x00000000b8100000|100%| O|  |TAMS 0x00000000b8100000, 0x00000000b8000000| Untracked 
| 385|0x00000000b8100000, 0x00000000b8200000, 0x00000000b8200000|100%| O|  |TAMS 0x00000000b8200000, 0x00000000b8100000| Untracked 
| 386|0x00000000b8200000, 0x00000000b8300000, 0x00000000b8300000|100%|HS|  |TAMS 0x00000000b8200000, 0x00000000b8200000| Complete 
| 387|0x00000000b8300000, 0x00000000b8400000, 0x00000000b8400000|100%|HC|  |TAMS 0x00000000b8300000, 0x00000000b8300000| Complete 
| 388|0x00000000b8400000, 0x00000000b8500000, 0x00000000b8500000|100%|HS|  |TAMS 0x00000000b8400000, 0x00000000b8400000| Complete 
| 389|0x00000000b8500000, 0x00000000b8600000, 0x00000000b8600000|100%|HC|  |TAMS 0x00000000b8500000, 0x00000000b8500000| Complete 
| 390|0x00000000b8600000, 0x00000000b8700000, 0x00000000b8700000|100%|HS|  |TAMS 0x00000000b8600000, 0x00000000b8600000| Complete 
| 391|0x00000000b8700000, 0x00000000b8800000, 0x00000000b8800000|100%|HC|  |TAMS 0x00000000b8700000, 0x00000000b8700000| Complete 
| 392|0x00000000b8800000, 0x00000000b8900000, 0x00000000b8900000|100%|HS|  |TAMS 0x00000000b8800000, 0x00000000b8800000| Complete 
| 393|0x00000000b8900000, 0x00000000b8a00000, 0x00000000b8a00000|100%|HC|  |TAMS 0x00000000b8900000, 0x00000000b8900000| Complete 
| 394|0x00000000b8a00000, 0x00000000b8b00000, 0x00000000b8b00000|100%|HS|  |TAMS 0x00000000b8a00000, 0x00000000b8a00000| Complete 
| 395|0x00000000b8b00000, 0x00000000b8c00000, 0x00000000b8c00000|100%|HC|  |TAMS 0x00000000b8b00000, 0x00000000b8b00000| Complete 
| 396|0x00000000b8c00000, 0x00000000b8d00000, 0x00000000b8d00000|100%|HS|  |TAMS 0x00000000b8c00000, 0x00000000b8c00000| Complete 
| 397|0x00000000b8d00000, 0x00000000b8e00000, 0x00000000b8e00000|100%|HC|  |TAMS 0x00000000b8d00000, 0x00000000b8d00000| Complete 
| 398|0x00000000b8e00000, 0x00000000b8f00000, 0x00000000b8f00000|100%|HS|  |TAMS 0x00000000b8e00000, 0x00000000b8e00000| Complete 
| 399|0x00000000b8f00000, 0x00000000b9000000, 0x00000000b9000000|100%|HC|  |TAMS 0x00000000b8f00000, 0x00000000b8f00000| Complete 
| 400|0x00000000b9000000, 0x00000000b9100000, 0x00000000b9100000|100%|HS|  |TAMS 0x00000000b9000000, 0x00000000b9000000| Complete 
| 401|0x00000000b9100000, 0x00000000b9200000, 0x00000000b9200000|100%|HC|  |TAMS 0x00000000b9100000, 0x00000000b9100000| Complete 
| 402|0x00000000b9200000, 0x00000000b9300000, 0x00000000b9300000|100%|HS|  |TAMS 0x00000000b9200000, 0x00000000b9200000| Complete 
| 403|0x00000000b9300000, 0x00000000b9400000, 0x00000000b9400000|100%|HC|  |TAMS 0x00000000b9300000, 0x00000000b9300000| Complete 
| 404|0x00000000b9400000, 0x00000000b9500000, 0x00000000b9500000|100%|HS|  |TAMS 0x00000000b9400000, 0x00000000b9400000| Complete 
| 405|0x00000000b9500000, 0x00000000b9500000, 0x00000000b9600000|  0%| F|  |TAMS 0x00000000b9500000, 0x00000000b9500000| Untracked 
| 406|0x00000000b9600000, 0x00000000b9600000, 0x00000000b9700000|  0%| F|  |TAMS 0x00000000b9600000, 0x00000000b9600000| Untracked 
| 407|0x00000000b9700000, 0x00000000b9700000, 0x00000000b9800000|  0%| F|  |TAMS 0x00000000b9700000, 0x00000000b9700000| Untracked 
| 408|0x00000000b9800000, 0x00000000b9800000, 0x00000000b9900000|  0%| F|  |TAMS 0x00000000b9800000, 0x00000000b9800000| Untracked 
| 409|0x00000000b9900000, 0x00000000b9900000, 0x00000000b9a00000|  0%| F|  |TAMS 0x00000000b9900000, 0x00000000b9900000| Untracked 
| 410|0x00000000b9a00000, 0x00000000b9a00000, 0x00000000b9b00000|  0%| F|  |TAMS 0x00000000b9a00000, 0x00000000b9a00000| Untracked 
| 411|0x00000000b9b00000, 0x00000000b9b00000, 0x00000000b9c00000|  0%| F|  |TAMS 0x00000000b9b00000, 0x00000000b9b00000| Untracked 
| 412|0x00000000b9c00000, 0x00000000b9d00000, 0x00000000b9d00000|100%| O|  |TAMS 0x00000000b9d00000, 0x00000000b9c00000| Untracked 
| 413|0x00000000b9d00000, 0x00000000b9e00000, 0x00000000b9e00000|100%| O|  |TAMS 0x00000000b9e00000, 0x00000000b9d00000| Untracked 
| 414|0x00000000b9e00000, 0x00000000b9f00000, 0x00000000b9f00000|100%| O|  |TAMS 0x00000000b9f00000, 0x00000000b9e00000| Untracked 
| 415|0x00000000b9f00000, 0x00000000ba000000, 0x00000000ba000000|100%| O|  |TAMS 0x00000000ba000000, 0x00000000b9f00000| Untracked 
| 416|0x00000000ba000000, 0x00000000ba010400, 0x00000000ba100000|  6%| O|  |TAMS 0x00000000ba010400, 0x00000000ba000000| Untracked 
| 417|0x00000000ba100000, 0x00000000ba100000, 0x00000000ba200000|  0%| F|  |TAMS 0x00000000ba100000, 0x00000000ba100000| Untracked 
| 418|0x00000000ba200000, 0x00000000ba200000, 0x00000000ba300000|  0%| F|  |TAMS 0x00000000ba200000, 0x00000000ba200000| Untracked 
| 419|0x00000000ba300000, 0x00000000ba300000, 0x00000000ba400000|  0%| F|  |TAMS 0x00000000ba300000, 0x00000000ba300000| Untracked 
| 420|0x00000000ba400000, 0x00000000ba400000, 0x00000000ba500000|  0%| F|  |TAMS 0x00000000ba400000, 0x00000000ba400000| Untracked 
| 421|0x00000000ba500000, 0x00000000ba500000, 0x00000000ba600000|  0%| F|  |TAMS 0x00000000ba500000, 0x00000000ba500000| Untracked 
| 422|0x00000000ba600000, 0x00000000ba600000, 0x00000000ba700000|  0%| F|  |TAMS 0x00000000ba600000, 0x00000000ba600000| Untracked 
| 423|0x00000000ba700000, 0x00000000ba700000, 0x00000000ba800000|  0%| F|  |TAMS 0x00000000ba700000, 0x00000000ba700000| Untracked 
| 424|0x00000000ba800000, 0x00000000ba800000, 0x00000000ba900000|  0%| F|  |TAMS 0x00000000ba800000, 0x00000000ba800000| Untracked 
| 425|0x00000000ba900000, 0x00000000ba900000, 0x00000000baa00000|  0%| F|  |TAMS 0x00000000ba900000, 0x00000000ba900000| Untracked 
| 426|0x00000000baa00000, 0x00000000baa00000, 0x00000000bab00000|  0%| F|  |TAMS 0x00000000baa00000, 0x00000000baa00000| Untracked 
| 427|0x00000000bab00000, 0x00000000bab00000, 0x00000000bac00000|  0%| F|  |TAMS 0x00000000bab00000, 0x00000000bab00000| Untracked 
| 428|0x00000000bac00000, 0x00000000bac00000, 0x00000000bad00000|  0%| F|  |TAMS 0x00000000bac00000, 0x00000000bac00000| Untracked 
| 429|0x00000000bad00000, 0x00000000bad00000, 0x00000000bae00000|  0%| F|  |TAMS 0x00000000bad00000, 0x00000000bad00000| Untracked 
| 430|0x00000000bae00000, 0x00000000bae00000, 0x00000000baf00000|  0%| F|  |TAMS 0x00000000bae00000, 0x00000000bae00000| Untracked 
| 431|0x00000000baf00000, 0x00000000baf00000, 0x00000000bb000000|  0%| F|  |TAMS 0x00000000baf00000, 0x00000000baf00000| Untracked 
| 432|0x00000000bb000000, 0x00000000bb000000, 0x00000000bb100000|  0%| F|  |TAMS 0x00000000bb000000, 0x00000000bb000000| Untracked 
| 433|0x00000000bb100000, 0x00000000bb100000, 0x00000000bb200000|  0%| F|  |TAMS 0x00000000bb100000, 0x00000000bb100000| Untracked 
| 434|0x00000000bb200000, 0x00000000bb200000, 0x00000000bb300000|  0%| F|  |TAMS 0x00000000bb200000, 0x00000000bb200000| Untracked 
| 435|0x00000000bb300000, 0x00000000bb300000, 0x00000000bb400000|  0%| F|  |TAMS 0x00000000bb300000, 0x00000000bb300000| Untracked 
| 436|0x00000000bb400000, 0x00000000bb400000, 0x00000000bb500000|  0%| F|  |TAMS 0x00000000bb400000, 0x00000000bb400000| Untracked 
| 437|0x00000000bb500000, 0x00000000bb500000, 0x00000000bb600000|  0%| F|  |TAMS 0x00000000bb500000, 0x00000000bb500000| Untracked 
| 438|0x00000000bb600000, 0x00000000bb600000, 0x00000000bb700000|  0%| F|  |TAMS 0x00000000bb600000, 0x00000000bb600000| Untracked 
| 439|0x00000000bb700000, 0x00000000bb700000, 0x00000000bb800000|  0%| F|  |TAMS 0x00000000bb700000, 0x00000000bb700000| Untracked 
| 440|0x00000000bb800000, 0x00000000bb800000, 0x00000000bb900000|  0%| F|  |TAMS 0x00000000bb800000, 0x00000000bb800000| Untracked 
| 441|0x00000000bb900000, 0x00000000bb900000, 0x00000000bba00000|  0%| F|  |TAMS 0x00000000bb900000, 0x00000000bb900000| Untracked 
| 442|0x00000000bba00000, 0x00000000bba00000, 0x00000000bbb00000|  0%| F|  |TAMS 0x00000000bba00000, 0x00000000bba00000| Untracked 
| 443|0x00000000bbb00000, 0x00000000bbb00000, 0x00000000bbc00000|  0%| F|  |TAMS 0x00000000bbb00000, 0x00000000bbb00000| Untracked 
| 444|0x00000000bbc00000, 0x00000000bbc00000, 0x00000000bbd00000|  0%| F|  |TAMS 0x00000000bbc00000, 0x00000000bbc00000| Untracked 
| 445|0x00000000bbd00000, 0x00000000bbd00000, 0x00000000bbe00000|  0%| F|  |TAMS 0x00000000bbd00000, 0x00000000bbd00000| Untracked 
| 446|0x00000000bbe00000, 0x00000000bbe00000, 0x00000000bbf00000|  0%| F|  |TAMS 0x00000000bbe00000, 0x00000000bbe00000| Untracked 
| 447|0x00000000bbf00000, 0x00000000bbf00000, 0x00000000bc000000|  0%| F|  |TAMS 0x00000000bbf00000, 0x00000000bbf00000| Untracked 
| 448|0x00000000bc000000, 0x00000000bc000000, 0x00000000bc100000|  0%| F|  |TAMS 0x00000000bc000000, 0x00000000bc000000| Untracked 
| 449|0x00000000bc100000, 0x00000000bc100000, 0x00000000bc200000|  0%| F|  |TAMS 0x00000000bc100000, 0x00000000bc100000| Untracked 
| 450|0x00000000bc200000, 0x00000000bc200000, 0x00000000bc300000|  0%| F|  |TAMS 0x00000000bc200000, 0x00000000bc200000| Untracked 
| 451|0x00000000bc300000, 0x00000000bc300000, 0x00000000bc400000|  0%| F|  |TAMS 0x00000000bc300000, 0x00000000bc300000| Untracked 
| 452|0x00000000bc400000, 0x00000000bc400000, 0x00000000bc500000|  0%| F|  |TAMS 0x00000000bc400000, 0x00000000bc400000| Untracked 
| 453|0x00000000bc500000, 0x00000000bc500000, 0x00000000bc600000|  0%| F|  |TAMS 0x00000000bc500000, 0x00000000bc500000| Untracked 
| 454|0x00000000bc600000, 0x00000000bc600000, 0x00000000bc700000|  0%| F|  |TAMS 0x00000000bc600000, 0x00000000bc600000| Untracked 
| 455|0x00000000bc700000, 0x00000000bc700000, 0x00000000bc800000|  0%| F|  |TAMS 0x00000000bc700000, 0x00000000bc700000| Untracked 
| 456|0x00000000bc800000, 0x00000000bc800000, 0x00000000bc900000|  0%| F|  |TAMS 0x00000000bc800000, 0x00000000bc800000| Untracked 
| 457|0x00000000bc900000, 0x00000000bc900000, 0x00000000bca00000|  0%| F|  |TAMS 0x00000000bc900000, 0x00000000bc900000| Untracked 
| 458|0x00000000bca00000, 0x00000000bca00000, 0x00000000bcb00000|  0%| F|  |TAMS 0x00000000bca00000, 0x00000000bca00000| Untracked 
| 459|0x00000000bcb00000, 0x00000000bcb00000, 0x00000000bcc00000|  0%| F|  |TAMS 0x00000000bcb00000, 0x00000000bcb00000| Untracked 
| 460|0x00000000bcc00000, 0x00000000bcc00000, 0x00000000bcd00000|  0%| F|  |TAMS 0x00000000bcc00000, 0x00000000bcc00000| Untracked 
| 461|0x00000000bcd00000, 0x00000000bcd00000, 0x00000000bce00000|  0%| F|  |TAMS 0x00000000bcd00000, 0x00000000bcd00000| Untracked 
| 462|0x00000000bce00000, 0x00000000bce00000, 0x00000000bcf00000|  0%| F|  |TAMS 0x00000000bce00000, 0x00000000bce00000| Untracked 
| 463|0x00000000bcf00000, 0x00000000bcf00000, 0x00000000bd000000|  0%| F|  |TAMS 0x00000000bcf00000, 0x00000000bcf00000| Untracked 
| 464|0x00000000bd000000, 0x00000000bd000000, 0x00000000bd100000|  0%| F|  |TAMS 0x00000000bd000000, 0x00000000bd000000| Untracked 
| 465|0x00000000bd100000, 0x00000000bd100000, 0x00000000bd200000|  0%| F|  |TAMS 0x00000000bd100000, 0x00000000bd100000| Untracked 
| 466|0x00000000bd200000, 0x00000000bd200000, 0x00000000bd300000|  0%| F|  |TAMS 0x00000000bd200000, 0x00000000bd200000| Untracked 
| 467|0x00000000bd300000, 0x00000000bd400000, 0x00000000bd400000|100%|HS|  |TAMS 0x00000000bd300000, 0x00000000bd300000| Complete 
| 468|0x00000000bd400000, 0x00000000bd500000, 0x00000000bd500000|100%|HC|  |TAMS 0x00000000bd400000, 0x00000000bd400000| Complete 
| 469|0x00000000bd500000, 0x00000000bd500000, 0x00000000bd600000|  0%| F|  |TAMS 0x00000000bd500000, 0x00000000bd500000| Untracked 
| 470|0x00000000bd600000, 0x00000000bd600000, 0x00000000bd700000|  0%| F|  |TAMS 0x00000000bd600000, 0x00000000bd600000| Untracked 
| 471|0x00000000bd700000, 0x00000000bd700000, 0x00000000bd800000|  0%| F|  |TAMS 0x00000000bd700000, 0x00000000bd700000| Untracked 
| 472|0x00000000bd800000, 0x00000000bd800000, 0x00000000bd900000|  0%| F|  |TAMS 0x00000000bd800000, 0x00000000bd800000| Untracked 
| 473|0x00000000bd900000, 0x00000000bd900000, 0x00000000bda00000|  0%| F|  |TAMS 0x00000000bd900000, 0x00000000bd900000| Untracked 
| 474|0x00000000bda00000, 0x00000000bda00000, 0x00000000bdb00000|  0%| F|  |TAMS 0x00000000bda00000, 0x00000000bda00000| Untracked 
| 475|0x00000000bdb00000, 0x00000000bdb00000, 0x00000000bdc00000|  0%| F|  |TAMS 0x00000000bdb00000, 0x00000000bdb00000| Untracked 
| 476|0x00000000bdc00000, 0x00000000bdc00000, 0x00000000bdd00000|  0%| F|  |TAMS 0x00000000bdc00000, 0x00000000bdc00000| Untracked 
| 477|0x00000000bdd00000, 0x00000000bdd00000, 0x00000000bde00000|  0%| F|  |TAMS 0x00000000bdd00000, 0x00000000bdd00000| Untracked 
| 478|0x00000000bde00000, 0x00000000bde00000, 0x00000000bdf00000|  0%| F|  |TAMS 0x00000000bde00000, 0x00000000bde00000| Untracked 
| 479|0x00000000bdf00000, 0x00000000bdf00000, 0x00000000be000000|  0%| F|  |TAMS 0x00000000bdf00000, 0x00000000bdf00000| Untracked 
| 480|0x00000000be000000, 0x00000000be000000, 0x00000000be100000|  0%| F|  |TAMS 0x00000000be000000, 0x00000000be000000| Untracked 
| 481|0x00000000be100000, 0x00000000be100000, 0x00000000be200000|  0%| F|  |TAMS 0x00000000be100000, 0x00000000be100000| Untracked 
| 482|0x00000000be200000, 0x00000000be200000, 0x00000000be300000|  0%| F|  |TAMS 0x00000000be200000, 0x00000000be200000| Untracked 
| 483|0x00000000be300000, 0x00000000be300000, 0x00000000be400000|  0%| F|  |TAMS 0x00000000be300000, 0x00000000be300000| Untracked 
| 484|0x00000000be400000, 0x00000000be400000, 0x00000000be500000|  0%| F|  |TAMS 0x00000000be400000, 0x00000000be400000| Untracked 
| 485|0x00000000be500000, 0x00000000be500000, 0x00000000be600000|  0%| F|  |TAMS 0x00000000be500000, 0x00000000be500000| Untracked 
| 486|0x00000000be600000, 0x00000000be600000, 0x00000000be700000|  0%| F|  |TAMS 0x00000000be600000, 0x00000000be600000| Untracked 
| 487|0x00000000be700000, 0x00000000be700000, 0x00000000be800000|  0%| F|  |TAMS 0x00000000be700000, 0x00000000be700000| Untracked 
| 488|0x00000000be800000, 0x00000000be800000, 0x00000000be900000|  0%| F|  |TAMS 0x00000000be800000, 0x00000000be800000| Untracked 
| 489|0x00000000be900000, 0x00000000bea00000, 0x00000000bea00000|100%|HS|  |TAMS 0x00000000be900000, 0x00000000be900000| Complete 
| 490|0x00000000bea00000, 0x00000000beb00000, 0x00000000beb00000|100%|HC|  |TAMS 0x00000000bea00000, 0x00000000bea00000| Complete 
| 491|0x00000000beb00000, 0x00000000bec00000, 0x00000000bec00000|100%|HS|  |TAMS 0x00000000beb00000, 0x00000000beb00000| Complete 
| 492|0x00000000bec00000, 0x00000000bed00000, 0x00000000bed00000|100%|HC|  |TAMS 0x00000000bec00000, 0x00000000bec00000| Complete 
| 493|0x00000000bed00000, 0x00000000bed00000, 0x00000000bee00000|  0%| F|  |TAMS 0x00000000bed00000, 0x00000000bed00000| Untracked 
| 494|0x00000000bee00000, 0x00000000bee00000, 0x00000000bef00000|  0%| F|  |TAMS 0x00000000bee00000, 0x00000000bee00000| Untracked 
| 495|0x00000000bef00000, 0x00000000bef00000, 0x00000000bf000000|  0%| F|  |TAMS 0x00000000bef00000, 0x00000000bef00000| Untracked 
| 496|0x00000000bf000000, 0x00000000bf000000, 0x00000000bf100000|  0%| F|  |TAMS 0x00000000bf000000, 0x00000000bf000000| Untracked 
| 497|0x00000000bf100000, 0x00000000bf100000, 0x00000000bf200000|  0%| F|  |TAMS 0x00000000bf100000, 0x00000000bf100000| Untracked 
| 498|0x00000000bf200000, 0x00000000bf200000, 0x00000000bf300000|  0%| F|  |TAMS 0x00000000bf200000, 0x00000000bf200000| Untracked 
| 499|0x00000000bf300000, 0x00000000bf300000, 0x00000000bf400000|  0%| F|  |TAMS 0x00000000bf300000, 0x00000000bf300000| Untracked 
| 500|0x00000000bf400000, 0x00000000bf400000, 0x00000000bf500000|  0%| F|  |TAMS 0x00000000bf400000, 0x00000000bf400000| Untracked 
| 501|0x00000000bf500000, 0x00000000bf500000, 0x00000000bf600000|  0%| F|  |TAMS 0x00000000bf500000, 0x00000000bf500000| Untracked 
| 502|0x00000000bf600000, 0x00000000bf600000, 0x00000000bf700000|  0%| F|  |TAMS 0x00000000bf600000, 0x00000000bf600000| Untracked 
| 503|0x00000000bf700000, 0x00000000bf700000, 0x00000000bf800000|  0%| F|  |TAMS 0x00000000bf700000, 0x00000000bf700000| Untracked 
| 504|0x00000000bf800000, 0x00000000bf800000, 0x00000000bf900000|  0%| F|  |TAMS 0x00000000bf800000, 0x00000000bf800000| Untracked 
| 505|0x00000000bf900000, 0x00000000bfa00000, 0x00000000bfa00000|100%|HS|  |TAMS 0x00000000bf900000, 0x00000000bf900000| Complete 
| 506|0x00000000bfa00000, 0x00000000bfb00000, 0x00000000bfb00000|100%|HC|  |TAMS 0x00000000bfa00000, 0x00000000bfa00000| Complete 
| 507|0x00000000bfb00000, 0x00000000bfc00000, 0x00000000bfc00000|100%|HS|  |TAMS 0x00000000bfb00000, 0x00000000bfb00000| Complete 
| 508|0x00000000bfc00000, 0x00000000bfd00000, 0x00000000bfd00000|100%|HC|  |TAMS 0x00000000bfc00000, 0x00000000bfc00000| Complete 
| 509|0x00000000bfd00000, 0x00000000bfe00000, 0x00000000bfe00000|100%|HS|  |TAMS 0x00000000bfd00000, 0x00000000bfd00000| Complete 
| 510|0x00000000bfe00000, 0x00000000bff00000, 0x00000000bff00000|100%|HC|  |TAMS 0x00000000bfe00000, 0x00000000bfe00000| Complete 
| 511|0x00000000bff00000, 0x00000000c0000000, 0x00000000c0000000|100%|HS|  |TAMS 0x00000000bff00000, 0x00000000bff00000| Complete 
| 512|0x00000000c0000000, 0x00000000c0100000, 0x00000000c0100000|100%|HC|  |TAMS 0x00000000c0000000, 0x00000000c0000000| Complete 
| 513|0x00000000c0100000, 0x00000000c0200000, 0x00000000c0200000|100%|HS|  |TAMS 0x00000000c0100000, 0x00000000c0100000| Complete 
| 514|0x00000000c0200000, 0x00000000c0300000, 0x00000000c0300000|100%|HC|  |TAMS 0x00000000c0200000, 0x00000000c0200000| Complete 
| 515|0x00000000c0300000, 0x00000000c0400000, 0x00000000c0400000|100%|HS|  |TAMS 0x00000000c0300000, 0x00000000c0300000| Complete 
| 516|0x00000000c0400000, 0x00000000c0500000, 0x00000000c0500000|100%|HC|  |TAMS 0x00000000c0400000, 0x00000000c0400000| Complete 
| 517|0x00000000c0500000, 0x00000000c0600000, 0x00000000c0600000|100%|HS|  |TAMS 0x00000000c0500000, 0x00000000c0500000| Complete 
| 518|0x00000000c0600000, 0x00000000c0700000, 0x00000000c0700000|100%|HC|  |TAMS 0x00000000c0600000, 0x00000000c0600000| Complete 
| 519|0x00000000c0700000, 0x00000000c0800000, 0x00000000c0800000|100%|HS|  |TAMS 0x00000000c0700000, 0x00000000c0700000| Complete 
| 520|0x00000000c0800000, 0x00000000c0900000, 0x00000000c0900000|100%|HC|  |TAMS 0x00000000c0800000, 0x00000000c0800000| Complete 
| 521|0x00000000c0900000, 0x00000000c0a00000, 0x00000000c0a00000|100%|HS|  |TAMS 0x00000000c0900000, 0x00000000c0900000| Complete 
| 522|0x00000000c0a00000, 0x00000000c0b00000, 0x00000000c0b00000|100%|HC|  |TAMS 0x00000000c0a00000, 0x00000000c0a00000| Complete 
| 523|0x00000000c0b00000, 0x00000000c0c00000, 0x00000000c0c00000|100%|HS|  |TAMS 0x00000000c0b00000, 0x00000000c0b00000| Complete 
| 524|0x00000000c0c00000, 0x00000000c0d00000, 0x00000000c0d00000|100%|HC|  |TAMS 0x00000000c0c00000, 0x00000000c0c00000| Complete 
| 525|0x00000000c0d00000, 0x00000000c0d00000, 0x00000000c0e00000|  0%| F|  |TAMS 0x00000000c0d00000, 0x00000000c0d00000| Untracked 
| 526|0x00000000c0e00000, 0x00000000c0e00000, 0x00000000c0f00000|  0%| F|  |TAMS 0x00000000c0e00000, 0x00000000c0e00000| Untracked 
| 527|0x00000000c0f00000, 0x00000000c1000000, 0x00000000c1000000|100%|HS|  |TAMS 0x00000000c0f00000, 0x00000000c0f00000| Complete 
| 528|0x00000000c1000000, 0x00000000c1100000, 0x00000000c1100000|100%|HC|  |TAMS 0x00000000c1000000, 0x00000000c1000000| Complete 
| 529|0x00000000c1100000, 0x00000000c1200000, 0x00000000c1200000|100%|HS|  |TAMS 0x00000000c1100000, 0x00000000c1100000| Complete 
| 530|0x00000000c1200000, 0x00000000c1300000, 0x00000000c1300000|100%|HC|  |TAMS 0x00000000c1200000, 0x00000000c1200000| Complete 
| 531|0x00000000c1300000, 0x00000000c1400000, 0x00000000c1400000|100%|HS|  |TAMS 0x00000000c1300000, 0x00000000c1300000| Complete 
| 532|0x00000000c1400000, 0x00000000c1500000, 0x00000000c1500000|100%|HC|  |TAMS 0x00000000c1400000, 0x00000000c1400000| Complete 
| 533|0x00000000c1500000, 0x00000000c1600000, 0x00000000c1600000|100%|HS|  |TAMS 0x00000000c1500000, 0x00000000c1500000| Complete 
| 534|0x00000000c1600000, 0x00000000c1700000, 0x00000000c1700000|100%|HC|  |TAMS 0x00000000c1600000, 0x00000000c1600000| Complete 
| 535|0x00000000c1700000, 0x00000000c1800000, 0x00000000c1800000|100%|HS|  |TAMS 0x00000000c1700000, 0x00000000c1700000| Complete 
| 536|0x00000000c1800000, 0x00000000c1900000, 0x00000000c1900000|100%|HC|  |TAMS 0x00000000c1800000, 0x00000000c1800000| Complete 
| 537|0x00000000c1900000, 0x00000000c1a00000, 0x00000000c1a00000|100%|HS|  |TAMS 0x00000000c1900000, 0x00000000c1900000| Complete 
| 538|0x00000000c1a00000, 0x00000000c1b00000, 0x00000000c1b00000|100%|HC|  |TAMS 0x00000000c1a00000, 0x00000000c1a00000| Complete 
| 539|0x00000000c1b00000, 0x00000000c1bf6980, 0x00000000c1c00000| 96%| S|CS|TAMS 0x00000000c1b00000, 0x00000000c1b00000| Complete 
| 540|0x00000000c1c00000, 0x00000000c1c00000, 0x00000000c1d00000|  0%| F|  |TAMS 0x00000000c1c00000, 0x00000000c1c00000| Untracked 
| 541|0x00000000c1d00000, 0x00000000c1d00000, 0x00000000c1e00000|  0%| F|  |TAMS 0x00000000c1d00000, 0x00000000c1d00000| Untracked 
| 542|0x00000000c1e00000, 0x00000000c1f00000, 0x00000000c1f00000|100%| E|CS|TAMS 0x00000000c1e00000, 0x00000000c1e00000| Complete 
| 543|0x00000000c1f00000, 0x00000000c2000000, 0x00000000c2000000|100%|HS|  |TAMS 0x00000000c1f00000, 0x00000000c1f00000| Complete 
| 544|0x00000000c2000000, 0x00000000c2100000, 0x00000000c2100000|100%|HC|  |TAMS 0x00000000c2000000, 0x00000000c2000000| Complete 
| 545|0x00000000c2100000, 0x00000000c2200000, 0x00000000c2200000|100%| S|CS|TAMS 0x00000000c2100000, 0x00000000c2100000| Complete 
| 546|0x00000000c2200000, 0x00000000c2300000, 0x00000000c2300000|100%| E|CS|TAMS 0x00000000c2200000, 0x00000000c2200000| Complete 
| 547|0x00000000c2300000, 0x00000000c2300000, 0x00000000c2400000|  0%| F|  |TAMS 0x00000000c2300000, 0x00000000c2300000| Untracked 
| 548|0x00000000c2400000, 0x00000000c2400000, 0x00000000c2500000|  0%| F|  |TAMS 0x00000000c2400000, 0x00000000c2400000| Untracked 
| 549|0x00000000c2500000, 0x00000000c2500000, 0x00000000c2600000|  0%| F|  |TAMS 0x00000000c2500000, 0x00000000c2500000| Untracked 
| 550|0x00000000c2600000, 0x00000000c2600000, 0x00000000c2700000|  0%| F|  |TAMS 0x00000000c2600000, 0x00000000c2600000| Untracked 
| 551|0x00000000c2700000, 0x00000000c2700000, 0x00000000c2800000|  0%| F|  |TAMS 0x00000000c2700000, 0x00000000c2700000| Untracked 
| 552|0x00000000c2800000, 0x00000000c2800000, 0x00000000c2900000|  0%| F|  |TAMS 0x00000000c2800000, 0x00000000c2800000| Untracked 
| 553|0x00000000c2900000, 0x00000000c2900000, 0x00000000c2a00000|  0%| F|  |TAMS 0x00000000c2900000, 0x00000000c2900000| Untracked 
| 554|0x00000000c2a00000, 0x00000000c2a00000, 0x00000000c2b00000|  0%| F|  |TAMS 0x00000000c2a00000, 0x00000000c2a00000| Untracked 
| 555|0x00000000c2b00000, 0x00000000c2b00000, 0x00000000c2c00000|  0%| F|  |TAMS 0x00000000c2b00000, 0x00000000c2b00000| Untracked 
| 556|0x00000000c2c00000, 0x00000000c2c00000, 0x00000000c2d00000|  0%| F|  |TAMS 0x00000000c2c00000, 0x00000000c2c00000| Untracked 
| 557|0x00000000c2d00000, 0x00000000c2d00000, 0x00000000c2e00000|  0%| F|  |TAMS 0x00000000c2d00000, 0x00000000c2d00000| Untracked 
| 558|0x00000000c2e00000, 0x00000000c2e00000, 0x00000000c2f00000|  0%| F|  |TAMS 0x00000000c2e00000, 0x00000000c2e00000| Untracked 
| 559|0x00000000c2f00000, 0x00000000c2f00000, 0x00000000c3000000|  0%| F|  |TAMS 0x00000000c2f00000, 0x00000000c2f00000| Untracked 
| 560|0x00000000c3000000, 0x00000000c3000000, 0x00000000c3100000|  0%| F|  |TAMS 0x00000000c3000000, 0x00000000c3000000| Untracked 
| 561|0x00000000c3100000, 0x00000000c3100000, 0x00000000c3200000|  0%| F|  |TAMS 0x00000000c3100000, 0x00000000c3100000| Untracked 
| 562|0x00000000c3200000, 0x00000000c3200000, 0x00000000c3300000|  0%| F|  |TAMS 0x00000000c3200000, 0x00000000c3200000| Untracked 
| 563|0x00000000c3300000, 0x00000000c3300000, 0x00000000c3400000|  0%| F|  |TAMS 0x00000000c3300000, 0x00000000c3300000| Untracked 
| 564|0x00000000c3400000, 0x00000000c3400000, 0x00000000c3500000|  0%| F|  |TAMS 0x00000000c3400000, 0x00000000c3400000| Untracked 
| 565|0x00000000c3500000, 0x00000000c3500000, 0x00000000c3600000|  0%| F|  |TAMS 0x00000000c3500000, 0x00000000c3500000| Untracked 
| 566|0x00000000c3600000, 0x00000000c3600000, 0x00000000c3700000|  0%| F|  |TAMS 0x00000000c3600000, 0x00000000c3600000| Untracked 
| 567|0x00000000c3700000, 0x00000000c3700000, 0x00000000c3800000|  0%| F|  |TAMS 0x00000000c3700000, 0x00000000c3700000| Untracked 
| 568|0x00000000c3800000, 0x00000000c3800000, 0x00000000c3900000|  0%| F|  |TAMS 0x00000000c3800000, 0x00000000c3800000| Untracked 
| 569|0x00000000c3900000, 0x00000000c3900000, 0x00000000c3a00000|  0%| F|  |TAMS 0x00000000c3900000, 0x00000000c3900000| Untracked 
| 570|0x00000000c3a00000, 0x00000000c3a00000, 0x00000000c3b00000|  0%| F|  |TAMS 0x00000000c3a00000, 0x00000000c3a00000| Untracked 
| 571|0x00000000c3b00000, 0x00000000c3b00000, 0x00000000c3c00000|  0%| F|  |TAMS 0x00000000c3b00000, 0x00000000c3b00000| Untracked 
| 572|0x00000000c3c00000, 0x00000000c3c00000, 0x00000000c3d00000|  0%| F|  |TAMS 0x00000000c3c00000, 0x00000000c3c00000| Untracked 
| 573|0x00000000c3d00000, 0x00000000c3d00000, 0x00000000c3e00000|  0%| F|  |TAMS 0x00000000c3d00000, 0x00000000c3d00000| Untracked 
| 574|0x00000000c3e00000, 0x00000000c3e00000, 0x00000000c3f00000|  0%| F|  |TAMS 0x00000000c3e00000, 0x00000000c3e00000| Untracked 
| 575|0x00000000c3f00000, 0x00000000c3f00000, 0x00000000c4000000|  0%| F|  |TAMS 0x00000000c3f00000, 0x00000000c3f00000| Untracked 
| 576|0x00000000c4000000, 0x00000000c4000000, 0x00000000c4100000|  0%| F|  |TAMS 0x00000000c4000000, 0x00000000c4000000| Untracked 
| 577|0x00000000c4100000, 0x00000000c4100000, 0x00000000c4200000|  0%| F|  |TAMS 0x00000000c4100000, 0x00000000c4100000| Untracked 
| 578|0x00000000c4200000, 0x00000000c4200000, 0x00000000c4300000|  0%| F|  |TAMS 0x00000000c4200000, 0x00000000c4200000| Untracked 
| 579|0x00000000c4300000, 0x00000000c4300000, 0x00000000c4400000|  0%| F|  |TAMS 0x00000000c4300000, 0x00000000c4300000| Untracked 
| 580|0x00000000c4400000, 0x00000000c4400000, 0x00000000c4500000|  0%| F|  |TAMS 0x00000000c4400000, 0x00000000c4400000| Untracked 
| 581|0x00000000c4500000, 0x00000000c4500000, 0x00000000c4600000|  0%| F|  |TAMS 0x00000000c4500000, 0x00000000c4500000| Untracked 
| 582|0x00000000c4600000, 0x00000000c4600000, 0x00000000c4700000|  0%| F|  |TAMS 0x00000000c4600000, 0x00000000c4600000| Untracked 
| 583|0x00000000c4700000, 0x00000000c4700000, 0x00000000c4800000|  0%| F|  |TAMS 0x00000000c4700000, 0x00000000c4700000| Untracked 
| 584|0x00000000c4800000, 0x00000000c4800000, 0x00000000c4900000|  0%| F|  |TAMS 0x00000000c4800000, 0x00000000c4800000| Untracked 
| 585|0x00000000c4900000, 0x00000000c4900000, 0x00000000c4a00000|  0%| F|  |TAMS 0x00000000c4900000, 0x00000000c4900000| Untracked 
| 586|0x00000000c4a00000, 0x00000000c4a00000, 0x00000000c4b00000|  0%| F|  |TAMS 0x00000000c4a00000, 0x00000000c4a00000| Untracked 
| 587|0x00000000c4b00000, 0x00000000c4b00000, 0x00000000c4c00000|  0%| F|  |TAMS 0x00000000c4b00000, 0x00000000c4b00000| Untracked 
| 588|0x00000000c4c00000, 0x00000000c4c00000, 0x00000000c4d00000|  0%| F|  |TAMS 0x00000000c4c00000, 0x00000000c4c00000| Untracked 
| 589|0x00000000c4d00000, 0x00000000c4d00000, 0x00000000c4e00000|  0%| F|  |TAMS 0x00000000c4d00000, 0x00000000c4d00000| Untracked 
| 590|0x00000000c4e00000, 0x00000000c4e00000, 0x00000000c4f00000|  0%| F|  |TAMS 0x00000000c4e00000, 0x00000000c4e00000| Untracked 
| 591|0x00000000c4f00000, 0x00000000c4f00000, 0x00000000c5000000|  0%| F|  |TAMS 0x00000000c4f00000, 0x00000000c4f00000| Untracked 
| 592|0x00000000c5000000, 0x00000000c5000000, 0x00000000c5100000|  0%| F|  |TAMS 0x00000000c5000000, 0x00000000c5000000| Untracked 
| 593|0x00000000c5100000, 0x00000000c5100000, 0x00000000c5200000|  0%| F|  |TAMS 0x00000000c5100000, 0x00000000c5100000| Untracked 
| 594|0x00000000c5200000, 0x00000000c5200000, 0x00000000c5300000|  0%| F|  |TAMS 0x00000000c5200000, 0x00000000c5200000| Untracked 
| 595|0x00000000c5300000, 0x00000000c5300000, 0x00000000c5400000|  0%| F|  |TAMS 0x00000000c5300000, 0x00000000c5300000| Untracked 
| 596|0x00000000c5400000, 0x00000000c5400000, 0x00000000c5500000|  0%| F|  |TAMS 0x00000000c5400000, 0x00000000c5400000| Untracked 
| 597|0x00000000c5500000, 0x00000000c5500000, 0x00000000c5600000|  0%| F|  |TAMS 0x00000000c5500000, 0x00000000c5500000| Untracked 
| 598|0x00000000c5600000, 0x00000000c5600000, 0x00000000c5700000|  0%| F|  |TAMS 0x00000000c5600000, 0x00000000c5600000| Untracked 
| 599|0x00000000c5700000, 0x00000000c5700000, 0x00000000c5800000|  0%| F|  |TAMS 0x00000000c5700000, 0x00000000c5700000| Untracked 
| 600|0x00000000c5800000, 0x00000000c5800000, 0x00000000c5900000|  0%| F|  |TAMS 0x00000000c5800000, 0x00000000c5800000| Untracked 
| 601|0x00000000c5900000, 0x00000000c5900000, 0x00000000c5a00000|  0%| F|  |TAMS 0x00000000c5900000, 0x00000000c5900000| Untracked 
| 602|0x00000000c5a00000, 0x00000000c5a00000, 0x00000000c5b00000|  0%| F|  |TAMS 0x00000000c5a00000, 0x00000000c5a00000| Untracked 
| 603|0x00000000c5b00000, 0x00000000c5b00000, 0x00000000c5c00000|  0%| F|  |TAMS 0x00000000c5b00000, 0x00000000c5b00000| Untracked 
| 604|0x00000000c5c00000, 0x00000000c5c00000, 0x00000000c5d00000|  0%| F|  |TAMS 0x00000000c5c00000, 0x00000000c5c00000| Untracked 
| 605|0x00000000c5d00000, 0x00000000c5d00000, 0x00000000c5e00000|  0%| F|  |TAMS 0x00000000c5d00000, 0x00000000c5d00000| Untracked 
| 606|0x00000000c5e00000, 0x00000000c5e00000, 0x00000000c5f00000|  0%| F|  |TAMS 0x00000000c5e00000, 0x00000000c5e00000| Untracked 
| 607|0x00000000c5f00000, 0x00000000c5f00000, 0x00000000c6000000|  0%| F|  |TAMS 0x00000000c5f00000, 0x00000000c5f00000| Untracked 
| 608|0x00000000c6000000, 0x00000000c6000000, 0x00000000c6100000|  0%| F|  |TAMS 0x00000000c6000000, 0x00000000c6000000| Untracked 
| 609|0x00000000c6100000, 0x00000000c6100000, 0x00000000c6200000|  0%| F|  |TAMS 0x00000000c6100000, 0x00000000c6100000| Untracked 
| 610|0x00000000c6200000, 0x00000000c6200000, 0x00000000c6300000|  0%| F|  |TAMS 0x00000000c6200000, 0x00000000c6200000| Untracked 
| 611|0x00000000c6300000, 0x00000000c6300000, 0x00000000c6400000|  0%| F|  |TAMS 0x00000000c6300000, 0x00000000c6300000| Untracked 
| 612|0x00000000c6400000, 0x00000000c6400000, 0x00000000c6500000|  0%| F|  |TAMS 0x00000000c6400000, 0x00000000c6400000| Untracked 
| 613|0x00000000c6500000, 0x00000000c6500000, 0x00000000c6600000|  0%| F|  |TAMS 0x00000000c6500000, 0x00000000c6500000| Untracked 
| 614|0x00000000c6600000, 0x00000000c6600000, 0x00000000c6700000|  0%| F|  |TAMS 0x00000000c6600000, 0x00000000c6600000| Untracked 
| 615|0x00000000c6700000, 0x00000000c6700000, 0x00000000c6800000|  0%| F|  |TAMS 0x00000000c6700000, 0x00000000c6700000| Untracked 
| 616|0x00000000c6800000, 0x00000000c6800000, 0x00000000c6900000|  0%| F|  |TAMS 0x00000000c6800000, 0x00000000c6800000| Untracked 
| 617|0x00000000c6900000, 0x00000000c6900000, 0x00000000c6a00000|  0%| F|  |TAMS 0x00000000c6900000, 0x00000000c6900000| Untracked 
| 618|0x00000000c6a00000, 0x00000000c6a00000, 0x00000000c6b00000|  0%| F|  |TAMS 0x00000000c6a00000, 0x00000000c6a00000| Untracked 
| 619|0x00000000c6b00000, 0x00000000c6b00000, 0x00000000c6c00000|  0%| F|  |TAMS 0x00000000c6b00000, 0x00000000c6b00000| Untracked 
| 620|0x00000000c6c00000, 0x00000000c6c00000, 0x00000000c6d00000|  0%| F|  |TAMS 0x00000000c6c00000, 0x00000000c6c00000| Untracked 
| 621|0x00000000c6d00000, 0x00000000c6d00000, 0x00000000c6e00000|  0%| F|  |TAMS 0x00000000c6d00000, 0x00000000c6d00000| Untracked 
| 622|0x00000000c6e00000, 0x00000000c6e00000, 0x00000000c6f00000|  0%| F|  |TAMS 0x00000000c6e00000, 0x00000000c6e00000| Untracked 
| 623|0x00000000c6f00000, 0x00000000c6f00000, 0x00000000c7000000|  0%| F|  |TAMS 0x00000000c6f00000, 0x00000000c6f00000| Untracked 
| 624|0x00000000c7000000, 0x00000000c7000000, 0x00000000c7100000|  0%| F|  |TAMS 0x00000000c7000000, 0x00000000c7000000| Untracked 
| 625|0x00000000c7100000, 0x00000000c7100000, 0x00000000c7200000|  0%| F|  |TAMS 0x00000000c7100000, 0x00000000c7100000| Untracked 
| 626|0x00000000c7200000, 0x00000000c7200000, 0x00000000c7300000|  0%| F|  |TAMS 0x00000000c7200000, 0x00000000c7200000| Untracked 
| 627|0x00000000c7300000, 0x00000000c7300000, 0x00000000c7400000|  0%| F|  |TAMS 0x00000000c7300000, 0x00000000c7300000| Untracked 
| 628|0x00000000c7400000, 0x00000000c7400000, 0x00000000c7500000|  0%| F|  |TAMS 0x00000000c7400000, 0x00000000c7400000| Untracked 
| 629|0x00000000c7500000, 0x00000000c7500000, 0x00000000c7600000|  0%| F|  |TAMS 0x00000000c7500000, 0x00000000c7500000| Untracked 
| 630|0x00000000c7600000, 0x00000000c7600000, 0x00000000c7700000|  0%| F|  |TAMS 0x00000000c7600000, 0x00000000c7600000| Untracked 
| 631|0x00000000c7700000, 0x00000000c7700000, 0x00000000c7800000|  0%| F|  |TAMS 0x00000000c7700000, 0x00000000c7700000| Untracked 
| 632|0x00000000c7800000, 0x00000000c7800000, 0x00000000c7900000|  0%| F|  |TAMS 0x00000000c7800000, 0x00000000c7800000| Untracked 
| 633|0x00000000c7900000, 0x00000000c7900000, 0x00000000c7a00000|  0%| F|  |TAMS 0x00000000c7900000, 0x00000000c7900000| Untracked 
| 634|0x00000000c7a00000, 0x00000000c7a00000, 0x00000000c7b00000|  0%| F|  |TAMS 0x00000000c7a00000, 0x00000000c7a00000| Untracked 
| 635|0x00000000c7b00000, 0x00000000c7b00000, 0x00000000c7c00000|  0%| F|  |TAMS 0x00000000c7b00000, 0x00000000c7b00000| Untracked 
| 636|0x00000000c7c00000, 0x00000000c7c00000, 0x00000000c7d00000|  0%| F|  |TAMS 0x00000000c7c00000, 0x00000000c7c00000| Untracked 
| 637|0x00000000c7d00000, 0x00000000c7d00000, 0x00000000c7e00000|  0%| F|  |TAMS 0x00000000c7d00000, 0x00000000c7d00000| Untracked 
| 638|0x00000000c7e00000, 0x00000000c7e00000, 0x00000000c7f00000|  0%| F|  |TAMS 0x00000000c7e00000, 0x00000000c7e00000| Untracked 
| 639|0x00000000c7f00000, 0x00000000c7f00000, 0x00000000c8000000|  0%| F|  |TAMS 0x00000000c7f00000, 0x00000000c7f00000| Untracked 
| 640|0x00000000c8000000, 0x00000000c8000000, 0x00000000c8100000|  0%| F|  |TAMS 0x00000000c8000000, 0x00000000c8000000| Untracked 
| 641|0x00000000c8100000, 0x00000000c8100000, 0x00000000c8200000|  0%| F|  |TAMS 0x00000000c8100000, 0x00000000c8100000| Untracked 
| 642|0x00000000c8200000, 0x00000000c8200000, 0x00000000c8300000|  0%| F|  |TAMS 0x00000000c8200000, 0x00000000c8200000| Untracked 
| 643|0x00000000c8300000, 0x00000000c8300000, 0x00000000c8400000|  0%| F|  |TAMS 0x00000000c8300000, 0x00000000c8300000| Untracked 
| 644|0x00000000c8400000, 0x00000000c8400000, 0x00000000c8500000|  0%| F|  |TAMS 0x00000000c8400000, 0x00000000c8400000| Untracked 
| 645|0x00000000c8500000, 0x00000000c8500000, 0x00000000c8600000|  0%| F|  |TAMS 0x00000000c8500000, 0x00000000c8500000| Untracked 
| 646|0x00000000c8600000, 0x00000000c8600000, 0x00000000c8700000|  0%| F|  |TAMS 0x00000000c8600000, 0x00000000c8600000| Untracked 
| 647|0x00000000c8700000, 0x00000000c8700000, 0x00000000c8800000|  0%| F|  |TAMS 0x00000000c8700000, 0x00000000c8700000| Untracked 
| 648|0x00000000c8800000, 0x00000000c8800000, 0x00000000c8900000|  0%| F|  |TAMS 0x00000000c8800000, 0x00000000c8800000| Untracked 
| 649|0x00000000c8900000, 0x00000000c8900000, 0x00000000c8a00000|  0%| F|  |TAMS 0x00000000c8900000, 0x00000000c8900000| Untracked 
| 650|0x00000000c8a00000, 0x00000000c8a00000, 0x00000000c8b00000|  0%| F|  |TAMS 0x00000000c8a00000, 0x00000000c8a00000| Untracked 
| 651|0x00000000c8b00000, 0x00000000c8b00000, 0x00000000c8c00000|  0%| F|  |TAMS 0x00000000c8b00000, 0x00000000c8b00000| Untracked 
| 652|0x00000000c8c00000, 0x00000000c8c00000, 0x00000000c8d00000|  0%| F|  |TAMS 0x00000000c8c00000, 0x00000000c8c00000| Untracked 
| 653|0x00000000c8d00000, 0x00000000c8d00000, 0x00000000c8e00000|  0%| F|  |TAMS 0x00000000c8d00000, 0x00000000c8d00000| Untracked 
| 654|0x00000000c8e00000, 0x00000000c8e00000, 0x00000000c8f00000|  0%| F|  |TAMS 0x00000000c8e00000, 0x00000000c8e00000| Untracked 
| 655|0x00000000c8f00000, 0x00000000c8f00000, 0x00000000c9000000|  0%| F|  |TAMS 0x00000000c8f00000, 0x00000000c8f00000| Untracked 
| 656|0x00000000c9000000, 0x00000000c9000000, 0x00000000c9100000|  0%| F|  |TAMS 0x00000000c9000000, 0x00000000c9000000| Untracked 
| 657|0x00000000c9100000, 0x00000000c9100000, 0x00000000c9200000|  0%| F|  |TAMS 0x00000000c9100000, 0x00000000c9100000| Untracked 
| 658|0x00000000c9200000, 0x00000000c9200000, 0x00000000c9300000|  0%| F|  |TAMS 0x00000000c9200000, 0x00000000c9200000| Untracked 
| 659|0x00000000c9300000, 0x00000000c9300000, 0x00000000c9400000|  0%| F|  |TAMS 0x00000000c9300000, 0x00000000c9300000| Untracked 
| 660|0x00000000c9400000, 0x00000000c9400000, 0x00000000c9500000|  0%| F|  |TAMS 0x00000000c9400000, 0x00000000c9400000| Untracked 
| 661|0x00000000c9500000, 0x00000000c9500000, 0x00000000c9600000|  0%| F|  |TAMS 0x00000000c9500000, 0x00000000c9500000| Untracked 
| 662|0x00000000c9600000, 0x00000000c9600000, 0x00000000c9700000|  0%| F|  |TAMS 0x00000000c9600000, 0x00000000c9600000| Untracked 
| 663|0x00000000c9700000, 0x00000000c9700000, 0x00000000c9800000|  0%| F|  |TAMS 0x00000000c9700000, 0x00000000c9700000| Untracked 
| 664|0x00000000c9800000, 0x00000000c9800000, 0x00000000c9900000|  0%| F|  |TAMS 0x00000000c9800000, 0x00000000c9800000| Untracked 
| 665|0x00000000c9900000, 0x00000000c9900000, 0x00000000c9a00000|  0%| F|  |TAMS 0x00000000c9900000, 0x00000000c9900000| Untracked 
| 666|0x00000000c9a00000, 0x00000000c9a00000, 0x00000000c9b00000|  0%| F|  |TAMS 0x00000000c9a00000, 0x00000000c9a00000| Untracked 
| 667|0x00000000c9b00000, 0x00000000c9b00000, 0x00000000c9c00000|  0%| F|  |TAMS 0x00000000c9b00000, 0x00000000c9b00000| Untracked 
| 668|0x00000000c9c00000, 0x00000000c9c00000, 0x00000000c9d00000|  0%| F|  |TAMS 0x00000000c9c00000, 0x00000000c9c00000| Untracked 
| 669|0x00000000c9d00000, 0x00000000c9d00000, 0x00000000c9e00000|  0%| F|  |TAMS 0x00000000c9d00000, 0x00000000c9d00000| Untracked 
| 670|0x00000000c9e00000, 0x00000000c9e00000, 0x00000000c9f00000|  0%| F|  |TAMS 0x00000000c9e00000, 0x00000000c9e00000| Untracked 
| 671|0x00000000c9f00000, 0x00000000c9f00000, 0x00000000ca000000|  0%| F|  |TAMS 0x00000000c9f00000, 0x00000000c9f00000| Untracked 
| 672|0x00000000ca000000, 0x00000000ca000000, 0x00000000ca100000|  0%| F|  |TAMS 0x00000000ca000000, 0x00000000ca000000| Untracked 
| 673|0x00000000ca100000, 0x00000000ca100000, 0x00000000ca200000|  0%| F|  |TAMS 0x00000000ca100000, 0x00000000ca100000| Untracked 
| 674|0x00000000ca200000, 0x00000000ca200000, 0x00000000ca300000|  0%| F|  |TAMS 0x00000000ca200000, 0x00000000ca200000| Untracked 
| 675|0x00000000ca300000, 0x00000000ca300000, 0x00000000ca400000|  0%| F|  |TAMS 0x00000000ca300000, 0x00000000ca300000| Untracked 
| 676|0x00000000ca400000, 0x00000000ca400000, 0x00000000ca500000|  0%| F|  |TAMS 0x00000000ca400000, 0x00000000ca400000| Untracked 
| 677|0x00000000ca500000, 0x00000000ca500000, 0x00000000ca600000|  0%| F|  |TAMS 0x00000000ca500000, 0x00000000ca500000| Untracked 
| 678|0x00000000ca600000, 0x00000000ca600000, 0x00000000ca700000|  0%| F|  |TAMS 0x00000000ca600000, 0x00000000ca600000| Untracked 
| 679|0x00000000ca700000, 0x00000000ca700000, 0x00000000ca800000|  0%| F|  |TAMS 0x00000000ca700000, 0x00000000ca700000| Untracked 
| 680|0x00000000ca800000, 0x00000000ca800000, 0x00000000ca900000|  0%| F|  |TAMS 0x00000000ca800000, 0x00000000ca800000| Untracked 
| 681|0x00000000ca900000, 0x00000000ca900000, 0x00000000caa00000|  0%| F|  |TAMS 0x00000000ca900000, 0x00000000ca900000| Untracked 
| 682|0x00000000caa00000, 0x00000000caa00000, 0x00000000cab00000|  0%| F|  |TAMS 0x00000000caa00000, 0x00000000caa00000| Untracked 
| 683|0x00000000cab00000, 0x00000000cab00000, 0x00000000cac00000|  0%| F|  |TAMS 0x00000000cab00000, 0x00000000cab00000| Untracked 
| 684|0x00000000cac00000, 0x00000000cac00000, 0x00000000cad00000|  0%| F|  |TAMS 0x00000000cac00000, 0x00000000cac00000| Untracked 
| 685|0x00000000cad00000, 0x00000000cad00000, 0x00000000cae00000|  0%| F|  |TAMS 0x00000000cad00000, 0x00000000cad00000| Untracked 
| 686|0x00000000cae00000, 0x00000000cae00000, 0x00000000caf00000|  0%| F|  |TAMS 0x00000000cae00000, 0x00000000cae00000| Untracked 
| 687|0x00000000caf00000, 0x00000000caf00000, 0x00000000cb000000|  0%| F|  |TAMS 0x00000000caf00000, 0x00000000caf00000| Untracked 
| 688|0x00000000cb000000, 0x00000000cb000000, 0x00000000cb100000|  0%| F|  |TAMS 0x00000000cb000000, 0x00000000cb000000| Untracked 
| 689|0x00000000cb100000, 0x00000000cb100000, 0x00000000cb200000|  0%| F|  |TAMS 0x00000000cb100000, 0x00000000cb100000| Untracked 
| 690|0x00000000cb200000, 0x00000000cb200000, 0x00000000cb300000|  0%| F|  |TAMS 0x00000000cb200000, 0x00000000cb200000| Untracked 
| 691|0x00000000cb300000, 0x00000000cb300000, 0x00000000cb400000|  0%| F|  |TAMS 0x00000000cb300000, 0x00000000cb300000| Untracked 
| 692|0x00000000cb400000, 0x00000000cb400000, 0x00000000cb500000|  0%| F|  |TAMS 0x00000000cb400000, 0x00000000cb400000| Untracked 
| 693|0x00000000cb500000, 0x00000000cb500000, 0x00000000cb600000|  0%| F|  |TAMS 0x00000000cb500000, 0x00000000cb500000| Untracked 
| 694|0x00000000cb600000, 0x00000000cb600000, 0x00000000cb700000|  0%| F|  |TAMS 0x00000000cb600000, 0x00000000cb600000| Untracked 
| 695|0x00000000cb700000, 0x00000000cb700000, 0x00000000cb800000|  0%| F|  |TAMS 0x00000000cb700000, 0x00000000cb700000| Untracked 
| 696|0x00000000cb800000, 0x00000000cb800000, 0x00000000cb900000|  0%| F|  |TAMS 0x00000000cb800000, 0x00000000cb800000| Untracked 
| 697|0x00000000cb900000, 0x00000000cb900000, 0x00000000cba00000|  0%| F|  |TAMS 0x00000000cb900000, 0x00000000cb900000| Untracked 
| 698|0x00000000cba00000, 0x00000000cba00000, 0x00000000cbb00000|  0%| F|  |TAMS 0x00000000cba00000, 0x00000000cba00000| Untracked 
| 699|0x00000000cbb00000, 0x00000000cbb00000, 0x00000000cbc00000|  0%| F|  |TAMS 0x00000000cbb00000, 0x00000000cbb00000| Untracked 
| 700|0x00000000cbc00000, 0x00000000cbc00000, 0x00000000cbd00000|  0%| F|  |TAMS 0x00000000cbc00000, 0x00000000cbc00000| Untracked 
| 701|0x00000000cbd00000, 0x00000000cbd00000, 0x00000000cbe00000|  0%| F|  |TAMS 0x00000000cbd00000, 0x00000000cbd00000| Untracked 
| 702|0x00000000cbe00000, 0x00000000cbe00000, 0x00000000cbf00000|  0%| F|  |TAMS 0x00000000cbe00000, 0x00000000cbe00000| Untracked 
| 703|0x00000000cbf00000, 0x00000000cbf00000, 0x00000000cc000000|  0%| F|  |TAMS 0x00000000cbf00000, 0x00000000cbf00000| Untracked 
| 704|0x00000000cc000000, 0x00000000cc000000, 0x00000000cc100000|  0%| F|  |TAMS 0x00000000cc000000, 0x00000000cc000000| Untracked 
| 705|0x00000000cc100000, 0x00000000cc100000, 0x00000000cc200000|  0%| F|  |TAMS 0x00000000cc100000, 0x00000000cc100000| Untracked 
| 706|0x00000000cc200000, 0x00000000cc200000, 0x00000000cc300000|  0%| F|  |TAMS 0x00000000cc200000, 0x00000000cc200000| Untracked 
| 707|0x00000000cc300000, 0x00000000cc300000, 0x00000000cc400000|  0%| F|  |TAMS 0x00000000cc300000, 0x00000000cc300000| Untracked 
| 708|0x00000000cc400000, 0x00000000cc400000, 0x00000000cc500000|  0%| F|  |TAMS 0x00000000cc400000, 0x00000000cc400000| Untracked 
| 709|0x00000000cc500000, 0x00000000cc500000, 0x00000000cc600000|  0%| F|  |TAMS 0x00000000cc500000, 0x00000000cc500000| Untracked 
| 710|0x00000000cc600000, 0x00000000cc600000, 0x00000000cc700000|  0%| F|  |TAMS 0x00000000cc600000, 0x00000000cc600000| Untracked 
| 711|0x00000000cc700000, 0x00000000cc700000, 0x00000000cc800000|  0%| F|  |TAMS 0x00000000cc700000, 0x00000000cc700000| Untracked 
| 712|0x00000000cc800000, 0x00000000cc827080, 0x00000000cc900000| 15%| E|  |TAMS 0x00000000cc800000, 0x00000000cc800000| Complete 
| 713|0x00000000cc900000, 0x00000000cc9ffff8, 0x00000000cca00000| 99%| E|  |TAMS 0x00000000cc900000, 0x00000000cc900000| Complete 
| 714|0x00000000cca00000, 0x00000000ccb00000, 0x00000000ccb00000|100%| E|CS|TAMS 0x00000000cca00000, 0x00000000cca00000| Complete 
| 715|0x00000000ccb00000, 0x00000000ccc00000, 0x00000000ccc00000|100%| E|CS|TAMS 0x00000000ccb00000, 0x00000000ccb00000| Complete 
| 716|0x00000000ccc00000, 0x00000000ccd00000, 0x00000000ccd00000|100%| E|CS|TAMS 0x00000000ccc00000, 0x00000000ccc00000| Complete 
| 717|0x00000000ccd00000, 0x00000000cce00000, 0x00000000cce00000|100%| E|CS|TAMS 0x00000000ccd00000, 0x00000000ccd00000| Complete 
| 718|0x00000000cce00000, 0x00000000ccf00000, 0x00000000ccf00000|100%| E|CS|TAMS 0x00000000cce00000, 0x00000000cce00000| Complete 
| 719|0x00000000ccf00000, 0x00000000cd000000, 0x00000000cd000000|100%| E|CS|TAMS 0x00000000ccf00000, 0x00000000ccf00000| Complete 
| 720|0x00000000cd000000, 0x00000000cd100000, 0x00000000cd100000|100%| E|CS|TAMS 0x00000000cd000000, 0x00000000cd000000| Complete 
| 721|0x00000000cd100000, 0x00000000cd200000, 0x00000000cd200000|100%| E|CS|TAMS 0x00000000cd100000, 0x00000000cd100000| Complete 
| 722|0x00000000cd200000, 0x00000000cd300000, 0x00000000cd300000|100%| E|CS|TAMS 0x00000000cd200000, 0x00000000cd200000| Complete 
| 723|0x00000000cd300000, 0x00000000cd400000, 0x00000000cd400000|100%| E|CS|TAMS 0x00000000cd300000, 0x00000000cd300000| Complete 
| 724|0x00000000cd400000, 0x00000000cd500000, 0x00000000cd500000|100%| E|CS|TAMS 0x00000000cd400000, 0x00000000cd400000| Complete 

Card table byte_map: [0x00000221e4760000,0x00000221e4a60000] _byte_map_base: 0x00000221e4260000

Marking Bits (Prev, Next): (CMBitMap*) 0x00000221cd3f50e0, (CMBitMap*) 0x00000221cd3f5120
 Prev Bits: [0x00000221e4d60000, 0x00000221e6560000)
 Next Bits: [0x00000221e6560000, 0x00000221e7d60000)

Polling page: 0x00000221cb2a0000

Metaspace:

Usage:
  Non-class:    109.24 MB used.
      Class:     17.18 MB used.
       Both:    126.41 MB used.

Virtual space:
  Non-class space:      128.00 MB reserved,     110.25 MB ( 86%) committed,  2 nodes.
      Class space:      416.00 MB reserved,      18.19 MB (  4%) committed,  1 nodes.
             Both:      544.00 MB reserved,     128.44 MB ( 24%) committed. 

Chunk freelists:
   Non-Class:  1.61 MB
       Class:  13.80 MB
        Both:  15.41 MB

MaxMetaspaceSize: 512.00 MB
CompressedClassSpaceSize: 416.00 MB
Initial GC threshold: 21.00 MB
Current GC threshold: 212.81 MB
CDS: on
MetaspaceReclaimPolicy: balanced
 - commit_granule_bytes: 65536.
 - commit_granule_words: 8192.
 - virtual_space_node_default_size: 8388608.
 - enlarge_chunks_in_place: 1.
 - new_chunks_are_fully_committed: 0.
 - uncommit_free_chunks: 1.
 - use_allocation_guard: 0.
 - handle_deallocations: 1.


Internal statistics:

num_allocs_failed_limit: 6.
num_arena_births: 3140.
num_arena_deaths: 0.
num_vsnodes_births: 3.
num_vsnodes_deaths: 0.
num_space_committed: 2053.
num_space_uncommitted: 0.
num_chunks_returned_to_freelist: 6.
num_chunks_taken_from_freelist: 9543.
num_chunk_merges: 6.
num_chunk_splits: 5888.
num_chunks_enlarged: 3302.
num_inconsistent_stats: 0.

CodeHeap 'non-profiled nmethods': size=120000Kb used=17234Kb max_used=17674Kb free=102765Kb
 bounds [0x00000221dc9d0000, 0x00000221ddb20000, 0x00000221e3f00000]
CodeHeap 'profiled nmethods': size=120000Kb used=37982Kb max_used=39829Kb free=82017Kb
 bounds [0x00000221d4f00000, 0x00000221d75f0000, 0x00000221dc430000]
CodeHeap 'non-nmethods': size=5760Kb used=1813Kb max_used=1865Kb free=3946Kb
 bounds [0x00000221dc430000, 0x00000221dc6a0000, 0x00000221dc9d0000]
 total_blobs=20554 nmethods=19634 adapters=831
 compilation: enabled
              stopped_count=0, restarted_count=0
 full_count=0

Compilation events (20 events):
Event: 152.685 Thread 0x00000221eaa56270 nmethod 24872 0x00000221dd522210 code [0x00000221dd522400, 0x00000221dd522f58]
Event: 152.762 Thread 0x00000221eaa58c40 24883       3       jdk.internal.org.objectweb.asm.Type::appendDescriptor (185 bytes)
Event: 152.764 Thread 0x00000221eaa58c40 nmethod 24883 0x00000221d61c0110 code [0x00000221d61c03e0, 0x00000221d61c0fb8]
Event: 152.894 Thread 0x00000221eaa58c40 24884       3       java.util.regex.Pattern$GroupTail::match (111 bytes)
Event: 152.895 Thread 0x00000221eaa58c40 nmethod 24884 0x00000221d5391590 code [0x00000221d5391760, 0x00000221d5391b28]
Event: 152.899 Thread 0x00000221eaa58c40 24885       3       java.util.concurrent.locks.ReentrantReadWriteLock$Sync::isHeldExclusively (16 bytes)
Event: 152.899 Thread 0x00000221eaa58c40 nmethod 24885 0x00000221d5187710 code [0x00000221d51878c0, 0x00000221d5187a58]
Event: 152.926 Thread 0x00000221eaa58c40 24886       3       org.gradle.internal.problems.failure.FailurePrinter$Job::appendFrame (48 bytes)
Event: 152.927 Thread 0x00000221eaa56270 24888       4       java.util.Objects::equals (23 bytes)
Event: 152.927 Thread 0x00000221eaa58c40 nmethod 24886 0x00000221d519e090 code [0x00000221d519e2a0, 0x00000221d519e7e8]
Event: 152.927 Thread 0x00000221eaa58c40 24887       3       org.gradle.internal.problems.failure.FailurePrinterListener$1::beforeFrame (1 bytes)
Event: 152.928 Thread 0x00000221eaa58c40 nmethod 24887 0x00000221d4fa6a90 code [0x00000221d4fa6c20, 0x00000221d4fa6d38]
Event: 152.928 Thread 0x00000221eaa58c40 24889       3       java.lang.StackTraceElement::equals (120 bytes)
Event: 152.928 Thread 0x00000221eaa56270 nmethod 24888 0x00000221dd4d8710 code [0x00000221dd4d88a0, 0x00000221dd4d8938]
Event: 152.929 Thread 0x00000221eaa58c40 nmethod 24889 0x00000221d4ff6b90 code [0x00000221d4ff6e00, 0x00000221d4ff7a58]
Event: 152.929 Thread 0x00000221eaa58c40 24891       3       java.lang.StackTraceElement::dropClassLoaderName (16 bytes)
Event: 152.930 Thread 0x00000221eaa58c40 nmethod 24891 0x00000221d4ff9c10 code [0x00000221d4ff9da0, 0x00000221d4ff9f18]
Event: 152.930 Thread 0x00000221eaa58c40 24892       3       java.lang.StackTraceElement::isNativeMethod (15 bytes)
Event: 152.930 Thread 0x00000221eaa58c40 nmethod 24892 0x00000221d5279890 code [0x00000221d5279a20, 0x00000221d5279b78]
Event: 152.930 Thread 0x00000221eaa58c40 24890       3       java.lang.StackTraceElement::toString (322 bytes)

GC Heap History (20 events):
Event: 125.835 GC heap before
{Heap before GC invocations=104 (full 0):
 garbage-first heap   total 560128K, used 444416K [0x00000000a0000000, 0x0000000100000000)
  region size 1024K, 119 young (121856K), 14 survivors (14336K)
 Metaspace       used 124470K, committed 126400K, reserved 557056K
  class space    used 16974K, committed 17920K, reserved 425984K
}
Event: 125.851 GC heap after
{Heap after GC invocations=105 (full 0):
 garbage-first heap   total 560128K, used 338876K [0x00000000a0000000, 0x0000000100000000)
  region size 1024K, 9 young (9216K), 9 survivors (9216K)
 Metaspace       used 124470K, committed 126400K, reserved 557056K
  class space    used 16974K, committed 17920K, reserved 425984K
}
Event: 127.551 GC heap before
{Heap before GC invocations=105 (full 0):
 garbage-first heap   total 560128K, used 449468K [0x00000000a0000000, 0x0000000100000000)
  region size 1024K, 118 young (120832K), 9 survivors (9216K)
 Metaspace       used 124849K, committed 126784K, reserved 557056K
  class space    used 17011K, committed 17920K, reserved 425984K
}
Event: 127.569 GC heap after
{Heap after GC invocations=106 (full 0):
 garbage-first heap   total 560128K, used 341203K [0x00000000a0000000, 0x0000000100000000)
  region size 1024K, 7 young (7168K), 7 survivors (7168K)
 Metaspace       used 124849K, committed 126784K, reserved 557056K
  class space    used 17011K, committed 17920K, reserved 425984K
}
Event: 129.757 GC heap before
{Heap before GC invocations=106 (full 0):
 garbage-first heap   total 560128K, used 455891K [0x00000000a0000000, 0x0000000100000000)
  region size 1024K, 120 young (122880K), 7 survivors (7168K)
 Metaspace       used 125916K, committed 127872K, reserved 557056K
  class space    used 17150K, committed 18112K, reserved 425984K
}
Event: 129.772 GC heap after
{Heap after GC invocations=107 (full 0):
 garbage-first heap   total 560128K, used 346304K [0x00000000a0000000, 0x0000000100000000)
  region size 1024K, 12 young (12288K), 12 survivors (12288K)
 Metaspace       used 125916K, committed 127872K, reserved 557056K
  class space    used 17150K, committed 18112K, reserved 425984K
}
Event: 133.805 GC heap before
{Heap before GC invocations=107 (full 0):
 garbage-first heap   total 560128K, used 462016K [0x00000000a0000000, 0x0000000100000000)
  region size 1024K, 126 young (129024K), 12 survivors (12288K)
 Metaspace       used 126828K, committed 128896K, reserved 557056K
  class space    used 17249K, committed 18240K, reserved 425984K
}
Event: 133.826 GC heap after
{Heap after GC invocations=108 (full 0):
 garbage-first heap   total 560128K, used 350739K [0x00000000a0000000, 0x0000000100000000)
  region size 1024K, 13 young (13312K), 13 survivors (13312K)
 Metaspace       used 126828K, committed 128896K, reserved 557056K
  class space    used 17249K, committed 18240K, reserved 425984K
}
Event: 135.528 GC heap before
{Heap before GC invocations=108 (full 0):
 garbage-first heap   total 560128K, used 465427K [0x00000000a0000000, 0x0000000100000000)
  region size 1024K, 126 young (129024K), 13 survivors (13312K)
 Metaspace       used 126862K, committed 128896K, reserved 557056K
  class space    used 17249K, committed 18240K, reserved 425984K
}
Event: 135.552 GC heap after
{Heap after GC invocations=109 (full 0):
 garbage-first heap   total 560128K, used 354117K [0x00000000a0000000, 0x0000000100000000)
  region size 1024K, 11 young (11264K), 11 survivors (11264K)
 Metaspace       used 126862K, committed 128896K, reserved 557056K
  class space    used 17249K, committed 18240K, reserved 425984K
}
Event: 144.384 GC heap before
{Heap before GC invocations=109 (full 0):
 garbage-first heap   total 560128K, used 469829K [0x00000000a0000000, 0x0000000100000000)
  region size 1024K, 125 young (128000K), 11 survivors (11264K)
 Metaspace       used 127339K, committed 129408K, reserved 557056K
  class space    used 17292K, committed 18304K, reserved 425984K
}
Event: 144.403 GC heap after
{Heap after GC invocations=110 (full 0):
 garbage-first heap   total 560128K, used 360448K [0x00000000a0000000, 0x0000000100000000)
  region size 1024K, 12 young (12288K), 12 survivors (12288K)
 Metaspace       used 127339K, committed 129408K, reserved 557056K
  class space    used 17292K, committed 18304K, reserved 425984K
}
Event: 147.616 GC heap before
{Heap before GC invocations=110 (full 0):
 garbage-first heap   total 560128K, used 438272K [0x00000000a0000000, 0x0000000100000000)
  region size 1024K, 48 young (49152K), 12 survivors (12288K)
 Metaspace       used 128645K, committed 130752K, reserved 557056K
  class space    used 17466K, committed 18496K, reserved 425984K
}
Event: 147.631 GC heap after
{Heap after GC invocations=111 (full 0):
 garbage-first heap   total 560128K, used 393710K [0x00000000a0000000, 0x0000000100000000)
  region size 1024K, 7 young (7168K), 7 survivors (7168K)
 Metaspace       used 128645K, committed 130752K, reserved 557056K
  class space    used 17466K, committed 18496K, reserved 425984K
}
Event: 147.672 GC heap before
{Heap before GC invocations=111 (full 0):
 garbage-first heap   total 560128K, used 428526K [0x00000000a0000000, 0x0000000100000000)
  region size 1024K, 8 young (8192K), 7 survivors (7168K)
 Metaspace       used 128645K, committed 130752K, reserved 557056K
  class space    used 17466K, committed 18496K, reserved 425984K
}
Event: 147.682 GC heap after
{Heap after GC invocations=112 (full 0):
 garbage-first heap   total 560128K, used 401970K [0x00000000a0000000, 0x0000000100000000)
  region size 1024K, 3 young (3072K), 3 survivors (3072K)
 Metaspace       used 128645K, committed 130752K, reserved 557056K
  class space    used 17466K, committed 18496K, reserved 425984K
}
Event: 147.686 GC heap before
{Heap before GC invocations=112 (full 0):
 garbage-first heap   total 560128K, used 404018K [0x00000000a0000000, 0x0000000100000000)
  region size 1024K, 4 young (4096K), 3 survivors (3072K)
 Metaspace       used 128645K, committed 130752K, reserved 557056K
  class space    used 17466K, committed 18496K, reserved 425984K
}
Event: 147.693 GC heap after
{Heap after GC invocations=113 (full 0):
 garbage-first heap   total 560128K, used 399485K [0x00000000a0000000, 0x0000000100000000)
  region size 1024K, 3 young (3072K), 3 survivors (3072K)
 Metaspace       used 128645K, committed 130752K, reserved 557056K
  class space    used 17466K, committed 18496K, reserved 425984K
}
Event: 147.927 GC heap before
{Heap before GC invocations=113 (full 0):
 garbage-first heap   total 560128K, used 555133K [0x00000000a0000000, 0x0000000100000000)
  region size 1024K, 4 young (4096K), 3 survivors (3072K)
 Metaspace       used 128646K, committed 130752K, reserved 557056K
  class space    used 17466K, committed 18496K, reserved 425984K
}
Event: 147.936 GC heap after
{Heap after GC invocations=114 (full 0):
 garbage-first heap   total 560128K, used 399387K [0x00000000a0000000, 0x0000000100000000)
  region size 1024K, 2 young (2048K), 2 survivors (2048K)
 Metaspace       used 128646K, committed 130752K, reserved 557056K
  class space    used 17466K, committed 18496K, reserved 425984K
}

Dll operation events (15 events):
Event: 0.035 Loaded shared library C:\Program Files\Eclipse Adoptium\jdk-17.0.18.8-hotspot\bin\java.dll
Event: 0.082 Loaded shared library C:\Program Files\Eclipse Adoptium\jdk-17.0.18.8-hotspot\bin\jsvml.dll
Event: 0.268 Loaded shared library C:\Program Files\Eclipse Adoptium\jdk-17.0.18.8-hotspot\bin\zip.dll
Event: 0.293 Loaded shared library C:\Program Files\Eclipse Adoptium\jdk-17.0.18.8-hotspot\bin\instrument.dll
Event: 0.320 Loaded shared library C:\Program Files\Eclipse Adoptium\jdk-17.0.18.8-hotspot\bin\net.dll
Event: 0.333 Loaded shared library C:\Program Files\Eclipse Adoptium\jdk-17.0.18.8-hotspot\bin\nio.dll
Event: 0.348 Loaded shared library C:\Program Files\Eclipse Adoptium\jdk-17.0.18.8-hotspot\bin\zip.dll
Event: 1.707 Loaded shared library C:\Program Files\Eclipse Adoptium\jdk-17.0.18.8-hotspot\bin\jimage.dll
Event: 2.861 Loaded shared library C:\Program Files\Eclipse Adoptium\jdk-17.0.18.8-hotspot\bin\verify.dll
Event: 3.041 Loaded shared library C:\Users\Nandhitha_R\.gradle\native\1def1411415f61bf3af743bc5b6707747c0891f09f0c88961ee8f79bc544acac\windows-amd64\native-platform.dll
Event: 3.111 Loaded shared library C:\Users\Nandhitha_R\.gradle\native\0.2.8\x86_64-windows-gnu\gradle-fileevents.dll
Event: 8.421 Loaded shared library C:\Program Files\Eclipse Adoptium\jdk-17.0.18.8-hotspot\bin\management.dll
Event: 8.435 Loaded shared library C:\Program Files\Eclipse Adoptium\jdk-17.0.18.8-hotspot\bin\management_ext.dll
Event: 9.300 Loaded shared library C:\Program Files\Eclipse Adoptium\jdk-17.0.18.8-hotspot\bin\extnet.dll
Event: 10.283 Loaded shared library C:\Program Files\Eclipse Adoptium\jdk-17.0.18.8-hotspot\bin\sunmscapi.dll

Deoptimization events (20 events):
Event: 152.889 Thread 0x00000221f4fd3570 Uncommon trap: trap_request=0xffffff45 fr.pc=0x00000221dd9b8044 relative=0x0000000000000704
Event: 152.889 Thread 0x00000221f4fd3570 Uncommon trap: reason=unstable_if action=reinterpret pc=0x00000221dd9b8044 method=org.gradle.internal.logging.sink.LogEventDispatcher.onOutput(Lorg/gradle/internal/logging/events/OutputEvent;)V @ 35 c2
Event: 152.889 Thread 0x00000221f4fd3570 DEOPT PACKING pc=0x00000221dd9b8044 sp=0x0000003d4d6fa480
Event: 152.889 Thread 0x00000221f4fd3570 DEOPT UNPACKING pc=0x00000221dc4869a3 sp=0x0000003d4d6fa3f0 mode 2
Event: 152.889 Thread 0x00000221f4fd3570 Uncommon trap: trap_request=0xffffff45 fr.pc=0x00000221dd9c672c relative=0x00000000000006ec
Event: 152.889 Thread 0x00000221f4fd3570 Uncommon trap: reason=unstable_if action=reinterpret pc=0x00000221dd9c672c method=org.gradle.internal.logging.sink.LogEventDispatcher.onOutput(Lorg/gradle/internal/logging/events/OutputEvent;)V @ 35 c2
Event: 152.890 Thread 0x00000221f4fd3570 DEOPT PACKING pc=0x00000221dd9c672c sp=0x0000003d4d6fa3f0
Event: 152.890 Thread 0x00000221f4fd3570 DEOPT UNPACKING pc=0x00000221dc4869a3 sp=0x0000003d4d6fa3d8 mode 2
Event: 152.894 Thread 0x00000221f4fd3570 Uncommon trap: trap_request=0xffffff45 fr.pc=0x00000221dcebcbb0 relative=0x0000000000000090
Event: 152.894 Thread 0x00000221f4fd3570 Uncommon trap: reason=unstable_if action=reinterpret pc=0x00000221dcebcbb0 method=java.util.concurrent.TimeUnit.toNanos(J)J @ 22 c2
Event: 152.894 Thread 0x00000221f4fd3570 DEOPT PACKING pc=0x00000221dcebcbb0 sp=0x0000003d4d6fac40
Event: 152.894 Thread 0x00000221f4fd3570 DEOPT UNPACKING pc=0x00000221dc4869a3 sp=0x0000003d4d6fabd0 mode 2
Event: 152.899 Thread 0x00000221f4fd3570 Uncommon trap: trap_request=0xffffff45 fr.pc=0x00000221dd1ca1b8 relative=0x0000000000005e98
Event: 152.899 Thread 0x00000221f4fd3570 Uncommon trap: reason=unstable_if action=reinterpret pc=0x00000221dd1ca1b8 method=org.gradle.internal.operations.BuildOperationProgressEventListenerAdapter.stop(Lorg/gradle/internal/operations/BuildOperationDescriptor;Lorg/gradle/internal/operations/Build
Event: 152.899 Thread 0x00000221f4fd3570 DEOPT PACKING pc=0x00000221dd1ca1b8 sp=0x0000003d4d6fbf20
Event: 152.899 Thread 0x00000221f4fd3570 DEOPT UNPACKING pc=0x00000221dc4869a3 sp=0x0000003d4d6fbdb0 mode 2
Event: 152.903 Thread 0x00000221f4fd3570 Uncommon trap: trap_request=0xffffff45 fr.pc=0x00000221dd1ca1b8 relative=0x0000000000005e98
Event: 152.903 Thread 0x00000221f4fd3570 Uncommon trap: reason=unstable_if action=reinterpret pc=0x00000221dd1ca1b8 method=org.gradle.internal.operations.BuildOperationProgressEventListenerAdapter.stop(Lorg/gradle/internal/operations/BuildOperationDescriptor;Lorg/gradle/internal/operations/Build
Event: 152.903 Thread 0x00000221f4fd3570 DEOPT PACKING pc=0x00000221dd1ca1b8 sp=0x0000003d4d6fe9e0
Event: 152.903 Thread 0x00000221f4fd3570 DEOPT UNPACKING pc=0x00000221dc4869a3 sp=0x0000003d4d6fe870 mode 2

Classes loaded (20 events):
Event: 152.456 Loading class javax/management/MBeanException done
Event: 152.456 Loading class javax/management/MBeanRegistrationException done
Event: 152.456 Loading class javax/management/NotCompliantMBeanException
Event: 152.458 Loading class javax/management/NotCompliantMBeanException done
Event: 152.458 Loading class javax/management/AttributeNotFoundException
Event: 152.458 Loading class javax/management/AttributeNotFoundException done
Event: 152.458 Loading class javax/management/ReflectionException
Event: 152.459 Loading class javax/management/ReflectionException done
Event: 152.459 Loading class javax/management/InstanceNotFoundException
Event: 152.459 Loading class javax/management/InstanceNotFoundException done
Event: 152.474 Loading class sun/reflect/misc/MethodUtil
Event: 152.477 Loading class sun/reflect/misc/MethodUtil done
Event: 152.478 Loading class sun/reflect/misc/MethodUtil$1
Event: 152.478 Loading class sun/reflect/misc/MethodUtil$1 done
Event: 152.673 Loading class java/nio/channels/CancelledKeyException
Event: 152.674 Loading class java/nio/channels/CancelledKeyException done
Event: 152.807 Loading class java/lang/ProcessBuilder$NullInputStream
Event: 152.807 Loading class java/lang/ProcessBuilder$NullInputStream done
Event: 152.893 Loading class sun/misc/SharedSecrets
Event: 152.893 Loading class sun/misc/SharedSecrets done

Classes unloaded (0 events):
No events

Classes redefined (0 events):
No events

Internal exceptions (20 events):
Event: 136.077 Thread 0x00000221f4b71320 Exception <a 'sun/nio/fs/WindowsException'{0x00000000c18e5518}> (0x00000000c18e5518) 
thrown [s\src\hotspot\share\prims\jni.cpp, line 516]
Event: 136.156 Thread 0x00000221f4b71320 Exception <a 'sun/nio/fs/WindowsException'{0x00000000c173f300}> (0x00000000c173f300) 
thrown [s\src\hotspot\share\prims\jni.cpp, line 516]
Event: 136.158 Thread 0x00000221f4b71320 Exception <a 'sun/nio/fs/WindowsException'{0x00000000c1741940}> (0x00000000c1741940) 
thrown [s\src\hotspot\share\prims\jni.cpp, line 516]
Event: 136.218 Thread 0x00000221f4b71320 Exception <a 'sun/nio/fs/WindowsException'{0x00000000c17a4a30}> (0x00000000c17a4a30) 
thrown [s\src\hotspot\share\prims\jni.cpp, line 516]
Event: 136.220 Thread 0x00000221f4b71320 Exception <a 'sun/nio/fs/WindowsException'{0x00000000c17a73d8}> (0x00000000c17a73d8) 
thrown [s\src\hotspot\share\prims\jni.cpp, line 516]
Event: 136.264 Thread 0x00000221f4b6f9d0 Exception <a 'sun/nio/fs/WindowsException'{0x00000000c17fc788}> (0x00000000c17fc788) 
thrown [s\src\hotspot\share\prims\jni.cpp, line 516]
Event: 136.266 Thread 0x00000221f4b6f9d0 Exception <a 'sun/nio/fs/WindowsException'{0x00000000c1603710}> (0x00000000c1603710) 
thrown [s\src\hotspot\share\prims\jni.cpp, line 516]
Event: 136.451 Thread 0x00000221f4b71320 Exception <a 'sun/nio/fs/WindowsException'{0x00000000c1589a80}> (0x00000000c1589a80) 
thrown [s\src\hotspot\share\prims\jni.cpp, line 516]
Event: 136.452 Thread 0x00000221f4b71320 Exception <a 'sun/nio/fs/WindowsException'{0x00000000c158c020}> (0x00000000c158c020) 
thrown [s\src\hotspot\share\prims\jni.cpp, line 516]
Event: 136.484 Thread 0x00000221f4fd3060 Exception <a 'sun/nio/fs/WindowsException'{0x00000000c15f7588}> (0x00000000c15f7588) 
thrown [s\src\hotspot\share\prims\jni.cpp, line 516]
Event: 136.485 Thread 0x00000221f4fd3060 Exception <a 'sun/nio/fs/WindowsException'{0x00000000c15f9bd8}> (0x00000000c15f9bd8) 
thrown [s\src\hotspot\share\prims\jni.cpp, line 516]
Event: 142.210 Thread 0x00000221fe11d6b0 Implicit null exception at 0x00000221dd4d55a4 to 0x00000221dd4d6b4c
Event: 142.962 Thread 0x00000221fe11d6b0 Exception <a 'sun/nio/fs/WindowsException'{0x00000000be312e00}> (0x00000000be312e00) 
thrown [s\src\hotspot\share\prims\jni.cpp, line 516]
Event: 145.549 Thread 0x00000221fe11dbc0 Exception <a 'java/lang/NoSuchMethodError'{0x00000000c03dd540}: 'java.lang.Object java.lang.invoke.Invokers$Holder.invoke_MT(java.lang.Object, java.lang.Object, java.lang.Object)'> (0x00000000c03dd540) 
thrown [s\src\hotspot\share\interpreter\linkResolver.cpp, line 759]
Event: 152.479 Thread 0x00000221f4fd3570 Implicit null exception at 0x00000221dccce454 to 0x00000221dccce608
Event: 152.656 Thread 0x00000221f4fd3570 Exception <a 'java/lang/NoSuchMethodError'{0x00000000ccc80b30}: 'java.lang.Object java.lang.invoke.DirectMethodHandle$Holder.newInvokeSpecial(java.lang.Object, java.lang.Object, java.lang.Object, int, int)'> (0x00000000ccc80b30) 
thrown [s\src\hotspot\share\interpreter\linkResolver.cpp, line 759]
Event: 152.751 Thread 0x00000221f4fd3570 Exception <a 'java/lang/NoSuchMethodError'{0x00000000cca21d90}: 'java.lang.Object java.lang.invoke.DirectMethodHandle$Holder.invokeSpecial(java.lang.Object, java.lang.Object, long, java.lang.Object, java.lang.Object, int)'> (0x00000000cca21d90) 
thrown [s\src\hotspot\share\interpreter\linkResolver.cpp, line 759]
Event: 152.754 Thread 0x00000221f4fd3570 Exception <a 'java/lang/NoSuchMethodError'{0x00000000cca2ea20}: 'java.lang.Object java.lang.invoke.DirectMethodHandle$Holder.newInvokeSpecial(java.lang.Object, java.lang.Object, long, java.lang.Object, java.lang.Object, int)'> (0x00000000cca2ea20) 
thrown [s\src\hotspot\share\interpreter\linkResolver.cpp, line 759]
Event: 152.893 Thread 0x00000221f4fd3570 Exception <a 'java/lang/ClassNotFoundException'{0x00000000cca8eb40}: sun/misc/SharedSecrets> (0x00000000cca8eb40) 
thrown [s\src\hotspot\share\classfile\systemDictionary.cpp, line 256]
Event: 152.899 Thread 0x00000221f4fd3570 Exception <a 'java/lang/reflect/InvocationTargetException'{0x00000000cca9d7f8}> (0x00000000cca9d7f8) 
thrown [s\src\hotspot\share\runtime\reflection.cpp, line 1128]

VM Operations (20 events):
Event: 147.672 Executing VM operation: G1TryInitiateConcMark
Event: 147.682 Executing VM operation: G1TryInitiateConcMark done
Event: 147.686 Executing VM operation: G1TryInitiateConcMark
Event: 147.693 Executing VM operation: G1TryInitiateConcMark done
Event: 147.927 Executing VM operation: G1CollectForAllocation
Event: 147.936 Executing VM operation: G1CollectForAllocation done
Event: 148.130 Executing VM operation: G1PauseRemark
Event: 148.176 Executing VM operation: G1PauseRemark done
Event: 148.442 Executing VM operation: G1PauseCleanup
Event: 148.443 Executing VM operation: G1PauseCleanup done
Event: 151.458 Executing VM operation: Cleanup
Event: 151.459 Executing VM operation: Cleanup done
Event: 152.468 Executing VM operation: Cleanup
Event: 152.469 Executing VM operation: Cleanup done
Event: 152.516 Executing VM operation: HandshakeAllThreads
Event: 152.517 Executing VM operation: HandshakeAllThreads done
Event: 152.517 Executing VM operation: HandshakeAllThreads
Event: 152.518 Executing VM operation: HandshakeAllThreads done
Event: 152.908 Executing VM operation: HandshakeAllThreads
Event: 152.909 Executing VM operation: HandshakeAllThreads done

Memory protections (0 events):
No events

Nmethod flushes (20 events):
Event: 152.610 Thread 0x00000221eaa5d560 flushing  nmethod 0x00000221d7559090
Event: 152.610 Thread 0x00000221eaa5d560 flushing  nmethod 0x00000221d7559f10
Event: 152.610 Thread 0x00000221eaa5d560 flushing  nmethod 0x00000221d755b110
Event: 152.610 Thread 0x00000221eaa5d560 flushing  nmethod 0x00000221d755b590
Event: 152.610 Thread 0x00000221eaa5d560 flushing  nmethod 0x00000221d755ba90
Event: 152.610 Thread 0x00000221eaa5d560 flushing  nmethod 0x00000221d7584e90
Event: 152.610 Thread 0x00000221eaa5d560 flushing  nmethod 0x00000221d7585e10
Event: 152.610 Thread 0x00000221eaa5d560 flushing  nmethod 0x00000221d7586490
Event: 152.610 Thread 0x00000221eaa5d560 flushing  nmethod 0x00000221d7586e10
Event: 152.611 Thread 0x00000221eaa5d560 flushing  nmethod 0x00000221d7587610
Event: 152.611 Thread 0x00000221eaa5d560 flushing  nmethod 0x00000221d7588b90
Event: 152.611 Thread 0x00000221eaa5d560 flushing  nmethod 0x00000221d7589f10
Event: 152.611 Thread 0x00000221eaa5d560 flushing  nmethod 0x00000221d758a290
Event: 152.611 Thread 0x00000221eaa5d560 flushing  nmethod 0x00000221d7591390
Event: 152.611 Thread 0x00000221eaa5d560 flushing  nmethod 0x00000221d7592410
Event: 152.611 Thread 0x00000221eaa5d560 flushing  nmethod 0x00000221d7595c10
Event: 152.611 Thread 0x00000221eaa5d560 flushing  nmethod 0x00000221d75b4510
Event: 152.611 Thread 0x00000221eaa5d560 flushing  nmethod 0x00000221d75b8890
Event: 152.611 Thread 0x00000221eaa5d560 flushing  nmethod 0x00000221d75c5190
Event: 152.611 Thread 0x00000221eaa5d560 flushing  nmethod 0x00000221d75c5690

Events (20 events):
Event: 130.185 Thread 0x00000221fe11d6b0 Thread added: 0x00000221fe1231d0
Event: 130.185 Thread 0x00000221fe11d6b0 Thread added: 0x00000221fe1236e0
Event: 137.607 Thread 0x00000221f5f99350 Thread exited: 0x00000221f5f99350
Event: 139.835 Thread 0x00000221f5f9cdc0 Thread exited: 0x00000221f5f9cdc0
Event: 142.066 Thread 0x00000221eaa58c40 Thread added: 0x00000221f5f9cdc0
Event: 142.221 Thread 0x00000221eaa58c40 Thread added: 0x00000221f5f99350
Event: 143.613 Thread 0x00000221f5f99350 Thread exited: 0x00000221f5f99350
Event: 144.663 Thread 0x00000221eaa58c40 Thread added: 0x00000221f5f99350
Event: 146.619 Thread 0x00000221f5f99350 Thread exited: 0x00000221f5f99350
Event: 146.817 Thread 0x00000221f5f9cdc0 Thread exited: 0x00000221f5f9cdc0
Event: 148.268 Thread 0x00000221eaa58c40 Thread added: 0x00000221f5f9b880
Event: 150.064 Thread 0x00000221f5f9b880 Thread exited: 0x00000221f5f9b880
Event: 151.016 Thread 0x00000221eaa58c40 Thread added: 0x00000221f5f9cdc0
Event: 151.045 Thread 0x00000221eaa58c40 Thread added: 0x00000221f5f9b880
Event: 152.161 Thread 0x00000221f5f9b880 Thread exited: 0x00000221f5f9b880
Event: 152.161 Thread 0x00000221f5f9cdc0 Thread exited: 0x00000221f5f9cdc0
Event: 152.689 Thread 0x00000221f4fd3570 Thread added: 0x00000221fe4f4500
Event: 152.768 Thread 0x00000221f4fd3570 Thread added: 0x00000221fe4f4a10
Event: 152.888 Thread 0x00000221fe4f4a10 Thread exited: 0x00000221fe4f4a10
Event: 152.897 Thread 0x00000221fe4f4500 Thread exited: 0x00000221fe4f4500


Dynamic libraries:
0x00007ff6b3470000 - 0x00007ff6b347e000 	C:\Program Files\Eclipse Adoptium\jdk-17.0.18.8-hotspot\bin\java.exe
0x00007ffc71a60000 - 0x00007ffc71cc7000 	C:\Windows\SYSTEM32\ntdll.dll
0x00007ffc70190000 - 0x00007ffc70259000 	C:\Windows\System32\KERNEL32.DLL
0x00007ffc6f3f0000 - 0x00007ffc6f7e4000 	C:\Windows\System32\KERNELBASE.dll
0x00007ffc6f2a0000 - 0x00007ffc6f3eb000 	C:\Windows\System32\ucrtbase.dll
0x00007ffc59200000 - 0x00007ffc59218000 	C:\Program Files\Eclipse Adoptium\jdk-17.0.18.8-hotspot\bin\jli.dll
0x00007ffc596a0000 - 0x00007ffc596be000 	C:\Program Files\Eclipse Adoptium\jdk-17.0.18.8-hotspot\bin\VCRUNTIME140.dll
0x00007ffc71010000 - 0x00007ffc711d5000 	C:\Windows\System32\USER32.dll
0x00007ffc6ed20000 - 0x00007ffc6ed47000 	C:\Windows\System32\win32u.dll
0x00007ffc70600000 - 0x00007ffc7062b000 	C:\Windows\System32\GDI32.dll
0x00007ffc51ff0000 - 0x00007ffc52283000 	C:\Windows\WinSxS\amd64_microsoft.windows.common-controls_6595b64144ccf1df_6.0.26100.8115_none_3e075c82e3354f9c\COMCTL32.dll
0x00007ffc6ee10000 - 0x00007ffc6ef3b000 	C:\Windows\System32\gdi32full.dll
0x00007ffc70270000 - 0x00007ffc70319000 	C:\Windows\System32\msvcrt.dll
0x00007ffc6f160000 - 0x00007ffc6f203000 	C:\Windows\System32\msvcp_win.dll
0x00007ffc70f40000 - 0x00007ffc70f72000 	C:\Windows\System32\IMM32.DLL
0x00007ffc61e70000 - 0x00007ffc61e7c000 	C:\Program Files\Eclipse Adoptium\jdk-17.0.18.8-hotspot\bin\vcruntime140_1.dll
0x00007ffc2dc10000 - 0x00007ffc2dc9d000 	C:\Program Files\Eclipse Adoptium\jdk-17.0.18.8-hotspot\bin\msvcp140.dll
0x00007ffbce7e0000 - 0x00007ffbcf44b000 	C:\Program Files\Eclipse Adoptium\jdk-17.0.18.8-hotspot\bin\server\jvm.dll
0x00007ffc70320000 - 0x00007ffc703d6000 	C:\Windows\System32\ADVAPI32.dll
0x00007ffc711e0000 - 0x00007ffc71287000 	C:\Windows\System32\sechost.dll
0x00007ffc704e0000 - 0x00007ffc705f8000 	C:\Windows\System32\RPCRT4.dll
0x00007ffc708c0000 - 0x00007ffc70940000 	C:\Windows\System32\WS2_32.dll
0x00007ffc6b2f0000 - 0x00007ffc6b326000 	C:\Windows\SYSTEM32\WINMM.dll
0x00007ffc6e190000 - 0x00007ffc6e1ee000 	C:\Windows\SYSTEM32\POWRPROF.dll
0x00007ffc5aed0000 - 0x00007ffc5aedb000 	C:\Windows\SYSTEM32\VERSION.dll
0x00007ffc6e170000 - 0x00007ffc6e184000 	C:\Windows\SYSTEM32\UMPDC.dll
0x00007ffc6d090000 - 0x00007ffc6d0ab000 	C:\Windows\SYSTEM32\kernel.appcore.dll
0x00007ffc5ca30000 - 0x00007ffc5ca3a000 	C:\Program Files\Eclipse Adoptium\jdk-17.0.18.8-hotspot\bin\jimage.dll
0x00007ffc6c300000 - 0x00007ffc6c542000 	C:\Windows\SYSTEM32\DBGHELP.DLL
0x00007ffc70a00000 - 0x00007ffc70d82000 	C:\Windows\System32\combase.dll
0x00007ffc70680000 - 0x00007ffc70758000 	C:\Windows\System32\OLEAUT32.dll
0x00007ffc4c2d0000 - 0x00007ffc4c30b000 	C:\Windows\SYSTEM32\dbgcore.DLL
0x00007ffc6f0b0000 - 0x00007ffc6f155000 	C:\Windows\System32\bcryptPrimitives.dll
0x00007ffc4ff90000 - 0x00007ffc4ff9e000 	C:\Program Files\Eclipse Adoptium\jdk-17.0.18.8-hotspot\bin\instrument.dll
0x00007ffc4c020000 - 0x00007ffc4c045000 	C:\Program Files\Eclipse Adoptium\jdk-17.0.18.8-hotspot\bin\java.dll
0x00007ffc2d470000 - 0x00007ffc2d547000 	C:\Program Files\Eclipse Adoptium\jdk-17.0.18.8-hotspot\bin\jsvml.dll
0x00007ffc712b0000 - 0x00007ffc71a17000 	C:\Windows\System32\SHELL32.dll
0x00007ffc6ef40000 - 0x00007ffc6f0aa000 	C:\Windows\System32\wintypes.dll
0x00007ffc6e330000 - 0x00007ffc6eb98000 	C:\Windows\System32\windows.storage.dll
0x00007ffc703e0000 - 0x00007ffc704d8000 	C:\Windows\System32\SHCORE.dll
0x00007ffc70120000 - 0x00007ffc70186000 	C:\Windows\System32\shlwapi.dll
0x00007ffc6e250000 - 0x00007ffc6e279000 	C:\Windows\SYSTEM32\profapi.dll
0x00007ffc2dd50000 - 0x00007ffc2dd68000 	C:\Program Files\Eclipse Adoptium\jdk-17.0.18.8-hotspot\bin\zip.dll
0x00007ffc31780000 - 0x00007ffc3179a000 	C:\Program Files\Eclipse Adoptium\jdk-17.0.18.8-hotspot\bin\net.dll
0x00007ffc64710000 - 0x00007ffc6483d000 	C:\Windows\SYSTEM32\WINHTTP.dll
0x00007ffc6d630000 - 0x00007ffc6d69c000 	C:\Windows\system32\mswsock.dll
0x00007ffc31400000 - 0x00007ffc31416000 	C:\Program Files\Eclipse Adoptium\jdk-17.0.18.8-hotspot\bin\nio.dll
0x00007ffc58f70000 - 0x00007ffc58f80000 	C:\Program Files\Eclipse Adoptium\jdk-17.0.18.8-hotspot\bin\verify.dll
0x00007ffc2dbe0000 - 0x00007ffc2dc07000 	C:\Users\Nandhitha_R\.gradle\native\1def1411415f61bf3af743bc5b6707747c0891f09f0c88961ee8f79bc544acac\windows-amd64\native-platform.dll
0x00007ffc2d3f0000 - 0x00007ffc2d467000 	C:\Users\Nandhitha_R\.gradle\native\0.2.8\x86_64-windows-gnu\gradle-fileevents.dll
0x00007ffc59630000 - 0x00007ffc5963a000 	C:\Program Files\Eclipse Adoptium\jdk-17.0.18.8-hotspot\bin\management.dll
0x00007ffc59600000 - 0x00007ffc5960c000 	C:\Program Files\Eclipse Adoptium\jdk-17.0.18.8-hotspot\bin\management_ext.dll
0x00007ffc70260000 - 0x00007ffc70268000 	C:\Windows\System32\PSAPI.DLL
0x00007ffc6ca10000 - 0x00007ffc6ca42000 	C:\Windows\SYSTEM32\IPHLPAPI.DLL
0x00007ffc70d90000 - 0x00007ffc70d9a000 	C:\Windows\System32\NSI.dll
0x00007ffc68960000 - 0x00007ffc6897d000 	C:\Windows\SYSTEM32\dhcpcsvc6.DLL
0x00007ffc68890000 - 0x00007ffc688b5000 	C:\Windows\SYSTEM32\dhcpcsvc.DLL
0x00007ffc6ca50000 - 0x00007ffc6cb82000 	C:\Windows\SYSTEM32\DNSAPI.dll
0x00007ffc58a20000 - 0x00007ffc58a29000 	C:\Program Files\Eclipse Adoptium\jdk-17.0.18.8-hotspot\bin\extnet.dll
0x00007ffc6d920000 - 0x00007ffc6d93b000 	C:\Windows\SYSTEM32\CRYPTSP.dll
0x00007ffc6cff0000 - 0x00007ffc6d029000 	C:\Windows\system32\rsaenh.dll
0x00007ffc6d6e0000 - 0x00007ffc6d713000 	C:\Windows\SYSTEM32\USERENV.dll
0x00007ffc6e220000 - 0x00007ffc6e24a000 	C:\Windows\SYSTEM32\bcrypt.dll
0x00007ffc6d910000 - 0x00007ffc6d91c000 	C:\Windows\SYSTEM32\CRYPTBASE.dll
0x00007ffc58f30000 - 0x00007ffc58f3e000 	C:\Program Files\Eclipse Adoptium\jdk-17.0.18.8-hotspot\bin\sunmscapi.dll
0x00007ffc6eba0000 - 0x00007ffc6ed17000 	C:\Windows\System32\CRYPT32.dll
0x00007ffc6db30000 - 0x00007ffc6db60000 	C:\Windows\SYSTEM32\ncrypt.dll
0x00007ffc6dae0000 - 0x00007ffc6db1f000 	C:\Windows\SYSTEM32\NTASN1.dll
0x00007ffc3d570000 - 0x00007ffc3d578000 	C:\Windows\system32\wshunix.dll
0x00007ffc6d1c0000 - 0x00007ffc6d1f6000 	C:\Windows\SYSTEM32\ntmarta.dll

dbghelp: loaded successfully - version: 4.0.5 - missing functions: none
symbol engine: initialized successfully - sym options: 0x614 - pdb path: .;C:\Program Files\Eclipse Adoptium\jdk-17.0.18.8-hotspot\bin;C:\Windows\SYSTEM32;C:\Windows\WinSxS\amd64_microsoft.windows.common-controls_6595b64144ccf1df_6.0.26100.8115_none_3e075c82e3354f9c;C:\Program Files\Eclipse Adoptium\jdk-17.0.18.8-hotspot\bin\server;C:\Users\Nandhitha_R\.gradle\native\1def1411415f61bf3af743bc5b6707747c0891f09f0c88961ee8f79bc544acac\windows-amd64;C:\Users\Nandhitha_R\.gradle\native\0.2.8\x86_64-windows-gnu

VM Arguments:
jvm_args: --add-opens=java.base/java.lang=ALL-UNNAMED --add-opens=java.base/java.lang.invoke=ALL-UNNAMED --add-opens=java.base/java.util=ALL-UNNAMED --add-opens=java.prefs/java.util.prefs=ALL-UNNAMED --add-exports=jdk.compiler/com.sun.tools.javac.api=ALL-UNNAMED --add-exports=jdk.compiler/com.sun.tools.javac.util=ALL-UNNAMED --add-opens=java.base/java.util=ALL-UNNAMED --add-opens=java.prefs/java.util.prefs=ALL-UNNAMED --add-opens=java.base/java.nio.charset=ALL-UNNAMED --add-opens=java.base/java.net=ALL-UNNAMED --add-opens=java.base/java.util.concurrent=ALL-UNNAMED --add-opens=java.base/java.util.concurrent.atomic=ALL-UNNAMED --add-opens=java.xml/javax.xml.namespace=ALL-UNNAMED -XX:MaxMetaspaceSize=512m -XX:+HeapDumpOnOutOfMemoryError -Xmx1536m -Dfile.encoding=UTF-8 -Duser.country=IN -Duser.language=en -Duser.variant -javaagent:C:\Users\Nandhitha_R\.gradle\wrapper\dists\gradle-9.0.0-bin\d6wjpkvcgsg3oed0qlfss3wgl\gradle-9.0.0\lib\agents\gradle-instrumentation-agent-9.0.0.jar 
java_command: org.gradle.launcher.daemon.bootstrap.GradleDaemon 9.0.0
java_class_path (initial): C:\Users\Nandhitha_R\.gradle\wrapper\dists\gradle-9.0.0-bin\d6wjpkvcgsg3oed0qlfss3wgl\gradle-9.0.0\lib\gradle-daemon-main-9.0.0.jar
Launcher Type: SUN_STANDARD

[Global flags]
     intx CICompilerCount                          = 4                                         {product} {ergonomic}
   size_t CompressedClassSpaceSize                 = 436207616                                 {product} {ergonomic}
     uint ConcGCThreads                            = 3                                         {product} {ergonomic}
     uint G1ConcRefinementThreads                  = 10                                        {product} {ergonomic}
   size_t G1HeapRegionSize                         = 1048576                                   {product} {ergonomic}
    uintx GCDrainStackTargetSize                   = 64                                        {product} {ergonomic}
     bool HeapDumpOnOutOfMemoryError               = true                                   {manageable} {command line}
   size_t InitialHeapSize                          = 264241152                                 {product} {ergonomic}
   size_t MarkStackSize                            = 4194304                                   {product} {ergonomic}
   size_t MaxHeapSize                              = 1610612736                                {product} {command line}
   size_t MaxMetaspaceSize                         = 536870912                                 {product} {command line}
   size_t MaxNewSize                               = 965738496                                 {product} {ergonomic}
   size_t MinHeapDeltaBytes                        = 1048576                                   {product} {ergonomic}
   size_t MinHeapSize                              = 8388608                                   {product} {ergonomic}
    uintx NonNMethodCodeHeapSize                   = 5839372                                {pd product} {ergonomic}
    uintx NonProfiledCodeHeapSize                  = 122909434                              {pd product} {ergonomic}
    uintx ProfiledCodeHeapSize                     = 122909434                              {pd product} {ergonomic}
    uintx ReservedCodeCacheSize                    = 251658240                              {pd product} {ergonomic}
     bool SegmentedCodeCache                       = true                                      {product} {ergonomic}
   size_t SoftMaxHeapSize                          = 1610612736                             {manageable} {ergonomic}
     bool UseCompressedClassPointers               = true                           {product lp64_product} {ergonomic}
     bool UseCompressedOops                        = true                           {product lp64_product} {ergonomic}
     bool UseG1GC                                  = true                                      {product} {ergonomic}
     bool UseLargePagesIndividualAllocation        = false                                  {pd product} {ergonomic}

Logging:
Log output configuration:
 #0: stdout all=warning uptime,level,tags
 #1: stderr all=off uptime,level,tags

Environment Variables:
JAVA_HOME=C:\Program Files\Eclipse Adoptium\jdk-17.0.18.8-hotspot
PATH=c:\\Users\\Nandhitha_R\\.trae\\tools\\trae-gopls\\current;c:\\Users\\Nandhitha_R\\.trae\\sdks\\workspaces\\d1813b88\\versions\\node\\current;c:\\Users\\Nandhitha_R\\.trae\\sdks\\versions\\node\\current;c:\Users\Nandhitha_R\.trae\tools\trae-gopls\current;c:\Users\Nandhitha_R\.trae\sdks\workspaces\d1813b88\versions\node\current;c:\Users\Nandhitha_R\.trae\sdks\versions\node\current;C:\Program Files\Eclipse Adoptium\jdk-17.0.18.8-hotspot\bin;C:\Program Files\Python312\Scripts\;C:\Program Files\Python312\;C:\Windows\System32;C:\Program Files\Git\cmd;C:\Program Files\Eclipse Adoptium\jdk-17.0.18.8-hotspot\bin;C:\Program Files\nodejs\;C:\Users\Nandhitha_R\AppData\Local\Android\Sdk\platform-tools;C:\Users\Nandhitha_R\AppData\Local\Android\Sdk\emulator;C:\Program Files\Eclipse Adoptium\jdk-17.0.18.8-hotspot\bin;C:\Users\Nandhitha_R\AppData\Local\Programs\Python\Python312;C:\Program Files\MongoDB\Server\7.0\bin;C:\Users\Nandhitha_R\AppData\Local\Programs\Python\Launcher\;C:\Users\Nandhitha_R\AppData\Roaming\npm;C:\Users\Nandhitha_R\AppData\Local\Programs\Microsoft VS Code\bin;D:\Program Files\Antigravity\bin;c:\Users\Nandhitha_R\.trae\extensions\vscjava.vscode-java-debug-0.59.0-universal\bundled\scripts\noConfigScripts
USERNAME=Nandhitha_R
LANG=en_US.UTF-8
OS=Windows_NT
PROCESSOR_IDENTIFIER=Intel64 Family 6 Model 154 Stepping 4, GenuineIntel
TMP=C:\Users\NANDHI~1\AppData\Local\Temp
TEMP=C:\Users\NANDHI~1\AppData\Local\Temp



Periodic native trim disabled


---------------  S Y S T E M  ---------------

OS:
 Windows 11 , 64 bit Build 26100 (10.0.26100.8246)
OS uptime: 2 days 6:00 hours
Hyper-V role detected

CPU: total 12 (initial active 12) (6 cores per cpu, 2 threads per core) family 6 model 154 stepping 4 microcode 0x43b, cx8, cmov, fxsr, ht, mmx, 3dnowpref, sse, sse2, sse3, ssse3, sse4.1, sse4.2, popcnt, lzcnt, tsc, tscinvbit, avx, avx2, aes, erms, clmul, bmi1, bmi2, adx, sha, fma, vzeroupper, clflush, clflushopt, clwb, hv
Processor Information for all 12 processors :
  Max Mhz: 1300, Current Mhz: 1300, Mhz Limit: 1300

Memory: 4k page, system-wide physical 16068M (1486M free)
TotalPageFile size 23699M (AvailPageFile size 611M)
current process WorkingSet (physical memory assigned to process): 981M, peak: 981M
current process commit charge ("private bytes"): 1220M, peak: 1221M

vm_info: OpenJDK 64-Bit Server VM (17.0.18+8) for windows-amd64 JRE (17.0.18+8), built on Jan 20 2026 22:28:22 by "admin" with MS VC++ 17.12 (VS2022)

END.
