#
# There is insufficient memory for the Java Runtime Environment to continue.
# Native memory allocation (mmap) failed to map 65536 bytes. Error detail: Failed to commit metaspace.
# Possible reasons:
#   The system is out of physical RAM or swap space
#   This process is running with CompressedOops enabled, and the Java Heap may be blocking the growth of the native heap
# Possible solutions:
#   Reduce memory load on the system
#   Increase physical memory or swap space
#   Check if swap backing store is full
#   Decrease Java heap size (-Xmx/-Xms)
#   Decrease number of Java threads
#   Decrease Java thread stack sizes (-Xss)
#   Set larger code cache with -XX:ReservedCodeCacheSize=
#   JVM is running with Unscaled Compressed Oops mode in which the Java heap is
#     placed in the first 4GB address space. The Java Heap base address is the
#     maximum limit for the native heap growth. Please use -XX:HeapBaseMinAddress
#     to set the Java Heap base and to place the Java Heap above 4GB virtual address.
# This output file may be truncated or incomplete.
#
#  Out of Memory Error (virtualSpaceNode.cpp:110), pid=25980, tid=21160
#
# JRE version: OpenJDK Runtime Environment Temurin-17.0.18+8 (17.0.18+8) (build 17.0.18+8)
# Java VM: OpenJDK 64-Bit Server VM Temurin-17.0.18+8 (17.0.18+8, mixed mode, sharing, tiered, compressed oops, compressed class ptrs, g1 gc, windows-amd64)
# No core dump will be written. Minidumps are not enabled by default on client versions of Windows
#

---------------  S U M M A R Y ------------

Command Line: --add-opens=java.base/java.lang=ALL-UNNAMED --add-opens=java.base/java.lang.invoke=ALL-UNNAMED --add-opens=java.base/java.util=ALL-UNNAMED --add-opens=java.prefs/java.util.prefs=ALL-UNNAMED --add-exports=jdk.compiler/com.sun.tools.javac.api=ALL-UNNAMED --add-exports=jdk.compiler/com.sun.tools.javac.util=ALL-UNNAMED --add-opens=java.base/java.util=ALL-UNNAMED --add-opens=java.prefs/java.util.prefs=ALL-UNNAMED --add-opens=java.base/java.nio.charset=ALL-UNNAMED --add-opens=java.base/java.net=ALL-UNNAMED --add-opens=java.base/java.util.concurrent=ALL-UNNAMED --add-opens=java.base/java.util.concurrent.atomic=ALL-UNNAMED --add-opens=java.xml/javax.xml.namespace=ALL-UNNAMED -XX:MaxMetaspaceSize=512m -Xmx2048m -Dfile.encoding=windows-1252 -Duser.country=IN -Duser.language=en -Duser.variant -javaagent:C:\Users\Nandhitha_R\.gradle\wrapper\dists\gradle-9.0.0-bin\d6wjpkvcgsg3oed0qlfss3wgl\gradle-9.0.0\lib\agents\gradle-instrumentation-agent-9.0.0.jar org.gradle.launcher.daemon.bootstrap.GradleDaemon 9.0.0

Host: 12th Gen Intel(R) Core(TM) i5-1235U, 12 cores, 15G,  Windows 11 , 64 bit Build 26100 (10.0.26100.8246)
Time: Sun May  3 22:42:34 2026 India Standard Time elapsed time: 28.945731 seconds (0d 0h 0m 28s)

---------------  T H R E A D  ---------------

Current thread (0x000002c4e07c72b0):  JavaThread "Daemon worker" [_thread_in_vm, id=21160, stack(0x000000d9fd200000,0x000000d9fd300000)]

Stack: [0x000000d9fd200000,0x000000d9fd300000]
Native frames: (J=compiled Java code, j=interpreted, Vv=VM code, C=native code)
V  [jvm.dll+0x6846f9]
V  [jvm.dll+0x839ea5]
V  [jvm.dll+0x83b91e]
V  [jvm.dll+0x83bfa3]
V  [jvm.dll+0x248eff]
V  [jvm.dll+0x835c8d]
V  [jvm.dll+0x6291fd]
V  [jvm.dll+0x1c0710]
V  [jvm.dll+0x62bb72]
V  [jvm.dll+0x629bb6]
V  [jvm.dll+0x23cb10]
V  [jvm.dll+0x633a45]
V  [jvm.dll+0x1ea5d1]
V  [jvm.dll+0x1eaa55]
V  [jvm.dll+0x1eb407]
V  [jvm.dll+0x1e08d1]
V  [jvm.dll+0x548119]
V  [jvm.dll+0x7b4b68]
V  [jvm.dll+0x7b4c64]
V  [jvm.dll+0x414bb4]
V  [jvm.dll+0x41b619]
C  [java.dll+0x17ec]

Java frames: (J=compiled Java code, j=interpreted, Vv=VM code)
J 759  java.lang.ClassLoader.defineClass1(Ljava/lang/ClassLoader;Ljava/lang/String;[BIILjava/security/ProtectionDomain;Ljava/lang/String;)Ljava/lang/Class; java.base@17.0.18 (0 bytes) @ 0x000002c4d13b0983 [0x000002c4d13b08c0+0x00000000000000c3]
J 12530 c2 java.security.SecureClassLoader.defineClass(Ljava/lang/String;[BIILjava/security/CodeSource;)Ljava/lang/Class; java.base@17.0.18 (16 bytes) @ 0x000002c4d1a77f0c [0x000002c4d1a77a20+0x00000000000004ec]
J 12068 c2 org.gradle.internal.classloader.VisitableURLClassLoader$InstrumentingVisitableURLClassLoader.findClass(Ljava/lang/String;)Ljava/lang/Class; (36 bytes) @ 0x000002c4d19fbe34 [0x000002c4d19fb200+0x0000000000000c34]
J 4280 c2 java.lang.ClassLoader.loadClass(Ljava/lang/String;Z)Ljava/lang/Class; java.base@17.0.18 (121 bytes) @ 0x000002c4d1658410 [0x000002c4d1657c20+0x00000000000007f0]
J 2896 c2 java.lang.ClassLoader.loadClass(Ljava/lang/String;)Ljava/lang/Class; java.base@17.0.18 (7 bytes) @ 0x000002c4d152d360 [0x000002c4d152d320+0x0000000000000040]
v  ~StubRoutines::call_stub
j  com.android.tools.build.jetifier.core.config.Config$JsonData.toConfig()Lcom/android/tools/build/jetifier/core/config/Config;+822
j  com.android.tools.build.jetifier.core.config.ConfigParser.parseFromString(Ljava/lang/String;)Lcom/android/tools/build/jetifier/core/config/Config;+18
j  com.android.tools.build.jetifier.core.config.ConfigParser.loadDefaultConfig()Lcom/android/tools/build/jetifier/core/config/Config;+89
j  com.android.build.gradle.internal.dependency.AndroidXDependencySubstitution.<clinit>()V+16
v  ~StubRoutines::call_stub
j  com.android.build.gradle.internal.VariantTaskManager.<clinit>()V+11
v  ~StubRoutines::call_stub
j  com.android.build.gradle.internal.plugins.AppPlugin.createTaskManager(Lorg/gradle/api/Project;Ljava/util/Collection;Ljava/util/Collection;Ljava/util/Collection;Lcom/android/build/gradle/internal/tasks/factory/GlobalTaskCreationConfig;Lcom/android/build/gradle/internal/tasks/factory/TaskManagerConfig;)Lcom/android/build/gradle/internal/tasks/ApplicationTaskManager;+0
j  com.android.build.gradle.internal.plugins.AppPlugin.createTaskManager(Lorg/gradle/api/Project;Ljava/util/Collection;Ljava/util/Collection;Ljava/util/Collection;Lcom/android/build/gradle/internal/tasks/factory/GlobalTaskCreationConfig;Lcom/android/build/gradle/internal/tasks/factory/TaskManagerConfig;)Lcom/android/build/gradle/internal/VariantTaskManager;+10
j  com.android.build.gradle.internal.plugins.BasePlugin.createAndroidTasks(Lorg/gradle/api/Project;)V+1062
j  com.android.build.gradle.internal.plugins.BasePlugin$createTasks$2$1.call()V+8
j  com.android.build.gradle.internal.profile.NoOpAnalyticsConfiguratorService.recordBlock(Lcom/google/wireless/android/sdk/stats/GradleBuildProfileSpan$ExecutionType;Ljava/lang/String;Ljava/lang/String;Lcom/android/builder/profile/Recorder$VoidBlock;)V+21
j  com.android.build.gradle.internal.plugins.BasePlugin$createTasks$2.accept(Lorg/gradle/api/Project;)V+63
j  com.android.build.gradle.internal.plugins.BasePlugin$createTasks$2.accept(Ljava/lang/Object;)V+5
j  com.android.build.gradle.internal.crash.CrashReporting$afterEvaluate$1.execute(Lorg/gradle/api/Project;)V+12
j  com.android.build.gradle.internal.crash.CrashReporting$afterEvaluate$1.execute(Ljava/lang/Object;)V+5
J 7698 c1 org.gradle.internal.code.DefaultUserCodeApplicationContext$CurrentApplication$1.execute(Ljava/lang/Object;)V (79 bytes) @ 0x000002c4ca5914cc [0x000002c4ca591120+0x00000000000003ac]
j  org.gradle.configuration.internal.DefaultListenerBuildOperationDecorator$BuildOperationEmittingAction$1.run(Lorg/gradle/internal/operations/BuildOperationContext;)V+11
J 7250 c1 org.gradle.internal.operations.DefaultBuildOperationRunner$1.execute(Lorg/gradle/internal/operations/BuildOperation;Lorg/gradle/internal/operations/BuildOperationContext;)V (10 bytes) @ 0x000002c4ca4adfc4 [0x000002c4ca4add60+0x0000000000000264]
J 6879 c1 org.gradle.internal.operations.DefaultBuildOperationRunner$2.execute(Lorg/gradle/internal/operations/BuildOperationDescriptor;Lorg/gradle/internal/operations/BuildOperationState;Lorg/gradle/internal/operations/BuildOperationState;Lorg/gradle/internal/operations/DefaultBuildOperationRunner$ReadableBuildOperationContext;Lorg/gradle/internal/operations/DefaultBuildOperationRunner$BuildOperationExecutionListener;)Lorg/gradle/internal/operations/BuildOperation; (110 bytes) @ 0x000002c4ca3ef7b4 [0x000002c4ca3ef5c0+0x00000000000001f4]
J 6899 c1 org.gradle.internal.operations.DefaultBuildOperationRunner$2.execute(Lorg/gradle/internal/operations/BuildOperationDescriptor;Lorg/gradle/internal/operations/BuildOperationState;Lorg/gradle/internal/operations/BuildOperationState;Lorg/gradle/internal/operations/DefaultBuildOperationRunner$ReadableBuildOperationContext;Lorg/gradle/internal/operations/DefaultBuildOperationRunner$BuildOperationExecutionListener;)Ljava/lang/Object; (12 bytes) @ 0x000002c4ca3f89b4 [0x000002c4ca3f8940+0x0000000000000074]
J 8679 c1 org.gradle.internal.operations.DefaultBuildOperationRunner.execute(Lorg/gradle/internal/operations/BuildOperationDescriptor$Builder;Lorg/gradle/internal/operations/BuildOperationState;Lorg/gradle/internal/operations/DefaultBuildOperationRunner$BuildOperationExecution;)Ljava/lang/Object; (147 bytes) @ 0x000002c4ca779b2c [0x000002c4ca778fe0+0x0000000000000b4c]
J 6874 c1 org.gradle.internal.operations.DefaultBuildOperationRunner.execute(Lorg/gradle/internal/operations/BuildOperation;Lorg/gradle/internal/operations/BuildOperationWorker;Lorg/gradle/internal/operations/BuildOperationState;)V (23 bytes) @ 0x000002c4ca3ebe04 [0x000002c4ca3ebb60+0x00000000000002a4]
J 7249 c1 org.gradle.internal.operations.DefaultBuildOperationRunner.run(Lorg/gradle/internal/operations/RunnableBuildOperation;)V (13 bytes) @ 0x000002c4ca4ad854 [0x000002c4ca4ad480+0x00000000000003d4]
j  org.gradle.configuration.internal.DefaultListenerBuildOperationDecorator$BuildOperationEmittingAction.execute(Ljava/lang/Object;)V+24
j  org.gradle.internal.event.BroadcastDispatch$ActionInvocationHandler.dispatch(Lorg/gradle/internal/dispatch/MethodInvocation;)V+24
j  org.gradle.internal.event.BroadcastDispatch$ActionInvocationHandler.dispatch(Ljava/lang/Object;)V+5
J 12245 c2 org.gradle.internal.event.AbstractBroadcastDispatch.dispatch(Lorg/gradle/internal/dispatch/MethodInvocation;Lorg/gradle/internal/dispatch/Dispatch;)V (74 bytes) @ 0x000002c4d1a2953c [0x000002c4d1a291c0+0x000000000000037c]
J 2389 c1 org.gradle.internal.event.BroadcastDispatch$SingletonDispatch.dispatch(Ljava/lang/Object;)V (9 bytes) @ 0x000002c4c9d307fc [0x000002c4c9d305c0+0x000000000000023c]
J 12120 c2 org.gradle.internal.event.AbstractBroadcastDispatch.dispatch(Lorg/gradle/internal/dispatch/MethodInvocation;Ljava/util/List;)V (65 bytes) @ 0x000002c4d19ec508 [0x000002c4d19ebb00+0x0000000000000a08]
J 8634 c1 org.gradle.internal.event.BroadcastDispatch$CompositeDispatch.dispatch(Ljava/lang/Object;)V (9 bytes) @ 0x000002c4ca775dfc [0x000002c4ca775bc0+0x000000000000023c]
J 6307 c1 org.gradle.internal.event.ListenerBroadcast.dispatch(Ljava/lang/Object;)V (9 bytes) @ 0x000002c4ca2e65f4 [0x000002c4ca2e6340+0x00000000000002b4]
J 6996 c1 org.gradle.internal.dispatch.ProxyDispatchAdapter$DispatchingInvocationHandler.invoke(Ljava/lang/Object;Ljava/lang/reflect/Method;[Ljava/lang/Object;)Ljava/lang/Object; (184 bytes) @ 0x000002c4ca433fc4 [0x000002c4ca4325c0+0x0000000000001a04]
j  jdk.proxy1.$Proxy69.afterEvaluate(Lorg/gradle/api/Project;Lorg/gradle/api/ProjectState;)V+20 jdk.proxy1
j  org.gradle.configuration.project.LifecycleProjectEvaluator$NotifyAfterEvaluate$1.execute(Lorg/gradle/api/ProjectEvaluationListener;)V+15
j  org.gradle.configuration.project.LifecycleProjectEvaluator$NotifyAfterEvaluate$1.execute(Ljava/lang/Object;)V+5
j  org.gradle.api.internal.project.DefaultProject.stepEvaluationListener(Lorg/gradle/api/ProjectEvaluationListener;Lorg/gradle/api/Action;)Lorg/gradle/api/ProjectEvaluationListener;+19
j  org.gradle.configuration.project.LifecycleProjectEvaluator$NotifyAfterEvaluate.run(Lorg/gradle/internal/operations/BuildOperationContext;)V+25
J 7250 c1 org.gradle.internal.operations.DefaultBuildOperationRunner$1.execute(Lorg/gradle/internal/operations/BuildOperation;Lorg/gradle/internal/operations/BuildOperationContext;)V (10 bytes) @ 0x000002c4ca4adfc4 [0x000002c4ca4add60+0x0000000000000264]
J 6879 c1 org.gradle.internal.operations.DefaultBuildOperationRunner$2.execute(Lorg/gradle/internal/operations/BuildOperationDescriptor;Lorg/gradle/internal/operations/BuildOperationState;Lorg/gradle/internal/operations/BuildOperationState;Lorg/gradle/internal/operations/DefaultBuildOperationRunner$ReadableBuildOperationContext;Lorg/gradle/internal/operations/DefaultBuildOperationRunner$BuildOperationExecutionListener;)Lorg/gradle/internal/operations/BuildOperation; (110 bytes) @ 0x000002c4ca3ef7b4 [0x000002c4ca3ef5c0+0x00000000000001f4]
J 6899 c1 org.gradle.internal.operations.DefaultBuildOperationRunner$2.execute(Lorg/gradle/internal/operations/BuildOperationDescriptor;Lorg/gradle/internal/operations/BuildOperationState;Lorg/gradle/internal/operations/BuildOperationState;Lorg/gradle/internal/operations/DefaultBuildOperationRunner$ReadableBuildOperationContext;Lorg/gradle/internal/operations/DefaultBuildOperationRunner$BuildOperationExecutionListener;)Ljava/lang/Object; (12 bytes) @ 0x000002c4ca3f89b4 [0x000002c4ca3f8940+0x0000000000000074]
J 8679 c1 org.gradle.internal.operations.DefaultBuildOperationRunner.execute(Lorg/gradle/internal/operations/BuildOperationDescriptor$Builder;Lorg/gradle/internal/operations/BuildOperationState;Lorg/gradle/internal/operations/DefaultBuildOperationRunner$BuildOperationExecution;)Ljava/lang/Object; (147 bytes) @ 0x000002c4ca779b2c [0x000002c4ca778fe0+0x0000000000000b4c]
J 6874 c1 org.gradle.internal.operations.DefaultBuildOperationRunner.execute(Lorg/gradle/internal/operations/BuildOperation;Lorg/gradle/internal/operations/BuildOperationWorker;Lorg/gradle/internal/operations/BuildOperationState;)V (23 bytes) @ 0x000002c4ca3ebe04 [0x000002c4ca3ebb60+0x00000000000002a4]
J 7249 c1 org.gradle.internal.operations.DefaultBuildOperationRunner.run(Lorg/gradle/internal/operations/RunnableBuildOperation;)V (13 bytes) @ 0x000002c4ca4ad854 [0x000002c4ca4ad480+0x00000000000003d4]
j  org.gradle.configuration.project.LifecycleProjectEvaluator$EvaluateProject.lambda$run$0(Lorg/gradle/internal/operations/BuildOperationContext;Lorg/gradle/api/internal/project/ProjectInternal;)V+102
j  org.gradle.configuration.project.LifecycleProjectEvaluator$EvaluateProject$$Lambda$1098+0x000002c4e2708000.accept(Ljava/lang/Object;)V+12
j  org.gradle.api.internal.project.DefaultProjectStateRegistry$ProjectStateImpl.lambda$applyToMutableState$1(Ljava/util/function/Consumer;Lorg/gradle/api/internal/project/ProjectInternal;)Ljava/lang/Object;+2
j  org.gradle.api.internal.project.DefaultProjectStateRegistry$ProjectStateImpl$$Lambda$1099+0x000002c4e2708230.apply(Ljava/lang/Object;)Ljava/lang/Object;+8
j  org.gradle.api.internal.project.DefaultProjectStateRegistry$ProjectStateImpl.fromMutableState(Ljava/util/function/Function;)Ljava/lang/Object;+97
j  org.gradle.api.internal.project.DefaultProjectStateRegistry$ProjectStateImpl.applyToMutableState(Ljava/util/function/Consumer;)V+7
j  org.gradle.configuration.project.LifecycleProjectEvaluator$EvaluateProject.run(Lorg/gradle/internal/operations/BuildOperationContext;)V+16
J 7250 c1 org.gradle.internal.operations.DefaultBuildOperationRunner$1.execute(Lorg/gradle/internal/operations/BuildOperation;Lorg/gradle/internal/operations/BuildOperationContext;)V (10 bytes) @ 0x000002c4ca4adfc4 [0x000002c4ca4add60+0x0000000000000264]
J 6879 c1 org.gradle.internal.operations.DefaultBuildOperationRunner$2.execute(Lorg/gradle/internal/operations/BuildOperationDescriptor;Lorg/gradle/internal/operations/BuildOperationState;Lorg/gradle/internal/operations/BuildOperationState;Lorg/gradle/internal/operations/DefaultBuildOperationRunner$ReadableBuildOperationContext;Lorg/gradle/internal/operations/DefaultBuildOperationRunner$BuildOperationExecutionListener;)Lorg/gradle/internal/operations/BuildOperation; (110 bytes) @ 0x000002c4ca3ef7b4 [0x000002c4ca3ef5c0+0x00000000000001f4]
J 6899 c1 org.gradle.internal.operations.DefaultBuildOperationRunner$2.execute(Lorg/gradle/internal/operations/BuildOperationDescriptor;Lorg/gradle/internal/operations/BuildOperationState;Lorg/gradle/internal/operations/BuildOperationState;Lorg/gradle/internal/operations/DefaultBuildOperationRunner$ReadableBuildOperationContext;Lorg/gradle/internal/operations/DefaultBuildOperationRunner$BuildOperationExecutionListener;)Ljava/lang/Object; (12 bytes) @ 0x000002c4ca3f89b4 [0x000002c4ca3f8940+0x0000000000000074]
J 8679 c1 org.gradle.internal.operations.DefaultBuildOperationRunner.execute(Lorg/gradle/internal/operations/BuildOperationDescriptor$Builder;Lorg/gradle/internal/operations/BuildOperationState;Lorg/gradle/internal/operations/DefaultBuildOperationRunner$BuildOperationExecution;)Ljava/lang/Object; (147 bytes) @ 0x000002c4ca779b2c [0x000002c4ca778fe0+0x0000000000000b4c]
J 6874 c1 org.gradle.internal.operations.DefaultBuildOperationRunner.execute(Lorg/gradle/internal/operations/BuildOperation;Lorg/gradle/internal/operations/BuildOperationWorker;Lorg/gradle/internal/operations/BuildOperationState;)V (23 bytes) @ 0x000002c4ca3ebe04 [0x000002c4ca3ebb60+0x00000000000002a4]
J 7249 c1 org.gradle.internal.operations.DefaultBuildOperationRunner.run(Lorg/gradle/internal/operations/RunnableBuildOperation;)V (13 bytes) @ 0x000002c4ca4ad854 [0x000002c4ca4ad480+0x00000000000003d4]
j  org.gradle.configuration.project.LifecycleProjectEvaluator.evaluate(Lorg/gradle/api/internal/project/ProjectInternal;Lorg/gradle/api/internal/project/ProjectStateInternal;)V+42
j  org.gradle.api.internal.project.DefaultProject.evaluateUnchecked()Lorg/gradle/api/internal/project/ProjectInternal;+20
j  org.gradle.api.internal.project.ProjectLifecycleController.lambda$ensureSelfConfigured$2()V+4
j  org.gradle.api.internal.project.ProjectLifecycleController$$Lambda$1096+0x000002c4e2706538.run()V+4
j  org.gradle.internal.model.StateTransitionController.lambda$doTransition$14(Ljava/lang/Runnable;)Lorg/gradle/internal/build/ExecutionResult;+1
j  org.gradle.internal.model.StateTransitionController$$Lambda$320+0x000002c4e2370000.get()Ljava/lang/Object;+4
j  org.gradle.internal.model.StateTransitionController.doTransition(Lorg/gradle/internal/model/StateTransitionController$State;Lorg/gradle/internal/model/StateTransitionController$State;Ljava/util/function/Supplier;)Lorg/gradle/internal/build/ExecutionResult;+24
j  org.gradle.internal.model.StateTransitionController.doTransition(Lorg/gradle/internal/model/StateTransitionController$State;Lorg/gradle/internal/model/StateTransitionController$State;Ljava/lang/Runnable;)V+9
j  org.gradle.internal.model.StateTransitionController.lambda$maybeTransitionIfNotCurrentlyTransitioning$10(Lorg/gradle/internal/model/StateTransitionController$State;Lorg/gradle/internal/model/StateTransitionController$State;Ljava/lang/Runnable;)V+16
j  org.gradle.internal.model.StateTransitionController$$Lambda$1097+0x000002c4e2706758.run()V+16
j  org.gradle.internal.work.DefaultSynchronizer.withLock(Ljava/lang/Runnable;)V+6
j  org.gradle.internal.model.StateTransitionController.maybeTransitionIfNotCurrentlyTransitioning(Lorg/gradle/internal/model/StateTransitionController$State;Lorg/gradle/internal/model/StateTransitionController$State;Ljava/lang/Runnable;)V+13
j  org.gradle.api.internal.project.ProjectLifecycleController.ensureSelfConfigured()V+16
j  org.gradle.api.internal.project.DefaultProjectStateRegistry$ProjectStateImpl.ensureConfigured()V+19
j  org.gradle.api.internal.project.DefaultProject.evaluationDependsOn(Lorg/gradle/api/internal/project/ProjectInternal;)Lorg/gradle/api/Project;+44
j  org.gradle.api.internal.project.DefaultProject.evaluationDependsOn(Ljava/lang/String;)Lorg/gradle/api/Project;+26
j  com.facebook.react.ReactRootProjectPlugin$apply$1.execute(Lorg/gradle/api/Project;)V+23
j  com.facebook.react.ReactRootProjectPlugin$apply$1.execute(Ljava/lang/Object;)V+5
J 7940 c1 org.gradle.api.internal.DefaultMutationGuard$1.execute(Ljava/lang/Object;)V (67 bytes) @ 0x000002c4ca60ac84 [0x000002c4ca60a820+0x0000000000000464]
j  org.gradle.internal.Actions.with(Ljava/lang/Object;Lorg/gradle/api/Action;)Ljava/lang/Object;+2
j  org.gradle.api.internal.project.BuildOperationCrossProjectConfigurator$1.run(Lorg/gradle/internal/operations/BuildOperationContext;)V+20
J 7250 c1 org.gradle.internal.operations.DefaultBuildOperationRunner$1.execute(Lorg/gradle/internal/operations/BuildOperation;Lorg/gradle/internal/operations/BuildOperationContext;)V (10 bytes) @ 0x000002c4ca4adfc4 [0x000002c4ca4add60+0x0000000000000264]
J 6879 c1 org.gradle.internal.operations.DefaultBuildOperationRunner$2.execute(Lorg/gradle/internal/operations/BuildOperationDescriptor;Lorg/gradle/internal/operations/BuildOperationState;Lorg/gradle/internal/operations/BuildOperationState;Lorg/gradle/internal/operations/DefaultBuildOperationRunner$ReadableBuildOperationContext;Lorg/gradle/internal/operations/DefaultBuildOperationRunner$BuildOperationExecutionListener;)Lorg/gradle/internal/operations/BuildOperation; (110 bytes) @ 0x000002c4ca3ef7b4 [0x000002c4ca3ef5c0+0x00000000000001f4]
J 6899 c1 org.gradle.internal.operations.DefaultBuildOperationRunner$2.execute(Lorg/gradle/internal/operations/BuildOperationDescriptor;Lorg/gradle/internal/operations/BuildOperationState;Lorg/gradle/internal/operations/BuildOperationState;Lorg/gradle/internal/operations/DefaultBuildOperationRunner$ReadableBuildOperationContext;Lorg/gradle/internal/operations/DefaultBuildOperationRunner$BuildOperationExecutionListener;)Ljava/lang/Object; (12 bytes) @ 0x000002c4ca3f89b4 [0x000002c4ca3f8940+0x0000000000000074]
J 8679 c1 org.gradle.internal.operations.DefaultBuildOperationRunner.execute(Lorg/gradle/internal/operations/BuildOperationDescriptor$Builder;Lorg/gradle/internal/operations/BuildOperationState;Lorg/gradle/internal/operations/DefaultBuildOperationRunner$BuildOperationExecution;)Ljava/lang/Object; (147 bytes) @ 0x000002c4ca779b2c [0x000002c4ca778fe0+0x0000000000000b4c]
J 6874 c1 org.gradle.internal.operations.DefaultBuildOperationRunner.execute(Lorg/gradle/internal/operations/BuildOperation;Lorg/gradle/internal/operations/BuildOperationWorker;Lorg/gradle/internal/operations/BuildOperationState;)V (23 bytes) @ 0x000002c4ca3ebe04 [0x000002c4ca3ebb60+0x00000000000002a4]
J 7249 c1 org.gradle.internal.operations.DefaultBuildOperationRunner.run(Lorg/gradle/internal/operations/RunnableBuildOperation;)V (13 bytes) @ 0x000002c4ca4ad854 [0x000002c4ca4ad480+0x00000000000003d4]
j  org.gradle.api.internal.project.BuildOperationCrossProjectConfigurator.lambda$runProjectConfigureAction$0(Lorg/gradle/api/internal/project/ProjectInternal;Lorg/gradle/api/Action;Lorg/gradle/api/internal/project/ProjectInternal;)V+15
j  org.gradle.api.internal.project.BuildOperationCrossProjectConfigurator$$Lambda$1196+0x000002c4e27a6890.accept(Ljava/lang/Object;)V+16
j  org.gradle.api.internal.project.DefaultProjectStateRegistry$ProjectStateImpl.lambda$applyToMutableState$1(Ljava/util/function/Consumer;Lorg/gradle/api/internal/project/ProjectInternal;)Ljava/lang/Object;+2
j  org.gradle.api.internal.project.DefaultProjectStateRegistry$ProjectStateImpl$$Lambda$1099+0x000002c4e2708230.apply(Ljava/lang/Object;)Ljava/lang/Object;+8
j  org.gradle.api.internal.project.DefaultProjectStateRegistry$ProjectStateImpl.fromMutableState(Ljava/util/function/Function;)Ljava/lang/Object;+97
j  org.gradle.api.internal.project.DefaultProjectStateRegistry$ProjectStateImpl.applyToMutableState(Ljava/util/function/Consumer;)V+7
j  org.gradle.api.internal.project.BuildOperationCrossProjectConfigurator.runProjectConfigureAction(Lorg/gradle/api/internal/project/ProjectInternal;Lorg/gradle/api/Action;)V+14
j  org.gradle.api.internal.project.BuildOperationCrossProjectConfigurator.access$100(Lorg/gradle/api/internal/project/BuildOperationCrossProjectConfigurator;Lorg/gradle/api/internal/project/ProjectInternal;Lorg/gradle/api/Action;)V+3
j  org.gradle.api.internal.project.BuildOperationCrossProjectConfigurator$BlockConfigureBuildOperation.run(Lorg/gradle/internal/operations/BuildOperationContext;)V+38
J 7250 c1 org.gradle.internal.operations.DefaultBuildOperationRunner$1.execute(Lorg/gradle/internal/operations/BuildOperation;Lorg/gradle/internal/operations/BuildOperationContext;)V (10 bytes) @ 0x000002c4ca4adfc4 [0x000002c4ca4add60+0x0000000000000264]
J 6879 c1 org.gradle.internal.operations.DefaultBuildOperationRunner$2.execute(Lorg/gradle/internal/operations/BuildOperationDescriptor;Lorg/gradle/internal/operations/BuildOperationState;Lorg/gradle/internal/operations/BuildOperationState;Lorg/gradle/internal/operations/DefaultBuildOperationRunner$ReadableBuildOperationContext;Lorg/gradle/internal/operations/DefaultBuildOperationRunner$BuildOperationExecutionListener;)Lorg/gradle/internal/operations/BuildOperation; (110 bytes) @ 0x000002c4ca3ef7b4 [0x000002c4ca3ef5c0+0x00000000000001f4]
J 6899 c1 org.gradle.internal.operations.DefaultBuildOperationRunner$2.execute(Lorg/gradle/internal/operations/BuildOperationDescriptor;Lorg/gradle/internal/operations/BuildOperationState;Lorg/gradle/internal/operations/BuildOperationState;Lorg/gradle/internal/operations/DefaultBuildOperationRunner$ReadableBuildOperationContext;Lorg/gradle/internal/operations/DefaultBuildOperationRunner$BuildOperationExecutionListener;)Ljava/lang/Object; (12 bytes) @ 0x000002c4ca3f89b4 [0x000002c4ca3f8940+0x0000000000000074]
J 8679 c1 org.gradle.internal.operations.DefaultBuildOperationRunner.execute(Lorg/gradle/internal/operations/BuildOperationDescriptor$Builder;Lorg/gradle/internal/operations/BuildOperationState;Lorg/gradle/internal/operations/DefaultBuildOperationRunner$BuildOperationExecution;)Ljava/lang/Object; (147 bytes) @ 0x000002c4ca779b2c [0x000002c4ca778fe0+0x0000000000000b4c]
J 6874 c1 org.gradle.internal.operations.DefaultBuildOperationRunner.execute(Lorg/gradle/internal/operations/BuildOperation;Lorg/gradle/internal/operations/BuildOperationWorker;Lorg/gradle/internal/operations/BuildOperationState;)V (23 bytes) @ 0x000002c4ca3ebe04 [0x000002c4ca3ebb60+0x00000000000002a4]
J 7249 c1 org.gradle.internal.operations.DefaultBuildOperationRunner.run(Lorg/gradle/internal/operations/RunnableBuildOperation;)V (13 bytes) @ 0x000002c4ca4ad854 [0x000002c4ca4ad480+0x00000000000003d4]
j  org.gradle.api.internal.project.BuildOperationCrossProjectConfigurator.runBlockConfigureAction(Lorg/gradle/internal/operations/BuildOperationDescriptor$Builder;Ljava/lang/Iterable;Lorg/gradle/api/Action;)V+16
j  org.gradle.api.internal.project.BuildOperationCrossProjectConfigurator.subprojects(Ljava/lang/Iterable;Lorg/gradle/api/Action;)V+6
j  org.gradle.api.internal.project.DefaultProject.subprojects(Lorg/gradle/api/internal/project/ProjectInternal;Lorg/gradle/api/Action;)V+10
j  org.gradle.api.internal.project.DefaultProject.subprojects(Lorg/gradle/api/Action;)V+3
j  com.facebook.react.ReactRootProjectPlugin.apply(Lorg/gradle/api/Project;)V+18
j  com.facebook.react.ReactRootProjectPlugin.apply(Ljava/lang/Object;)V+5
j  org.gradle.api.internal.plugins.ImperativeOnlyPluginTarget.applyImperative(Ljava/lang/String;Lorg/gradle/api/Plugin;)V+13
j  org.gradle.api.internal.plugins.RuleBasedPluginTarget.applyImperative(Ljava/lang/String;Lorg/gradle/api/Plugin;)V+6
j  org.gradle.api.internal.plugins.DefaultPluginManager.addPlugin(Ljava/lang/Runnable;Lorg/gradle/api/internal/plugins/PluginImplementation;Ljava/lang/String;Ljava/lang/Class;)V+54
j  org.gradle.api.internal.plugins.DefaultPluginManager.access$100(Lorg/gradle/api/internal/plugins/DefaultPluginManager;Ljava/lang/Runnable;Lorg/gradle/api/internal/plugins/PluginImplementation;Ljava/lang/String;Ljava/lang/Class;)V+6
j  org.gradle.api.internal.plugins.DefaultPluginManager$AddPluginBuildOperation.run(Lorg/gradle/internal/operations/BuildOperationContext;)V+20
J 7250 c1 org.gradle.internal.operations.DefaultBuildOperationRunner$1.execute(Lorg/gradle/internal/operations/BuildOperation;Lorg/gradle/internal/operations/BuildOperationContext;)V (10 bytes) @ 0x000002c4ca4adfc4 [0x000002c4ca4add60+0x0000000000000264]
J 6879 c1 org.gradle.internal.operations.DefaultBuildOperationRunner$2.execute(Lorg/gradle/internal/operations/BuildOperationDescriptor;Lorg/gradle/internal/operations/BuildOperationState;Lorg/gradle/internal/operations/BuildOperationState;Lorg/gradle/internal/operations/DefaultBuildOperationRunner$ReadableBuildOperationContext;Lorg/gradle/internal/operations/DefaultBuildOperationRunner$BuildOperationExecutionListener;)Lorg/gradle/internal/operations/BuildOperation; (110 bytes) @ 0x000002c4ca3ef7b4 [0x000002c4ca3ef5c0+0x00000000000001f4]
J 6899 c1 org.gradle.internal.operations.DefaultBuildOperationRunner$2.execute(Lorg/gradle/internal/operations/BuildOperationDescriptor;Lorg/gradle/internal/operations/BuildOperationState;Lorg/gradle/internal/operations/BuildOperationState;Lorg/gradle/internal/operations/DefaultBuildOperationRunner$ReadableBuildOperationContext;Lorg/gradle/internal/operations/DefaultBuildOperationRunner$BuildOperationExecutionListener;)Ljava/lang/Object; (12 bytes) @ 0x000002c4ca3f89b4 [0x000002c4ca3f8940+0x0000000000000074]
J 8679 c1 org.gradle.internal.operations.DefaultBuildOperationRunner.execute(Lorg/gradle/internal/operations/BuildOperationDescriptor$Builder;Lorg/gradle/internal/operations/BuildOperationState;Lorg/gradle/internal/operations/DefaultBuildOperationRunner$BuildOperationExecution;)Ljava/lang/Object; (147 bytes) @ 0x000002c4ca779b2c [0x000002c4ca778fe0+0x0000000000000b4c]
J 6874 c1 org.gradle.internal.operations.DefaultBuildOperationRunner.execute(Lorg/gradle/internal/operations/BuildOperation;Lorg/gradle/internal/operations/BuildOperationWorker;Lorg/gradle/internal/operations/BuildOperationState;)V (23 bytes) @ 0x000002c4ca3ebe04 [0x000002c4ca3ebb60+0x00000000000002a4]
J 7249 c1 org.gradle.internal.operations.DefaultBuildOperationRunner.run(Lorg/gradle/internal/operations/RunnableBuildOperation;)V (13 bytes) @ 0x000002c4ca4ad854 [0x000002c4ca4ad480+0x00000000000003d4]
j  org.gradle.api.internal.plugins.DefaultPluginManager.lambda$doApply$0(Ljava/lang/Runnable;Lorg/gradle/api/internal/plugins/PluginImplementation;Ljava/lang/String;Ljava/lang/Class;Lorg/gradle/internal/code/UserCodeApplicationId;)V+20
j  org.gradle.api.internal.plugins.DefaultPluginManager$$Lambda$1013+0x000002c4e26218f0.execute(Ljava/lang/Object;)V+24
j  org.gradle.internal.code.DefaultUserCodeApplicationContext.apply(Lorg/gradle/internal/code/UserCodeSource;Lorg/gradle/api/Action;)V+37
j  org.gradle.api.internal.plugins.DefaultPluginManager.doApply(Lorg/gradle/api/internal/plugins/PluginImplementation;)V+144
j  org.gradle.api.internal.plugins.DefaultPluginManager.apply(Ljava/lang/String;)V+52
j  org.gradle.api.internal.plugins.DefaultObjectConfigurationAction.applyType(Ljava/lang/String;)V+43
j  org.gradle.api.internal.plugins.DefaultObjectConfigurationAction.access$200(Lorg/gradle/api/internal/plugins/DefaultObjectConfigurationAction;Ljava/lang/String;)V+2
j  org.gradle.api.internal.plugins.DefaultObjectConfigurationAction$3.run()V+8
j  org.gradle.api.internal.plugins.DefaultObjectConfigurationAction.execute()V+58
j  org.gradle.api.internal.project.AbstractPluginAware.apply(Ljava/util/Map;)V+12
j  org.gradle.api.internal.project.DefaultProject.apply(Ljava/util/Map;)V+6
j  org.gradle.api.internal.project.ProjectScript.apply(Ljava/util/Map;)V+5
j  java.lang.invoke.LambdaForm$DMH+0x000002c4e202c000.invokeInterface(Ljava/lang/Object;Ljava/lang/Object;Ljava/lang/Object;)V+24 java.base@17.0.18
j  java.lang.invoke.LambdaForm$MH+0x000002c4e2aa4c00.invoke(Ljava/lang/Object;Ljava/lang/Object;Ljava/lang/Object;)Ljava/lang/Object;+14 java.base@17.0.18
j  java.lang.invoke.LambdaForm$MH+0x000002c4e24de400.guardWithCatch(Ljava/lang/Object;Ljava/lang/Object;Ljava/lang/Object;)Ljava/lang/Object;+40 java.base@17.0.18
j  java.lang.invoke.LambdaForm$MH+0x000002c4e24dfc00.reinvoke(Ljava/lang/Object;Ljava/lang/Object;Ljava/lang/Object;)Ljava/lang/Object;+20 java.base@17.0.18
j  java.lang.invoke.LambdaForm$MH+0x000002c4e24e0000.guard(Ljava/lang/Object;Ljava/lang/Object;Ljava/lang/Object;)Ljava/lang/Object;+74 java.base@17.0.18
j  java.lang.invoke.LambdaForm$MH+0x000002c4e24dfc00.reinvoke(Ljava/lang/Object;Ljava/lang/Object;Ljava/lang/Object;)Ljava/lang/Object;+20 java.base@17.0.18
j  java.lang.invoke.LambdaForm$MH+0x000002c4e24e0000.guard(Ljava/lang/Object;Ljava/lang/Object;Ljava/lang/Object;)Ljava/lang/Object;+74 java.base@17.0.18
j  java.lang.invoke.LambdaForm$MH+0x000002c4e24dfc00.reinvoke(Ljava/lang/Object;Ljava/lang/Object;Ljava/lang/Object;)Ljava/lang/Object;+20 java.base@17.0.18
j  java.lang.invoke.LambdaForm$MH+0x000002c4e24e1400.invoke(Ljava/lang/Object;Ljava/lang/Object;)Ljava/lang/Object;+132 java.base@17.0.18
j  java.lang.invoke.LambdaForm$MH+0x000002c4e24e1800.invokeExact_MT(Ljava/lang/Object;Ljava/lang/Object;Ljava/lang/Object;)Ljava/lang/Object;+19 java.base@17.0.18
j  org.codehaus.groovy.vmplugin.v8.IndyInterface.fromCache(Ljava/lang/invoke/MutableCallSite;Ljava/lang/Class;Ljava/lang/String;ILjava/lang/Boolean;Ljava/lang/Boolean;Ljava/lang/Boolean;Ljava/lang/Object;[Ljava/lang/Object;)Ljava/lang/Object;+139
j  java.lang.invoke.LambdaForm$DMH+0x000002c4e24d0000.invokeStatic(Ljava/lang/Object;Ljava/lang/Object;Ljava/lang/Object;Ljava/lang/Object;ILjava/lang/Object;Ljava/lang/Object;Ljava/lang/Object;Ljava/lang/Object;Ljava/lang/Object;)Ljava/lang/Object;+26 java.base@17.0.18
j  java.lang.invoke.LambdaForm$MH+0x000002c4e24d9c00.invoke(Ljava/lang/Object;Ljava/lang/Object;Ljava/lang/Object;)Ljava/lang/Object;+98 java.base@17.0.18
j  java.lang.invoke.Invokers$Holder.linkToCallSite(Ljava/lang/Object;Ljava/lang/Object;Ljava/lang/Object;)Ljava/lang/Object;+14 java.base@17.0.18
j  build_27ljqwr2xybhqeljgk6471i6a.run()Ljava/lang/Object;+18
j  org.gradle.groovy.scripts.internal.DefaultScriptRunnerFactory$ScriptRunnerImpl.run(Ljava/lang/Object;Lorg/gradle/internal/service/ServiceRegistry;)V+57
j  org.gradle.configuration.DefaultScriptPluginFactory$ScriptPluginImpl.lambda$apply$1(Lorg/gradle/groovy/scripts/ScriptRunner;Ljava/lang/Object;Lorg/gradle/internal/service/CloseableServiceRegistry;)V+3
j  org.gradle.configuration.DefaultScriptPluginFactory$ScriptPluginImpl$$Lambda$2029+0x000002c4e2a76c60.run()V+12
j  org.gradle.configuration.ProjectScriptTarget.addConfiguration(Ljava/lang/Runnable;Z)V+18
j  org.gradle.configuration.DefaultScriptPluginFactory$ScriptPluginImpl.apply(Ljava/lang/Object;)V+342
j  org.gradle.configuration.BuildOperationScriptPlugin$1.run(Lorg/gradle/internal/operations/BuildOperationContext;)V+11
J 7250 c1 org.gradle.internal.operations.DefaultBuildOperationRunner$1.execute(Lorg/gradle/internal/operations/BuildOperation;Lorg/gradle/internal/operations/BuildOperationContext;)V (10 bytes) @ 0x000002c4ca4adfc4 [0x000002c4ca4add60+0x0000000000000264]
J 6879 c1 org.gradle.internal.operations.DefaultBuildOperationRunner$2.execute(Lorg/gradle/internal/operations/BuildOperationDescriptor;Lorg/gradle/internal/operations/BuildOperationState;Lorg/gradle/internal/operations/BuildOperationState;Lorg/gradle/internal/operations/DefaultBuildOperationRunner$ReadableBuildOperationContext;Lorg/gradle/internal/operations/DefaultBuildOperationRunner$BuildOperationExecutionListener;)Lorg/gradle/internal/operations/BuildOperation; (110 bytes) @ 0x000002c4ca3ef7b4 [0x000002c4ca3ef5c0+0x00000000000001f4]
J 6899 c1 org.gradle.internal.operations.DefaultBuildOperationRunner$2.execute(Lorg/gradle/internal/operations/BuildOperationDescriptor;Lorg/gradle/internal/operations/BuildOperationState;Lorg/gradle/internal/operations/BuildOperationState;Lorg/gradle/internal/operations/DefaultBuildOperationRunner$ReadableBuildOperationContext;Lorg/gradle/internal/operations/DefaultBuildOperationRunner$BuildOperationExecutionListener;)Ljava/lang/Object; (12 bytes) @ 0x000002c4ca3f89b4 [0x000002c4ca3f8940+0x0000000000000074]
J 8679 c1 org.gradle.internal.operations.DefaultBuildOperationRunner.execute(Lorg/gradle/internal/operations/BuildOperationDescriptor$Builder;Lorg/gradle/internal/operations/BuildOperationState;Lorg/gradle/internal/operations/DefaultBuildOperationRunner$BuildOperationExecution;)Ljava/lang/Object; (147 bytes) @ 0x000002c4ca779b2c [0x000002c4ca778fe0+0x0000000000000b4c]
J 6874 c1 org.gradle.internal.operations.DefaultBuildOperationRunner.execute(Lorg/gradle/internal/operations/BuildOperation;Lorg/gradle/internal/operations/BuildOperationWorker;Lorg/gradle/internal/operations/BuildOperationState;)V (23 bytes) @ 0x000002c4ca3ebe04 [0x000002c4ca3ebb60+0x00000000000002a4]
J 7249 c1 org.gradle.internal.operations.DefaultBuildOperationRunner.run(Lorg/gradle/internal/operations/RunnableBuildOperation;)V (13 bytes) @ 0x000002c4ca4ad854 [0x000002c4ca4ad480+0x00000000000003d4]
j  org.gradle.configuration.BuildOperationScriptPlugin.lambda$apply$0(Ljava/lang/Object;Lorg/gradle/internal/code/UserCodeApplicationId;)V+14
j  org.gradle.configuration.BuildOperationScriptPlugin$$Lambda$519+0x000002c4e2483348.execute(Ljava/lang/Object;)V+12
j  org.gradle.internal.code.DefaultUserCodeApplicationContext.apply(Lorg/gradle/internal/code/UserCodeSource;Lorg/gradle/api/Action;)V+37
j  org.gradle.configuration.BuildOperationScriptPlugin.apply(Ljava/lang/Object;)V+71
j  org.gradle.configuration.project.BuildScriptProcessor$$Lambda$1125+0x000002c4e2741a68.accept(Ljava/lang/Object;)V+8
j  org.gradle.api.internal.project.DefaultProjectStateRegistry$ProjectStateImpl.lambda$applyToMutableState$1(Ljava/util/function/Consumer;Lorg/gradle/api/internal/project/ProjectInternal;)Ljava/lang/Object;+2
j  org.gradle.api.internal.project.DefaultProjectStateRegistry$ProjectStateImpl$$Lambda$1099+0x000002c4e2708230.apply(Ljava/lang/Object;)Ljava/lang/Object;+8
j  org.gradle.api.internal.project.DefaultProjectStateRegistry$ProjectStateImpl.fromMutableState(Ljava/util/function/Function;)Ljava/lang/Object;+97
j  org.gradle.api.internal.project.DefaultProjectStateRegistry$ProjectStateImpl.applyToMutableState(Ljava/util/function/Consumer;)V+7
j  org.gradle.configuration.project.BuildScriptProcessor.execute(Lorg/gradle/api/internal/project/ProjectInternal;)V+88
j  org.gradle.configuration.project.BuildScriptProcessor.execute(Ljava/lang/Object;)V+5
j  org.gradle.configuration.project.ConfigureActionsProjectEvaluator.evaluate(Lorg/gradle/api/internal/project/ProjectInternal;Lorg/gradle/api/internal/project/ProjectStateInternal;)V+33
j  org.gradle.configuration.project.LifecycleProjectEvaluator$EvaluateProject.lambda$run$0(Lorg/gradle/internal/operations/BuildOperationContext;Lorg/gradle/api/internal/project/ProjectInternal;)V+67
j  org.gradle.configuration.project.LifecycleProjectEvaluator$EvaluateProject$$Lambda$1098+0x000002c4e2708000.accept(Ljava/lang/Object;)V+12
j  org.gradle.api.internal.project.DefaultProjectStateRegistry$ProjectStateImpl.lambda$applyToMutableState$1(Ljava/util/function/Consumer;Lorg/gradle/api/internal/project/ProjectInternal;)Ljava/lang/Object;+2
j  org.gradle.api.internal.project.DefaultProjectStateRegistry$ProjectStateImpl$$Lambda$1099+0x000002c4e2708230.apply(Ljava/lang/Object;)Ljava/lang/Object;+8
j  org.gradle.api.internal.project.DefaultProjectStateRegistry$ProjectStateImpl.lambda$fromMutableState$2(Ljava/util/function/Function;)Ljava/lang/Object;+5
j  org.gradle.api.internal.project.DefaultProjectStateRegistry$ProjectStateImpl$$Lambda$1100+0x000002c4e2708470.create()Ljava/lang/Object;+8
j  org.gradle.internal.work.DefaultWorkerLeaseService.withReplacedLocks(Ljava/util/Collection;Lorg/gradle/internal/resources/ResourceLock;Lorg/gradle/internal/Factory;)Ljava/lang/Object;+40
j  org.gradle.api.internal.project.DefaultProjectStateRegistry$ProjectStateImpl.fromMutableState(Ljava/util/function/Function;)Ljava/lang/Object;+133
j  org.gradle.api.internal.project.DefaultProjectStateRegistry$ProjectStateImpl.applyToMutableState(Ljava/util/function/Consumer;)V+7
j  org.gradle.configuration.project.LifecycleProjectEvaluator$EvaluateProject.run(Lorg/gradle/internal/operations/BuildOperationContext;)V+16
J 7250 c1 org.gradle.internal.operations.DefaultBuildOperationRunner$1.execute(Lorg/gradle/internal/operations/BuildOperation;Lorg/gradle/internal/operations/BuildOperationContext;)V (10 bytes) @ 0x000002c4ca4adfc4 [0x000002c4ca4add60+0x0000000000000264]
J 6879 c1 org.gradle.internal.operations.DefaultBuildOperationRunner$2.execute(Lorg/gradle/internal/operations/BuildOperationDescriptor;Lorg/gradle/internal/operations/BuildOperationState;Lorg/gradle/internal/operations/BuildOperationState;Lorg/gradle/internal/operations/DefaultBuildOperationRunner$ReadableBuildOperationContext;Lorg/gradle/internal/operations/DefaultBuildOperationRunner$BuildOperationExecutionListener;)Lorg/gradle/internal/operations/BuildOperation; (110 bytes) @ 0x000002c4ca3ef7b4 [0x000002c4ca3ef5c0+0x00000000000001f4]
J 6899 c1 org.gradle.internal.operations.DefaultBuildOperationRunner$2.execute(Lorg/gradle/internal/operations/BuildOperationDescriptor;Lorg/gradle/internal/operations/BuildOperationState;Lorg/gradle/internal/operations/BuildOperationState;Lorg/gradle/internal/operations/DefaultBuildOperationRunner$ReadableBuildOperationContext;Lorg/gradle/internal/operations/DefaultBuildOperationRunner$BuildOperationExecutionListener;)Ljava/lang/Object; (12 bytes) @ 0x000002c4ca3f89b4 [0x000002c4ca3f8940+0x0000000000000074]
J 8679 c1 org.gradle.internal.operations.DefaultBuildOperationRunner.execute(Lorg/gradle/internal/operations/BuildOperationDescriptor$Builder;Lorg/gradle/internal/operations/BuildOperationState;Lorg/gradle/internal/operations/DefaultBuildOperationRunner$BuildOperationExecution;)Ljava/lang/Object; (147 bytes) @ 0x000002c4ca779b2c [0x000002c4ca778fe0+0x0000000000000b4c]
J 6874 c1 org.gradle.internal.operations.DefaultBuildOperationRunner.execute(Lorg/gradle/internal/operations/BuildOperation;Lorg/gradle/internal/operations/BuildOperationWorker;Lorg/gradle/internal/operations/BuildOperationState;)V (23 bytes) @ 0x000002c4ca3ebe04 [0x000002c4ca3ebb60+0x00000000000002a4]
J 7249 c1 org.gradle.internal.operations.DefaultBuildOperationRunner.run(Lorg/gradle/internal/operations/RunnableBuildOperation;)V (13 bytes) @ 0x000002c4ca4ad854 [0x000002c4ca4ad480+0x00000000000003d4]
j  org.gradle.configuration.project.LifecycleProjectEvaluator.evaluate(Lorg/gradle/api/internal/project/ProjectInternal;Lorg/gradle/api/internal/project/ProjectStateInternal;)V+42
j  org.gradle.api.internal.project.DefaultProject.evaluateUnchecked()Lorg/gradle/api/internal/project/ProjectInternal;+20
j  org.gradle.api.internal.project.ProjectLifecycleController.lambda$ensureSelfConfigured$2()V+4
j  org.gradle.api.internal.project.ProjectLifecycleController$$Lambda$1096+0x000002c4e2706538.run()V+4
j  org.gradle.internal.model.StateTransitionController.lambda$doTransition$14(Ljava/lang/Runnable;)Lorg/gradle/internal/build/ExecutionResult;+1
j  org.gradle.internal.model.StateTransitionController$$Lambda$320+0x000002c4e2370000.get()Ljava/lang/Object;+4
j  org.gradle.internal.model.StateTransitionController.doTransition(Lorg/gradle/internal/model/StateTransitionController$State;Lorg/gradle/internal/model/StateTransitionController$State;Ljava/util/function/Supplier;)Lorg/gradle/internal/build/ExecutionResult;+24
j  org.gradle.internal.model.StateTransitionController.doTransition(Lorg/gradle/internal/model/StateTransitionController$State;Lorg/gradle/internal/model/StateTransitionController$State;Ljava/lang/Runnable;)V+9
j  org.gradle.internal.model.StateTransitionController.lambda$maybeTransitionIfNotCurrentlyTransitioning$10(Lorg/gradle/internal/model/StateTransitionController$State;Lorg/gradle/internal/model/StateTransitionController$State;Ljava/lang/Runnable;)V+16
j  org.gradle.internal.model.StateTransitionController$$Lambda$1097+0x000002c4e2706758.run()V+16
j  org.gradle.internal.work.DefaultSynchronizer.withLock(Ljava/lang/Runnable;)V+6
j  org.gradle.internal.model.StateTransitionController.maybeTransitionIfNotCurrentlyTransitioning(Lorg/gradle/internal/model/StateTransitionController$State;Lorg/gradle/internal/model/StateTransitionController$State;Ljava/lang/Runnable;)V+13
j  org.gradle.api.internal.project.ProjectLifecycleController.ensureSelfConfigured()V+16
j  org.gradle.api.internal.project.DefaultProjectStateRegistry$ProjectStateImpl.ensureConfigured()V+19
j  org.gradle.execution.TaskPathProjectEvaluator.configure(Lorg/gradle/api/internal/project/ProjectInternal;)V+6
j  org.gradle.execution.TaskPathProjectEvaluator.configureHierarchy(Lorg/gradle/api/internal/project/ProjectInternal;)V+2
j  org.gradle.configuration.DefaultProjectsPreparer.prepareProjects(Lorg/gradle/api/internal/GradleInternal;)V+52
j  org.gradle.configuration.BuildTreePreparingProjectsPreparer.prepareProjects(Lorg/gradle/api/internal/GradleInternal;)V+114
j  org.gradle.configuration.BuildOperationFiringProjectsPreparer$ConfigureBuild.run(Lorg/gradle/internal/operations/BuildOperationContext;)V+11
J 7250 c1 org.gradle.internal.operations.DefaultBuildOperationRunner$1.execute(Lorg/gradle/internal/operations/BuildOperation;Lorg/gradle/internal/operations/BuildOperationContext;)V (10 bytes) @ 0x000002c4ca4adfc4 [0x000002c4ca4add60+0x0000000000000264]
J 6879 c1 org.gradle.internal.operations.DefaultBuildOperationRunner$2.execute(Lorg/gradle/internal/operations/BuildOperationDescriptor;Lorg/gradle/internal/operations/BuildOperationState;Lorg/gradle/internal/operations/BuildOperationState;Lorg/gradle/internal/operations/DefaultBuildOperationRunner$ReadableBuildOperationContext;Lorg/gradle/internal/operations/DefaultBuildOperationRunner$BuildOperationExecutionListener;)Lorg/gradle/internal/operations/BuildOperation; (110 bytes) @ 0x000002c4ca3ef7b4 [0x000002c4ca3ef5c0+0x00000000000001f4]
J 6899 c1 org.gradle.internal.operations.DefaultBuildOperationRunner$2.execute(Lorg/gradle/internal/operations/BuildOperationDescriptor;Lorg/gradle/internal/operations/BuildOperationState;Lorg/gradle/internal/operations/BuildOperationState;Lorg/gradle/internal/operations/DefaultBuildOperationRunner$ReadableBuildOperationContext;Lorg/gradle/internal/operations/DefaultBuildOperationRunner$BuildOperationExecutionListener;)Ljava/lang/Object; (12 bytes) @ 0x000002c4ca3f89b4 [0x000002c4ca3f8940+0x0000000000000074]
J 8679 c1 org.gradle.internal.operations.DefaultBuildOperationRunner.execute(Lorg/gradle/internal/operations/BuildOperationDescriptor$Builder;Lorg/gradle/internal/operations/BuildOperationState;Lorg/gradle/internal/operations/DefaultBuildOperationRunner$BuildOperationExecution;)Ljava/lang/Object; (147 bytes) @ 0x000002c4ca779b2c [0x000002c4ca778fe0+0x0000000000000b4c]
J 6874 c1 org.gradle.internal.operations.DefaultBuildOperationRunner.execute(Lorg/gradle/internal/operations/BuildOperation;Lorg/gradle/internal/operations/BuildOperationWorker;Lorg/gradle/internal/operations/BuildOperationState;)V (23 bytes) @ 0x000002c4ca3ebe04 [0x000002c4ca3ebb60+0x00000000000002a4]
J 7249 c1 org.gradle.internal.operations.DefaultBuildOperationRunner.run(Lorg/gradle/internal/operations/RunnableBuildOperation;)V (13 bytes) @ 0x000002c4ca4ad854 [0x000002c4ca4ad480+0x00000000000003d4]
j  org.gradle.configuration.BuildOperationFiringProjectsPreparer.prepareProjects(Lorg/gradle/api/internal/GradleInternal;)V+13
j  org.gradle.initialization.VintageBuildModelController.lambda$prepareProjects$2()V+8
j  org.gradle.initialization.VintageBuildModelController$$Lambda$1049+0x000002c4e26add20.run()V+4
j  org.gradle.internal.model.StateTransitionController.lambda$doTransition$14(Ljava/lang/Runnable;)Lorg/gradle/internal/build/ExecutionResult;+1
j  org.gradle.internal.model.StateTransitionController$$Lambda$320+0x000002c4e2370000.get()Ljava/lang/Object;+4
j  org.gradle.internal.model.StateTransitionController.doTransition(Lorg/gradle/internal/model/StateTransitionController$State;Lorg/gradle/internal/model/StateTransitionController$State;Ljava/util/function/Supplier;)Lorg/gradle/internal/build/ExecutionResult;+24
j  org.gradle.internal.model.StateTransitionController.doTransition(Lorg/gradle/internal/model/StateTransitionController$State;Lorg/gradle/internal/model/StateTransitionController$State;Ljava/lang/Runnable;)V+9
j  org.gradle.internal.model.StateTransitionController.lambda$transitionIfNotPreviously$11(Lorg/gradle/internal/model/StateTransitionController$State;Lorg/gradle/internal/model/StateTransitionController$State;Ljava/lang/Runnable;)V+16
j  org.gradle.internal.model.StateTransitionController$$Lambda$322+0x000002c4e2370440.run()V+16
j  org.gradle.internal.work.DefaultSynchronizer.withLock(Ljava/lang/Runnable;)V+6
j  org.gradle.internal.model.StateTransitionController.transitionIfNotPreviously(Lorg/gradle/internal/model/StateTransitionController$State;Lorg/gradle/internal/model/StateTransitionController$State;Ljava/lang/Runnable;)V+13
j  org.gradle.initialization.VintageBuildModelController.prepareProjects()V+16
j  org.gradle.initialization.VintageBuildModelController.prepareToScheduleTasks()V+5
j  org.gradle.internal.build.DefaultBuildLifecycleController.lambda$prepareToScheduleTasks$6()V+9
j  org.gradle.internal.build.DefaultBuildLifecycleController$$Lambda$318+0x000002c4e236ccb0.run()V+4
j  org.gradle.internal.model.StateTransitionController.lambda$doTransition$14(Ljava/lang/Runnable;)Lorg/gradle/internal/build/ExecutionResult;+1
j  org.gradle.internal.model.StateTransitionController$$Lambda$320+0x000002c4e2370000.get()Ljava/lang/Object;+4
j  org.gradle.internal.model.StateTransitionController.doTransition(Lorg/gradle/internal/model/StateTransitionController$State;Lorg/gradle/internal/model/StateTransitionController$State;Ljava/util/function/Supplier;)Lorg/gradle/internal/build/ExecutionResult;+24
j  org.gradle.internal.model.StateTransitionController.doTransition(Lorg/gradle/internal/model/StateTransitionController$State;Lorg/gradle/internal/model/StateTransitionController$State;Ljava/lang/Runnable;)V+9
j  org.gradle.internal.model.StateTransitionController.lambda$maybeTransition$9(Lorg/gradle/internal/model/StateTransitionController$State;Lorg/gradle/internal/model/StateTransitionController$State;Ljava/lang/Runnable;)V+16
j  org.gradle.internal.model.StateTransitionController$$Lambda$319+0x000002c4e236c400.run()V+16
j  org.gradle.internal.work.DefaultSynchronizer.withLock(Ljava/lang/Runnable;)V+6
j  org.gradle.internal.model.StateTransitionController.maybeTransition(Lorg/gradle/internal/model/StateTransitionController$State;Lorg/gradle/internal/model/StateTransitionController$State;Ljava/lang/Runnable;)V+13
j  org.gradle.internal.build.DefaultBuildLifecycleController.prepareToScheduleTasks()V+16
j  org.gradle.internal.buildtree.DefaultBuildTreeWorkPreparer.scheduleRequestedTasks(Lorg/gradle/internal/buildtree/BuildTreeWorkGraph;Lorg/gradle/execution/EntryTaskSelector;)Lorg/gradle/internal/buildtree/BuildTreeWorkGraph$FinalizedGraph;+4
j  org.gradle.internal.cc.impl.barrier.BarrierAwareBuildTreeWorkPreparer.scheduleRequestedTasks$lambda$0(Lorg/gradle/internal/cc/impl/barrier/BarrierAwareBuildTreeWorkPreparer;Lorg/gradle/internal/buildtree/BuildTreeWorkGraph;Lorg/gradle/execution/EntryTaskSelector;)Lorg/gradle/internal/buildtree/BuildTreeWorkGraph$FinalizedGraph;+6
j  org.gradle.internal.cc.impl.barrier.BarrierAwareBuildTreeWorkPreparer$$Lambda$317+0x000002c4e2361288.invoke()Ljava/lang/Object;+12
j  org.gradle.internal.cc.impl.barrier.VintageConfigurationTimeActionRunner.runConfigurationTimeAction(Lkotlin/jvm/functions/Function0;)Ljava/lang/Object;+25
j  org.gradle.internal.cc.impl.barrier.BarrierAwareBuildTreeWorkPreparer.scheduleRequestedTasks(Lorg/gradle/internal/buildtree/BuildTreeWorkGraph;Lorg/gradle/execution/EntryTaskSelector;)Lorg/gradle/internal/buildtree/BuildTreeWorkGraph$FinalizedGraph;+18
j  org.gradle.internal.cc.impl.VintageBuildTreeWorkController$scheduleAndRunRequestedTasks$1.apply(Lorg/gradle/internal/buildtree/BuildTreeWorkGraph;)Lorg/gradle/internal/build/ExecutionResult;+18
j  org.gradle.internal.cc.impl.VintageBuildTreeWorkController$scheduleAndRunRequestedTasks$1.apply(Ljava/lang/Object;)Ljava/lang/Object;+5
j  org.gradle.composite.internal.DefaultIncludedBuildTaskGraph.withNewWorkGraph(Ljava/util/function/Function;)Ljava/lang/Object;+30
j  org.gradle.internal.cc.impl.VintageBuildTreeWorkController.scheduleAndRunRequestedTasks(Lorg/gradle/execution/EntryTaskSelector;)Lorg/gradle/internal/build/ExecutionResult;+16
j  org.gradle.internal.buildtree.DefaultBuildTreeLifecycleController.lambda$scheduleAndRunTasks$1(Lorg/gradle/execution/EntryTaskSelector;)Lorg/gradle/internal/build/ExecutionResult;+5
j  org.gradle.internal.buildtree.DefaultBuildTreeLifecycleController$$Lambda$312+0x000002c4e236d000.get()Ljava/lang/Object;+8
j  org.gradle.internal.buildtree.DefaultBuildTreeLifecycleController.lambda$runBuild$4(Ljava/util/function/Supplier;)Ljava/lang/Object;+1
j  org.gradle.internal.buildtree.DefaultBuildTreeLifecycleController$$Lambda$313+0x000002c4e236d220.get()Ljava/lang/Object;+8
j  org.gradle.internal.model.StateTransitionController.lambda$transition$6(Ljava/util/function/Supplier;)Lorg/gradle/internal/build/ExecutionResult;+1
j  org.gradle.internal.model.StateTransitionController$$Lambda$315+0x000002c4e236d660.get()Ljava/lang/Object;+4
j  org.gradle.internal.model.StateTransitionController.doTransition(Lorg/gradle/internal/model/StateTransitionController$State;Lorg/gradle/internal/model/StateTransitionController$State;Ljava/util/function/Supplier;)Lorg/gradle/internal/build/ExecutionResult;+24
j  org.gradle.internal.model.StateTransitionController.lambda$transition$7(Lorg/gradle/internal/model/StateTransitionController$State;Lorg/gradle/internal/model/StateTransitionController$State;Ljava/util/function/Supplier;)Ljava/lang/Object;+9
j  org.gradle.internal.model.StateTransitionController$$Lambda$314+0x000002c4e236d440.create()Ljava/lang/Object;+16
j  org.gradle.internal.work.DefaultSynchronizer.withLock(Lorg/gradle/internal/Factory;)Ljava/lang/Object;+6
j  org.gradle.internal.model.StateTransitionController.transition(Lorg/gradle/internal/model/StateTransitionController$State;Lorg/gradle/internal/model/StateTransitionController$State;Ljava/util/function/Supplier;)Ljava/lang/Object;+13
j  org.gradle.internal.buildtree.DefaultBuildTreeLifecycleController.runBuild(Ljava/util/function/Supplier;)Ljava/lang/Object;+17
j  org.gradle.internal.buildtree.DefaultBuildTreeLifecycleController.scheduleAndRunTasks(Lorg/gradle/execution/EntryTaskSelector;)V+8
j  org.gradle.internal.buildtree.DefaultBuildTreeLifecycleController.scheduleAndRunTasks()V+2
j  org.gradle.tooling.internal.provider.ExecuteBuildActionRunner.run(Lorg/gradle/internal/invocation/BuildAction;Lorg/gradle/internal/buildtree/BuildTreeLifecycleController;)Lorg/gradle/internal/buildtree/BuildActionRunner$Result;+12
j  org.gradle.launcher.exec.ChainingBuildActionRunner.run(Lorg/gradle/internal/invocation/BuildAction;Lorg/gradle/internal/buildtree/BuildTreeLifecycleController;)Lorg/gradle/internal/buildtree/BuildActionRunner$Result;+34
j  org.gradle.internal.buildtree.ProblemReportingBuildActionRunner.run(Lorg/gradle/internal/invocation/BuildAction;Lorg/gradle/internal/buildtree/BuildTreeLifecycleController;)Lorg/gradle/internal/buildtree/BuildActionRunner$Result;+12
j  org.gradle.launcher.exec.BuildOutcomeReportingBuildActionRunner.run(Lorg/gradle/internal/invocation/BuildAction;Lorg/gradle/internal/buildtree/BuildTreeLifecycleController;)Lorg/gradle/internal/buildtree/BuildActionRunner$Result;+69
j  org.gradle.tooling.internal.provider.FileSystemWatchingBuildActionRunner.run(Lorg/gradle/internal/invocation/BuildAction;Lorg/gradle/internal/buildtree/BuildTreeLifecycleController;)Lorg/gradle/internal/buildtree/BuildActionRunner$Result;+317
j  org.gradle.launcher.exec.BuildCompletionNotifyingBuildActionRunner.run(Lorg/gradle/internal/invocation/BuildAction;Lorg/gradle/internal/buildtree/BuildTreeLifecycleController;)Lorg/gradle/internal/buildtree/BuildActionRunner$Result;+6
j  org.gradle.launcher.exec.RootBuildLifecycleBuildActionExecutor.lambda$execute$0(Lorg/gradle/internal/invocation/BuildAction;Lorg/gradle/internal/buildtree/BuildTreeLifecycleController;)Lorg/gradle/internal/buildtree/BuildActionRunner$Result;+6
j  org.gradle.launcher.exec.RootBuildLifecycleBuildActionExecutor$$Lambda$283+0x000002c4e2353220.apply(Ljava/lang/Object;)Ljava/lang/Object;+12
j  org.gradle.composite.internal.DefaultRootBuildState.run(Ljava/util/function/Function;)Ljava/lang/Object;+87
j  org.gradle.launcher.exec.RootBuildLifecycleBuildActionExecutor.execute(Lorg/gradle/internal/invocation/BuildAction;Lorg/gradle/internal/buildtree/BuildTreeContext;)Lorg/gradle/internal/buildtree/BuildActionRunner$Result;+119
j  org.gradle.internal.buildtree.InitDeprecationLoggingActionExecutor.execute(Lorg/gradle/internal/invocation/BuildAction;Lorg/gradle/internal/buildtree/BuildTreeContext;)Lorg/gradle/internal/buildtree/BuildActionRunner$Result;+83
j  org.gradle.internal.buildtree.InitProblems.execute(Lorg/gradle/internal/invocation/BuildAction;Lorg/gradle/internal/buildtree/BuildTreeContext;)Lorg/gradle/internal/buildtree/BuildActionRunner$Result;+13
j  org.gradle.internal.buildtree.DefaultBuildTreeContext.execute(Lorg/gradle/internal/invocation/BuildAction;)Lorg/gradle/internal/buildtree/BuildActionRunner$Result;+64
j  org.gradle.launcher.exec.BuildTreeLifecycleBuildActionExecutor.lambda$execute$0(Lorg/gradle/internal/invocation/BuildAction;Lorg/gradle/internal/buildtree/BuildTreeContext;)Lorg/gradle/internal/buildtree/BuildActionRunner$Result;+2
j  org.gradle.launcher.exec.BuildTreeLifecycleBuildActionExecutor$$Lambda$209+0x000002c4e2279430.apply(Ljava/lang/Object;)Ljava/lang/Object;+8
j  org.gradle.internal.buildtree.BuildTreeState.run(Ljava/util/function/Function;)Ljava/lang/Object;+47
j  org.gradle.launcher.exec.BuildTreeLifecycleBuildActionExecutor.execute(Lorg/gradle/internal/invocation/BuildAction;Lorg/gradle/internal/session/BuildSessionContext;)Lorg/gradle/internal/buildtree/BuildActionRunner$Result;+74
j  org.gradle.launcher.exec.RunAsBuildOperationBuildActionExecutor$2.call(Lorg/gradle/internal/operations/BuildOperationContext;)Lorg/gradle/internal/buildtree/BuildActionRunner$Result;+25
j  org.gradle.launcher.exec.RunAsBuildOperationBuildActionExecutor$2.call(Lorg/gradle/internal/operations/BuildOperationContext;)Ljava/lang/Object;+2
j  org.gradle.internal.operations.DefaultBuildOperationRunner$CallableBuildOperationWorker.execute(Lorg/gradle/internal/operations/CallableBuildOperation;Lorg/gradle/internal/operations/BuildOperationContext;)V+3
j  org.gradle.internal.operations.DefaultBuildOperationRunner$CallableBuildOperationWorker.execute(Lorg/gradle/internal/operations/BuildOperation;Lorg/gradle/internal/operations/BuildOperationContext;)V+6
j  org.gradle.internal.operations.DefaultBuildOperationRunner$2.execute(Lorg/gradle/internal/operations/BuildOperationDescriptor;Lorg/gradle/internal/operations/BuildOperationState;Lorg/gradle/internal/operations/BuildOperationState;Lorg/gradle/internal/operations/DefaultBuildOperationRunner$ReadableBuildOperationContext;Lorg/gradle/internal/operations/DefaultBuildOperationRunner$BuildOperationExecutionListener;)Lorg/gradle/internal/operations/BuildOperation;+22
j  org.gradle.internal.operations.DefaultBuildOperationRunner$2.execute(Lorg/gradle/internal/operations/BuildOperationDescriptor;Lorg/gradle/internal/operations/BuildOperationState;Lorg/gradle/internal/operations/BuildOperationState;Lorg/gradle/internal/operations/DefaultBuildOperationRunner$ReadableBuildOperationContext;Lorg/gradle/internal/operations/DefaultBuildOperationRunner$BuildOperationExecutionListener;)Ljava/lang/Object;+8
j  org.gradle.internal.operations.DefaultBuildOperationRunner.execute(Lorg/gradle/internal/operations/BuildOperationDescriptor$Builder;Lorg/gradle/internal/operations/BuildOperationState;Lorg/gradle/internal/operations/DefaultBuildOperationRunner$BuildOperationExecution;)Ljava/lang/Object;+141
j  org.gradle.internal.operations.DefaultBuildOperationRunner.execute(Lorg/gradle/internal/operations/BuildOperation;Lorg/gradle/internal/operations/BuildOperationWorker;Lorg/gradle/internal/operations/BuildOperationState;)V+18
j  org.gradle.internal.operations.DefaultBuildOperationRunner.call(Lorg/gradle/internal/operations/CallableBuildOperation;)Ljava/lang/Object;+16
j  org.gradle.launcher.exec.RunAsBuildOperationBuildActionExecutor.execute(Lorg/gradle/internal/invocation/BuildAction;Lorg/gradle/internal/session/BuildSessionContext;)Lorg/gradle/internal/buildtree/BuildActionRunner$Result;+23
j  org.gradle.launcher.exec.RunAsWorkerThreadBuildActionExecutor.lambda$execute$0(Lorg/gradle/internal/invocation/BuildAction;Lorg/gradle/internal/session/BuildSessionContext;)Lorg/gradle/internal/buildtree/BuildActionRunner$Result;+6
j  org.gradle.launcher.exec.RunAsWorkerThreadBuildActionExecutor$$Lambda$205+0x000002c4e224ac90.create()Ljava/lang/Object;+12
j  org.gradle.internal.work.DefaultWorkerLeaseService.withLocks(Ljava/util/Collection;Lorg/gradle/internal/Factory;)Ljava/lang/Object;+28
j  org.gradle.internal.work.DefaultWorkerLeaseService.runAsWorkerThread(Lorg/gradle/internal/Factory;)Ljava/lang/Object;+33
j  org.gradle.launcher.exec.RunAsWorkerThreadBuildActionExecutor.execute(Lorg/gradle/internal/invocation/BuildAction;Lorg/gradle/internal/session/BuildSessionContext;)Lorg/gradle/internal/buildtree/BuildActionRunner$Result;+12
j  org.gradle.tooling.internal.provider.continuous.ContinuousBuildActionExecutor.execute(Lorg/gradle/internal/invocation/BuildAction;Lorg/gradle/internal/session/BuildSessionContext;)Lorg/gradle/internal/buildtree/BuildActionRunner$Result;+58
j  org.gradle.tooling.internal.provider.SubscribableBuildActionExecutor.execute(Lorg/gradle/internal/invocation/BuildAction;Lorg/gradle/internal/session/BuildSessionContext;)Lorg/gradle/internal/buildtree/BuildActionRunner$Result;+30
j  org.gradle.internal.session.DefaultBuildSessionContext.execute(Lorg/gradle/internal/invocation/BuildAction;)Lorg/gradle/internal/buildtree/BuildActionRunner$Result;+64
j  org.gradle.internal.buildprocess.execution.BuildSessionLifecycleBuildActionExecutor$ActionImpl.apply(Lorg/gradle/internal/session/BuildSessionContext;)Lorg/gradle/launcher/exec/BuildActionResult;+6
j  org.gradle.internal.buildprocess.execution.BuildSessionLifecycleBuildActionExecutor$ActionImpl.apply(Ljava/lang/Object;)Ljava/lang/Object;+5
j  org.gradle.internal.session.BuildSessionState.run(Ljava/util/function/Function;)Ljava/lang/Object;+5
j  org.gradle.internal.buildprocess.execution.BuildSessionLifecycleBuildActionExecutor.execute(Lorg/gradle/internal/invocation/BuildAction;Lorg/gradle/launcher/exec/BuildActionParameters;Lorg/gradle/initialization/BuildRequestContext;)Lorg/gradle/launcher/exec/BuildActionResult;+95
j  org.gradle.internal.buildprocess.execution.BuildSessionLifecycleBuildActionExecutor.execute(Lorg/gradle/internal/invocation/BuildAction;Ljava/lang/Object;Ljava/lang/Object;)Lorg/gradle/launcher/exec/BuildActionResult;+10
j  org.gradle.internal.buildprocess.execution.StartParamsValidatingActionExecutor.execute(Lorg/gradle/internal/invocation/BuildAction;Lorg/gradle/launcher/exec/BuildActionParameters;Lorg/gradle/initialization/BuildRequestContext;)Lorg/gradle/launcher/exec/BuildActionResult;+142
j  org.gradle.internal.buildprocess.execution.StartParamsValidatingActionExecutor.execute(Lorg/gradle/internal/invocation/BuildAction;Ljava/lang/Object;Ljava/lang/Object;)Lorg/gradle/launcher/exec/BuildActionResult;+10
j  org.gradle.internal.buildprocess.execution.SessionFailureReportingActionExecutor.execute(Lorg/gradle/internal/invocation/BuildAction;Lorg/gradle/launcher/exec/BuildActionParameters;Lorg/gradle/initialization/BuildRequestContext;)Lorg/gradle/launcher/exec/BuildActionResult;+7
j  org.gradle.internal.buildprocess.execution.SessionFailureReportingActionExecutor.execute(Lorg/gradle/internal/invocation/BuildAction;Ljava/lang/Object;Ljava/lang/Object;)Lorg/gradle/launcher/exec/BuildActionResult;+10
j  org.gradle.internal.buildprocess.execution.SetupLoggingActionExecutor.execute(Lorg/gradle/internal/invocation/BuildAction;Lorg/gradle/launcher/exec/BuildActionParameters;Lorg/gradle/initialization/BuildRequestContext;)Lorg/gradle/launcher/exec/BuildActionResult;+50
j  org.gradle.internal.buildprocess.execution.SetupLoggingActionExecutor.execute(Lorg/gradle/internal/invocation/BuildAction;Ljava/lang/Object;Ljava/lang/Object;)Lorg/gradle/launcher/exec/BuildActionResult;+10
j  org.gradle.launcher.daemon.server.exec.ExecuteBuild.doBuild(Lorg/gradle/launcher/daemon/server/api/DaemonCommandExecution;Lorg/gradle/launcher/daemon/protocol/Build;)V+147
j  org.gradle.launcher.daemon.server.exec.BuildCommandOnly.execute(Lorg/gradle/launcher/daemon/server/api/DaemonCommandExecution;)V+49
j  org.gradle.launcher.daemon.server.api.DaemonCommandExecution.proceed()Z+23
j  org.gradle.launcher.daemon.server.exec.WatchForDisconnection.execute(Lorg/gradle/launcher/daemon/server/api/DaemonCommandExecution;)V+19
j  org.gradle.launcher.daemon.server.api.DaemonCommandExecution.proceed()Z+23
j  org.gradle.launcher.daemon.server.exec.ResetDeprecationLogger.execute(Lorg/gradle/launcher/daemon/server/api/DaemonCommandExecution;)V+7
j  org.gradle.launcher.daemon.server.api.DaemonCommandExecution.proceed()Z+23
j  org.gradle.launcher.daemon.server.exec.RequestStopIfSingleUsedDaemon.execute(Lorg/gradle/launcher/daemon/server/api/DaemonCommandExecution;)V+33
j  org.gradle.launcher.daemon.server.api.DaemonCommandExecution.proceed()Z+23
j  org.gradle.launcher.daemon.server.exec.ForwardClientInput.lambda$execute$0(Lorg/gradle/launcher/daemon/server/api/DaemonCommandExecution;Lorg/gradle/internal/daemon/clientinput/StdinHandler;)Ljava/lang/Object;+11
j  org.gradle.launcher.daemon.server.exec.ForwardClientInput$$Lambda$114+0x000002c4e213bcd0.apply(Ljava/lang/Object;)Ljava/lang/Object;+8
j  org.gradle.internal.daemon.clientinput.ClientInputForwarder.forwardInput(Ljava/util/function/Function;)Ljava/lang/Object;+46
j  org.gradle.launcher.daemon.server.exec.ForwardClientInput.execute(Lorg/gradle/launcher/daemon/server/api/DaemonCommandExecution;)V+10
j  org.gradle.launcher.daemon.server.api.DaemonCommandExecution.proceed()Z+23
j  org.gradle.launcher.daemon.server.exec.LogAndCheckHealth.execute(Lorg/gradle/launcher/daemon/server/api/DaemonCommandExecution;)V+8
j  org.gradle.launcher.daemon.server.api.DaemonCommandExecution.proceed()Z+23
j  org.gradle.launcher.daemon.server.exec.LogToClient.doBuild(Lorg/gradle/launcher/daemon/server/api/DaemonCommandExecution;Lorg/gradle/launcher/daemon/protocol/Build;)V+87
j  org.gradle.launcher.daemon.server.exec.BuildCommandOnly.execute(Lorg/gradle/launcher/daemon/server/api/DaemonCommandExecution;)V+49
j  org.gradle.launcher.daemon.server.api.DaemonCommandExecution.proceed()Z+23
j  org.gradle.launcher.daemon.server.exec.EstablishBuildEnvironment.doBuild(Lorg/gradle/launcher/daemon/server/api/DaemonCommandExecution;Lorg/gradle/launcher/daemon/protocol/Build;)V+356
j  org.gradle.launcher.daemon.server.exec.BuildCommandOnly.execute(Lorg/gradle/launcher/daemon/server/api/DaemonCommandExecution;)V+49
j  org.gradle.launcher.daemon.server.api.DaemonCommandExecution.proceed()Z+23
j  org.gradle.launcher.daemon.server.exec.StartBuildOrRespondWithBusy$1.run()V+44
j  org.gradle.launcher.daemon.server.DaemonStateCoordinator.lambda$runCommand$0(Ljava/lang/Runnable;)V+1
j  org.gradle.launcher.daemon.server.DaemonStateCoordinator$$Lambda$113+0x000002c4e213ab38.run()V+8
j  org.gradle.internal.concurrent.ExecutorPolicy$CatchAndRecordFailures.onExecute(Ljava/lang/Runnable;)V+1
j  org.gradle.internal.concurrent.AbstractManagedExecutor$1.run()V+25
j  java.util.concurrent.ThreadPoolExecutor.runWorker(Ljava/util/concurrent/ThreadPoolExecutor$Worker;)V+92 java.base@17.0.18
j  java.util.concurrent.ThreadPoolExecutor$Worker.run()V+5 java.base@17.0.18
j  java.lang.Thread.run()V+11 java.base@17.0.18
v  ~StubRoutines::call_stub

Compiled method (n/a) 29014  759     n 0       java.lang.ClassLoader::defineClass1 (native)
 total in heap  [0x000002c4d13b0710,0x000002c4d13b0c10] = 1280
 relocation     [0x000002c4d13b0870,0x000002c4d13b08a8] = 56
 main code      [0x000002c4d13b08c0,0x000002c4d13b0c10] = 848

[Constant Pool (empty)]

[MachCode]
[Entry Point]
  # {method} {0x000002c4e1010f18} 'defineClass1' '(Ljava/lang/ClassLoader;Ljava/lang/String;[BIILjava/security/ProtectionDomain;Ljava/lang/String;)Ljava/lang/Class;' in 'java/lang/ClassLoader'
  # parm0:    rdx:rdx   = 'java/lang/ClassLoader'
  # parm1:    r8:r8     = 'java/lang/String'
  # parm2:    r9:r9     = '[B'
  # parm3:    rdi       = int
  # parm4:    rsi       = int
  # parm5:    rcx:rcx   = 'java/security/ProtectionDomain'
  # parm6:    [sp+0xa0]   = 'java/lang/String'  (sp of caller)
  0x000002c4d13b08c0: 448b 5208 | 49bb 0000 | 00e1 c402 | 0000 4d03 | d349 3bc2 | 0f84 0600 

  0x000002c4d13b08d8: ;   {runtime_call ic_miss_stub}
  0x000002c4d13b08d8: 0000 e9a1 | 07a6 ff90 
[Verified Entry Point]
  0x000002c4d13b08e0: 8984 2400 | 90ff ff55 | 488b ec48 | 81ec 9000 | 0000 4881 | 7d10 0000 | 0000 488d | 4510 480f 
  0x000002c4d13b0900: 4445 1048 | 8944 2440 | 4889 4c24 | 7048 83f9 | 0048 8d44 | 2470 480f | 4444 2470 | 4889 4424 
  0x000002c4d13b0920: 3848 8974 | 2430 4889 | 7c24 284c | 894c 2458 | 4983 f900 | 488d 4424 | 5848 0f44 | 4424 5848 
  0x000002c4d13b0940: 8944 2420 | 4c89 4424 | 5049 83f8 | 004c 8d4c | 2450 4c0f | 444c 2450 | 4889 5424 | 4848 83fa 
  0x000002c4d13b0960: 004c 8d44 | 2448 4c0f | 4444 2448 

  0x000002c4d13b096c: ;   {oop(a 'java/lang/Class'{0x000000008094ba20} = 'java/lang/ClassLoader')}
  0x000002c4d13b096c: 49be 20ba | 9480 0000 | 0000 4c89 | 7424 784c | 8d74 2478 | 498b d6c5 

  0x000002c4d13b0984: ;   {internal_word}
  0x000002c4d13b0984: f877 49ba | 8309 3bd1 | c402 0000 | 4d89 97a0 | 0200 0049 | 89a7 9802 

  0x000002c4d13b099c: ;   {external_word}
  0x000002c4d13b099c: 0000 49ba | d5c6 36cf | fb7f 0000 | 4180 3a00 | 0f84 5200 | 0000 5241 

  0x000002c4d13b09b4: ;   {metadata({method} {0x000002c4e1010f18} 'defineClass1' '(Ljava/lang/ClassLoader;Ljava/lang/String;[BIILjava/security/ProtectionDomain;Ljava/lang/String;)Ljava/lang/Class;' in 'java/lang/ClassLoader')}
  0x000002c4d13b09b4: 5041 5148 | ba10 0f01 | e1c4 0200 | 0049 8bcf | 4883 ec20 | f7c4 0f00 | 0000 0f84 | 1a00 0000 
  0x000002c4d13b09d4: 4883 ec08 

  0x000002c4d13b09d8: ;   {runtime_call}
  0x000002c4d13b09d8: 49ba 50a0 | ecce fb7f | 0000 41ff | d248 83c4 | 08e9 0d00 

  0x000002c4d13b09ec: ;   {runtime_call}
  0x000002c4d13b09ec: 0000 49ba | 50a0 ecce | fb7f 0000 | 41ff d248 | 83c4 2041 | 5941 585a | 498d 8fb8 | 0200 0041 
  0x000002c4d13b0a0c: c787 4003 | 0000 0400 

  0x000002c4d13b0a14: ;   {runtime_call}
  0x000002c4d13b0a14: 0000 49ba | ac16 152a | fc7f 0000 | 41ff d2c5 | f877 41c7 | 8740 0300 | 0005 0000 | 00f0 8344 
  0x000002c4d13b0a34: 24c0 0049 | 3baf 4803 | 0000 0f87 | 1100 0000 | 4181 bf30 | 0300 0000 | 0000 000f | 842c 0000 
  0x000002c4d13b0a54: 00c5 f877 | 4889 45f8 | 498b cf4c | 8be4 4883 | ec20 4883 

  0x000002c4d13b0a68: ;   {runtime_call}
  0x000002c4d13b0a68: e4f0 49ba | a0af fcce | fb7f 0000 | 41ff d249 | 8be4 4d33 | e448 8b45 | f841 c787 | 4003 0000 
  0x000002c4d13b0a88: 0800 0000 | 4181 bfb0 | 0300 0002 | 0000 000f | 843f 0100 

  0x000002c4d13b0a9c: ;   {external_word}
  0x000002c4d13b0a9c: 0049 bad5 | c636 cffb | 7f00 0041 | 803a 000f | 8450 0000 | 0048 8945 

  0x000002c4d13b0ab4: ;   {metadata({method} {0x000002c4e1010f18} 'defineClass1' '(Ljava/lang/ClassLoader;Ljava/lang/String;[BIILjava/security/ProtectionDomain;Ljava/lang/String;)Ljava/lang/Class;' in 'java/lang/ClassLoader')}
  0x000002c4d13b0ab4: f848 ba10 | 0f01 e1c4 | 0200 0049 | 8bcf 4883 | ec20 f7c4 | 0f00 0000 | 0f84 1a00 | 0000 4883 
  0x000002c4d13b0ad4: ;   {runtime_call}
  0x000002c4d13b0ad4: ec08 49ba | 50a0 ecce | fb7f 0000 | 41ff d248 | 83c4 08e9 | 0d00 0000 

  0x000002c4d13b0aec: ;   {runtime_call}
  0x000002c4d13b0aec: 49ba 50a0 | ecce fb7f | 0000 41ff | d248 83c4 | 2048 8b45 | f849 c787 | 9802 0000 | 0000 0000 
  0x000002c4d13b0b0c: 49c7 87a0 | 0200 0000 | 0000 00c5 | f877 4885 | c00f 8493 | 0000 0048 | f7c0 0100 | 0000 0f84 
  0x000002c4d13b0b2c: 8300 0000 | 488b 40ff | 4180 7f38 | 000f 846f | 0000 0048 | 83f8 000f | 8465 0000 | 0049 8b4f 
  0x000002c4d13b0b4c: 2048 83f9 | 000f 8414 | 0000 0048 | 83e9 0849 | 894f 2049 | 034f 3048 | 8901 e943 | 0000 0050 
  0x000002c4d13b0b6c: 498b d748 | 8bc8 4883 | ec20 f7c4 | 0f00 0000 | 0f84 1a00 | 0000 4883 

  0x000002c4d13b0b84: ;   {runtime_call}
  0x000002c4d13b0b84: ec08 49ba | 106a abce | fb7f 0000 | 41ff d248 | 83c4 08e9 | 0d00 0000 

  0x000002c4d13b0b9c: ;   {runtime_call}
  0x000002c4d13b0b9c: 49ba 106a | abce fb7f | 0000 41ff | d248 83c4 | 2058 e903 | 0000 0048 | 8b00 498b | 8fd8 0000 
  0x000002c4d13b0bbc: 00c7 8100 | 0100 0000 | 0000 00c9 | 4981 7f08 | 0000 0000 | 0f85 0100 

  0x000002c4d13b0bd4: ;   {runtime_call StubRoutines (1)}
  0x000002c4d13b0bd4: 0000 c3e9 | 2403 a1ff | c5f8 7748 | 8945 f84c | 8be4 4883 | ec20 4883 

  0x000002c4d13b0bec: ;   {runtime_call}
  0x000002c4d13b0bec: e4f0 49ba | 40d1 ecce | fb7f 0000 | 41ff d249 | 8be4 4d33 | e448 8b45 | f8e9 93fe | ffff f4f4 
  0x000002c4d13b0c0c: f4f4 f4f4 
[/MachCode]


Compiled method (c2) 29039 12530       4       java.security.SecureClassLoader::defineClass (16 bytes)
 total in heap  [0x000002c4d1a77790,0x000002c4d1a7a0d0] = 10560
 relocation     [0x000002c4d1a778f0,0x000002c4d1a77a10] = 288
 main code      [0x000002c4d1a77a20,0x000002c4d1a78fc0] = 5536
 stub code      [0x000002c4d1a78fc0,0x000002c4d1a79060] = 160
 oops           [0x000002c4d1a79060,0x000002c4d1a79070] = 16
 metadata       [0x000002c4d1a79070,0x000002c4d1a791d0] = 352
 scopes data    [0x000002c4d1a791d0,0x000002c4d1a79af0] = 2336
 scopes pcs     [0x000002c4d1a79af0,0x000002c4d1a79ea0] = 944
 dependencies   [0x000002c4d1a79ea0,0x000002c4d1a79ed0] = 48
 handler table  [0x000002c4d1a79ed0,0x000002c4d1a7a068] = 408
 nul chk table  [0x000002c4d1a7a068,0x000002c4d1a7a0d0] = 104

[Constant Pool (empty)]

[MachCode]
[Entry Point]
  # {method} {0x000002c4e1435008} 'defineClass' '(Ljava/lang/String;[BIILjava/security/CodeSource;)Ljava/lang/Class;' in 'java/security/SecureClassLoader'
  # this:     rdx:rdx   = 'java/security/SecureClassLoader'
  # parm0:    r8:r8     = 'java/lang/String'
  # parm1:    r9:r9     = '[B'
  # parm2:    rdi       = int
  # parm3:    rsi       = int
  # parm4:    rcx:rcx   = 'java/security/CodeSource'
  #           [sp+0xd0]  (sp of caller)
  0x000002c4d1a77a20: 448b 5208 | 49bb 0000 | 00e1 c402 | 0000 4d03 | d349 3bc2 

  0x000002c4d1a77a34: ;   {runtime_call ic_miss_stub}
  0x000002c4d1a77a34: 0f85 4696 | 39ff 6690 | 0f1f 4000 
[Verified Entry Point]
  0x000002c4d1a77a40: 8984 2400 | 90ff ff55 | 4881 ecc0 | 0000 0089 | 7424 3c89 | 7c24 384c | 894c 2430 | 4c89 4424 
  0x000002c4d1a77a60: 2848 8954 | 2420 4889 | 4c24 5048 | 85c9 0f84 | 440f 0000 | 4d8b 8708 | 0100 004d | 8bd0 4983 
  0x000002c4d1a77a80: c210 4d3b | 9718 0100 | 000f 8321 | 0c00 004d | 8997 0801 | 0000 410f | 0d8a c000 | 0000 49c7 
  0x000002c4d1a77aa0: 0001 0000 

  0x000002c4d1a77aa4: ;   {metadata('java/security/SecureClassLoader$CodeSourceKey')}
  0x000002c4d1a77aa4: 0041 c740 | 08e0 8314 | 004c 8b54 | 2450 4d8b | da45 8958 | 0c4d 8b8f | 0801 0000 | 4c8b 5424 
  0x000002c4d1a77ac4: 2041 8b6a | 504d 8bd1 | 4983 c218 | 4d3b 9718 | 0100 000f | 83f3 0b00 | 004d 8997 | 0801 0000 
  0x000002c4d1a77ae4: 410f 0d8a | c000 0000 | 49c7 0101 

  0x000002c4d1a77af0: ;   {metadata('java/security/SecureClassLoader$1')}
  0x000002c4d1a77af0: 0000 0041 | c741 08f0 | 8514 0045 | 8961 1445 | 8959 0c4c | 8b54 2420 | 4d8b da45 | 8959 1044 
  0x000002c4d1a77b10: ;   {metadata('java/util/concurrent/ConcurrentHashMap')}
  0x000002c4d1a77b10: 8b5d 0841 | 81fb 38e4 | 0000 0f85 | 540d 0000 | 488b d590 

  0x000002c4d1a77b24: ;   {optimized virtual_call}
  0x000002c4d1a77b24: c5f8 77e8 

  0x000002c4d1a77b28: ; ImmutableOopMap {[32]=Oop [40]=Oop [48]=Oop }
                      ;*invokeinterface computeIfAbsent {reexecute=0 rethrow=0 return_oop=1}
                      ; - java.security.SecureClassLoader::getProtectionDomain@29 (line 222)
                      ; - java.security.SecureClassLoader::defineClass@9 (line 150)
  0x000002c4d1a77b28: 34d2 f9ff 

  0x000002c4d1a77b2c: ; implicit exception: dispatches to 0x000002c4d1a78e08
  0x000002c4d1a77b2c: 448b 5008 

  0x000002c4d1a77b30: ;   {metadata('java/security/ProtectionDomain')}
  0x000002c4d1a77b30: 4181 fa80 | ec00 000f | 852f 1200 | 0048 8944 | 2448 4c8b | 5424 2845 | 8b52 1445 | 8b5a 0c45 
  0x000002c4d1a77b50: 85db 0f86 | 340d 0000 | 4c8b 4424 | 2845 0fbe | 6810 4585 | ed0f 85e9 | 0d00 004d | 8bc2 498d 
  0x000002c4d1a77b70: 7210 b82f | 0000 0048 | 8bfe 418b | d348 8bdf | 83fa 100f | 8c79 0000 | 0083 fa20 | 0f8c 3600 
  0x000002c4d1a77b90: 0000 c5f9 | 6ec0 c4e2 | 7d78 c0c5 | f5ef c98b | ca83 e1e0 | 83e2 1fc5 | fe6f 13c5 | ed74 d0c4 
  0x000002c4d1a77bb0: e27d 17ca | 0f83 6900 | 0000 4883 | c320 83e9 | 2075 e4e9 | 0d00 0000 | c5f9 6ec0 | c5f1 efc9 
  0x000002c4d1a77bd0: c4e2 7900 | c183 fa10 | 0f8c 2400 | 0000 8bca | 83e1 f083 | e20f c5fa | 6f13 c5e9 | 74d0 c4e2 
  0x000002c4d1a77bf0: 7917 ca0f | 832a 0000 | 0048 83c3 | 1083 e910 | 75e4 85d2 | 0f84 1200 | 0000 0fb6 | 0b3b c174 
  0x000002c4d1a77c10: 1c48 83c3 | 0183 ea01 | 7402 ebee | bbff ffff | ffeb 0dc5 | fdd7 ca0f | bcc1 4803 | d848 2bdf 
  0x000002c4d1a77c30: 83fb ff0f | 8537 0d00 | 000f b62e | 83fd 5b0f | 848b 0d00 | 0045 8bcb | 418b cd41 | d3f9 418b 
  0x000002c4d1a77c50: c983 c1fb | 85c9 7c09 | 803e 6a0f | 84df 0200 | 0048 ff74 | 2420 488f | 4424 4048 | 8b4c 2448 
  0x000002c4d1a77c70: 448b 7110 | 418b cbff | c941 8bf9 | ffcf 3bf9 | 0f4c cf85 | c97c 2e66 | 0f1f 8400 | 0000 0000 
  0x000002c4d1a77c90: 413b cb0f | 839b 0b00 | 0041 807c | 0a10 2e74 | 1949 8bbf | 5003 0000 | ffc9 488b 

  0x000002c4d1a77cac: ; ImmutableOopMap {r10=NarrowOop r8=Oop rbx=Oop rsi=Derived_oop_r8 r14=NarrowOop [32]=Oop [40]=Oop [48]=Oop [64]=Oop [72]=Oop }
                      ;*goto {reexecute=1 rethrow=0 return_oop=0}
                      ; - (reexecute) java.lang.StringLatin1::lastIndexOf@35 (line 294)
                      ; - java.lang.String::lastIndexOf@13 (line 2489)
                      ; - java.lang.String::lastIndexOf@8 (line 2451)
                      ; - java.lang.ClassLoader::checkCerts@3 (line 1153)
                      ; - java.lang.ClassLoader::preDefineClass@113 (line 907)
                      ; - java.lang.ClassLoader::defineClass@4 (line 1015)
                      ; - java.security.SecureClassLoader::defineClass@12 (line 150)
                      ;   {poll}
  0x000002c4d1a77cac: 5c24 2885 | 0785 c97d | dbb9 ffff | ffff 83f9 | ff0f 84df | 0200 0085 | c90f 8cbd | 0c00 0041 
  0x000002c4d1a77ccc: 3bc9 0f8f | 300d 0000 | 413b c90f | 84bb 0200 | 0085 c90f | 84cc 0200 | 0049 8b9f | 0801 0000 
  0x000002c4d1a77cec: 4c8b cb49 | 83c1 184d | 3b8f 1801 | 0000 0f83 | 0a0a 0000 | 4d89 8f08 | 0100 0041 | 0f0d 89c0 
  0x000002c4d1a77d0c: 0000 0048 | c703 0100 

  0x000002c4d1a77d14: ;   {metadata('java/lang/String')}
  0x000002c4d1a77d14: 0000 c743 | 08e0 e900 | 0044 8963 | 0c4c 8963 | 1081 f900 | 0010 000f | 876f 0b00 | 004c 63c9 
  0x000002c4d1a77d34: 443b d98b | e941 0f4c | eb44 3bdd | 0f82 ce0b | 0000 3bcd | 0f82 c60b | 0000 4983 | c117 4d8b 
  0x000002c4d1a77d54: d949 83e3 | f881 f900 | 0010 000f | 8738 0a00 | 0048 8bd6 | 4d8b af08 | 0100 0049 | 8bfd 4903 
  0x000002c4d1a77d74: fb49 3bbf | 1801 0000 | 0f83 1b0a | 0000 4989 | bf08 0100 | 000f 0d8f | c000 0000 | 49c7 4500 
  0x000002c4d1a77d94: 0100 0000 | 0f0d 8f00 

  0x000002c4d1a77d9c: ;   {metadata({type array byte})}
  0x000002c4d1a77d9c: 0100 0041 | c745 0828 | 6700 0041 | 894d 0c0f | 0d8f 4001 | 0000 0f0d | 8f80 0100 | 004d 8bd5 
  0x000002c4d1a77dbc: 4983 c210 | 49c1 e903 | 498b f585 | ed0f 84d9 | 0a00 003b | e90f 8ce9 | 0100 0049 | 83c3 f049 
  0x000002c4d1a77ddc: c1eb 0348 | 8bca 498b | d24d 8bc3 | c5f8 7749 | ba60 86df | d0c4 0200 | 0041 ffd2 | 8973 144c 
  0x000002c4d1a77dfc: 8bd3 4d8b | dd4d 33da | 49c1 eb14 | 4d85 db74 | 1a49 c1ea | 0948 b900 | 00df d8c4 | 0200 0049 
  0x000002c4d1a77e1c: 03ca 8039 | 040f 8532 | 0200 0044 | 8863 1045 | 8b56 1445 | 85d2 0f85 | 6a02 0000 | 458b 4e10 
  0x000002c4d1a77e3c: 4585 c90f | 85fb 0200 

  0x000002c4d1a77e44: ;   {oop(a 'java/security/cert/Certificate'[0] {0x00000000808594d8})}
  0x000002c4d1a77e44: 0049 bad8 | 9485 8000 | 0000 004c | 8954 2450 | 4c8b 5424 | 4045 8b52 | 2c45 85d2 | 0f84 ee09 
  0x000002c4d1a77e64: 0000 498b | d2bf 0100 | 0000 4c8b | c34c 8b4c | 2450 488b | 6c24 2890 

  0x000002c4d1a77e7c: ;   {optimized virtual_call}
  0x000002c4d1a77e7c: c5f8 77e8 

  0x000002c4d1a77e80: ; ImmutableOopMap {rbp=Oop [32]=Oop [40]=Oop [48]=Oop [64]=Oop [72]=Oop [80]=Oop }
                      ;*invokevirtual putVal {reexecute=0 rethrow=0 return_oop=1}
                      ; - java.util.concurrent.ConcurrentHashMap::putIfAbsent@4 (line 1541)
                      ; - java.lang.ClassLoader::checkCerts@62 (line 1161)
                      ; - java.lang.ClassLoader::preDefineClass@113 (line 907)
                      ; - java.lang.ClassLoader::defineClass@4 (line 1015)
                      ; - java.security.SecureClassLoader::defineClass@12 (line 150)
  0x000002c4d1a77e80: dc58 edff | 4885 c074 | 3344 8b58 

  0x000002c4d1a77e8c: ;   {metadata('java/security/cert/Certificate'[])}
  0x000002c4d1a77e8c: 0841 81fb | a029 1200 | 0f85 220f | 0000 488b | c84c 8b54 | 2450 458b | 520c 448b | 590c 4585 
  0x000002c4d1a77eac: d20f 8726 | 0600 0045 | 85db 0f87 | 240b 0000 | 4c8b 5424 | 4845 8b42 | 1041 8b68 | 0c44 8b55 
  0x000002c4d1a77ecc: 3845 85d2 | 0f84 8e09 | 0000 498b | d24c 8bc5 

  0x000002c4d1a77edc: ;   {optimized virtual_call}
  0x000002c4d1a77edc: c5f8 77e8 

  0x000002c4d1a77ee0: ; ImmutableOopMap {[32]=Oop [40]=Oop [48]=Oop [72]=Oop }
                      ;*invokevirtual toExternalForm {reexecute=0 rethrow=0 return_oop=1}
                      ; - java.net.URL::toExternalForm@5 (line 1039)
                      ; - java.net.URL::toString@1 (line 1025)
                      ; - java.lang.ClassLoader::defineClassSourceLocation@22 (line 917)
                      ; - java.lang.ClassLoader::defineClass@12 (line 1016)
                      ; - java.security.SecureClassLoader::defineClass@12 (line 150)
  0x000002c4d1a77ee0: 3c2c aeff | 488b 5424 | 204c 8b44 | 2428 4c8b | 4c24 308b | 7c24 388b | 7424 3c48 | 8b4c 2448 
  0x000002c4d1a77f00: 4889 0424 

  0x000002c4d1a77f04: ;   {static_call}
  0x000002c4d1a77f04: c5f8 77e8 

  0x000002c4d1a77f08: ; ImmutableOopMap {[32]=Oop [72]=Oop }
                      ;*invokestatic defineClass1 {reexecute=0 rethrow=0 return_oop=1}
                      ; - java.lang.ClassLoader::defineClass@27 (line 1017)
                      ; - java.security.SecureClassLoader::defineClass@12 (line 150)
  0x000002c4d1a77f08: d489 93ff | 488b e848 | 8b54 2420 | 4c8b c04c | 8b4c 2448 

  0x000002c4d1a77f1c: ;   {optimized virtual_call}
  0x000002c4d1a77f1c: c5f8 77e8 

  0x000002c4d1a77f20: ; ImmutableOopMap {rbp=Oop }
                      ;*invokevirtual postDefineClass {reexecute=0 rethrow=0 return_oop=0}
                      ; - java.lang.ClassLoader::defineClass@37 (line 1018)
                      ; - java.security.SecureClassLoader::defineClass@12 (line 150)
  0x000002c4d1a77f20: 1c01 f8ff | 488b c5c5 | f877 4881 | c4c0 0000 

  0x000002c4d1a77f30: ;   {poll_return}
  0x000002c4d1a77f30: 005d 493b | a748 0300 | 000f 8757 | 1000 00c3 | 4183 fb04 | 0f86 f209 | 0000 4180 | 7a11 610f 
  0x000002c4d1a77f50: 850c fdff | ff41 807a | 1276 0f85 | 01fd ffff | 4180 7a13 | 610f 85f6 | fcff ff41 | 807a 142e 
  0x000002c4d1a77f70: 0f85 ebfc 

  0x000002c4d1a77f74: ;   {oop(a 'jdk/internal/loader/ClassLoaders$PlatformClassLoader'{0x0000000080582a38})}
  0x000002c4d1a77f74: ffff 48b9 | 382a 5880 | 0000 0000 | 488b 5c24 | 2048 3bd9 | 0f85 aa0a | 0000 4889 | 4c24 40e9 
  0x000002c4d1a77f94: d3fc ffff | 488b 5c24 | 28e9 89fe 

  0x000002c4d1a77fa0: ;   {oop(""{0x0000000080589c28})}
  0x000002c4d1a77fa0: ffff 48bb | 289c 5880 | 0000 0000 | e97a feff 

  0x000002c4d1a77fb0: ;   {oop(""{0x0000000080589c28})}
  0x000002c4d1a77fb0: ff48 bb28 | 9c58 8000 | 0000 00e9 | 6bfe ffff | 4c63 c54d | 8bd8 4983 | c310 498b | cb48 83e1 
  0x000002c4d1a77fd0: f849 8bfd | 4803 f949 | c1eb 034d | 2bcb 498b | c948 33c0 | 4883 f908 | 7f10 48ff | c978 4f48 
  0x000002c4d1a77ff0: 8904 cf48 | ffc9 7df7 | eb44 c5fd | efc0 e90d | 0000 00c5 | fe7f 07c5 | fe7f 4720 | 4883 c740 
  0x000002c4d1a78010: 4883 e908 | 7ded 4883 | c104 7c0c | c5fe 7f07 | 4883 c720 | 4883 e904 | 4883 c104 | 7e10 48ff 
  0x000002c4d1a78030: c9c5 f9d6 | 0748 83c7 | 0848 ffc9 | 7df3 488b | ca49 8bd2 | c5f8 7749 | ba60 7fdf | d0c4 0200 
  0x000002c4d1a78050: 0041 ffd2 | e99f fdff | ff4d 8b57 | 404d 8b5f | 50f0 8344 | 24c0 0080 | 3900 0f84 | b7fd ffff 
  0x000002c4d1a78070: 4488 214d | 85d2 7518 | 498b d7c5 | f877 49ba | f069 abce | fb7f 0000 | 41ff d2e9 | 97fd ffff 
  0x000002c4d1a78090: 4b89 4c13 | f849 83c2 | f84d 8957 | 40e9 85fd | ffff 458b | 4a0c 418b | 4a08 4d63 | c149 8bea 
  0x000002c4d1a780b0: 49c1 e002 | 4983 c017 | 4983 e0f8 | 4181 f900 | 0004 000f | 870c 0a00 | 0049 8bbf | 0801 0000 
  0x000002c4d1a780d0: 4c8b df4d | 03d8 4d3b | 9f18 0100 | 000f 83f2 | 0900 004d | 899f 0801 | 0000 410f | 0d8b c000 
  0x000002c4d1a780f0: 0000 48c7 | 0701 0000 | 0089 4f08 | 4489 4f0c | 410f 0d8b | 0001 0000 | 410f 0d8b | 4001 0000 
  0x000002c4d1a78110: 410f 0d8b | 8001 0000 | 498d 4a10 | 488b d748 | 83c2 1049 | 83c0 f049 | c1e8 03c5 | f877 49ba 
  0x000002c4d1a78130: 6086 dfd0 | c402 0000 | 41ff d2e9 | 8f03 0000 | 498b 8708 | 0100 004c | 8bd0 4983 | c218 498b 
  0x000002c4d1a78150: d64d 3b97 | 1801 0000 | 0f83 dd09 | 0000 4d89 | 9708 0100 | 0041 0f0d | 8ac0 0000 | 0048 c700 
  0x000002c4d1a78170: 0100 0000 

  0x000002c4d1a78174: ;   {metadata('java/util/ArrayList')}
  0x000002c4d1a78174: c740 0810 | df00 0044 | 8960 0c44 | 8960 1045 

  0x000002c4d1a78184: ;   {oop(a 'java/lang/Object'[0] {0x00000000805ce020})}
  0x000002c4d1a78184: 8b59 0cc7 | 4014 20e0 | 5c80 4c8b | d045 85db | 760f 48b9 | 0000 dfd8 | c402 0000 | 4533 dbeb 
  0x000002c4d1a781a4: 4845 33c0 | 49bb 0000 | dfd8 c402 | 0000 e9fa | 0000 0066 | 0f1f 8400 | 0000 0000 | 4889 6c24 
  0x000002c4d1a781c4: 2048 ff74 | 2440 488f | 4424 4848 | ff74 2450 | 488f 4424 | 4048 8b4c | 2460 488b | 5c24 6848 
  0x000002c4d1a781e4: 8b54 2470 | 4c8b 5424 | 7845 8b41 | 0c45 3bd8 | 0f83 ee0a | 0000 478b | 4499 1045 | 8b48 1045 
  0x000002c4d1a78204: 8b49 1044 | 895c 245c | 4c89 5424 | 7848 8954 | 2470 4889 | 5c24 6848 | 894c 2460 | 4489 7424 
  0x000002c4d1a78224: 5848 ff74 | 2440 488f | 4424 5048 | ff74 2448 | 488f 4424 | 4048 8b6c | 2420 4d8b | c149 8bd2 
  0x000002c4d1a78244: 48ff 7424 | 2848 8f44 | 2420 6690 

  0x000002c4d1a78250: ;   {optimized virtual_call}
  0x000002c4d1a78250: c5f8 77e8 

  0x000002c4d1a78254: ; ImmutableOopMap {rbp=Oop [32]=Oop [40]=Oop [48]=Oop [64]=Oop [80]=Oop [88]=NarrowOop [104]=Oop [112]=Oop [120]=Oop }
                      ;*invokevirtual addAll {reexecute=0 rethrow=0 return_oop=0}
                      ; - java.security.CodeSource::getCertificates@57 (line 210)
                      ; - java.lang.ClassLoader::checkCerts@34 (line 1158)
                      ; - java.lang.ClassLoader::preDefineClass@113 (line 907)
                      ; - java.lang.ClassLoader::defineClass@4 (line 1015)
                      ; - java.security.SecureClassLoader::defineClass@12 (line 150)
  0x000002c4d1a78254: 2891 39ff | 4d8b 9750 | 0300 0044 | 8b74 2458 | 458b 4e10 | 448b 5c24 

  0x000002c4d1a7826c: ; ImmutableOopMap {r9=NarrowOop rbp=Oop r14=NarrowOop [32]=Oop [40]=Oop [48]=Oop [64]=Oop [80]=Oop [104]=Oop [112]=Oop [120]=Oop }
                      ;*goto {reexecute=1 rethrow=0 return_oop=0}
                      ; - (reexecute) java.security.CodeSource::getCertificates@64 (line 209)
                      ; - java.lang.ClassLoader::checkCerts@34 (line 1158)
                      ; - java.lang.ClassLoader::preDefineClass@113 (line 907)
                      ; - java.lang.ClassLoader::defineClass@4 (line 1015)
                      ; - java.security.SecureClassLoader::defineClass@12 (line 150)
  0x000002c4d1a7826c: 5c41 ffc3 

  0x000002c4d1a78270: ;   {poll}
  0x000002c4d1a78270: 4185 0245 | 8b51 0c45 | 3bda 0f8c | 40ff ffff | 4c8b 5424 | 7845 8b42 | 1048 896c | 2420 48ff 
  0x000002c4d1a78290: 7424 4048 | 8f44 2448 | 48ff 7424 | 5048 8f44 | 2440 4c8b | 5c24 6048 | 8b5c 2468 | 488b 5424 
  0x000002c4d1a782b0: 7041 81f8 | 0000 0400 | 0f87 560a | 0000 4963 | c841 81f8 | 0000 0400 | 0f87 e808 | 0000 4d8b 
  0x000002c4d1a782d0: 8f08 0100 | 0048 c1e1 | 0248 83c1 | 1748 8bf9 | 4883 e7f8 | 498b f148 | 03f7 493b | b718 0100 
  0x000002c4d1a782f0: 000f 83bf | 0800 0049 | 89b7 0801 | 0000 0f0d | 8ec0 0000 | 0049 c701 | 0100 0000 | 0f0d 8e00 
  0x000002c4d1a78310: ;   {metadata('java/security/cert/Certificate'[])}
  0x000002c4d1a78310: 0100 0041 | c741 08a0 | 2912 0045 | 8941 0c0f | 0d8e 4001 | 0000 498b | f948 83c7 | 100f 0d8e 
  0x000002c4d1a78330: 8001 0000 | 48c1 e903 | 4883 c1fe | 4833 c048 | 83f9 087f | 1048 ffc9 | 784f 4889 | 04cf 48ff 
  0x000002c4d1a78350: c97d f7eb | 44c5 fdef | c0e9 0d00 | 0000 c5fe | 7f07 c5fe | 7f47 2048 | 83c7 4048 | 83e9 087d 
  0x000002c4d1a78370: ed48 83c1 | 047c 0cc5 | fe7f 0748 | 83c7 2048 | 83e9 0448 | 83c1 047e | 1048 ffc9 | c5f9 d607 
  0x000002c4d1a78390: 4883 c708 | 48ff c97d | f348 8b6c | 2420 4489 | 7424 504c | 895c 2458 | 4889 5c24 | 6048 8954 
  0x000002c4d1a783b0: 2468 4c89 | 5424 704d | 8bc1 488b | 5424 7048 | ff74 2428 | 488f 4424 | 2066 6690 

  0x000002c4d1a783cc: ;   {optimized virtual_call}
  0x000002c4d1a783cc: c5f8 77e8 

  0x000002c4d1a783d0: ; ImmutableOopMap {rbp=Oop [32]=Oop [40]=Oop [48]=Oop [64]=Oop [72]=Oop [80]=NarrowOop [96]=Oop [104]=Oop }
                      ;*invokevirtual toArray {reexecute=0 rethrow=0 return_oop=1}
                      ; - java.security.CodeSource::getCertificates@76 (line 213)
                      ; - java.lang.ClassLoader::checkCerts@34 (line 1158)
                      ; - java.lang.ClassLoader::preDefineClass@113 (line 907)
                      ; - java.lang.ClassLoader::defineClass@4 (line 1015)
                      ; - java.security.SecureClassLoader::defineClass@12 (line 150)
  0x000002c4d1a783d0: ac8f 39ff | 488b d844 

  0x000002c4d1a783d8: ;   {metadata('java/security/cert/Certificate'[])}
  0x000002c4d1a783d8: 8b58 0841 | 81fb a029 | 1200 0f85 | ec09 0000 | 4180 7f38 | 000f 8555 | 0600 008b | 7c24 504c 
  0x000002c4d1a783f8: 8b54 2468 | 4d8b da4c | 8bd3 4489 | 5714 4c8b | d34d 33d3 | 49c1 ea14 | 4d85 d274 | 1649 c1eb 
  0x000002c4d1a78418: 094c 8b44 | 2458 4d03 | c341 8038 | 040f 8554 | 0600 0044 | 8b5b 0c44 | 8b53 084d | 63c3 49c1 
  0x000002c4d1a78438: e002 4983 | c017 4983 | e0f8 4181 | fb00 0004 | 000f 87a9 | 0700 0049 | 8bbf 0801 | 0000 4c8b 
  0x000002c4d1a78458: cf4d 03c8 | 4d3b 8f18 | 0100 000f | 838f 0700 | 004d 898f | 0801 0000 | 410f 0d89 | c000 0000 
  0x000002c4d1a78478: 48c7 0701 | 0000 0044 | 8957 0844 | 895f 0c41 | 0f0d 8900 | 0100 0041 | 0f0d 8940 | 0100 0041 
  0x000002c4d1a78498: 0f0d 8980 | 0100 0048 | 8bcb 4883 | c110 488b | d748 83c2 | 1049 83c0 | f049 c1e8 | 03c5 f877 
  0x000002c4d1a784b8: 49ba 6086 | dfd0 c402 | 0000 41ff | d248 896c | 2420 488b | 5c24 6048 | 897c 2450 | e97b f9ff 
  0x000002c4d1a784d8: ff45 3bd3 | 0f85 1d01 | 0000 458b | ca41 ffc9 | 453b ca0f | 832b 0800 | 0045 85db | 0f86 2208 
  0x000002c4d1a784f8: 0000 418b | fbff cf45 | 33c9 eb3c | 448b 4c24 | 6c41 ffc1 | 443b 8c24 | 9000 0000 | 0f8d fa00 
  0x000002c4d1a78518: 0000 48ff | 7424 6048 | 8f44 2450 | 488b 4c24 | 4044 8b94 | 2490 0000 | 0044 8b9c | 2494 0000 
  0x000002c4d1a78538: 008b bc24 | 9800 0000 | 4c8b 4424 | 5047 8b44 | 8810 413b | fb0f 83db | 0600 0045 | 85c0 0f84 
  0x000002c4d1a78558: d206 0000 | 498b d833 | ed48 ff74 | 2428 488f | 8424 8000 | 0000 48ff | 7424 5048 | 8f84 2488 
  0x000002c4d1a78578: 0000 0044 | 8994 2490 | 0000 0044 | 899c 2494 | 0000 0089 | bc24 9800 | 0000 4489 | 4c24 6c44 
  0x000002c4d1a78598: 8944 2470 | 4889 9c24 | a000 0000 | eb0f 6666 | 0f1f 8400 | 0000 0000 | 488b 4c24 | 4044 8b5c 
  0x000002c4d1a785b8: a910 4889 | 4c24 404d | 8bc3 488b | 9424 a000 | 0000 48ff | b424 8000 | 0000 488f | 4424 284c 
  0x000002c4d1a785d8: 8b94 2488 | 0000 004c | 8954 2460 

  0x000002c4d1a785e4: ;   {optimized virtual_call}
  0x000002c4d1a785e4: c5f8 77e8 

  0x000002c4d1a785e8: ; ImmutableOopMap {[32]=Oop [40]=Oop [48]=Oop [64]=Oop [72]=Oop [96]=Oop [112]=NarrowOop [128]=Oop [136]=Oop [160]=Oop }
                      ;*invokevirtual equals {reexecute=0 rethrow=0 return_oop=0}
                      ; - java.lang.ClassLoader::compareCerts@81 (line 1188)
                      ; - java.lang.ClassLoader::checkCerts@80 (line 1162)
                      ; - java.lang.ClassLoader::preDefineClass@113 (line 907)
                      ; - java.lang.ClassLoader::defineClass@4 (line 1015)
                      ; - java.security.SecureClassLoader::defineClass@12 (line 150)
  0x000002c4d1a785e8: 948d 39ff | 85c0 0f85 | 10ff ffff | ffc5 3bac | 2494 0000 | 007c b1ba | 45ff ffff | 488b 6c24 
  0x000002c4d1a78608: 2066 6690 

  0x000002c4d1a7860c: ;   {runtime_call UncommonTrapBlob}
  0x000002c4d1a7860c: c5f8 77e8 

  0x000002c4d1a78610: ; ImmutableOopMap {rbp=Oop [40]=Oop [48]=Oop [72]=Oop }
                      ;*ifne {reexecute=1 rethrow=0 return_oop=0}
                      ; - (reexecute) java.lang.ClassLoader::checkCerts@83 (line 1162)
                      ; - java.lang.ClassLoader::preDefineClass@113 (line 907)
                      ; - java.lang.ClassLoader::defineClass@4 (line 1015)
                      ; - java.security.SecureClassLoader::defineClass@12 (line 150)
  0x000002c4d1a78610: ece2 39ff | 4533 dbeb | 1644 8b5c | 2464 41ff | c344 3b9c | 2494 0000 | 000f 8d8d | f8ff ff4c 
  0x000002c4d1a78630: 8b54 2440 | 478b 4c9a | 1045 85c9 | 0f84 2206 | 0000 4d8b | c133 ed44 | 895c 2464 | 4489 4c24 
  0x000002c4d1a78650: 684c 8944 | 2478 6666 | 0f1f 8400 | 0000 0000 | 4c8b 9424 | 8800 0000 | 458b 5caa | 104d 8bc3 
  0x000002c4d1a78670: 488b 5424 | 7848 ffb4 | 2480 0000 | 0048 8f44 | 2428 4c8b | 9424 8800 | 0000 4c89 | 5424 7090 
  0x000002c4d1a78690: ;   {optimized virtual_call}
  0x000002c4d1a78690: c5f8 77e8 

  0x000002c4d1a78694: ; ImmutableOopMap {[32]=Oop [40]=Oop [48]=Oop [64]=Oop [72]=Oop [104]=NarrowOop [112]=Oop [120]=Oop [128]=Oop [136]=Oop }
                      ;*invokevirtual equals {reexecute=0 rethrow=0 return_oop=0}
                      ; - java.lang.ClassLoader::compareCerts@166 (line 1200)
                      ; - java.lang.ClassLoader::checkCerts@80 (line 1162)
                      ; - java.lang.ClassLoader::preDefineClass@113 (line 907)
                      ; - java.lang.ClassLoader::defineClass@4 (line 1015)
                      ; - java.security.SecureClassLoader::defineClass@12 (line 150)
  0x000002c4d1a78694: e88c 39ff | 85c0 0f85 | 79ff ffff | ffc5 3bac | 2490 0000 | 007c b5e9 | 4fff ffff 

  0x000002c4d1a786b0: ;   {metadata('java/security/SecureClassLoader$CodeSourceKey')}
  0x000002c4d1a786b0: 48ba e083 | 14e1 c402 | 0000 488b | 6c24 2090 

  0x000002c4d1a786c0: ;   {runtime_call _new_instance_Java}
  0x000002c4d1a786c0: c5f8 77e8 

  0x000002c4d1a786c4: ; ImmutableOopMap {rbp=Oop [32]=Oop [40]=Oop [48]=Oop [80]=Oop }
                      ;*new {reexecute=0 rethrow=0 return_oop=1}
                      ; - java.security.SecureClassLoader::getProtectionDomain@6 (line 221)
                      ; - java.security.SecureClassLoader::defineClass@9 (line 150)
  0x000002c4d1a786c4: 387a 44ff | 4c8b c0e9 | ddf3 ffff | 4489 5c24 | 484c 8944 | 2440 4c8b 

  0x000002c4d1a786dc: ;   {metadata('java/security/SecureClassLoader$1')}
  0x000002c4d1a786dc: 5424 5048 | baf0 8514 | e1c4 0200 | 004c 8954 | 2458 6690 

  0x000002c4d1a786f0: ;   {runtime_call _new_instance_Java}
  0x000002c4d1a786f0: c5f8 77e8 

  0x000002c4d1a786f4: ; ImmutableOopMap {rbp=NarrowOop [32]=Oop [40]=Oop [48]=Oop [64]=Oop [72]=NarrowOop [88]=Oop }
                      ;*new {reexecute=0 rethrow=0 return_oop=1}
                      ; - java.security.SecureClassLoader::getProtectionDomain@20 (line 222)
                      ; - java.security.SecureClassLoader::defineClass@9 (line 150)
  0x000002c4d1a786f4: 087a 44ff | 4c8b 4424 | 4044 8b5c | 2448 4c8b | c8e9 f5f3 | ffff 894c | 2474 4489 | 7424 7048 
  0x000002c4d1a78714: ff74 2440 | 488f 4424 | 6848 8974 | 2460 4c89 | 4424 5844 | 895c 2454 | 4489 5424 | 5048 ff74 
  0x000002c4d1a78734: 2448 488f | 4424 4048 | 8b6c 2420 

  0x000002c4d1a78740: ;   {metadata('java/lang/String')}
  0x000002c4d1a78740: 48ba e0e9 | 00e1 c402 | 0000 48ff | 7424 2848 | 8f44 2420 

  0x000002c4d1a78754: ;   {runtime_call _new_instance_Java}
  0x000002c4d1a78754: c5f8 77e8 

  0x000002c4d1a78758: ; ImmutableOopMap {rbp=Oop [32]=Oop [40]=Oop [48]=Oop [64]=Oop [80]=NarrowOop [88]=Oop [96]=Derived_oop_[88] [104]=Oop [112]=NarrowOop }
                      ;*new {reexecute=0 rethrow=0 return_oop=1}
                      ; - java.lang.StringLatin1::newString@7 (line 769)
                      ; - java.lang.String::substring@41 (line 2714)
                      ; - java.lang.ClassLoader::checkCerts@21 (line 1154)
                      ; - java.lang.ClassLoader::preDefineClass@113 (line 907)
                      ; - java.lang.ClassLoader::defineClass@4 (line 1015)
                      ; - java.security.SecureClassLoader::defineClass@12 (line 150)
  0x000002c4d1a78758: a479 44ff | 4889 6c24 | 2048 ff74 | 2440 488f | 4424 4844 | 8b54 2450 | 448b 5c24 | 544c 8b44 
  0x000002c4d1a78778: 2458 488b | 7c24 6048 | ff74 2468 | 488f 4424 | 4044 8b74 | 2470 8b4c | 2474 488b | d848 8bf7 
  0x000002c4d1a78798: e988 f5ff | ff4c 899c | 2480 0000 | 004c 894c | 2478 4889 | 5c24 7089 | 4c24 6c44 | 8974 2468 
  0x000002c4d1a787b8: 48ff 7424 | 4048 8f44 | 2460 4889 | 7424 584c | 8944 2450 | 458b da48 | ff74 2448 | 488f 4424 
  0x000002c4d1a787d8: ;   {metadata({type array byte})}
  0x000002c4d1a787d8: 4048 ba28 | 6700 e1c4 | 0200 0044 | 8bc1 4489 | 9c24 9800 | 0000 6690 

  0x000002c4d1a787f0: ;   {runtime_call _new_array_nozero_Java}
  0x000002c4d1a787f0: c5f8 77e8 

  0x000002c4d1a787f4: ; ImmutableOopMap {[32]=Oop [40]=Oop [48]=Oop [64]=Oop [80]=Oop [88]=Derived_oop_[80] [96]=Oop [104]=NarrowOop [112]=Oop [152]=NarrowOop }
                      ;*newarray {reexecute=0 rethrow=0 return_oop=1}
                      ; - java.util.Arrays::copyOfRange@41 (line 3822)
                      ; - java.lang.StringLatin1::newString@16 (line 769)
                      ; - java.lang.String::substring@41 (line 2714)
                      ; - java.lang.ClassLoader::checkCerts@21 (line 1154)
                      ; - java.lang.ClassLoader::preDefineClass@113 (line 907)
                      ; - java.lang.ClassLoader::defineClass@4 (line 1015)
                      ; - java.security.SecureClassLoader::defineClass@12 (line 150)
  0x000002c4d1a787f4: 087f 44ff | 48ff 7424 | 4048 8f44 | 2448 488b | 5424 5848 | ff74 2460 | 488f 4424 | 4044 8b74 
  0x000002c4d1a78814: 2468 8b4c | 246c 488b | 5c24 704c | 8b4c 2478 | 4c8b 9c24 | 8000 0000 | 4c8b e8e9 | 85f5 ffff 
  0x000002c4d1a78834: bae4 ffff | ff48 8b6c | 2420 4489 | 7424 5044 | 8954 245c | 894c 2460 

  0x000002c4d1a7884c: ;   {runtime_call UncommonTrapBlob}
  0x000002c4d1a7884c: c5f8 77e8 

  0x000002c4d1a78850: ; ImmutableOopMap {rbp=Oop [40]=Oop [48]=Oop [64]=Oop [72]=Oop [80]=NarrowOop [92]=NarrowOop }
                      ;*baload {reexecute=0 rethrow=0 return_oop=0}
                      ; - java.lang.StringLatin1::lastIndexOf@24 (line 295)
                      ; - java.lang.String::lastIndexOf@13 (line 2489)
                      ; - java.lang.String::lastIndexOf@8 (line 2451)
                      ; - java.lang.ClassLoader::checkCerts@3 (line 1153)
                      ; - java.lang.ClassLoader::preDefineClass@113 (line 907)
                      ; - java.lang.ClassLoader::defineClass@4 (line 1015)
                      ; - java.security.SecureClassLoader::defineClass@12 (line 150)
  0x000002c4d1a78850: ace0 39ff | baf6 ffff | ff48 8beb 

  0x000002c4d1a7885c: ;   {runtime_call UncommonTrapBlob}
  0x000002c4d1a7885c: c5f8 77e8 

  0x000002c4d1a78860: ; ImmutableOopMap {rbp=Oop [80]=Oop }
                      ;*invokevirtual putIfAbsent {reexecute=0 rethrow=0 return_oop=0}
                      ; - java.lang.ClassLoader::checkCerts@62 (line 1161)
                      ; - java.lang.ClassLoader::preDefineClass@113 (line 907)
                      ; - java.lang.ClassLoader::defineClass@4 (line 1015)
                      ; - java.security.SecureClassLoader::defineClass@12 (line 150)
  0x000002c4d1a78860: 9ce0 39ff | baf6 ffff | ff66 6690 

  0x000002c4d1a7886c: ;   {runtime_call UncommonTrapBlob}
  0x000002c4d1a7886c: c5f8 77e8 

  0x000002c4d1a78870: ; ImmutableOopMap {rbp=NarrowOop }
                      ;*invokevirtual toExternalForm {reexecute=0 rethrow=0 return_oop=0}
                      ; - java.net.URL::toExternalForm@5 (line 1039)
                      ; - java.net.URL::toString@1 (line 1025)
                      ; - java.lang.ClassLoader::defineClassSourceLocation@22 (line 917)
                      ; - java.lang.ClassLoader::defineClass@12 (line 1016)
                      ; - java.security.SecureClassLoader::defineClass@12 (line 150)
  0x000002c4d1a78870: 8ce0 39ff | bade ffff | ff4c 8944 | 2440 4c89 | 4c24 4890 

  0x000002c4d1a78884: ;   {runtime_call UncommonTrapBlob}
  0x000002c4d1a78884: c5f8 77e8 

  0x000002c4d1a78888: ; ImmutableOopMap {rbp=NarrowOop [32]=Oop [40]=Oop [48]=Oop [64]=Oop [72]=Oop }
                      ;*invokeinterface computeIfAbsent {reexecute=0 rethrow=0 return_oop=0}
                      ; - java.security.SecureClassLoader::getProtectionDomain@29 (line 222)
                      ; - java.security.SecureClassLoader::defineClass@9 (line 150)
  0x000002c4d1a78888: 74e0 39ff | ba45 ffff | ff48 8b6c | 2420 6690 

  0x000002c4d1a78898: ;   {runtime_call UncommonTrapBlob}
  0x000002c4d1a78898: c5f8 77e8 

  0x000002c4d1a7889c: ; ImmutableOopMap {rbp=Oop [40]=Oop [48]=Oop [72]=Oop }
                      ;*ifeq {reexecute=1 rethrow=0 return_oop=0}
                      ; - (reexecute) java.lang.ClassLoader::checkName@8 (line 1145)
                      ; - java.lang.ClassLoader::preDefineClass@1 (line 890)
                      ; - java.lang.ClassLoader::defineClass@4 (line 1015)
                      ; - java.security.SecureClassLoader::defineClass@12 (line 150)
  0x000002c4d1a7889c: 60e0 39ff | 4c63 c9e9 | 8cf4 ffff | 4983 c1fe | 498b c949 | 8bfa 4833 | c048 83f9 | 087f 1048 
  0x000002c4d1a788bc: ffc9 784f | 4889 04cf | 48ff c97d | f7eb 44c5 | fdef c0e9 | 0d00 0000 | c5fe 7f07 | c5fe 7f47 
  0x000002c4d1a788dc: 2048 83c7 | 4048 83e9 | 087d ed48 | 83c1 047c | 0cc5 fe7f | 0748 83c7 | 2048 83e9 | 0448 83c1 
  0x000002c4d1a788fc: 047e 1048 | ffc9 c5f9 | d607 4883 | c708 48ff | c97d f3e9 | e4f4 ffff | bacc ffff | ff48 8b6c 
  0x000002c4d1a7891c: 2420 4489 | 7424 5048 | 895c 2460 | 4489 5424 | 5489 4c24 | 6c66 6690 

  0x000002c4d1a78934: ;   {runtime_call UncommonTrapBlob}
  0x000002c4d1a78934: c5f8 77e8 

  0x000002c4d1a78938: ; ImmutableOopMap {rbp=Oop [40]=Oop [48]=Oop [64]=Oop [72]=Oop [80]=NarrowOop [84]=NarrowOop [96]=Oop }
                      ;*newarray {reexecute=1 rethrow=0 return_oop=0}
                      ; - (reexecute) java.util.Arrays::copyOfRange@41 (line 3822)
                      ; - java.lang.StringLatin1::newString@16 (line 769)
                      ; - java.lang.String::substring@41 (line 2714)
                      ; - java.lang.ClassLoader::checkCerts@21 (line 1154)
                      ; - java.lang.ClassLoader::preDefineClass@113 (line 907)
                      ; - java.lang.ClassLoader::defineClass@4 (line 1015)
                      ; - java.security.SecureClassLoader::defineClass@12 (line 150)
  0x000002c4d1a78938: c4df 39ff | bae4 ffff | ff48 8b6c | 2420 4489 | 5424 5490 

  0x000002c4d1a7894c: ;   {runtime_call UncommonTrapBlob}
  0x000002c4d1a7894c: c5f8 77e8 

  0x000002c4d1a78950: ; ImmutableOopMap {rbp=Oop [40]=Oop [48]=Oop [72]=Oop [84]=NarrowOop }
                      ;*baload {reexecute=0 rethrow=0 return_oop=0}
                      ; - java.lang.String::startsWith@80 (line 2270)
                      ; - java.lang.String::startsWith@3 (line 2302)
                      ; - java.lang.ClassLoader::preDefineClass@43 (line 896)
                      ; - java.lang.ClassLoader::defineClass@4 (line 1015)
                      ; - java.security.SecureClassLoader::defineClass@12 (line 150)
  0x000002c4d1a78950: acdf 39ff | 4585 ed40 | 0f95 c540 | 0fb6 ed83 | f501 ba45 | ffff ff90 

  0x000002c4d1a78968: ;   {runtime_call UncommonTrapBlob}
  0x000002c4d1a78968: c5f8 77e8 

  0x000002c4d1a7896c: ; ImmutableOopMap {[32]=Oop [40]=Oop [48]=Oop [72]=Oop }
                      ;*ifeq {reexecute=1 rethrow=0 return_oop=0}
                      ; - (reexecute) java.lang.String::indexOf@4 (line 2423)
                      ; - java.lang.String::indexOf@3 (line 2380)
                      ; - java.lang.ClassLoader::checkName@16 (line 1147)
                      ; - java.lang.ClassLoader::preDefineClass@1 (line 890)
                      ; - java.lang.ClassLoader::defineClass@4 (line 1015)
                      ; - java.security.SecureClassLoader::defineClass@12 (line 150)
  0x000002c4d1a7896c: 90df 39ff | ba45 ffff | ff48 8b6c | 2420 895c | 2458 6690 

  0x000002c4d1a78980: ;   {runtime_call UncommonTrapBlob}
  0x000002c4d1a78980: c5f8 77e8 

  0x000002c4d1a78984: ; ImmutableOopMap {rbp=Oop [40]=Oop [48]=Oop [72]=Oop }
                      ;*if_icmpne {reexecute=1 rethrow=0 return_oop=0}
                      ; - (reexecute) java.lang.ClassLoader::checkName@20 (line 1147)
                      ; - java.lang.ClassLoader::preDefineClass@1 (line 890)
                      ; - java.lang.ClassLoader::defineClass@4 (line 1015)
                      ; - java.security.SecureClassLoader::defineClass@12 (line 150)
  0x000002c4d1a78984: 78df 39ff | ba45 ffff | ff48 8b6c | 2420 48ff | 7424 2848 | 8f44 2420 | 4489 7424 | 5089 4c24 
  0x000002c4d1a789a4: 6444 894c | 2468 894c | 246c 6690 

  0x000002c4d1a789b0: ;   {runtime_call UncommonTrapBlob}
  0x000002c4d1a789b0: c5f8 77e8 

  0x000002c4d1a789b4: ; ImmutableOopMap {rbp=Oop [32]=Oop [48]=Oop [64]=Oop [72]=Oop [80]=NarrowOop }
                      ;*if_icmpgt {reexecute=1 rethrow=0 return_oop=0}
                      ; - (reexecute) java.lang.String::checkBoundsBeginEnd@6 (line 4605)
                      ; - java.lang.String::substring@8 (line 2709)
                      ; - java.lang.ClassLoader::checkCerts@21 (line 1154)
                      ; - java.lang.ClassLoader::preDefineClass@113 (line 907)
                      ; - java.lang.ClassLoader::defineClass@4 (line 1015)
                      ; - java.security.SecureClassLoader::defineClass@12 (line 150)
  0x000002c4d1a789b4: 48df 39ff | ba45 ffff | ff48 8b6c | 2420 4889 | 4c24 4890 

  0x000002c4d1a789c8: ;   {runtime_call UncommonTrapBlob}
  0x000002c4d1a789c8: c5f8 77e8 

  0x000002c4d1a789cc: ; ImmutableOopMap {rbp=Oop [40]=Oop [48]=Oop [72]=Oop [80]=Oop }
                      ;*ifnonnull {reexecute=1 rethrow=0 return_oop=0}
                      ; - (reexecute) java.security.SecureClassLoader::getProtectionDomain@1 (line 213)
                      ; - java.security.SecureClassLoader::defineClass@9 (line 150)
  0x000002c4d1a789cc: 30df 39ff | ba45 ffff | ff66 6690 

  0x000002c4d1a789d8: ;   {runtime_call UncommonTrapBlob}
  0x000002c4d1a789d8: c5f8 77e8 

  0x000002c4d1a789dc: ; ImmutableOopMap {[32]=Oop [40]=Oop [48]=Oop [72]=Oop }
                      ;*if_icmpne {reexecute=1 rethrow=0 return_oop=0}
                      ; - (reexecute) java.lang.ClassLoader::checkName@30 (line 1147)
                      ; - java.lang.ClassLoader::preDefineClass@1 (line 890)
                      ; - java.lang.ClassLoader::defineClass@4 (line 1015)
                      ; - java.security.SecureClassLoader::defineClass@12 (line 150)
  0x000002c4d1a789dc: 20df 39ff | ba45 ffff | ff48 8b6c | 2420 48ff | 7424 4848 | 8f44 2440 | 4489 5c24 | 4866 6690 
  0x000002c4d1a789fc: ;   {runtime_call UncommonTrapBlob}
  0x000002c4d1a789fc: c5f8 77e8 

  0x000002c4d1a78a00: ; ImmutableOopMap {rbp=Oop [40]=Oop [48]=Oop [64]=Oop }
                      ;*ifne {reexecute=1 rethrow=0 return_oop=0}
                      ; - (reexecute) java.lang.ClassLoader::compareCerts@7 (line 1176)
                      ; - java.lang.ClassLoader::checkCerts@80 (line 1162)
                      ; - java.lang.ClassLoader::preDefineClass@113 (line 907)
                      ; - java.lang.ClassLoader::defineClass@4 (line 1015)
                      ; - java.security.SecureClassLoader::defineClass@12 (line 150)
  0x000002c4d1a78a00: fcde 39ff | ba45 ffff | ff48 8b6c | 2420 48ff | 7424 2848 | 8f44 2420 | 4489 7424 | 5089 4c24 
  0x000002c4d1a78a20: 6444 894c | 2468 894c | 246c 4489 | 4c24 7090 

  0x000002c4d1a78a30: ;   {runtime_call UncommonTrapBlob}
  0x000002c4d1a78a30: c5f8 77e8 

  0x000002c4d1a78a34: ; ImmutableOopMap {rbp=Oop [32]=Oop [48]=Oop [64]=Oop [72]=Oop [80]=NarrowOop }
                      ;*if_icmple {reexecute=1 rethrow=0 return_oop=0}
                      ; - (reexecute) java.lang.String::checkBoundsBeginEnd@11 (line 4605)
                      ; - java.lang.String::substring@8 (line 2709)
                      ; - java.lang.ClassLoader::checkCerts@21 (line 1154)
                      ; - java.lang.ClassLoader::preDefineClass@113 (line 907)
                      ; - java.lang.ClassLoader::defineClass@4 (line 1015)
                      ; - java.security.SecureClassLoader::defineClass@12 (line 150)
  0x000002c4d1a78a34: c8de 39ff | ba37 0100 | 0048 8beb 

  0x000002c4d1a78a40: ;   {runtime_call UncommonTrapBlob}
  0x000002c4d1a78a40: c5f8 77e8 

  0x000002c4d1a78a44: ; ImmutableOopMap {rbp=Oop [40]=Oop [48]=Oop }
                      ;*new {reexecute=0 rethrow=0 return_oop=0}
                      ; - java.lang.ClassLoader::preDefineClass@56 (line 898)
                      ; - java.lang.ClassLoader::defineClass@4 (line 1015)
                      ; - java.security.SecureClassLoader::defineClass@12 (line 150)
  0x000002c4d1a78a44: b8de 39ff | 8b7c 2450 | 448b 5714 | 4585 d20f | 849e f9ff | ff4d 8b5f | 2049 8bca | 4d85 db0f 
  0x000002c4d1a78a64: 84db 0200 | 004d 8b57 | 304b 894c | 1af8 4983 | c3f8 4d89 | 5f20 e978 | f9ff ff4d | 8b57 404d 
  0x000002c4d1a78a84: 8b5f 50f0 | 8344 24c0 | 0041 8038 | 0074 2d45 | 8820 4d85 | d274 0f4f | 8944 13f8 | 4983 c2f8 
  0x000002c4d1a78aa4: 4d89 5740 | eb16 498b | c849 8bd7 | c5f8 7749 | baf0 69ab | cefb 7f00 | 0041 ffd2 | 448b 5714 
  0x000002c4d1a78ac4: 4585 d20f | 848f 0200 | 0049 8bda | e956 f9ff | ff4c 8944 | 2468 4489 | 5424 6048 | 895c 2458 
  0x000002c4d1a78ae4: 48ff 7424 | 4048 8f44 | 2450 48ff | 7424 4848 | 8f44 2440 | 48ba 0000 | 00e1 c402 | 0000 4803 
  0x000002c4d1a78b04: d145 8bc1 

  0x000002c4d1a78b08: ;   {runtime_call _new_array_Java}
  0x000002c4d1a78b08: c5f8 77e8 

  0x000002c4d1a78b0c: ; ImmutableOopMap {rbp=Oop [32]=Oop [40]=Oop [48]=Oop [64]=Oop [80]=Oop [88]=Oop [96]=NarrowOop }
                      ;*invokevirtual clone {reexecute=1 rethrow=0 return_oop=1}
                      ; - (reexecute) java.security.CodeSource::getCertificates@11 (line 203)
                      ; - java.lang.ClassLoader::checkCerts@34 (line 1158)
                      ; - java.lang.ClassLoader::preDefineClass@113 (line 907)
                      ; - java.lang.ClassLoader::defineClass@4 (line 1015)
                      ; - java.security.SecureClassLoader::defineClass@12 (line 150)
  0x000002c4d1a78b0c: f078 44ff | 48ff 7424 | 4048 8f44 | 2448 48ff | 7424 5048 | 8f44 2440 | 488b 5c24 | 5844 8b54 
  0x000002c4d1a78b2c: 2460 4c8b | 4424 6848 | 8bf8 e9dd | f5ff ff48 | 8954 2468 | 4489 4c24 | 5c48 895c | 2460 4489 
  0x000002c4d1a78b4c: 7424 5848 | ff74 2440 | 488f 4424 | 5048 ff74 | 2448 488f | 4424 4048 | 8b6c 2420 

  0x000002c4d1a78b68: ;   {metadata('java/util/ArrayList')}
  0x000002c4d1a78b68: 48ba 10df | 00e1 c402 | 0000 48ff | 7424 2848 | 8f44 2420 

  0x000002c4d1a78b7c: ;   {runtime_call _new_instance_Java}
  0x000002c4d1a78b7c: c5f8 77e8 

  0x000002c4d1a78b80: ; ImmutableOopMap {rbp=Oop [32]=Oop [40]=Oop [48]=Oop [64]=Oop [80]=Oop [88]=NarrowOop [92]=NarrowOop [96]=Oop [104]=Oop }
                      ;*new {reexecute=0 rethrow=0 return_oop=1}
                      ; - java.security.CodeSource::getCertificates@25 (line 207)
                      ; - java.lang.ClassLoader::checkCerts@34 (line 1158)
                      ; - java.lang.ClassLoader::preDefineClass@113 (line 907)
                      ; - java.lang.ClassLoader::defineClass@4 (line 1015)
                      ; - java.security.SecureClassLoader::defineClass@12 (line 150)
  0x000002c4d1a78b80: 7c75 44ff | 4889 6c24 | 2048 ff74 | 2440 488f | 4424 4848 | ff74 2450 | 488f 4424 | 4044 8b74 
  0x000002c4d1a78ba0: 2458 488b | 5c24 6044 | 8b4c 245c | 488b 5424 | 68e9 cdf5 | ffff 4c89 | 5424 7048 | 8954 2468 
  0x000002c4d1a78bc0: 4889 5c24 | 604c 895c | 2458 4489 | 7424 5048 | 8b6c 2420 

  0x000002c4d1a78bd4: ;   {metadata('java/security/cert/Certificate'[])}
  0x000002c4d1a78bd4: 48ba a029 | 12e1 c402 | 0000 48ff | 7424 2848 | 8f44 2420 

  0x000002c4d1a78be8: ;   {runtime_call _new_array_Java}
  0x000002c4d1a78be8: c5f8 77e8 

  0x000002c4d1a78bec: ; ImmutableOopMap {rbp=Oop [32]=Oop [40]=Oop [48]=Oop [64]=Oop [72]=Oop [80]=NarrowOop [96]=Oop [104]=Oop [112]=Oop }
                      ;*anewarray {reexecute=0 rethrow=0 return_oop=1}
                      ; - java.security.CodeSource::getCertificates@73 (line 214)
                      ; - java.lang.ClassLoader::checkCerts@34 (line 1158)
                      ; - java.lang.ClassLoader::preDefineClass@113 (line 907)
                      ; - java.lang.ClassLoader::defineClass@4 (line 1015)
                      ; - java.security.SecureClassLoader::defineClass@12 (line 150)
  0x000002c4d1a78bec: 1078 44ff | 4c8b c8e9 | bff7 ffff | 4c89 4424 | 5048 895c | 2420 48ba | 0000 00e1 | c402 0000 
  0x000002c4d1a78c0c: 4903 d245 | 8bc3 6690 

  0x000002c4d1a78c14: ;   {runtime_call _new_array_Java}
  0x000002c4d1a78c14: c5f8 77e8 

  0x000002c4d1a78c18: ; ImmutableOopMap {rbp=Oop [32]=Oop [40]=Oop [48]=Oop [64]=Oop [72]=Oop [96]=Oop }
                      ;*invokevirtual clone {reexecute=1 rethrow=0 return_oop=1}
                      ; - (reexecute) java.security.CodeSource::getCertificates@89 (line 215)
                      ; - java.lang.ClassLoader::checkCerts@34 (line 1158)
                      ; - java.lang.ClassLoader::preDefineClass@113 (line 907)
                      ; - java.lang.ClassLoader::defineClass@4 (line 1015)
                      ; - java.security.SecureClassLoader::defineClass@12 (line 150)
  0x000002c4d1a78c18: e477 44ff | 488b 5c24 | 204c 8b44 | 2450 488b | f8e9 71f8 | ffff ba76 | ffff ff48 | 8b6c 2420 
  0x000002c4d1a78c38: 48ff 7424 | 4848 8f44 | 2440 4489 | 5424 6044 | 894c 2464 | 4489 4424 | 6848 894c | 2470 4489 
  0x000002c4d1a78c58: 5c24 7890 

  0x000002c4d1a78c5c: ;   {runtime_call UncommonTrapBlob}
  0x000002c4d1a78c5c: c5f8 77e8 

  0x000002c4d1a78c60: ; ImmutableOopMap {rbp=Oop [40]=Oop [48]=Oop [64]=Oop [80]=Oop [104]=NarrowOop [112]=Oop }
                      ;*if_icmpge {reexecute=1 rethrow=0 return_oop=0}
                      ; - (reexecute) java.lang.ClassLoader::compareCerts@67 (line 1187)
                      ; - java.lang.ClassLoader::checkCerts@80 (line 1162)
                      ; - java.lang.ClassLoader::preDefineClass@113 (line 907)
                      ; - java.lang.ClassLoader::defineClass@4 (line 1015)
                      ; - java.security.SecureClassLoader::defineClass@12 (line 150)
  0x000002c4d1a78c60: 9cdc 39ff | ba76 ffff | ff48 8b6c | 2420 4c8b | 8424 8000 | 0000 4c89 | 4424 2048 | ff74 2430 
  0x000002c4d1a78c80: 488f 4424 | 2848 8944 | 24f8 8b44 | 2438 8944 | 2430 488b | 4424 f848 | 8944 24f8 | 8b44 243c 
  0x000002c4d1a78ca0: 8944 2434 | 488b 4424 | f84c 8b44 | 2448 4c89 | 4424 384c | 8b84 2488 | 0000 004c | 8954 2450 
  0x000002c4d1a78cc0: 4489 5c24 | 5c44 894c | 2460 4c89 | 4424 6844 | 8b9c 2490 | 0000 0045 | 8bd3 4489 | 5424 7090 
  0x000002c4d1a78ce0: ;   {runtime_call UncommonTrapBlob}
  0x000002c4d1a78ce0: c5f8 77e8 

  0x000002c4d1a78ce4: ; ImmutableOopMap {rbp=Oop [32]=Oop [40]=Oop [56]=Oop [80]=Oop [96]=NarrowOop [104]=Oop [136]=Oop }
                      ;*if_icmpge {reexecute=1 rethrow=0 return_oop=0}
                      ; - (reexecute) java.lang.ClassLoader::compareCerts@152 (line 1199)
                      ; - java.lang.ClassLoader::checkCerts@80 (line 1162)
                      ; - java.lang.ClassLoader::preDefineClass@113 (line 907)
                      ; - java.lang.ClassLoader::defineClass@4 (line 1015)
                      ; - java.security.SecureClassLoader::defineClass@12 (line 150)
  0x000002c4d1a78ce4: 18dc 39ff | bae4 ffff | ff48 8b6c | 2420 4889 | 5c24 5044 | 8974 2458 | 4c89 5424 | 6844 894c 
  0x000002c4d1a78d04: 2470 4489 | 5c24 7490 

  0x000002c4d1a78d0c: ;   {runtime_call UncommonTrapBlob}
  0x000002c4d1a78d0c: c5f8 77e8 

  0x000002c4d1a78d10: ; ImmutableOopMap {rbp=Oop [40]=Oop [48]=Oop [64]=Oop [72]=Oop [80]=Oop [88]=NarrowOop [104]=Oop [112]=NarrowOop }
                      ;*aaload {reexecute=0 rethrow=0 return_oop=0}
                      ; - java.security.CodeSource::getCertificates@50 (line 210)
                      ; - java.lang.ClassLoader::checkCerts@34 (line 1158)
                      ; - java.lang.ClassLoader::preDefineClass@113 (line 907)
                      ; - java.lang.ClassLoader::defineClass@4 (line 1015)
                      ; - java.security.SecureClassLoader::defineClass@12 (line 150)
  0x000002c4d1a78d10: ecdb 39ff | 4963 c8e9 | a5f5 ffff | ba76 ffff | ff48 8b6c | 2420 48ff | 7424 4848 | 8f44 2440 
  0x000002c4d1a78d30: 4889 4c24 | 4844 8954 | 2464 6690 

  0x000002c4d1a78d3c: ;   {runtime_call UncommonTrapBlob}
  0x000002c4d1a78d3c: c5f8 77e8 

  0x000002c4d1a78d40: ; ImmutableOopMap {rbp=Oop [40]=Oop [48]=Oop [64]=Oop [72]=Oop [80]=Oop }
                      ;*if_icmpge {reexecute=1 rethrow=0 return_oop=0}
                      ; - (reexecute) java.lang.ClassLoader::compareCerts@40 (line 1185)
                      ; - java.lang.ClassLoader::checkCerts@80 (line 1162)
                      ; - java.lang.ClassLoader::preDefineClass@113 (line 907)
                      ; - java.lang.ClassLoader::defineClass@4 (line 1015)
                      ; - java.security.SecureClassLoader::defineClass@12 (line 150)
  0x000002c4d1a78d40: bcdb 39ff | 498b d7c5 | f877 49ba | 106a abce | fb7f 0000 | 41ff d2e9 | 9bf6 ffff | baf6 ffff 
  0x000002c4d1a78d60: ff66 6690 

  0x000002c4d1a78d64: ;   {runtime_call UncommonTrapBlob}
  0x000002c4d1a78d64: c5f8 77e8 

  0x000002c4d1a78d68: ; ImmutableOopMap {}
                      ;*invokevirtual clone {reexecute=1 rethrow=0 return_oop=0}
                      ; - (reexecute) java.security.CodeSource::getCertificates@89 (line 215)
                      ; - java.lang.ClassLoader::checkCerts@34 (line 1158)
                      ; - java.lang.ClassLoader::preDefineClass@113 (line 907)
                      ; - java.lang.ClassLoader::defineClass@4 (line 1015)
                      ; - java.security.SecureClassLoader::defineClass@12 (line 150)
  0x000002c4d1a78d68: 94db 39ff | bade ffff | ff48 8b6c | 2420 48ff | 7424 2848 | 8f44 2420 | 48ff 7424 | 3048 8f44 
  0x000002c4d1a78d88: 2428 4889 | 4424 f88b | 4424 3889 | 4424 3048 | 8b44 24f8 | 4889 4424 | f88b 4424 | 3c89 4424 
  0x000002c4d1a78da8: 3448 8b44 | 24f8 4889 | 4424 3890 

  0x000002c4d1a78db4: ;   {runtime_call UncommonTrapBlob}
  0x000002c4d1a78db4: c5f8 77e8 

  0x000002c4d1a78db8: ; ImmutableOopMap {rbp=Oop [32]=Oop [40]=Oop [56]=Oop }
                      ;*checkcast {reexecute=0 rethrow=0 return_oop=0}
                      ; - java.security.SecureClassLoader::getProtectionDomain@34 (line 222)
                      ; - java.security.SecureClassLoader::defineClass@9 (line 150)
  0x000002c4d1a78db8: 44db 39ff | bade ffff | ff48 8b6c | 2420 4889 | 4424 5890 

  0x000002c4d1a78dcc: ;   {runtime_call UncommonTrapBlob}
  0x000002c4d1a78dcc: c5f8 77e8 

  0x000002c4d1a78dd0: ; ImmutableOopMap {rbp=Oop [40]=Oop [48]=Oop [64]=Oop [72]=Oop [80]=Oop [88]=Oop }
                      ;*checkcast {reexecute=0 rethrow=0 return_oop=0}
                      ; - java.lang.ClassLoader::checkCerts@65 (line 1161)
                      ; - java.lang.ClassLoader::preDefineClass@113 (line 907)
                      ; - java.lang.ClassLoader::defineClass@4 (line 1015)
                      ; - java.security.SecureClassLoader::defineClass@12 (line 150)
  0x000002c4d1a78dd0: 2cdb 39ff | bade ffff | ff48 ff74 | 2460 488f | 4424 5848 | 8944 2460 

  0x000002c4d1a78de8: ;   {runtime_call UncommonTrapBlob}
  0x000002c4d1a78de8: c5f8 77e8 

  0x000002c4d1a78dec: ; ImmutableOopMap {rbp=Oop [32]=Oop [48]=Oop [64]=Oop [72]=Oop [80]=NarrowOop [88]=Oop [96]=Oop }
                      ;*checkcast {reexecute=0 rethrow=0 return_oop=0}
                      ; - java.security.CodeSource::getCertificates@79 (line 213)
                      ; - java.lang.ClassLoader::checkCerts@34 (line 1158)
                      ; - java.lang.ClassLoader::preDefineClass@113 (line 907)
                      ; - java.lang.ClassLoader::defineClass@4 (line 1015)
                      ; - java.security.SecureClassLoader::defineClass@12 (line 150)
  0x000002c4d1a78dec: 10db 39ff | baf6 ffff | ff49 8be8 | 4c89 4c24 | 2066 6690 

  0x000002c4d1a78e00: ;   {runtime_call UncommonTrapBlob}
  0x000002c4d1a78e00: c5f8 77e8 

  0x000002c4d1a78e04: ; ImmutableOopMap {rbp=Oop [32]=Oop }
                      ;*invokeinterface computeIfAbsent {reexecute=0 rethrow=0 return_oop=0}
                      ; - java.security.SecureClassLoader::getProtectionDomain@29 (line 222)
                      ; - java.security.SecureClassLoader::defineClass@9 (line 150)
  0x000002c4d1a78e04: f8da 39ff | baf4 ffff | ff48 8b6c | 2420 48ff | 7424 2848 | 8f44 2420 | 48ff 7424 | 3048 8f44 
  0x000002c4d1a78e24: 2428 6690 

  0x000002c4d1a78e28: ;   {runtime_call UncommonTrapBlob}
  0x000002c4d1a78e28: c5f8 77e8 

  0x000002c4d1a78e2c: ; ImmutableOopMap {rbp=Oop [32]=Oop [40]=Oop }
                      ;*checkcast {reexecute=0 rethrow=0 return_oop=0}
                      ; - java.security.SecureClassLoader::getProtectionDomain@34 (line 222)
                      ; - java.security.SecureClassLoader::defineClass@9 (line 150)
  0x000002c4d1a78e2c: d0da 39ff | baf6 ffff | ff66 6690 

  0x000002c4d1a78e38: ;   {runtime_call UncommonTrapBlob}
  0x000002c4d1a78e38: c5f8 77e8 

  0x000002c4d1a78e3c: ; ImmutableOopMap {}
                      ;*arraylength {reexecute=0 rethrow=0 return_oop=0}
                      ; - java.lang.String::isEmpty@4 (line 1494)
                      ; - java.lang.ClassLoader::checkName@5 (line 1145)
                      ; - java.lang.ClassLoader::preDefineClass@1 (line 890)
                      ; - java.lang.ClassLoader::defineClass@4 (line 1015)
                      ; - java.security.SecureClassLoader::defineClass@12 (line 150)
  0x000002c4d1a78e3c: c0da 39ff | ba45 ffff | ff48 8b6c | 2420 6690 

  0x000002c4d1a78e4c: ;   {runtime_call UncommonTrapBlob}
  0x000002c4d1a78e4c: c5f8 77e8 

  0x000002c4d1a78e50: ; ImmutableOopMap {rbp=Oop [40]=Oop [48]=Oop [72]=Oop }
                      ;*ifnull {reexecute=1 rethrow=0 return_oop=0}
                      ; - (reexecute) java.lang.ClassLoader::checkName@1 (line 1145)
                      ; - java.lang.ClassLoader::preDefineClass@1 (line 890)
                      ; - java.lang.ClassLoader::defineClass@4 (line 1015)
                      ; - java.security.SecureClassLoader::defineClass@12 (line 150)
  0x000002c4d1a78e50: acda 39ff | ba45 ffff | ff48 8b6c | 2420 4889 | 5c24 5844 | 8974 2454 

  0x000002c4d1a78e68: ;   {runtime_call UncommonTrapBlob}
  0x000002c4d1a78e68: c5f8 77e8 

  0x000002c4d1a78e6c: ; ImmutableOopMap {rbp=Oop [40]=Oop [48]=Oop [64]=Oop [72]=Oop [84]=NarrowOop [88]=Oop }
                      ;*ifnull {reexecute=1 rethrow=0 return_oop=0}
                      ; - (reexecute) java.lang.ClassLoader::checkCerts@30 (line 1157)
                      ; - java.lang.ClassLoader::preDefineClass@113 (line 907)
                      ; - java.lang.ClassLoader::defineClass@4 (line 1015)
                      ; - java.security.SecureClassLoader::defineClass@12 (line 150)
  0x000002c4d1a78e6c: 90da 39ff | ba45 ffff | ff48 8b6c | 2420 48ff | 7424 2848 | 8f44 2420 | 48ff 7424 | 3048 8f44 
  0x000002c4d1a78e8c: 2428 4889 | 4424 f88b | 4424 3889 | 4424 3048 | 8b44 24f8 | 4889 4424 | f88b 4424 | 3c89 4424 
  0x000002c4d1a78eac: 3448 8b44 | 24f8 4489 | 4424 4490 

  0x000002c4d1a78eb8: ;   {runtime_call UncommonTrapBlob}
  0x000002c4d1a78eb8: c5f8 77e8 

  0x000002c4d1a78ebc: ; ImmutableOopMap {rbp=Oop [32]=Oop [40]=Oop [68]=NarrowOop [72]=Oop }
                      ;*ifnull {reexecute=1 rethrow=0 return_oop=0}
                      ; - (reexecute) java.lang.ClassLoader::defineClassSourceLocation@8 (line 916)
                      ; - java.lang.ClassLoader::defineClass@12 (line 1016)
                      ; - java.security.SecureClassLoader::defineClass@12 (line 150)
  0x000002c4d1a78ebc: 40da 39ff | ba45 ffff | ff48 ff74 | 2448 488f | 4424 4044 | 8944 2448 

  0x000002c4d1a78ed4: ;   {runtime_call UncommonTrapBlob}
  0x000002c4d1a78ed4: c5f8 77e8 

  0x000002c4d1a78ed8: ; ImmutableOopMap {rbp=NarrowOop [32]=Oop [40]=Oop [48]=Oop [64]=Oop [72]=NarrowOop }
                      ;*ifnull {reexecute=1 rethrow=0 return_oop=0}
                      ; - (reexecute) java.lang.ClassLoader::defineClassSourceLocation@15 (line 916)
                      ; - java.lang.ClassLoader::defineClass@12 (line 1016)
                      ; - java.security.SecureClassLoader::defineClass@12 (line 150)
  0x000002c4d1a78ed8: 24da 39ff | baf6 ffff | ff41 8beb 

  0x000002c4d1a78ee4: ;   {runtime_call UncommonTrapBlob}
  0x000002c4d1a78ee4: c5f8 77e8 

  0x000002c4d1a78ee8: ; ImmutableOopMap {}
                      ;*aaload {reexecute=0 rethrow=0 return_oop=0}
                      ; - java.security.CodeSource::getCertificates@50 (line 210)
                      ; - java.lang.ClassLoader::checkCerts@34 (line 1158)
                      ; - java.lang.ClassLoader::preDefineClass@113 (line 907)
                      ; - java.lang.ClassLoader::defineClass@4 (line 1015)
                      ; - java.security.SecureClassLoader::defineClass@12 (line 150)
  0x000002c4d1a78ee8: 14da 39ff | baf6 ffff | ff66 6690 

  0x000002c4d1a78ef4: ;   {runtime_call UncommonTrapBlob}
  0x000002c4d1a78ef4: c5f8 77e8 

  0x000002c4d1a78ef8: ; ImmutableOopMap {}
                      ;*invokevirtual getSignerCertPath {reexecute=0 rethrow=0 return_oop=0}
                      ; - java.security.CodeSource::getCertificates@51 (line 211)
                      ; - java.lang.ClassLoader::checkCerts@34 (line 1158)
                      ; - java.lang.ClassLoader::preDefineClass@113 (line 907)
                      ; - java.lang.ClassLoader::defineClass@4 (line 1015)
                      ; - java.security.SecureClassLoader::defineClass@12 (line 150)
  0x000002c4d1a78ef8: 04da 39ff | baf6 ffff | ff66 6690 

  0x000002c4d1a78f04: ;   {runtime_call UncommonTrapBlob}
  0x000002c4d1a78f04: c5f8 77e8 

  0x000002c4d1a78f08: ; ImmutableOopMap {}
                      ;*invokevirtual getCertificates {reexecute=0 rethrow=0 return_oop=0}
                      ; - java.security.CodeSource::getCertificates@54 (line 211)
                      ; - java.lang.ClassLoader::checkCerts@34 (line 1158)
                      ; - java.lang.ClassLoader::preDefineClass@113 (line 907)
                      ; - java.lang.ClassLoader::defineClass@4 (line 1015)
                      ; - java.security.SecureClassLoader::defineClass@12 (line 150)
  0x000002c4d1a78f08: f4d9 39ff | baf6 ffff | ff66 6690 

  0x000002c4d1a78f14: ;   {runtime_call UncommonTrapBlob}
  0x000002c4d1a78f14: c5f8 77e8 

  0x000002c4d1a78f18: ; ImmutableOopMap {}
                      ;*arraylength {reexecute=0 rethrow=0 return_oop=0}
                      ; - java.security.CodeSource::getCertificates@40 (line 209)
                      ; - java.lang.ClassLoader::checkCerts@34 (line 1158)
                      ; - java.lang.ClassLoader::preDefineClass@113 (line 907)
                      ; - java.lang.ClassLoader::defineClass@4 (line 1015)
                      ; - java.security.SecureClassLoader::defineClass@12 (line 150)
  0x000002c4d1a78f18: e4d9 39ff | baf4 ffff | ff66 6690 

  0x000002c4d1a78f24: ;   {runtime_call UncommonTrapBlob}
  0x000002c4d1a78f24: c5f8 77e8 

  0x000002c4d1a78f28: ; ImmutableOopMap {rbp=Oop [32]=Oop [48]=Oop [64]=Oop [72]=Oop [80]=NarrowOop [96]=Oop }
                      ;*checkcast {reexecute=0 rethrow=0 return_oop=0}
                      ; - java.security.CodeSource::getCertificates@79 (line 213)
                      ; - java.lang.ClassLoader::checkCerts@34 (line 1158)
                      ; - java.lang.ClassLoader::preDefineClass@113 (line 907)
                      ; - java.lang.ClassLoader::defineClass@4 (line 1015)
                      ; - java.security.SecureClassLoader::defineClass@12 (line 150)
  0x000002c4d1a78f28: d4d9 39ff | ba97 ffff | ff48 8b6c | 2420 48ff | 7424 5048 | 8f44 2448 | 48ff 7424 | 5848 8f44 
  0x000002c4d1a78f48: 2450 6690 

  0x000002c4d1a78f4c: ;   {runtime_call UncommonTrapBlob}
  0x000002c4d1a78f4c: c5f8 77e8 

  0x000002c4d1a78f50: ; ImmutableOopMap {rbp=Oop [40]=Oop [48]=Oop [64]=Oop [72]=Oop [80]=Oop [96]=NarrowOop }
                      ;*invokevirtual clone {reexecute=1 rethrow=0 return_oop=0}
                      ; - (reexecute) java.security.CodeSource::getCertificates@11 (line 203)
                      ; - java.lang.ClassLoader::checkCerts@34 (line 1158)
                      ; - java.lang.ClassLoader::preDefineClass@113 (line 907)
                      ; - java.lang.ClassLoader::defineClass@4 (line 1015)
                      ; - java.security.SecureClassLoader::defineClass@12 (line 150)
  0x000002c4d1a78f50: acd9 39ff | ba97 ffff | ff66 6690 

  0x000002c4d1a78f5c: ;   {runtime_call UncommonTrapBlob}
  0x000002c4d1a78f5c: c5f8 77e8 

  0x000002c4d1a78f60: ; ImmutableOopMap {rbp=Oop [32]=Oop [40]=Oop [48]=Oop [64]=Oop [72]=Oop [96]=Oop }
                      ;*invokevirtual clone {reexecute=1 rethrow=0 return_oop=0}
                      ; - (reexecute) java.security.CodeSource::getCertificates@89 (line 215)
                      ; - java.lang.ClassLoader::checkCerts@34 (line 1158)
                      ; - java.lang.ClassLoader::preDefineClass@113 (line 907)
                      ; - java.lang.ClassLoader::defineClass@4 (line 1015)
                      ; - java.security.SecureClassLoader::defineClass@12 (line 150)
  0x000002c4d1a78f60: 9cd9 39ff | eb1d eb1b | eb19 eb17 | eb0a eb08 | eb11 eb0f | eb0d eb0b | 488b d0eb | 09eb 04eb 
  0x000002c4d1a78f80: 02eb 0048 | 8bd0 c5f8 | 7748 81c4 | c000 0000 

  0x000002c4d1a78f90: ;   {runtime_call _rethrow_Java}
  0x000002c4d1a78f90: 5de9 6a5a 

  0x000002c4d1a78f94: ;   {internal_word}
  0x000002c4d1a78f94: 44ff 49ba | 327f a7d1 | c402 0000 | 4d89 9760 

  0x000002c4d1a78fa4: ;   {runtime_call SafepointBlob}
  0x000002c4d1a78fa4: 0300 00e9 | 54ea 39ff | f4f4 f4f4 | f4f4 f4f4 | f4f4 f4f4 | f4f4 f4f4 | f4f4 f4f4 
[Stub Code]
  0x000002c4d1a78fc0: ;   {no_reloc}
  0x000002c4d1a78fc0: 48bb 0000 | 0000 0000 

  0x000002c4d1a78fc8: ;   {runtime_call}
  0x000002c4d1a78fc8: 0000 e9fb 

  0x000002c4d1a78fcc: ;   {static_stub}
  0x000002c4d1a78fcc: ffff ff48 | bb00 0000 | 0000 0000 

  0x000002c4d1a78fd8: ;   {runtime_call}
  0x000002c4d1a78fd8: 00e9 fbff 

  0x000002c4d1a78fdc: ;   {static_stub}
  0x000002c4d1a78fdc: ffff 48bb | 0000 0000 | 0000 0000 

  0x000002c4d1a78fe8: ;   {runtime_call}
  0x000002c4d1a78fe8: e9fb ffff 

  0x000002c4d1a78fec: ;   {static_stub}
  0x000002c4d1a78fec: ff48 bb00 | 0000 0000 

  0x000002c4d1a78ff4: ;   {runtime_call}
  0x000002c4d1a78ff4: 0000 00e9 | fbff ffff 

  0x000002c4d1a78ffc: ;   {static_stub}
  0x000002c4d1a78ffc: 48bb 0000 | 0000 0000 

  0x000002c4d1a79004: ;   {runtime_call}
  0x000002c4d1a79004: 0000 e9fb 

  0x000002c4d1a79008: ;   {static_stub}
  0x000002c4d1a79008: ffff ff48 | bb00 0000 | 0000 0000 

  0x000002c4d1a79014: ;   {runtime_call}
  0x000002c4d1a79014: 00e9 fbff 

  0x000002c4d1a79018: ;   {static_stub}
  0x000002c4d1a79018: ffff 48bb | 0000 0000 | 0000 0000 

  0x000002c4d1a79024: ;   {runtime_call}
  0x000002c4d1a79024: e9fb ffff 

  0x000002c4d1a79028: ;   {static_stub}
  0x000002c4d1a79028: ff48 bb00 | 0000 0000 

  0x000002c4d1a79030: ;   {runtime_call}
  0x000002c4d1a79030: 0000 00e9 | fbff ffff 

  0x000002c4d1a79038: ;   {static_stub}
  0x000002c4d1a79038: 48bb 0000 | 0000 0000 

  0x000002c4d1a79040: ;   {runtime_call}
  0x000002c4d1a79040: 0000 e9fb 

  0x000002c4d1a79044: ;   {runtime_call ExceptionBlob}
  0x000002c4d1a79044: ffff ffe9 | 34c5 43ff 
[Deopt Handler Code]
  0x000002c4d1a7904c: e800 0000 | 0048 832c 

  0x000002c4d1a79054: ;   {runtime_call DeoptimizationBlob}
  0x000002c4d1a79054: 2405 e945 | dc39 fff4 | f4f4 f4f4 
[/MachCode]


Compiled method (c2) 29202 12068   !   4       org.gradle.internal.classloader.VisitableURLClassLoader$InstrumentingVisitableURLClassLoader::findClass (36 bytes)
 total in heap  [0x000002c4d19faa10,0x000002c4d1a0d0e8] = 75480
 relocation     [0x000002c4d19fab70,0x000002c4d19fb200] = 1680
 main code      [0x000002c4d19fb200,0x000002c4d1a03f20] = 36128
 stub code      [0x000002c4d1a03f20,0x000002c4d1a04308] = 1000
 oops           [0x000002c4d1a04308,0x000002c4d1a04348] = 64
 metadata       [0x000002c4d1a04348,0x000002c4d1a04828] = 1248
 scopes data    [0x000002c4d1a04828,0x000002c4d1a0b278] = 27216
 scopes pcs     [0x000002c4d1a0b278,0x000002c4d1a0c3d8] = 4448
 dependencies   [0x000002c4d1a0c3d8,0x000002c4d1a0c458] = 128
 handler table  [0x000002c4d1a0c458,0x000002c4d1a0cf38] = 2784
 nul chk table  [0x000002c4d1a0cf38,0x000002c4d1a0d0e8] = 432

[Constant Pool (empty)]

[MachCode]
[Entry Point]
  # {method} {0x000002c4fc5e4070} 'findClass' '(Ljava/lang/String;)Ljava/lang/Class;' in 'org/gradle/internal/classloader/VisitableURLClassLoader$InstrumentingVisitableURLClassLoader'
  # this:     rdx:rdx   = 'org/gradle/internal/classloader/VisitableURLClassLoader$InstrumentingVisitableURLClassLoader'
  # parm0:    r8:r8     = 'java/lang/String'
  #           [sp+0x160]  (sp of caller)
  0x000002c4d19fb200: 448b 5208 | 49bb 0000 | 00e1 c402 | 0000 4d03 | d349 3bc2 

  0x000002c4d19fb214: ;   {runtime_call ic_miss_stub}
  0x000002c4d19fb214: 0f85 665e | 41ff 6690 | 0f1f 4000 
[Verified Entry Point]
  0x000002c4d19fb220: 8984 2400 | 90ff ff55 | 4881 ec50 | 0100 004c | 8944 2428 | 4889 9424 | 8000 0000 | 448b 5a6c 
  0x000002c4d19fb240: 4489 5c24 | 5445 8b5b | 0c45 8b43 | 084d 8b97 | 9002 0000 

  0x000002c4d19fb254: ;   {metadata('java/lang/ThreadLocal')}
  0x000002c4d19fb254: 498b 3241 | 81f8 58f1 | 0800 0f85 | f83d 0000 | 448b 5644 | 4489 5424 | 5049 8bdb | 448b 5c24 
  0x000002c4d19fb274: 544d 8beb | 4585 d20f | 8428 1500 | 0041 8b6a | 1444 8b55 | 0c45 8bca | 41ff c944 | 234b 0c45 
  0x000002c4d19fb294: 85d2 0f86 | 443e 0000 | 468b 548d | 1045 85d2 | 0f84 2313 | 0000 458b | 5a0c 4c3b | db74 3e44 
  0x000002c4d19fb2b4: 8b5c 2450 | 458b 4314 

  0x000002c4d19fb2bc: ; implicit exception: dispatches to 0x000002c4d1a027b4
  0x000002c4d19fb2bc: 458b 580c | 8b7c 2450 | 498b c844 | 894c 2468 | 33d2 49b9 | 0000 dfd8 | c402 0000 | 4889 4c24 
  0x000002c4d19fb2dc: 7048 8974 | 2420 4889 | 5424 384c | 894c 2440 | e996 0c00 | 0045 33db | 49b8 0000 | dfd8 c402 
  0x000002c4d19fb2fc: 0000 4c89 | 5c24 384c | 8944 2440 | eb05 488b | 7424 2041 | 8b6a 1c85 | ed74 4044 

  0x000002c4d19fb318: ;   {metadata('java/lang/ClassNotFoundException')}
  0x000002c4d19fb318: 8b5d 0841 | 81fb 0028 | 0200 0f85 | 883f 0000 | 4c8b cdeb | 2d44 8b54 | 2450 458b | 5210 453b 
  0x000002c4d19fb338: da7c 14e9 | e616 0000 | 4180 7f38 | 000f 857e | 1900 0044 | 8966 1c48 | 8bb4 2488 | 0000 0045 
  0x000002c4d19fb358: 33c9 448b | 5424 5445 | 8b52 0c45 

  0x000002c4d19fb364: ;   {metadata('java/lang/ThreadLocal')}
  0x000002c4d19fb364: 8b42 0841 | 81f8 58f1 | 0800 0f85 | 143d 0000 | 8b5e 4449 | 8bca 448b | 4314 458b | 500c 458b 
  0x000002c4d19fb384: da41 ffcb | 4423 590c | 4585 d20f | 860b 3d00 | 0043 8b54 | 9810 85d2 | 0f84 3302 | 0000 488b 
  0x000002c4d19fb3a4: f349 8bf8 | 4c89 6c24 | 204c 894c | 2448 895c | 2458 4489 | 5c24 5048 | 8974 2430 | eb36 4533 
  0x000002c4d19fb3c4: c966 6666 | 0f1f 8400 | 0000 0000 | 453b ca0f | 83a3 1d00 | 0047 8b5c | 8810 498b | 9f50 0300 
  0x000002c4d19fb3e4: ; ImmutableOopMap {r11=NarrowOop r8=NarrowOop rcx=Oop rdi=Oop [32]=Oop [40]=Oop [48]=Oop [72]=Oop [84]=NarrowOop [88]=NarrowOop [128]=Oop }
                      ;*goto {reexecute=1 rethrow=0 return_oop=0}
                      ; - (reexecute) java.lang.ThreadLocal$ThreadLocalMap::remove@64 (line 513)
                      ; - java.lang.ThreadLocal::remove@14 (line 242)
                      ; - org.gradle.internal.classloader.TransformErrorHandler::getLastErrorAndClear@15 (line 127)
                      ; - org.gradle.internal.classloader.TransformErrorHandler::enterClassLoadingScope@1 (line 68)
                      ; - org.gradle.internal.classloader.VisitableURLClassLoader$InstrumentingVisitableURLClassLoader::findClass@5 (line 186)
                      ;   {poll}
  0x000002c4d19fb3e4: 0085 0345 | 85db 0f84 | 7a14 0000 | 498b d344 | 894c 2450 | 448b 4a0c | 8b6c 2450 | ffc5 4d8b 
  0x000002c4d19fb404: d94c 3bd9 | 0f84 9c00 | 0000 448b | cd41 3bea | 7dac ebb8 | c644 0f10 | 2ec6 440f | 1163 c644 
  0x000002c4d19fb424: 0f12 6cc6 | 440f 1361 | c644 0f14 | 73c6 440f | 1573 e9f4 | 0300 003b | e87d 1e90 | 4c63 d543 
  0x000002c4d19fb444: 0fbe 4c10 | 1083 f92e | 0f84 2911 | 0000 4388 | 4c11 10ff | c53b e87c | e34d 8b9f | 0801 0000 
  0x000002c4d19fb464: 4d8b d349 | 83c2 184d | 3b97 1801 | 0000 0f83 | 1b1a 0000 | 4d89 9708 | 0100 0041 | 0f0d 8ac0 
  0x000002c4d19fb484: 0000 0049 | c703 0100 

  0x000002c4d19fb48c: ;   {metadata('java/lang/String')}
  0x000002c4d19fb48c: 0000 41c7 | 4308 e0e9 | 0000 4589 | 630c 4d89 | 6310 4d8b | c145 8943 | 14e9 8002 | 0000 6690 
  0x000002c4d19fb4ac: ;   {optimized virtual_call}
  0x000002c4d19fb4ac: c5f8 77e8 

  0x000002c4d19fb4b0: ; ImmutableOopMap {[32]=Oop [40]=Oop [48]=Oop [72]=Oop [84]=NarrowOop [88]=NarrowOop [128]=Oop }
                      ;*invokevirtual clear0 {reexecute=0 rethrow=0 return_oop=0}
                      ; - java.lang.ref.Reference::clear@1 (line 389)
                      ; - java.lang.ThreadLocal$ThreadLocalMap::remove@40 (line 515)
                      ; - java.lang.ThreadLocal::remove@14 (line 242)
                      ; - org.gradle.internal.classloader.TransformErrorHandler::getLastErrorAndClear@15 (line 127)
                      ; - org.gradle.internal.classloader.TransformErrorHandler::enterClassLoadingScope@1 (line 68)
                      ; - org.gradle.internal.classloader.VisitableURLClassLoader$InstrumentingVisitableURLClassLoader::findClass@5 (line 186)
  0x000002c4d19fb4b0: 0cf7 97ff | 448b 5424 | 5845 8b6a | 1445 8b5d | 0c44 8b4c | 2450 453b | cb0f 83f1 | 3a00 0043 
  0x000002c4d19fb4d0: 8b5c 8d10 | 85db 0f84 | 183b 0000 | 4180 7f38 | 000f 852c | 1200 0041 | 807f 3800 | 0f85 d511 
  0x000002c4d19fb4f0: 0000 413b | eb0f 8dee | 1000 0047 | 8964 8d10 | 4489 631c | 458b 4a0c | 41ff c945 | 894a 0c41 
  0x000002c4d19fb510: 3beb 0f83 | ec3a 0000 | 458b 44ad | 1045 85c0 | 0f84 aa00 | 0000 418b | fbff cf49 

  0x000002c4d19fb52c: ;   {metadata('java/lang/ThreadLocal')}
  0x000002c4d19fb52c: 8bdd 48be | 58f1 08e1 | c402 0000 | 458b f289 | 6c24 5044 | 896c 2460 | 4489 5c24 | 584d 8be8 
  0x000002c4d19fb54c: 418b 680c | 4180 7f38 | 000f 8519 | 1300 0044 | 8b55 0849 | bb00 0000 | e1c4 0200 | 004d 03da 
  0x000002c4d19fb56c: 4d8b 5338 | 4c3b d60f | 85d3 3d00 | 004c 8bd5 | 8bef 4123 | 6a0c 3b6c | 2450 0f85 | e00e 0000 
  0x000002c4d19fb58c: 448b 6c24 | 5041 ffc5 | 443b 6c24 | 580f 8d66 | 1000 004d | 8b97 5003 

  0x000002c4d19fb5a4: ; ImmutableOopMap {rbx=Oop r14=NarrowOop [32]=Oop [40]=Oop [48]=Oop [72]=Oop [84]=NarrowOop [96]=NarrowOop [128]=Oop }
                      ;*goto {reexecute=1 rethrow=0 return_oop=0}
                      ; - (reexecute) java.lang.ThreadLocal$ThreadLocalMap::expungeStaleEntry@140 (line 618)
                      ; - java.lang.ThreadLocal$ThreadLocalMap::remove@46 (line 516)
                      ; - java.lang.ThreadLocal::remove@14 (line 242)
                      ; - org.gradle.internal.classloader.TransformErrorHandler::getLastErrorAndClear@15 (line 127)
                      ; - org.gradle.internal.classloader.TransformErrorHandler::enterClassLoadingScope@1 (line 68)
                      ; - org.gradle.internal.classloader.VisitableURLClassLoader$InstrumentingVisitableURLClassLoader::findClass@5 (line 186)
                      ;   {poll}
  0x000002c4d19fb5a4: 0000 4185 | 0244 3b6c | 2458 0f83 | 743d 0000 | 448b 4c24 | 6047 8b5c | a910 4585 | db74 0d4d 
  0x000002c4d19fb5c4: 8bc3 4489 | 6c24 50e9 | 79ff ffff | 4c8b 4c24 | 484d 85c9 | 0f85 ee3a | 0000 4c8b | 9424 8000 
  0x000002c4d19fb5e4: 0000 458b 

  0x000002c4d19fb5e8: ;   {oop(a 'java/lang/Class'{0x0000000080c10190} = 'java/lang/System')}
  0x000002c4d19fb5e8: 4258 49ba | 9001 c180 | 0000 0000 | 418b 6a7c | 85ed 0f85 | cc3e 0000 | 4585 c00f | 84b0 0f00 
  0x000002c4d19fb608: 0049 8be8 | 488b d54c | 8b54 2428 | 4c89 5424 | 2066 6690 

  0x000002c4d19fb61c: ;   {static_call}
  0x000002c4d19fb61c: c5f8 77e8 

  0x000002c4d19fb620: ; ImmutableOopMap {rbp=Oop [32]=Oop [40]=Oop [128]=Oop }
                      ;*invokestatic ensureMaterializedForStackWalk {reexecute=0 rethrow=0 return_oop=0}
                      ; - java.security.AccessController::executePrivileged@5 (line 803)
                      ; - java.security.AccessController::doPrivileged@13 (line 712)
                      ; - java.net.URLClassLoader::findClass@13 (line 420)
                      ; - org.gradle.internal.classloader.VisitableURLClassLoader$InstrumentingVisitableURLClassLoader::findClass@10 (line 189)
  0x000002c4d19fb620: 9c05 9aff | 488b dd4c | 8b6c 2428 

  0x000002c4d19fb62c: ; implicit exception: dispatches to 0x000002c4d1a02724
  0x000002c4d19fb62c: 450f be5d | 1045 85db | 0f85 223d | 0000 458b | 4514 418b | 400c 85c0 | 0f86 da00 | 0000 8bc8 
  0x000002c4d19fb64c: ffc9 3bc8 | 0f83 de39 | 0000 8bf0 | 83c6 fd4d | 8bf0 4180 | 7810 2e0f | 8487 0f00 | 0083 fe01 
  0x000002c4d19fb66c: 0f8e 863a | 0000 41ba | 0100 0000 | 448b d845 | 2bda 4183 | c3fd 4533 | c941 3bf2 | 450f 4cd9 
  0x000002c4d19fb68c: 4181 fba0 | 0f00 00bf | a00f 0000 | 440f 47df | 4503 da90 | 4963 d245 | 0fbe 4c10 | 1041 83f9 
  0x000002c4d19fb6ac: 2e0f 8409 | 0900 0041 | 0fbe 7c10 | 1183 ff2e | 0f84 ff08 | 0000 450f | be4c 1012 | 4183 f92e 
  0x000002c4d19fb6cc: 0f84 e608 | 0000 410f | be7c 1013 | 418b ea83 | c503 83ff | 2e0f 84df | 0800 0041 | 83c2 0445 
  0x000002c4d19fb6ec: 3bd3 7cb0 | 4d8b 9f50 | 0300 0049 

  0x000002c4d19fb6f8: ; ImmutableOopMap {r8=NarrowOop rbx=Oop rdx=Oop r13=Oop r14=Oop [128]=Oop }
                      ;*if_icmpne {reexecute=1 rethrow=0 return_oop=0}
                      ; - (reexecute) java.lang.StringLatin1::replace@28 (line 307)
                      ; - java.lang.String::replace@18 (line 2808)
                      ; - java.net.URLClassLoader$1::run@8 (line 423)
                      ; - java.net.URLClassLoader$1::run@1 (line 421)
                      ; - java.security.AccessController::executePrivileged@29 (line 807)
                      ; - java.security.AccessController::doPrivileged@13 (line 712)
                      ; - java.net.URLClassLoader::findClass@13 (line 420)
                      ; - org.gradle.internal.classloader.VisitableURLClassLoader$InstrumentingVisitableURLClassLoader::findClass@10 (line 189)
                      ;   {poll}
  0x000002c4d19fb6f8: 8bd5 4185 | 0344 3bd6 | 0f8c 72ff | ffff 443b | d07d 1990 | 470f be4c | 1010 4183 | f92e 0f84 
  0x000002c4d19fb718: 581a 0000 | 41ff c244 | 3bd0 7ce8 | 4d8b c84d | 8bdd 418b | 710c 85f6 | 0f86 d50c | 0000 450f 
  0x000002c4d19fb738: be73 1044 | 8bd6 418b | ce41 d3fa | 4963 c241 | 83fe 010f | 840b 3f00 | 0045 85d2 | 0f8c be3d 
  0x000002c4d19fb758: 0000 488b | e848 83c5 | 0644 8bc5 | 4585 c00f | 8cd3 3d00 | 0048 8bcd | 48c1 f920 | 8bc9 41d3 
  0x000002c4d19fb778: e045 85c0 | 0f8c 023f | 0000 4181 | f800 0010 | 000f 8774 | 3900 0049 | 63c8 4181 | f800 0010 
  0x000002c4d19fb798: 000f 875d | 1500 0049 | 8bbf 0801 | 0000 4883 | c117 4883 | e1f8 488b | d748 03d1 | 493b 9718 
  0x000002c4d19fb7b8: 0100 000f | 833b 1500 | 0049 8997 | 0801 0000 | 0f0d 8ac0 | 0000 0048 | c707 0100 | 0000 0f0d 
  0x000002c4d19fb7d8: 8a00 0100 

  0x000002c4d19fb7dc: ;   {metadata({type array byte})}
  0x000002c4d19fb7dc: 00c7 4708 | 2867 0000 | 4489 470c | 0f0d 8a40 | 0100 000f | 0d8a 8001 | 0000 418b | d283 c206 
  0x000002c4d19fb7fc: 443b c20f | 8206 3900 | 0049 63ca | 4585 d20f | 8e07 fcff | ffc6 440f | 1573 c644 | 0f14 73c6 
  0x000002c4d19fb81c: 440f 1361 | c644 0f12 | 6cc6 440f | 1163 c644 | 0f10 2e45 | 85f6 0f85 | 2c3d 0000 | 443b c60f 
  0x000002c4d19fb83c: 82f7 3800 | 0085 f676 | 2149 83c1 | 1048 8bd7 | 4883 c210 | 4c63 c649 | 8bc9 c5f8 | 7749 ba60 
  0x000002c4d19fb85c: 7fdf d0c4 | 0200 0041 | ffd2 4d8b | 8708 0100 | 004d 8bd0 | 4983 c218 | 4d3b 9718 | 0100 000f 
  0x000002c4d19fb87c: 831a 1500 | 004d 8997 | 0801 0000 | 410f 0d8a | c000 0000 | 49c7 0001 

  0x000002c4d19fb894: ;   {metadata('java/lang/String')}
  0x000002c4d19fb894: 0000 0041 | c740 08e0 | e900 0045 | 8960 0c45 | 8960 104c | 8bd7 4589 | 5014 4c8b | 9424 8000 
  0x000002c4d19fb8b4: 0000 458b | 5a54 4585 | db0f 84e1 | 3600 0048 | 895c 2430 | 4c89 6c24 | 7849 8bd3 | 4533 c990 
  0x000002c4d19fb8d4: ;   {optimized virtual_call}
  0x000002c4d19fb8d4: c5f8 77e8 

  0x000002c4d19fb8d8: ; ImmutableOopMap {[48]=Oop [120]=Oop [128]=Oop }
                      ;*invokevirtual getResource {reexecute=0 rethrow=0 return_oop=1}
                      ; - java.net.URLClassLoader$1::run@26 (line 424)
                      ; - java.net.URLClassLoader$1::run@1 (line 421)
                      ; - java.security.AccessController::executePrivileged@29 (line 807)
                      ; - java.security.AccessController::doPrivileged@13 (line 712)
                      ; - java.net.URLClassLoader::findClass@13 (line 420)
                      ; - org.gradle.internal.classloader.VisitableURLClassLoader$InstrumentingVisitableURLClassLoader::findClass@10 (line 189)
  0x000002c4d19fb8d8: 2472 9cff | 4889 4424 | 6048 85c0 | 0f84 8e05 | 0000 c5f8 | 7749 ba20 | fbe5 cefb | 7f00 0041 
  0x000002c4d19fb8f8: ffd2 4889 | 4424 584c | 8b54 2478 | 458b 4a14 

  0x000002c4d19fb908: ; implicit exception: dispatches to 0x000002c4d1a027cc
  0x000002c4d19fb908: 418b 590c | 410f be4a | 1044 8bd3 | 41d3 fa41 | ffca 85c9 | 0f85 6a3e | 0000 448b | db41 ffcb 
  0x000002c4d19fb928: 453b d345 | 0f4c da45 | 85db 7c33 | 4d8b c166 | 0f1f 8400 | 0000 0000 | 443b db0f | 83ea 1700 
  0x000002c4d19fb948: 0043 807c | 1910 2e74 | 1c49 8b8f | 5003 0000 | 41ff cb4c 

  0x000002c4d19fb95c: ; ImmutableOopMap {r10=Oop r8=Oop r9=NarrowOop [48]=Oop [96]=Oop [120]=Oop [128]=Oop }
                      ;*goto {reexecute=1 rethrow=0 return_oop=0}
                      ; - (reexecute) java.lang.StringLatin1::lastIndexOf@35 (line 294)
                      ; - java.lang.String::lastIndexOf@13 (line 2489)
                      ; - java.lang.String::lastIndexOf@8 (line 2451)
                      ; - java.net.URLClassLoader::defineClass@7 (line 486)
                      ; - java.net.URLClassLoader$1::run@43 (line 427)
                      ; - java.net.URLClassLoader$1::run@1 (line 421)
                      ; - java.security.AccessController::executePrivileged@29 (line 807)
                      ; - java.security.AccessController::doPrivileged@13 (line 712)
                      ; - java.net.URLClassLoader::findClass@13 (line 420)
                      ; - org.gradle.internal.classloader.VisitableURLClassLoader$InstrumentingVisitableURLClassLoader::findClass@10 (line 189)
  0x000002c4d19fb95c: 8b54 2478 

  0x000002c4d19fb960: ;   {poll}
  0x000002c4d19fb960: 8501 4585 | db7d d941 | bbff ffff | ff4c 8b54 | 2460 418b 

  0x000002c4d19fb974: ;   {metadata('jdk/internal/loader/URLClassPath$JarLoader$2')}
  0x000002c4d19fb974: 5a08 81fb | 6052 1900 | 0f85 da0d | 0000 498b | ea44 8b45 | 2045 8b50 | 1c4c 8994 | 2418 0100 
  0x000002c4d19fb994: 0041 83fb | ff0f 8476 | 0300 004c | 8b54 2478 | 458b 4214 

  0x000002c4d19fb9a8: ; implicit exception: dispatches to 0x000002c4d1a0281c
  0x000002c4d19fb9a8: 458b 480c | 4489 8c24 | 9000 0000 | 410f be4a | 1041 8be9 | d3fd 4585 | db0f 8cf9 | 3d00 0044 
  0x000002c4d19fb9c8: 3bdd 0f8f | 683e 0000 | 443b dd0f | 84e7 0b00 | 0085 c90f | 857b 3e00 | 0045 85db | 0f84 350f 
  0x000002c4d19fb9e8: 0000 4d8b | af08 0100 | 004d 8bd5 | 4983 c218 | 4d3b 9718 | 0100 000f | 8370 1500 | 004d 8997 
  0x000002c4d19fba08: 0801 0000 | 410f 0d8a | c000 0000 | 49c7 4500 | 0100 0000 

  0x000002c4d19fba1c: ;   {metadata('java/lang/String')}
  0x000002c4d19fba1c: 41c7 4508 | e0e9 0000 | 4589 650c | 4d89 6510 | 4181 fb00 | 0010 000f | 8753 3b00 | 004d 63d3 
  0x000002c4d19fba3c: 448b 8c24 | 9000 0000 | 453b cb41 | 8beb 410f | 4ce9 443b | cd0f 82a9 | 3b00 0044 | 3bdd 0f82 
  0x000002c4d19fba5c: a03b 0000 | 4983 c217 | 498b fa48 | 83e7 f841 | 81fb 0000 | 1000 0f87 | 5815 0000 | 4d8b b708 
  0x000002c4d19fba7c: 0100 004d | 8bce 4c03 | cf4d 3b8f | 1801 0000 | 0f83 3e15 | 0000 4d89 | 8f08 0100 | 0041 0f0d 
  0x000002c4d19fba9c: 89c0 0000 | 0049 c706 | 0100 0000 | 410f 0d89 | 0001 0000 

  0x000002c4d19fbab0: ;   {metadata({type array byte})}
  0x000002c4d19fbab0: 41c7 4608 | 2867 0000 | 4589 5e0c | 410f 0d89 | 4001 0000 | 410f 0d89 | 8001 0000 | 498b d648 
  0x000002c4d19fbad0: 83c2 1049 | c1ea 0349 | 8bf6 85ed | 0f84 b23a | 0000 4d8b | c849 8d48 | 1041 3beb | 0f8c 3c0e 
  0x000002c4d19fbaf0: 0000 4883 | c7f0 48c1 | ef03 4c8b | c7c5 f877 | 49ba 6086 | dfd0 c402 | 0000 41ff | d241 807f 
  0x000002c4d19fbb10: 3800 7500 | 4189 7514 | 4d8b d64d | 8bdd 4d33 | d349 c1ea | 144d 85d2 | 741a 49c1 | eb09 48b9 
  0x000002c4d19fbb30: 0000 dfd8 | c402 0000 | 4903 cb80 | 3904 0f85 | 990e 0000 | 4588 6510 | 4c89 ac24 | 2001 0000 
  0x000002c4d19fbb50: ;   {metadata('jdk/internal/loader/URLClassPath$JarLoader$2')}
  0x000002c4d19fbb50: 81fb 6052 | 1900 0f85 | 580b 0000 | 488b 7c24 

  0x000002c4d19fbb60: ;   {oop(a 'java/lang/Class'{0x0000000080c10410} = 'jdk/internal/access/SharedSecrets')}
  0x000002c4d19fbb60: 6049 ba10 | 04c1 8000 | 0000 0045 | 8b9a c800 | 0000 458b | 4b08 448b | 5720 458b 

  0x000002c4d19fbb7c: ;   {metadata('java/util/jar/JavaUtilJarAccessImpl')}
  0x000002c4d19fbb7c: 5218 4181 | f9d8 0d19 | 000f 853a | 3800 0041 | 8b6a 084d | 8bca 488d | 9c24 3001 | 0000 498b 
  0x000002c4d19fbb9c: 0148 f7c0 | 0200 0000 | 7524 4883 | c801 4889 | 03f0 490f | b119 0f84 | 3e00 0000 | 482b c448 
  0x000002c4d19fbbbc: 81e0 07f0 | ffff 4889 | 03e9 2c00 | 0000 4c8b | d848 33c0 | f04d 0fb1 | 7b3e 48c7 | 0303 0000 
  0x000002c4d19fbbdc: 000f 8413 | 0000 004c | 3bf8 0f85 | 0a00 0000 | 49ff 8386 | 0000 0048 | 33c0 0f85 | 2838 0000 
  0x000002c4d19fbbfc: 453b 6230 | 750e 450f | b642 1245 | 85c0 0f85 | fd09 0000 | 453b 6230 | 0f85 880c | 0000 488d 
  0x000002c4d19fbc1c: 8424 3001 | 0000 4881 | 3800 0000 | 000f 8483 | 0000 004d | 8b11 49f7 | c202 0000 | 0074 6f49 
  0x000002c4d19fbc3c: 81ba 8600 | 0000 0000 | 0000 7409 | 49ff 8a86 | 0000 00eb | 5149 8b82 | 9600 0000 | 490b 828e 
  0x000002c4d19fbc5c: 0000 0075 | 0a49 c742 | 3e00 0000 | 00eb 4749 | 81ba 9e00 | 0000 0000 | 0000 7425 | 4833 c049 
  0x000002c4d19fbc7c: c742 3e00 | 0000 00f0 | 8304 2400 | 4981 ba9e | 0000 0000 | 0000 0075 | 0df0 4d0f | b17a 3e75 
  0x000002c4d19fbc9c: 0583 c801 | eb10 f7c0 | 0000 0000 | eb08 4c8b | 10f0 4d0f | b111 0f85 | b637 0000 | 448b 5f20 
  0x000002c4d19fbcbc: ; implicit exception: dispatches to 0x000002c4d1a028d8
  0x000002c4d19fbcbc: 418b 6b18 

  0x000002c4d19fbcc0: ; implicit exception: dispatches to 0x000002c4d1a02908
  0x000002c4d19fbcc0: 448b 5508 

  0x000002c4d19fbcc4: ;   {metadata('java/util/jar/JarFile')}
  0x000002c4d19fbcc4: 4181 fa88 | 8018 000f | 85c0 3700 | 0048 897c | 2420 488b | d566 6690 

  0x000002c4d19fbcdc: ;   {optimized virtual_call}
  0x000002c4d19fbcdc: c5f8 77e8 

  0x000002c4d19fbce0: ; ImmutableOopMap {[32]=Oop [48]=Oop [96]=Oop [120]=Oop [128]=Oop [280]=Oop [288]=Oop }
                      ;*invokevirtual getManifestFromReference {reexecute=0 rethrow=0 return_oop=1}
                      ; - java.util.jar.JarFile::getManifest@1 (line 406)
                      ; - jdk.internal.loader.URLClassPath$JarLoader$2::getManifest@22 (line 886)
                      ; - java.net.URLClassLoader::defineClass@34 (line 491)
                      ; - java.net.URLClassLoader$1::run@43 (line 427)
                      ; - java.net.URLClassLoader$1::run@1 (line 421)
                      ; - java.security.AccessController::executePrivileged@29 (line 807)
                      ; - java.security.AccessController::doPrivileged@13 (line 712)
                      ; - java.net.URLClassLoader::findClass@13 (line 420)
                      ; - org.gradle.internal.classloader.VisitableURLClassLoader$InstrumentingVisitableURLClassLoader::findClass@10 (line 189)
  0x000002c4d19fbce0: 1cd9 0100 | 488b e848 | 8b94 2480 | 0000 004c | 8b84 2420 | 0100 004c | 8bc8 488b | bc24 1801 
  0x000002c4d19fbd00: 0000 6690 

  0x000002c4d19fbd04: ;   {optimized virtual_call}
  0x000002c4d19fbd04: c5f8 77e8 

  0x000002c4d19fbd08: ; ImmutableOopMap {rbp=Oop [48]=Oop [96]=Oop [120]=Oop [128]=Oop [280]=Oop [288]=Oop }
                      ;*invokevirtual getAndVerifyPackage {reexecute=0 rethrow=0 return_oop=1}
                      ; - java.net.URLClassLoader::defineClass@46 (line 492)
                      ; - java.net.URLClassLoader$1::run@43 (line 427)
                      ; - java.net.URLClassLoader$1::run@1 (line 421)
                      ; - java.security.AccessController::executePrivileged@29 (line 807)
                      ; - java.security.AccessController::doPrivileged@13 (line 712)
                      ; - java.net.URLClassLoader::findClass@13 (line 420)
                      ; - org.gradle.internal.classloader.VisitableURLClassLoader$InstrumentingVisitableURLClassLoader::findClass@10 (line 189)
  0x000002c4d19fbd08: 9414 00f8 | 4885 c00f | 8470 0800 | 0048 8b54 | 2460 6690 

  0x000002c4d19fbd1c: ;   {optimized virtual_call}
  0x000002c4d19fbd1c: c5f8 77e8 

  0x000002c4d19fbd20: ; ImmutableOopMap {[48]=Oop [96]=Oop [120]=Oop [128]=Oop [280]=Oop }
                      ;*invokevirtual getByteBuffer {reexecute=0 rethrow=0 return_oop=1}
                      ; - java.net.URLClassLoader::defineClass@132 (line 511)
                      ; - java.net.URLClassLoader$1::run@43 (line 427)
                      ; - java.net.URLClassLoader$1::run@1 (line 421)
                      ; - java.security.AccessController::executePrivileged@29 (line 807)
                      ; - java.security.AccessController::doPrivileged@13 (line 712)
                      ; - java.net.URLClassLoader::findClass@13 (line 420)
                      ; - org.gradle.internal.classloader.VisitableURLClassLoader$InstrumentingVisitableURLClassLoader::findClass@10 (line 189)
  0x000002c4d19fbd20: fcdc 25f9 | 4885 c00f | 85c7 3a00 | 004c 8b54 | 2460 458b 

  0x000002c4d19fbd34: ;   {metadata('jdk/internal/loader/URLClassPath$JarLoader$2')}
  0x000002c4d19fbd34: 5208 4181 | fa60 5219 | 000f 8515 | 0900 0048 | 8b54 2460 | 4889 5424 | 4066 6690 

  0x000002c4d19fbd50: ;   {optimized virtual_call}
  0x000002c4d19fbd50: c5f8 77e8 

  0x000002c4d19fbd54: ; ImmutableOopMap {[48]=Oop [64]=Oop [96]=Oop [120]=Oop [128]=Oop [280]=Oop }
                      ;*invokevirtual getBytes {reexecute=0 rethrow=0 return_oop=1}
                      ; - java.net.URLClassLoader::defineClass@179 (line 519)
                      ; - java.net.URLClassLoader$1::run@43 (line 427)
                      ; - java.net.URLClassLoader$1::run@1 (line 421)
                      ; - java.security.AccessController::executePrivileged@29 (line 807)
                      ; - java.security.AccessController::doPrivileged@13 (line 712)
                      ; - java.net.URLClassLoader::findClass@13 (line 420)
                      ; - org.gradle.internal.classloader.VisitableURLClassLoader$InstrumentingVisitableURLClassLoader::findClass@10 (line 189)
  0x000002c4d19fbd54: 6806 d9ff | 4889 4424 | 684c 8b5c | 2460 458b 

  0x000002c4d19fbd64: ;   {metadata('jdk/internal/loader/URLClassPath$JarLoader$2')}
  0x000002c4d19fbd64: 5308 4181 | fa60 5219 | 000f 8507 | 0900 0048 | 8b54 2460 

  0x000002c4d19fbd78: ;   {optimized virtual_call}
  0x000002c4d19fbd78: c5f8 77e8 

  0x000002c4d19fbd7c: ; ImmutableOopMap {[48]=Oop [96]=Oop [104]=Oop [120]=Oop [128]=Oop [280]=Oop }
                      ;*invokevirtual getCodeSigners {reexecute=0 rethrow=0 return_oop=1}
                      ; - java.net.URLClassLoader::defineClass@185 (line 521)
                      ; - java.net.URLClassLoader$1::run@43 (line 427)
                      ; - java.net.URLClassLoader$1::run@1 (line 421)
                      ; - java.security.AccessController::executePrivileged@29 (line 807)
                      ; - java.security.AccessController::doPrivileged@13 (line 712)
                      ; - java.net.URLClassLoader::findClass@13 (line 420)
                      ; - org.gradle.internal.classloader.VisitableURLClassLoader$InstrumentingVisitableURLClassLoader::findClass@10 (line 189)
  0x000002c4d19fbd7c: 60d3 15f9 | 4889 4424 | 384c 8b5c | 2460 498b | 8708 0100 | 004c 8bd0 | 4983 c228 | 4d3b 9718 
  0x000002c4d19fbd9c: 0100 000f | 83b1 1100 | 004d 8997 | 0801 0000 | 410f 0d8a | c000 0000 | 48c7 0001 

  0x000002c4d19fbdb8: ;   {metadata('java/security/CodeSource')}
  0x000002c4d19fbdb8: 0000 00c7 | 4008 a0ee | 0000 4489 | 600c 4c89 | 6010 4c89 | 6018 4c89 | 6020 4c89 | 5c24 4048 
  0x000002c4d19fbdd8: 8944 2460 | 488b d04c | 8b84 2418 | 0100 004c | 8b4c 2438 

  0x000002c4d19fbdec: ;   {optimized virtual_call}
  0x000002c4d19fbdec: c5f8 77e8 

  0x000002c4d19fbdf0: ; ImmutableOopMap {[48]=Oop [64]=Oop [96]=Oop [104]=Oop [120]=Oop [128]=Oop }
                      ;*invokespecial <init> {reexecute=0 rethrow=0 return_oop=0}
                      ; - java.net.URLClassLoader::defineClass@198 (line 522)
                      ; - java.net.URLClassLoader$1::run@43 (line 427)
                      ; - java.net.URLClassLoader$1::run@1 (line 421)
                      ; - java.security.AccessController::executePrivileged@29 (line 807)
                      ; - java.security.AccessController::doPrivileged@13 (line 712)
                      ; - java.net.URLClassLoader::findClass@13 (line 420)
                      ; - org.gradle.internal.classloader.VisitableURLClassLoader$InstrumentingVisitableURLClassLoader::findClass@10 (line 189)
  0x000002c4d19fbdf0: acc0 15f9 

  0x000002c4d19fbdf4: ;   {oop(a 'jdk/internal/perf/PerfCounter'{0x0000000080abea00})}
  0x000002c4d19fbdf4: 48ba 00ea | ab80 0000 | 0000 4c8b | 4424 5890 

  0x000002c4d19fbe04: ;   {optimized virtual_call}
  0x000002c4d19fbe04: c5f8 77e8 

  0x000002c4d19fbe08: ; ImmutableOopMap {[48]=Oop [64]=Oop [96]=Oop [104]=Oop [120]=Oop [128]=Oop }
                      ;*invokevirtual addElapsedTimeFrom {reexecute=0 rethrow=0 return_oop=0}
                      ; - java.net.URLClassLoader::defineClass@207 (line 523)
                      ; - java.net.URLClassLoader$1::run@43 (line 427)
                      ; - java.net.URLClassLoader$1::run@1 (line 421)
                      ; - java.security.AccessController::executePrivileged@29 (line 807)
                      ; - java.security.AccessController::doPrivileged@13 (line 712)
                      ; - java.net.URLClassLoader::findClass@13 (line 420)
                      ; - org.gradle.internal.classloader.VisitableURLClassLoader$InstrumentingVisitableURLClassLoader::findClass@10 (line 189)
  0x000002c4d19fbe08: b4c4 adff | 4c8b 4c24 | 6841 8b71 | 0c48 8b94 | 2480 0000 | 004c 8b44 | 2478 33ff | 488b 4c24 
  0x000002c4d19fbe28: 6066 6690 

  0x000002c4d19fbe2c: ;   {optimized virtual_call}
  0x000002c4d19fbe2c: c5f8 77e8 

  0x000002c4d19fbe30: ; ImmutableOopMap {[48]=Oop [64]=Oop [120]=Oop [128]=Oop }
                      ;*invokevirtual defineClass {reexecute=0 rethrow=0 return_oop=1}
                      ; - java.net.URLClassLoader::defineClass@220 (line 524)
                      ; - java.net.URLClassLoader$1::run@43 (line 427)
                      ; - java.net.URLClassLoader$1::run@1 (line 421)
                      ; - java.security.AccessController::executePrivileged@29 (line 807)
                      ; - java.security.AccessController::doPrivileged@13 (line 712)
                      ; - java.net.URLClassLoader::findClass@13 (line 420)
                      ; - org.gradle.internal.classloader.VisitableURLClassLoader$InstrumentingVisitableURLClassLoader::findClass@10 (line 189)
  0x000002c4d19fbe30: 0cbc 0700 | 488b e848 | 85c0 743c | 4c8b 9424 | 8000 0000 | 458b 5a6c | 4585 db0f | 8493 3900 
  0x000002c4d19fbe50: 0049 8bd3 

  0x000002c4d19fbe54: ;   {optimized virtual_call}
  0x000002c4d19fbe54: c5f8 77e8 

  0x000002c4d19fbe58: ; ImmutableOopMap {rbp=Oop }
                      ;*invokevirtual exitClassLoadingScope {reexecute=0 rethrow=0 return_oop=0}
                      ; - org.gradle.internal.classloader.VisitableURLClassLoader$InstrumentingVisitableURLClassLoader::findClass@31 (line 193)
  0x000002c4d19fbe58: a4d3 25f9 | 488b c5c5 | f877 4881 | c450 0100 

  0x000002c4d19fbe68: ;   {poll_return}
  0x000002c4d19fbe68: 005d 493b | a748 0300 | 000f 8779 | 8000 00c3 | 498b 8708 | 0100 004c | 8bd0 4983 | c228 4d3b 
  0x000002c4d19fbe88: 9718 0100 | 000f 835f | 0f00 004d | 8997 0801 | 0000 410f | 0d8a c000 | 0000 48c7 | 0001 0000 
  0x000002c4d19fbea8: ;   {metadata('java/lang/ClassNotFoundException')}
  0x000002c4d19fbea8: 00c7 4008 | 0028 0200 | 4489 600c | 4c89 6010 | 4c89 6018 | 4c89 6020 | 488b e848 | 8bd5 4c8b 
  0x000002c4d19fbec8: 4424 7890 

  0x000002c4d19fbecc: ;   {optimized virtual_call}
  0x000002c4d19fbecc: c5f8 77e8 

  0x000002c4d19fbed0: ; ImmutableOopMap {rbp=Oop [128]=Oop }
                      ;*invokespecial <init> {reexecute=0 rethrow=0 return_oop=0}
                      ; - java.net.URLClassLoader::findClass@41 (line 445)
                      ; - org.gradle.internal.classloader.VisitableURLClassLoader$InstrumentingVisitableURLClassLoader::findClass@10 (line 189)
  0x000002c4d19fbed0: 8c6e aaff | 4c8b 9424 | 8000 0000 | 458b 526c | 4585 d20f | 84a9 3300 | 0049 8bd2 | 4c8b c590 
  0x000002c4d19fbef0: ;   {optimized virtual_call}
  0x000002c4d19fbef0: c5f8 77e8 

  0x000002c4d19fbef4: ; ImmutableOopMap {}
                      ;*invokevirtual exitClassLoadingScopeWithException {reexecute=0 rethrow=0 return_oop=1}
                      ; - org.gradle.internal.classloader.VisitableURLClassLoader$InstrumentingVisitableURLClassLoader::findClass@23 (line 191)
  0x000002c4d19fbef4: 280b 26f9 | 4885 c00f | 849f 3300 | 0048 8bd0 | c5f8 7748 | 81c4 5001 

  0x000002c4d19fbf0c: ;   {runtime_call _rethrow_Java}
  0x000002c4d19fbf0c: 0000 5de9 | ec2a 4cff | 0f1f 8400 | 0000 0000 | 6666 6690 | 4889 7c24 | 5844 895c | 244c 4489 
  0x000002c4d19fbf2c: 4424 484c | 896c 2430 | 488b eb48 | 8bd7 448b | 4424 6890 

  0x000002c4d19fbf40: ;   {optimized virtual_call}
  0x000002c4d19fbf40: c5f8 77e8 

  0x000002c4d19fbf44: ; ImmutableOopMap {rbp=Oop [32]=Oop [40]=Oop [48]=Oop [72]=NarrowOop [80]=NarrowOop [84]=NarrowOop [88]=Oop [112]=Oop [128]=Oop }
                      ;*invokevirtual expungeStaleEntry {reexecute=0 rethrow=0 return_oop=0}
                      ; - java.lang.ThreadLocal$ThreadLocalMap::getEntryAfterMiss@35 (line 459)
                      ; - java.lang.ThreadLocal$ThreadLocalMap::getEntry@38 (line 439)
                      ; - java.lang.ThreadLocal::get@16 (line 165)
                      ; - org.gradle.internal.classloader.TransformErrorHandler::getLastErrorAndClear@4 (line 126)
                      ; - org.gradle.internal.classloader.TransformErrorHandler::enterClassLoadingScope@1 (line 68)
                      ; - org.gradle.internal.classloader.VisitableURLClassLoader$InstrumentingVisitableURLClassLoader::findClass@5 (line 186)
  0x000002c4d19fbf44: 3854 41ff | 8b4c 2468 | 488b dd4c | 8b6c 2430 | 448b 4424 | 4844 8b5c | 244c 488b | 7c24 5841 
  0x000002c4d19fbf64: 3bcb 0f83 | 0330 0000 | 458b 5488 | 1049 8bb7 

  0x000002c4d19fbf74: ; ImmutableOopMap {r10=NarrowOop r8=NarrowOop rbx=Oop rdi=Oop r13=Oop [32]=Oop [40]=Oop [80]=NarrowOop [84]=NarrowOop [112]=Oop [128]=Oop }
                      ;*goto {reexecute=1 rethrow=0 return_oop=0}
                      ; - (reexecute) java.lang.ThreadLocal$ThreadLocalMap::getEntryAfterMiss@54 (line 462)
                      ; - java.lang.ThreadLocal$ThreadLocalMap::getEntry@38 (line 439)
                      ; - java.lang.ThreadLocal::get@16 (line 165)
                      ; - org.gradle.internal.classloader.TransformErrorHandler::getLastErrorAndClear@4 (line 126)
                      ; - org.gradle.internal.classloader.TransformErrorHandler::enterClassLoadingScope@1 (line 68)
                      ; - org.gradle.internal.classloader.VisitableURLClassLoader$InstrumentingVisitableURLClassLoader::findClass@5 (line 186)
  0x000002c4d19fbf74: 5003 0000 

  0x000002c4d19fbf78: ;   {poll}
  0x000002c4d19fbf78: 8506 4585 | d20f 8463 | 0200 0089 | 4c24 6845 | 8b4a 0c4c | 3bcb 0f84 | 76f3 ffff | 453b 620c 
  0x000002c4d19fbf98: 7486 8b4c | 2468 ffc1 | 413b cb7c | be33 c9eb | bac4 c1f9 | 7ec6 c4c1 | f97e c9e9 | a900 0000 
  0x000002c4d19fbfb8: 4183 c202 | 418b eaeb | 0541 8bea | ffc5 3be8 | 0f8d 56f7 | ffff 81f8 | 0000 1000 | 0f87 2f0e 
  0x000002c4d19fbfd8: 0000 4d8b | 8f08 0100 | 004c 63d0 | 4983 c217 | 4983 e2f8 | 4d8b d94d | 03da 4d3b | 9f18 0100 
  0x000002c4d19fbff8: 000f 830a | 0e00 004d | 899f 0801 | 0000 410f | 0d8b c000 | 0000 49c7 | 0101 0000 | 0041 0f0d 
  0x000002c4d19fc018: 8b00 0100 

  0x000002c4d19fc01c: ;   {metadata({type array byte})}
  0x000002c4d19fc01c: 0041 c741 | 0828 6700 | 0041 8941 | 0c41 0f0d | 8b40 0100 | 0041 0f0d | 8b80 0100 | 0085 ed0f 
  0x000002c4d19fc03c: 8e87 0000 | 0044 8bd5 | 41ff ca44 | 3bd0 0f83 | 9b34 0000 | 85c0 0f86 | 9334 0000 | 41ba e803 
  0x000002c4d19fc05c: 0000 4533 | db8b fd41 | 2bfb 33d2 | 413b eb0f | 4cfa 81ff | e803 0000 | 410f 47fa | 4103 fbc4 
  0x000002c4d19fc07c: c1f9 6ec6 | c4c1 f96e | c966 6666 | 0f1f 8400 | 0000 0000 | 4d63 cb43 | 0fbe 5408 | 10c4 c1f9 
  0x000002c4d19fc09c: 7ece 4388 | 540e 1041 | ffc3 443b | df7c e54d | 8b8f 5003 

  0x000002c4d19fc0b0: ; ImmutableOopMap {r8=NarrowOop rbx=Oop r13=Oop r14=Oop xmm0=Oop xmm1=Oop [128]=Oop }
                      ;*goto {reexecute=1 rethrow=0 return_oop=0}
                      ; - (reexecute) java.lang.StringLatin1::replace@76 (line 314)
                      ; - java.lang.String::replace@18 (line 2808)
                      ; - java.net.URLClassLoader$1::run@8 (line 423)
                      ; - java.net.URLClassLoader$1::run@1 (line 421)
                      ; - java.security.AccessController::executePrivileged@29 (line 807)
                      ; - java.security.AccessController::doPrivileged@13 (line 712)
                      ; - java.net.URLClassLoader::findClass@13 (line 420)
                      ; - org.gradle.internal.classloader.VisitableURLClassLoader$InstrumentingVisitableURLClassLoader::findClass@10 (line 189)
                      ;   {poll}
  0x000002c4d19fc0b0: 0000 4185 | 0144 3bdd | 0f8c ebfe | ffff c4c1 | f97e c6c4 | c1f9 7ec9 | 3be8 0f8d | 8df3 ffff 
  0x000002c4d19fc0d0: 3be8 0f83 | e831 0000 | 3bc8 0f83 | e031 0000 | 448b dd41 | ffc3 4863 | cd45 0fbe | 5408 1041 
  0x000002c4d19fc0f0: 83fa 2e0f | 8407 0300 | 0045 8854 | 0910 ffc5 | 413b eb7c | e13b ee0f | 8d2e f3ff | ffe9 8800 
  0x000002c4d19fc110: 0000 41ba | 2f00 0000 | 0f1f 8400 | 0000 0000 | 4788 5419 | 1383 c504 | 3be9 7d5c | 4c63 dd47 
  0x000002c4d19fc130: 0fbe 5418 | 1041 83fa | 2e74 3547 | 8854 1910 | 470f be54 | 1811 4183 | fa2e 7434 | 4788 5419 
  0x000002c4d19fc150: 1147 0fbe | 5418 1241 | 83fa 2e74 | 1b47 8854 | 1912 470f | be54 1813 | 4183 fa2e | 75b2 eba2 
  0x000002c4d19fc170: 41ba 2f00 | 0000 ebc3 | 41ba 2f00 | 0000 ebdd | 41ba 2f00 | 0000 ebc4 | 4d8b 9f50 

  0x000002c4d19fc18c: ; ImmutableOopMap {r8=NarrowOop r9=Oop rbx=Oop r13=Oop r14=Oop [128]=Oop }
                      ;*goto {reexecute=1 rethrow=0 return_oop=0}
                      ; - (reexecute) java.lang.StringLatin1::replace@113 (line 321)
                      ; - java.lang.String::replace@18 (line 2808)
                      ; - java.net.URLClassLoader$1::run@8 (line 423)
                      ; - java.net.URLClassLoader$1::run@1 (line 421)
                      ; - java.security.AccessController::executePrivileged@29 (line 807)
                      ; - java.security.AccessController::doPrivileged@13 (line 712)
                      ; - java.net.URLClassLoader::findClass@13 (line 420)
                      ; - org.gradle.internal.classloader.VisitableURLClassLoader$InstrumentingVisitableURLClassLoader::findClass@10 (line 189)
                      ;   {poll}
  0x000002c4d19fc18c: 0300 0041 | 8503 3bee | 0f8d a1f2 | ffff 8bc8 | 2bcd 83c1 | fd45 33db | 3bf5 410f | 4ccb 81f9 
  0x000002c4d19fc1ac: a00f 0000 | 41ba a00f | 0000 410f | 47ca 03cd | e96b ffff | ff49 8bb7 | 5003 0000 | 448b c841 
  0x000002c4d19fc1cc: ; ImmutableOopMap {r10=NarrowOop rbx=Oop rdx=Oop rbp=Oop r13=Oop [40]=Oop [80]=NarrowOop [84]=NarrowOop [128]=Oop [136]=Oop }
                      ;*ifne {reexecute=1 rethrow=0 return_oop=0}
                      ; - (reexecute) java.lang.ThreadLocal$ThreadLocalMap::cleanSomeSlots@56 (line 676)
                      ; - java.lang.ThreadLocal$ThreadLocalMap::set@113 (line 500)
                      ; - java.lang.ThreadLocal::setInitialValue@22 (line 199)
                      ; - java.lang.ThreadLocal::get@34 (line 172)
                      ; - org.gradle.internal.classloader.TransformErrorHandler::getLastErrorAndClear@4 (line 126)
                      ; - org.gradle.internal.classloader.TransformErrorHandler::enterClassLoadingScope@1 (line 68)
                      ; - org.gradle.internal.classloader.VisitableURLClassLoader$InstrumentingVisitableURLClassLoader::findClass@5 (line 186)
                      ;   {poll}
  0x000002c4d19fc1cc: d1e9 8506 | 4585 c90f | 8454 f1ff | ff41 8bc1 | e9ac 0100 | 0049 8bf3 | eb55 488b | 7424 2044 
  0x000002c4d19fc1ec: 8b5e 4444 | 895c 2450 | 4585 db0f | 84de 0500 | 0044 8b5c | 2450 458b | 4314 458b | 500c 418b 
  0x000002c4d19fc20c: faff cf23 | 7b0c 4585 | d20f 86f2 | 3400 0048 | 89b4 2488 | 0000 0045 | 8b5c b810 | 448b 4c24 
  0x000002c4d19fc22c: 5049 8be9 | 4d8b c845 | 85db 7446 | 498b f344 | 8b5e 0c4c | 3bdb 0f84 | f8f0 ffff | 8b4e 0c85 
  0x000002c4d19fc24c: c90f 8455 | 3400 00ff | c741 3bfa | 0f8d 9903 | 0000 413b | fa0f 83f9 | 2e00 0045 | 8b5c b810 
  0x000002c4d19fc26c: 498b 9750 

  0x000002c4d19fc270: ; ImmutableOopMap {r11=NarrowOop r8=NarrowOop r9=Oop rbx=Oop rbp=Oop r13=Oop [40]=Oop [80]=NarrowOop [84]=NarrowOop [128]=Oop [136]=Oop }
                      ;*goto {reexecute=1 rethrow=0 return_oop=0}
                      ; - (reexecute) java.lang.ThreadLocal$ThreadLocalMap::set@79 (line 486)
                      ; - java.lang.ThreadLocal::setInitialValue@22 (line 199)
                      ; - java.lang.ThreadLocal::get@34 (line 172)
                      ; - org.gradle.internal.classloader.TransformErrorHandler::getLastErrorAndClear@4 (line 126)
                      ; - org.gradle.internal.classloader.TransformErrorHandler::enterClassLoadingScope@1 (line 68)
                      ; - org.gradle.internal.classloader.VisitableURLClassLoader$InstrumentingVisitableURLClassLoader::findClass@5 (line 186)
                      ;   {poll}
  0x000002c4d19fc270: 0300 0085 | 0245 85db | 0f85 63ff | ffff 498b | b708 0100 | 004c 8bde | 4983 c320 | 4d3b 9f18 
  0x000002c4d19fc290: 0100 000f | 83bf 0d00 | 004d 899f | 0801 0000 | 410f 0d8b | c000 0000 | 48c7 0601 

  0x000002c4d19fc2ac: ;   {metadata('java/lang/ThreadLocal$ThreadLocalMap$Entry')}
  0x000002c4d19fc2ac: 0000 00c7 | 4608 3083 | 0b00 4c89 | 6610 4c89 | 6618 4c8b | db44 895e | 0c41 807f | 3800 0f85 
  0x000002c4d19fc2cc: 0508 0000 

  0x000002c4d19fc2d0: ;   {oop(a 'java/lang/ref/ReferenceQueue$Null'{0x000000008059f4f0})}
  0x000002c4d19fc2d0: c746 10f0 | f459 804c 

  0x000002c4d19fc2d8: ;   {oop(a 'java/lang/ref/ReferenceQueue$Null'{0x000000008059f4f0})}
  0x000002c4d19fc2d8: 8bde 48b9 | f0f4 5980 | 0000 0000 | 4933 cb48 | c1e9 1448 | 85c9 741a | 49c1 eb09 | 48b9 0000 
  0x000002c4d19fc2f8: dfd8 c402 | 0000 4903 | cb80 3904 | 0f85 6308 | 0000 f083 | 4424 c000 | 4180 7f38 | 000f 85ed 
  0x000002c4d19fc318: 0700 0044 | 8966 1c41 | 3bfa 0f83 | 2537 0000 | 4d8d 74b8 | 1041 807f | 3800 0f85 | 0308 0000 
  0x000002c4d19fc338: 4d8b de4c | 8bd6 4589 | 164c 8bd6 | 4d33 d349 | c1ea 144d | 85d2 741a | 49c1 eb09 | 48b9 0000 
  0x000002c4d19fc358: dfd8 c402 | 0000 4903 | cb80 3904 | 0f85 a608 | 0000 448b | 5c24 5045 | 8b53 1445 | 8b5b 0c41 
  0x000002c4d19fc378: ffc3 448b | 4c24 5045 | 8959 0c45 | 8b42 0c49 | 8bd2 418b | c3ff c741 | 3bf8 0f8d | 6602 0000 
  0x000002c4d19fc398: 413b f80f | 834b 2f00 | 0045 8b4c | ba10 4585 | c90f 8412 | feff ff41 | 8b49 0c85 | c90f 8506 
  0x000002c4d19fc3b8: feff ff4c | 8bc9 4d85 | c940 0f95 | c540 0fb6 | ed83 f501 | ba45 ffff | ff48 895c | 2438 8b4c 
  0x000002c4d19fc3d8: 2454 894c | 2444 4489 | 5c24 4c89 | 7c24 5489 | 4424 5844 | 8954 245c | 4489 4424 | 6066 6690 
  0x000002c4d19fc3f8: ;   {runtime_call UncommonTrapBlob}
  0x000002c4d19fc3f8: c5f8 77e8 

  0x000002c4d19fc3fc: ; ImmutableOopMap {[40]=Oop [56]=Oop [68]=NarrowOop [80]=NarrowOop [92]=NarrowOop [128]=Oop }
                      ;*ifeq {reexecute=1 rethrow=0 return_oop=0}
                      ; - (reexecute) java.lang.ThreadLocal$ThreadLocalMap::cleanSomeSlots@37 (line 671)
                      ; - java.lang.ThreadLocal$ThreadLocalMap::set@113 (line 500)
                      ; - java.lang.ThreadLocal::setInitialValue@22 (line 199)
                      ; - java.lang.ThreadLocal::get@34 (line 172)
                      ; - org.gradle.internal.classloader.TransformErrorHandler::getLastErrorAndClear@4 (line 126)
                      ; - org.gradle.internal.classloader.TransformErrorHandler::enterClassLoadingScope@1 (line 68)
                      ; - org.gradle.internal.classloader.VisitableURLClassLoader$InstrumentingVisitableURLClassLoader::findClass@5 (line 186)
  0x000002c4d19fc3fc: 00a5 41ff | 41ba 2f00 | 0000 e9ee | fcff ff49 | 8b87 0801 | 0000 4c8b | d049 83c2 | 184d 3b97 
  0x000002c4d19fc41c: 1801 0000 | 0f83 f42a | 0000 4d89 | 9708 0100 | 0041 0f0d | 8ac0 0000 | 0048 c700 | 0100 0000 
  0x000002c4d19fc43c: ;   {metadata('java/lang/String')}
  0x000002c4d19fc43c: c740 08e0 | e900 0044 | 8960 0c44 

  0x000002c4d19fc448: ;   {oop([B{0x0000000080abe170})}
  0x000002c4d19fc448: 8960 10c7 | 4014 70e1 

  0x000002c4d19fc450: ;   {oop(".class"{0x0000000080abe158})}
  0x000002c4d19fc450: ab80 49ba | 58e1 ab80 | 0000 0000 | 458b 520c | 4489 500c | 4c8b c0e9 | 42f4 ffff | 448b 5424 
  0x000002c4d19fc470: 5044 3b54 | 2458 0f83 | c537 0000 | 4180 7f38 | 000f 8563 | 0a00 0044 | 8b5c 2460 | 448b 5424 
  0x000002c4d19fc490: 5047 8964 | 9310 448b | 5c24 5845 | 85db 0f86 | 1c38 0000 | 448b 5424 | 6045 3b64 | aa10 742c 
  0x000002c4d19fc4b0: ffc5 3b6c | 2458 0f8d | 9501 0000 | 4d8b 9750 

  0x000002c4d19fc4c0: ; ImmutableOopMap {rbx=Oop r13=Oop r14=NarrowOop [32]=Oop [40]=Oop [48]=Oop [72]=Oop [84]=NarrowOop [96]=NarrowOop [128]=Oop }
                      ;*goto {reexecute=1 rethrow=0 return_oop=0}
                      ; - (reexecute) java.lang.ThreadLocal$ThreadLocalMap::expungeStaleEntry@123 (line 632)
                      ; - java.lang.ThreadLocal$ThreadLocalMap::remove@46 (line 516)
                      ; - java.lang.ThreadLocal::remove@14 (line 242)
                      ; - org.gradle.internal.classloader.TransformErrorHandler::getLastErrorAndClear@15 (line 127)
                      ; - org.gradle.internal.classloader.TransformErrorHandler::enterClassLoadingScope@1 (line 68)
                      ; - org.gradle.internal.classloader.VisitableURLClassLoader$InstrumentingVisitableURLClassLoader::findClass@5 (line 186)
                      ;   {poll}
  0x000002c4d19fc4c0: 0300 0041 | 8502 3b6c | 2458 0f83 | 7c32 0000 | 448b 5c24 | 6045 3b64 | ab10 75d4 | 3b6c 2458 
  0x000002c4d19fc4e0: 0f83 9a37 | 0000 448b | 5424 6049 | 8d6c aa10 | 4180 7f38 | 000f 8528 | 0a00 004c | 8bc5 4d8b 
  0x000002c4d19fc500: dd44 895d | 004d 8bd5 | 4d33 d049 | c1ea 144d | 85d2 0f84 | 74f0 ffff | 49c1 e809 | 48b9 0000 
  0x000002c4d19fc520: dfd8 c402 | 0000 4903 | c880 3904 | 0f84 5af0 | ffff 4d8b | 5740 4d8b | 5f50 f083 | 4424 c000 
  0x000002c4d19fc540: 8039 000f | 8443 f0ff | ff44 8821 | 4d85 d275 | 1849 8bd7 | c5f8 7749 | baf0 69ab | cefb 7f00 
  0x000002c4d19fc560: 0041 ffd2 | e923 f0ff | ff4b 894c | 13f8 4983 | c2f8 4d89 | 5740 e911 | f0ff ffb9 | 2f00 0000 
  0x000002c4d19fc580: e9cd eeff | ff48 85ed | 0f84 f604 | 0000 488b | 9424 8000 | 0000 4c8b | 8424 2001 | 0000 4c8b 
  0x000002c4d19fc5a0: cd48 8bbc | 2418 0100 | 0066 6690 

  0x000002c4d19fc5ac: ;   {optimized virtual_call}
  0x000002c4d19fc5ac: c5f8 77e8 

  0x000002c4d19fc5b0: ; ImmutableOopMap {rbp=Oop [48]=Oop [96]=Oop [120]=Oop [128]=Oop [280]=Oop [288]=Oop }
                      ;*invokevirtual definePackage {reexecute=0 rethrow=0 return_oop=1}
                      ; - java.net.URLClassLoader::defineClass@64 (line 495)
                      ; - java.net.URLClassLoader$1::run@43 (line 427)
                      ; - java.net.URLClassLoader$1::run@1 (line 421)
                      ; - java.security.AccessController::executePrivileged@29 (line 807)
                      ; - java.security.AccessController::doPrivileged@13 (line 712)
                      ; - java.net.URLClassLoader::findClass@13 (line 420)
                      ; - org.gradle.internal.classloader.VisitableURLClassLoader$InstrumentingVisitableURLClassLoader::findClass@10 (line 189)
  0x000002c4d19fc5b0: 0cd1 2df8 | e95c f7ff | ff33 dbe9 | 67f0 ffff | 4c89 9424 | 2001 0000 | e983 f5ff | ff45 33d2 
  0x000002c4d19fc5d0: 49bb 0000 | dfd8 c402 | 0000 4c89 | 5424 384c | 895c 2440 | e914 fcff | ff33 ede9 | 0bef ffff 
  0x000002c4d19fc5f0: 33ed e9cf | f9ff ff33 | ffe9 60fc | ffff 33ff | e993 fdff | ff45 33ed | e992 efff | ff4c 894c 
  0x000002c4d19fc610: 2420 4489 | 5424 7048 | 897c 2468 | 498b d141 | b801 0000 | 0066 6690 

  0x000002c4d19fc628: ;   {optimized virtual_call}
  0x000002c4d19fc628: c5f8 77e8 

  0x000002c4d19fc62c: ; ImmutableOopMap {[32]=Oop [48]=Oop [96]=Oop [104]=Oop [112]=NarrowOop [120]=Oop [128]=Oop [280]=Oop [288]=Oop }
                      ;*invokevirtual getManifestName {reexecute=0 rethrow=0 return_oop=1}
                      ; - java.util.zip.ZipFile$1::getManifestName@2 (line 1123)
                      ; - java.util.jar.JarFile::maybeInstantiateVerifier@20 (line 723)
                      ; - java.util.jar.JarFile::ensureInitialization@1 (line 1031)
                      ; - java.util.jar.JavaUtilJarAccessImpl::ensureInitialization@1 (line 72)
                      ; - jdk.internal.loader.URLClassPath$JarLoader$2::getManifest@10 (line 885)
                      ; - java.net.URLClassLoader::defineClass@34 (line 491)
                      ; - java.net.URLClassLoader$1::run@43 (line 427)
                      ; - java.net.URLClassLoader$1::run@1 (line 421)
                      ; - java.security.AccessController::executePrivileged@29 (line 807)
                      ; - java.security.AccessController::doPrivileged@13 (line 712)
                      ; - java.net.URLClassLoader::findClass@13 (line 420)
                      ; - org.gradle.internal.classloader.VisitableURLClassLoader$InstrumentingVisitableURLClassLoader::findClass@10 (line 189)
  0x000002c4d19fc62c: d0b1 07f8 | 4885 c00f | 8520 0600 | 0044 8b54 | 2470 4588 | 6212 488b | 7c24 684c | 8b4c 2420 
  0x000002c4d19fc64c: e9bf f5ff | ff33 ede9 | 64fe ffff | 488b 5424 | 6090 c5f8 | 7748 b8ff | ffff ffff 

  0x000002c4d19fc668: ;   {virtual_call}
  0x000002c4d19fc668: ffff ffe8 

  0x000002c4d19fc66c: ; ImmutableOopMap {[48]=Oop [96]=Oop [120]=Oop [128]=Oop [280]=Oop }
                      ;*invokevirtual getBytes {reexecute=0 rethrow=0 return_oop=1}
                      ; - java.net.URLClassLoader::defineClass@179 (line 519)
                      ; - java.net.URLClassLoader$1::run@43 (line 427)
                      ; - java.net.URLClassLoader$1::run@1 (line 421)
                      ; - java.security.AccessController::executePrivileged@29 (line 807)
                      ; - java.security.AccessController::doPrivileged@13 (line 712)
                      ; - java.net.URLClassLoader::findClass@13 (line 420)
                      ; - org.gradle.internal.classloader.VisitableURLClassLoader$InstrumentingVisitableURLClassLoader::findClass@10 (line 189)
  0x000002c4d19fc66c: 1050 41ff | 4889 4424 | 68e9 e3f6 

  0x000002c4d19fc678: ;   {metadata('jdk/internal/loader/URLClassPath$FileLoader$1')}
  0x000002c4d19fc678: ffff 4181 | fab0 db46 | 010f 8403 | f7ff ffba | c6ff ffff | 4c8b 5424 | 304c 8954 | 2428 4c8b 
  0x000002c4d19fc698: 5424 584c | 8954 2448 | 48ff 7424 | 6048 8f44 | 2450 6690 

  0x000002c4d19fc6ac: ;   {runtime_call UncommonTrapBlob}
  0x000002c4d19fc6ac: c5f8 77e8 

  0x000002c4d19fc6b0: ; ImmutableOopMap {[40]=Oop [80]=Oop [104]=Oop [120]=Oop [128]=Oop [280]=Oop }
                      ;*invokevirtual getCodeSigners {reexecute=0 rethrow=0 return_oop=0}
                      ; - java.net.URLClassLoader::defineClass@185 (line 521)
                      ; - java.net.URLClassLoader$1::run@43 (line 427)
                      ; - java.net.URLClassLoader$1::run@1 (line 421)
                      ; - java.security.AccessController::executePrivileged@29 (line 807)
                      ; - java.security.AccessController::doPrivileged@13 (line 712)
                      ; - java.net.URLClassLoader::findClass@13 (line 420)
                      ; - org.gradle.internal.classloader.VisitableURLClassLoader$InstrumentingVisitableURLClassLoader::findClass@10 (line 189)
  0x000002c4d19fc6b0: 4ca2 41ff 

  0x000002c4d19fc6b4: ;   {metadata('jdk/internal/loader/URLClassPath$FileLoader$1')}
  0x000002c4d19fc6b4: 81fb b0db | 4601 0f85 | 0a49 0000 | 33c0 e91d | f6ff ff43 | 8b4c 8d10 | 85c9 0f84 | 1eee ffff 
  0x000002c4d19fc6d4: 4d8b 4720 | 4d85 c00f | 849b 2c00 | 0044 895c | 2450 458b | f541 8bf1 | 418b fa4d | 8b57 304b 
  0x000002c4d19fc6f4: 894c 02f8 | 4983 c0f8 | 4d89 4720 | 448b d744 | 8bce 458b | ee44 8b5c | 2450 e9df | edff ff44 
  0x000002c4d19fc714: 8b43 1c45 | 85c0 0f84 | c7ed ffff | 498b 7f20 | 498b c848 | 85ff 0f84 | 722c 0000 | 4489 5c24 
  0x000002c4d19fc734: 5045 8bf1 | 418b f24d | 8b57 3049 | 894c 3af8 | 4883 c7f8 | 4989 7f20 | 448b d645 | 8bce 448b 
  0x000002c4d19fc754: 5c24 50e9 | 8bed ffff | 895c 242c | 4489 5c24 | 284c 8954 | 2420 488b | 6c24 7849 | 8bd2 c5f8 
  0x000002c4d19fc774: 7748 b8ff | ffff ffff 

  0x000002c4d19fc77c: ;   {virtual_call}
  0x000002c4d19fc77c: ffff ffe8 

  0x000002c4d19fc780: ; ImmutableOopMap {rbp=Oop [32]=Oop [48]=Oop [128]=Oop }
                      ;*invokevirtual getCodeSourceURL {reexecute=0 rethrow=0 return_oop=1}
                      ; - java.net.URLClassLoader::defineClass@13 (line 487)
                      ; - java.net.URLClassLoader$1::run@43 (line 427)
                      ; - java.net.URLClassLoader$1::run@1 (line 421)
                      ; - java.security.AccessController::executePrivileged@29 (line 807)
                      ; - java.security.AccessController::doPrivileged@13 (line 712)
                      ; - java.net.URLClassLoader::findClass@13 (line 420)
                      ; - org.gradle.internal.classloader.VisitableURLClassLoader$InstrumentingVisitableURLClassLoader::findClass@10 (line 189)
  0x000002c4d19fc780: fc4e 41ff | 4889 8424 | 1801 0000 | 4889 6c24 | 784c 8b54 | 2420 4c89 | 5424 6044 | 8b5c 2428 
  0x000002c4d19fc7a0: 8b5c 242c | e9ec f1ff | ff45 33d2 | 49bb 0000 | dfd8 c402 | 0000 4889 | 5424 2044 | 8b4c 2454 
  0x000002c4d19fc7c0: 4489 4c24 | 4848 8974 | 2458 4c89 | 6c24 304c | 8954 2460 | 4c89 5c24 | 68eb 354c | 8b94 2480 
  0x000002c4d19fc7e0: 0000 004c | 8954 2420 | 448b 5c24 | 5444 895c | 2448 4889 | 7424 584c | 896c 2430 | 4c8b 5424 
  0x000002c4d19fc800: 384c 8954 | 2460 48ff | 7424 4048 | 8f44 2468 | 488b eb48 | 8bd3 4c8b | 4424 584c | 8b4c 2460 
  0x000002c4d19fc820: ;   {optimized virtual_call}
  0x000002c4d19fc820: c5f8 77e8 

  0x000002c4d19fc824: ; ImmutableOopMap {rbp=Oop [32]=Oop [40]=Oop [48]=Oop [72]=NarrowOop [88]=Oop }
                      ;*invokevirtual createMap {reexecute=0 rethrow=0 return_oop=0}
                      ; - java.lang.ThreadLocal::setInitialValue@31 (line 201)
                      ; - java.lang.ThreadLocal::get@34 (line 172)
                      ; - org.gradle.internal.classloader.TransformErrorHandler::getLastErrorAndClear@4 (line 126)
                      ; - org.gradle.internal.classloader.TransformErrorHandler::enterClassLoadingScope@1 (line 68)
                      ; - org.gradle.internal.classloader.VisitableURLClassLoader$InstrumentingVisitableURLClassLoader::findClass@5 (line 186)
  0x000002c4d19fc824: 584b 41ff | 4c8b 5424 | 204c 8994 | 2480 0000 | 0044 8b54 | 2448 4489 | 5424 544c | 8b54 2458 
  0x000002c4d19fc844: 4c89 9424 | 8800 0000 | 4c8b 6c24 | 304c 8b54 | 2460 4c89 | 5424 3848 | ff74 2468 | 488f 4424 
  0x000002c4d19fc864: 40e9 e5ea | ffff 4c8b | 4c24 48e9 | 61ed ffff | 85ed 0f84 | dfec ffff | 4d8b 5720 | 488b cd4d 
  0x000002c4d19fc884: 85d2 0f84 | 5c2e 0000 | 4d8b 5f30 | 4b89 4c13 | f849 83c2 | f84d 8957 | 20e9 b9ec | ffff 450f 
  0x000002c4d19fc8a4: b65a 1145 | 85db 0f85 | 6af3 ffff | 4c89 4c24 | 2041 8bea | 4889 7c24 

  0x000002c4d19fc8bc: ;   {oop(a 'java/lang/ThreadLocal'{0x0000000080c513d0})}
  0x000002c4d19fc8bc: 2848 bad0 | 13c5 8000 

  0x000002c4d19fc8c4: ;   {oop(a 'java/lang/Boolean'{0x000000008059bb08} = true)}
  0x000002c4d19fc8c4: 0000 0049 | b808 bb59 | 8000 0000 | 0066 6690 

  0x000002c4d19fc8d4: ;   {optimized virtual_call}
  0x000002c4d19fc8d4: c5f8 77e8 

  0x000002c4d19fc8d8: ; ImmutableOopMap {rbp=NarrowOop [32]=Oop [40]=Oop [48]=Oop [96]=Oop [120]=Oop [128]=Oop [280]=Oop [288]=Oop }
                      ;*invokevirtual set {reexecute=0 rethrow=0 return_oop=0}
                      ; - java.util.jar.JarFile::ensureInitialization@37 (line 1036)
                      ; - java.util.jar.JavaUtilJarAccessImpl::ensureInitialization@1 (line 72)
                      ; - jdk.internal.loader.URLClassPath$JarLoader$2::getManifest@10 (line 885)
                      ; - java.net.URLClassLoader::defineClass@34 (line 491)
                      ; - java.net.URLClassLoader$1::run@43 (line 427)
                      ; - java.net.URLClassLoader$1::run@1 (line 421)
                      ; - java.security.AccessController::executePrivileged@29 (line 807)
                      ; - java.security.AccessController::doPrivileged@13 (line 712)
                      ; - java.net.URLClassLoader::findClass@13 (line 420)
                      ; - org.gradle.internal.classloader.VisitableURLClassLoader$InstrumentingVisitableURLClassLoader::findClass@10 (line 189)
  0x000002c4d19fc8d8: a44a 41ff | 488b 5424 | 2066 6690 

  0x000002c4d19fc8e4: ;   {optimized virtual_call}
  0x000002c4d19fc8e4: c5f8 77e8 

  0x000002c4d19fc8e8: ; ImmutableOopMap {rbp=NarrowOop [32]=Oop [40]=Oop [48]=Oop [96]=Oop [120]=Oop [128]=Oop [280]=Oop [288]=Oop }
                      ;*invokevirtual initializeVerifier {reexecute=0 rethrow=0 return_oop=0}
                      ; - java.util.jar.JarFile::ensureInitialization@41 (line 1038)
                      ; - java.util.jar.JavaUtilJarAccessImpl::ensureInitialization@1 (line 72)
                      ; - jdk.internal.loader.URLClassPath$JarLoader$2::getManifest@10 (line 885)
                      ; - java.net.URLClassLoader::defineClass@34 (line 491)
                      ; - java.net.URLClassLoader$1::run@43 (line 427)
                      ; - java.net.URLClassLoader$1::run@1 (line 421)
                      ; - java.security.AccessController::executePrivileged@29 (line 807)
                      ; - java.security.AccessController::doPrivileged@13 (line 712)
                      ; - java.net.URLClassLoader::findClass@13 (line 420)
                      ; - org.gradle.internal.classloader.VisitableURLClassLoader$InstrumentingVisitableURLClassLoader::findClass@10 (line 189)
  0x000002c4d19fc8e8: 944a 41ff | 448b d541 | c642 1101 

  0x000002c4d19fc8f4: ;   {oop(a 'java/lang/ThreadLocal'{0x0000000080c513d0})}
  0x000002c4d19fc8f4: 48ba d013 | c580 0000 

  0x000002c4d19fc8fc: ;   {oop(a 'java/lang/Boolean'{0x00000000805bf6b0} = false)}
  0x000002c4d19fc8fc: 0000 49b8 | b0f6 5b80 | 0000 0000 

  0x000002c4d19fc908: ;   {optimized virtual_call}
  0x000002c4d19fc908: c5f8 77e8 

  0x000002c4d19fc90c: ; ImmutableOopMap {[32]=Oop [40]=Oop [48]=Oop [96]=Oop [120]=Oop [128]=Oop [280]=Oop [288]=Oop }
                      ;*invokevirtual set {reexecute=0 rethrow=0 return_oop=0}
                      ; - java.util.jar.JarFile::ensureInitialization@55 (line 1041)
                      ; - java.util.jar.JavaUtilJarAccessImpl::ensureInitialization@1 (line 72)
                      ; - jdk.internal.loader.URLClassPath$JarLoader$2::getManifest@10 (line 885)
                      ; - java.net.URLClassLoader::defineClass@34 (line 491)
                      ; - java.net.URLClassLoader$1::run@43 (line 427)
                      ; - java.net.URLClassLoader$1::run@1 (line 421)
                      ; - java.security.AccessController::executePrivileged@29 (line 807)
                      ; - java.security.AccessController::doPrivileged@13 (line 712)
                      ; - java.net.URLClassLoader::findClass@13 (line 420)
                      ; - org.gradle.internal.classloader.VisitableURLClassLoader$InstrumentingVisitableURLClassLoader::findClass@10 (line 189)
  0x000002c4d19fc90c: 704a 41ff | 488b 7c24 | 284c 8b4c | 2420 e9fb 

  0x000002c4d19fc91c: ;   {oop(""{0x0000000080589c28})}
  0x000002c4d19fc91c: f2ff ff49 | bd28 9c58 | 8000 0000 | 00e9 1af2 | ffff c4e1 | f96e c14c | 896c 2428 | 895c 2420 
  0x000002c4d19fc93c: 4c63 c54d | 8bc8 4983 | c110 498b | c948 83e1 | f849 8bfe | 4803 f949 | c1e9 034d | 2bd1 498b 
  0x000002c4d19fc95c: ca48 33c0 | 4883 f908 | 7f10 48ff | c978 4f48 | 8904 cf48 | ffc9 7df7 | eb44 c5f5 | efc9 e90d 
  0x000002c4d19fc97c: 0000 00c5 | fe7f 0fc5 | fe7f 4f20 | 4883 c740 | 4883 e908 | 7ded 4883 | c104 7c0c | c5fe 7f0f 
  0x000002c4d19fc99c: 4883 c720 | 4883 e904 | 4883 c104 | 7e10 48ff | c9c5 f9d6 | 0f48 83c7 | 0848 ffc9 | 7df3 c4e1 
  0x000002c4d19fc9bc: f97e c1c5 | f877 49ba | 607f dfd0 | c402 0000 | 41ff d28b | 5c24 204c | 8b6c 2428 | e930 f1ff 
  0x000002c4d19fc9dc: ff4d 8b57 | 404d 8b5f | 50f0 8344 | 24c0 0080 | 3900 0f84 | 50f1 ffff | 4488 214d | 85d2 7518 
  0x000002c4d19fc9fc: 498b d7c5 | f877 49ba | f069 abce | fb7f 0000 | 41ff d2e9 | 30f1 ffff | 4b89 4c13 | f849 83c2 
  0x000002c4d19fca1c: f84d 8957 | 40e9 1ef1 | ffff 4c8b | d54c 8b5c | 2440 4c89 | 5c24 584c | 8b5c 2438 | 4c89 5c24 
  0x000002c4d19fca3c: 484c 896c | 2440 448b | 4424 5444 | 8944 2430 | 488b eb49 | 8bd2 6690 

  0x000002c4d19fca54: ;   {optimized virtual_call}
  0x000002c4d19fca54: c5f8 77e8 

  0x000002c4d19fca58: ; ImmutableOopMap {rbp=Oop [40]=Oop [48]=NarrowOop [64]=Oop [128]=Oop [136]=Oop }
                      ;*invokevirtual rehash {reexecute=0 rethrow=0 return_oop=0}
                      ; - java.lang.ThreadLocal$ThreadLocalMap::set@129 (line 501)
                      ; - java.lang.ThreadLocal::setInitialValue@22 (line 199)
                      ; - java.lang.ThreadLocal::get@34 (line 172)
                      ; - org.gradle.internal.classloader.TransformErrorHandler::getLastErrorAndClear@4 (line 126)
                      ; - org.gradle.internal.classloader.TransformErrorHandler::enterClassLoadingScope@1 (line 68)
                      ; - org.gradle.internal.classloader.VisitableURLClassLoader$InstrumentingVisitableURLClassLoader::findClass@5 (line 186)
  0x000002c4d19fca58: 2449 41ff | 448b 5424 | 3044 8954 | 2454 4c8b | 6c24 404c | 8b54 2448 | 4c89 5424 | 384c 8b54 
  0x000002c4d19fca78: 2458 4c89 | 5424 40e9 | cbe8 ffff | 488b 9424 | 8000 0000 | 4c8b 8424 | 2001 0000 | 4c8b 4c24 
  0x000002c4d19fca98: 3848 8b7c | 2438 488b | 7424 3848 | 8b4c 2438 | 4c8b 5424 | 384c 8914 | 244c 8b54 | 2438 4c89 
  0x000002c4d19fcab8: 5424 084c | 8b54 2438 | 4c89 5424 | 1066 6690 

  0x000002c4d19fcac8: ;   {optimized virtual_call}
  0x000002c4d19fcac8: c5f8 77e8 

  0x000002c4d19fcacc: ; ImmutableOopMap {[48]=Oop [96]=Oop [120]=Oop [128]=Oop [280]=Oop [288]=Oop }
                      ;*invokevirtual definePackage {reexecute=0 rethrow=0 return_oop=1}
                      ; - java.net.URLClassLoader::defineClass@81 (line 497)
                      ; - java.net.URLClassLoader$1::run@43 (line 427)
                      ; - java.net.URLClassLoader$1::run@1 (line 421)
                      ; - java.security.AccessController::executePrivileged@29 (line 807)
                      ; - java.security.AccessController::doPrivileged@13 (line 712)
                      ; - java.net.URLClassLoader::findClass@13 (line 420)
                      ; - org.gradle.internal.classloader.VisitableURLClassLoader$InstrumentingVisitableURLClassLoader::findClass@10 (line 189)
  0x000002c4d19fcacc: b048 41ff | e940 f2ff | ff44 8b5e | 1045 85db | 0f84 eef7 | ffff 498b | 5720 498b | cb48 85d2 
  0x000002c4d19fcaec: 0f84 c530 | 0000 4d8b | 5f30 4989 | 4c13 f848 | 83c2 f849 | 8957 20e9 | c8f7 ffff | 448b 5e1c 
  0x000002c4d19fcb0c: 4585 db0f | 8406 f8ff | ff49 8b57 | 2049 8bcb | 4885 d20f | 8420 3000 | 004d 8b5f | 3049 894c 
  0x000002c4d19fcb2c: 13f8 4883 | c2f8 4989 | 5720 e9e0 | f7ff ff45 | 8b1e 4585 | db0f 84f1 | f7ff ff4d | 8b57 2049 
  0x000002c4d19fcb4c: 8bcb 4d85 | d20f 84d2 | 3000 004d | 8b5f 304b | 894c 13f8 | 4983 c2f8 | 4d89 5720 | e9cb f7ff 
  0x000002c4d19fcb6c: ff4d 8b5f | 5049 8b57 | 40f0 8344 | 24c0 0080 | 3900 0f84 | 86f7 ffff | 4488 2148 | 85d2 7572 
  0x000002c4d19fcb8c: 4889 7424 | 704c 894c | 2468 4889 | 6c24 6089 | 7c24 5844 | 8954 244c | 4489 4424 | 484c 8b54 
  0x000002c4d19fcbac: 2438 4c89 | 5424 204d | 8bf5 488b | eb49 8bd7 | c5f8 7749 | baf0 69ab | cefb 7f00 | 0041 ffd2 
  0x000002c4d19fcbcc: 488b dd4d | 8bee 4c8b | 5424 204c | 8954 2438 | 448b 4424 | 4844 8b54 | 244c 8b7c | 2458 488b 
  0x000002c4d19fcbec: 6c24 604c | 8b4c 2468 | 488b 7424 | 70e9 0cf7 | ffff 4989 | 4c13 f848 | 83c2 f849 | 8957 40e9 
  0x000002c4d19fcc0c: faf6 ffff | 4d8b 5740 | 4d8b 5f50 | f083 4424 | c000 8039 | 000f 8443 | f7ff ff44 | 8821 4d85 
  0x000002c4d19fcc2c: d275 1849 | 8bd7 c5f8 | 7749 baf0 | 69ab cefb | 7f00 0041 | ffd2 e923 | f7ff ff4b | 894c 13f8 
  0x000002c4d19fcc4c: 4983 c2f8 | 4d89 5740 | e911 f7ff 

  0x000002c4d19fcc58: ;   {metadata('java/util/jar/JarFile')}
  0x000002c4d19fcc58: ff81 fd88 | 8018 000f | 85c9 4700 | 004c 8b54 | 2420 498b | da44 8b43 | 2845 85c0 | 0f84 2e05 
  0x000002c4d19fcc78: 0000 418b | 680c 4180 | 7f38 000f | 85fb 2d00 | 0044 8b5d | 084d 8b50 

  0x000002c4d19fcc90: ;   {oop(a 'java/lang/Class'{0x0000000080c0a210} = 'java/lang/ref/SoftReference')}
  0x000002c4d19fcc90: 2049 b910 | a2c0 8000 | 0000 004d | 8b49 704d | 3bd1 0f85 | be22 0000 

  0x000002c4d19fcca8: ;   {metadata('java/util/jar/Manifest')}
  0x000002c4d19fcca8: 4181 fb00 | 9c06 000f | 85c7 5900 | 0048 8b7c | 2468 448b | 5424 704c | 8b4c 2420 | e947 efff 
  0x000002c4d19fccc8: ff44 8b56 | 1c45 85d2 | 0f84 75e6 | ffff 4d8b | 5f20 498b | ca4d 85db | 0f84 1a30 | 0000 4d8b 
  0x000002c4d19fcce8: 5730 4b89 | 4c1a f849 | 83c3 f84d | 895f 20e9 | 4fe6 ffff | 4489 4424 | 6c48 8944 | 2470 4489 
  0x000002c4d19fcd08: 5424 6844 | 8974 2464 | 8974 2460 | 4c89 5c24 | 584c 894c | 2450 4889 | 5c24 484c | 8b54 2440 
  0x000002c4d19fcd28: 4c89 5424 | 304c 8b54 | 2438 4c89 | 5424 284c | 896c 2420 

  0x000002c4d19fcd3c: ;   {metadata({type array byte})}
  0x000002c4d19fcd3c: 48ba 2867 | 00e1 c402 | 0000 6690 

  0x000002c4d19fcd48: ;   {runtime_call _new_array_Java}
  0x000002c4d19fcd48: c5f8 77e8 

  0x000002c4d19fcd4c: ; ImmutableOopMap {[32]=Oop [72]=Oop [80]=Oop [88]=Oop [128]=Oop }
                      ;*invokevirtual allocateUninitializedArray0 {reexecute=0 rethrow=0 return_oop=1}
                      ; - jdk.internal.misc.Unsafe::allocateUninitializedArray@51 (line 1375)
                      ; - java.lang.StringConcatHelper::newArray@33 (line 497)
                      ; - java.lang.StringConcatHelper::simpleConcat@61 (line 421)
                      ; - java.lang.String::concat@11 (line 2774)
                      ; - java.net.URLClassLoader$1::run@13 (line 423)
                      ; - java.net.URLClassLoader$1::run@1 (line 421)
                      ; - java.security.AccessController::executePrivileged@29 (line 807)
                      ; - java.security.AccessController::doPrivileged@13 (line 712)
                      ; - java.net.URLClassLoader::findClass@13 (line 420)
                      ; - org.gradle.internal.classloader.VisitableURLClassLoader$InstrumentingVisitableURLClassLoader::findClass@10 (line 189)
  0x000002c4d19fcd4c: b036 4cff | 488b c84c | 8b6c 2420 | 4c8b 5424 | 284c 8954 | 2438 4c8b | 5424 304c | 8954 2440 
  0x000002c4d19fcd6c: 488b 5c24 | 484c 8b4c | 2450 4c8b | 5c24 588b | 7424 6044 | 8b74 2464 | 448b 5424 | 6848 8b44 
  0x000002c4d19fcd8c: 2470 448b | 4424 6c48 | 8bf9 e95b | eaff ff48 | 897c 2448 | 4889 5c24 | 304c 8b54 | 2440 4c89 
  0x000002c4d19fcdac: 5424 2848 | 8b6c 2438 | 4c89 6c24 

  0x000002c4d19fcdb8: ;   {metadata('java/lang/String')}
  0x000002c4d19fcdb8: 2048 bae0 | e900 e1c4 | 0200 0090 

  0x000002c4d19fcdc4: ;   {runtime_call _new_instance_Java}
  0x000002c4d19fcdc4: c5f8 77e8 

  0x000002c4d19fcdc8: ; ImmutableOopMap {[32]=Oop [48]=Oop [72]=Oop [128]=Oop }
                      ;*new {reexecute=0 rethrow=0 return_oop=1}
                      ; - java.lang.StringConcatHelper::newString@6 (line 387)
                      ; - java.lang.StringConcatHelper::simpleConcat@90 (line 426)
                      ; - java.lang.String::concat@11 (line 2774)
                      ; - java.net.URLClassLoader$1::run@13 (line 423)
                      ; - java.net.URLClassLoader$1::run@1 (line 421)
                      ; - java.security.AccessController::executePrivileged@29 (line 807)
                      ; - java.security.AccessController::doPrivileged@13 (line 712)
                      ; - java.net.URLClassLoader::findClass@13 (line 420)
                      ; - org.gradle.internal.classloader.VisitableURLClassLoader$InstrumentingVisitableURLClassLoader::findClass@10 (line 189)
  0x000002c4d19fcdc8: 3433 4cff | 4c8b 6c24 | 2048 896c | 2438 4c8b | 5c24 284c | 895c 2440 | 488b 5c24 | 3048 8b7c 
  0x000002c4d19fcde8: 2448 4c8b | c0e9 b5ea 

  0x000002c4d19fcdf0: ;   {metadata('java/lang/ClassNotFoundException')}
  0x000002c4d19fcdf0: ffff 48ba | 0028 02e1 | c402 0000 

  0x000002c4d19fcdfc: ;   {runtime_call _new_instance_Java}
  0x000002c4d19fcdfc: c5f8 77e8 

  0x000002c4d19fce00: ; ImmutableOopMap {[120]=Oop [128]=Oop }
                      ;*new {reexecute=0 rethrow=0 return_oop=1}
                      ; - java.net.URLClassLoader::findClass@36 (line 445)
                      ; - org.gradle.internal.classloader.VisitableURLClassLoader$InstrumentingVisitableURLClassLoader::findClass@10 (line 189)
  0x000002c4d19fce00: fc32 4cff | e9b7 f0ff | ff4c 8974 | 2460 8974 | 245c 894c | 2458 8944 | 2454 4489 | 4424 5048 
  0x000002c4d19fce20: 895c 2448 | 4c8b 5424 | 404c 8954 | 2430 4c8b | 5424 384c | 8954 2428 | 4c89 6c24 

  0x000002c4d19fce3c: ;   {metadata({type array byte})}
  0x000002c4d19fce3c: 2048 ba28 | 6700 e1c4 | 0200 0044 | 8bc0 6690 

  0x000002c4d19fce4c: ;   {runtime_call _new_array_Java}
  0x000002c4d19fce4c: c5f8 77e8 

  0x000002c4d19fce50: ; ImmutableOopMap {[32]=Oop [72]=Oop [80]=NarrowOop [96]=Oop [128]=Oop }
                      ;*invokevirtual allocateUninitializedArray0 {reexecute=0 rethrow=0 return_oop=1}
                      ; - jdk.internal.misc.Unsafe::allocateUninitializedArray@51 (line 1375)
                      ; - java.lang.StringConcatHelper::newArray@33 (line 497)
                      ; - java.lang.StringLatin1::replace@49 (line 313)
                      ; - java.lang.String::replace@18 (line 2808)
                      ; - java.net.URLClassLoader$1::run@8 (line 423)
                      ; - java.net.URLClassLoader$1::run@1 (line 421)
                      ; - java.security.AccessController::executePrivileged@29 (line 807)
                      ; - java.security.AccessController::doPrivileged@13 (line 712)
                      ; - java.net.URLClassLoader::findClass@13 (line 420)
                      ; - org.gradle.internal.classloader.VisitableURLClassLoader$InstrumentingVisitableURLClassLoader::findClass@10 (line 189)
  0x000002c4d19fce50: ac35 4cff | 4c8b d04c | 8b6c 2420 | 4c8b 5c24 | 284c 895c | 2438 4c8b | 5c24 304c | 895c 2440 
  0x000002c4d19fce70: 488b 5c24 | 4844 8b44 | 2450 8b44 | 2454 8b4c | 2458 8b74 | 245c 4c8b | 7424 604d | 8bca e9a6 
  0x000002c4d19fce90: f1ff ff4c | 894c 2448 | 4889 5c24 | 304c 8b54 | 2440 4c89 | 5424 2848 | 8b6c 2438 | 4c89 6c24 
  0x000002c4d19fceb0: ;   {metadata('java/lang/String')}
  0x000002c4d19fceb0: 2048 bae0 | e900 e1c4 | 0200 0090 

  0x000002c4d19fcebc: ;   {runtime_call _new_instance_Java}
  0x000002c4d19fcebc: c5f8 77e8 

  0x000002c4d19fcec0: ; ImmutableOopMap {[32]=Oop [48]=Oop [72]=Oop [128]=Oop }
                      ;*new {reexecute=0 rethrow=0 return_oop=1}
                      ; - java.lang.StringLatin1::replace@116 (line 322)
                      ; - java.lang.String::replace@18 (line 2808)
                      ; - java.net.URLClassLoader$1::run@8 (line 423)
                      ; - java.net.URLClassLoader$1::run@1 (line 421)
                      ; - java.security.AccessController::executePrivileged@29 (line 807)
                      ; - java.security.AccessController::doPrivileged@13 (line 712)
                      ; - java.net.URLClassLoader::findClass@13 (line 420)
                      ; - org.gradle.internal.classloader.VisitableURLClassLoader$InstrumentingVisitableURLClassLoader::findClass@10 (line 189)
  0x000002c4d19fcec0: 3c32 4cff | 4c8b 6c24 | 2048 896c | 2438 4c8b | 5c24 284c | 895c 2440 | 488b 5c24 | 304c 8b4c 
  0x000002c4d19fcee0: 2448 4c8b | d8e9 b4e5 | ffff 448b | 5c24 6047 | 8b5c 9310 | 4585 db0f | 848a f5ff | ff4d 8b57 
  0x000002c4d19fcf00: 2049 8bcb | 4d85 d20f | 8427 3000 | 004d 8b5f | 304b 894c | 13f8 4983 | c2f8 4d89 | 5720 e964 
  0x000002c4d19fcf20: f5ff ff44 | 8b55 0045 | 85d2 0f84 | cbf5 ffff | 4d8b 5f20 | 498b ca4d | 85db 0f84 | 0c30 0000 
  0x000002c4d19fcf40: 4d8b 5730 | 4b89 4c1a | f849 83c3 | f84d 895f | 20e9 a5f5 | ffff 4c89 

  0x000002c4d19fcf58: ;   {metadata('java/security/CodeSource')}
  0x000002c4d19fcf58: 5c24 4048 | baa0 ee00 | e1c4 0200 | 0066 6690 

  0x000002c4d19fcf68: ;   {runtime_call _new_instance_Java}
  0x000002c4d19fcf68: c5f8 77e8 

  0x000002c4d19fcf6c: ; ImmutableOopMap {[48]=Oop [56]=Oop [64]=Oop [104]=Oop [120]=Oop [128]=Oop [280]=Oop }
                      ;*new {reexecute=0 rethrow=0 return_oop=1}
                      ; - java.net.URLClassLoader::defineClass@190 (line 522)
                      ; - java.net.URLClassLoader$1::run@43 (line 427)
                      ; - java.net.URLClassLoader$1::run@1 (line 421)
                      ; - java.security.AccessController::executePrivileged@29 (line 807)
                      ; - java.security.AccessController::doPrivileged@13 (line 712)
                      ; - java.net.URLClassLoader::findClass@13 (line 420)
                      ; - org.gradle.internal.classloader.VisitableURLClassLoader$InstrumentingVisitableURLClassLoader::findClass@10 (line 189)
  0x000002c4d19fcf6c: 9031 4cff | e962 eeff | ff44 8944 | 244c 895c | 2448 418b | eb4c 8b54 | 2460 4c89 | 5424 284c 
  0x000002c4d19fcf8c: 8b54 2478 | 4c89 5424 

  0x000002c4d19fcf94: ;   {metadata('java/lang/String')}
  0x000002c4d19fcf94: 2048 bae0 | e900 e1c4 | 0200 0090 

  0x000002c4d19fcfa0: ;   {runtime_call _new_instance_Java}
  0x000002c4d19fcfa0: c5f8 77e8 

  0x000002c4d19fcfa4: ; ImmutableOopMap {[32]=Oop [40]=Oop [48]=Oop [76]=NarrowOop [128]=Oop [280]=Oop }
                      ;*new {reexecute=0 rethrow=0 return_oop=1}
                      ; - java.lang.StringLatin1::newString@7 (line 769)
                      ; - java.lang.String::substring@41 (line 2714)
                      ; - java.net.URLClassLoader::defineClass@28 (line 489)
                      ; - java.net.URLClassLoader$1::run@43 (line 427)
                      ; - java.net.URLClassLoader$1::run@1 (line 421)
                      ; - java.security.AccessController::executePrivileged@29 (line 807)
                      ; - java.security.AccessController::doPrivileged@13 (line 712)
                      ; - java.net.URLClassLoader::findClass@13 (line 420)
                      ; - org.gradle.internal.classloader.VisitableURLClassLoader$InstrumentingVisitableURLClassLoader::findClass@10 (line 189)
  0x000002c4d19fcfa4: 5831 4cff | 4c8b 5c24 | 204c 895c | 2478 4c8b | 5c24 284c | 895c 2460 | 448b dd8b | 5c24 4844 
  0x000002c4d19fcfc4: 8b44 244c | 4c8b e8e9 | 5cea ffff | 4889 bc24 | 8800 0000 | 4c89 5424 | 704c 896c | 2468 4489 
  0x000002c4d19fcfe4: 4424 5089 | 5c24 4c44 | 895c 2448 | 4c8b 5424 | 604c 8954 | 2428 4c8b | 5424 784c | 8954 2420 
  0x000002c4d19fd004: ;   {metadata({type array byte})}
  0x000002c4d19fd004: 48ba 2867 | 00e1 c402 | 0000 458b | c366 6690 

  0x000002c4d19fd014: ;   {runtime_call _new_array_nozero_Java}
  0x000002c4d19fd014: c5f8 77e8 

  0x000002c4d19fd018: ; ImmutableOopMap {[32]=Oop [40]=Oop [48]=Oop [80]=NarrowOop [104]=Oop [128]=Oop [280]=Oop }
                      ;*newarray {reexecute=0 rethrow=0 return_oop=1}
                      ; - java.util.Arrays::copyOfRange@41 (line 3822)
                      ; - java.lang.StringLatin1::newString@16 (line 769)
                      ; - java.lang.String::substring@41 (line 2714)
                      ; - java.net.URLClassLoader::defineClass@28 (line 489)
                      ; - java.net.URLClassLoader$1::run@43 (line 427)
                      ; - java.net.URLClassLoader$1::run@1 (line 421)
                      ; - java.security.AccessController::executePrivileged@29 (line 807)
                      ; - java.security.AccessController::doPrivileged@13 (line 712)
                      ; - java.net.URLClassLoader::findClass@13 (line 420)
                      ; - org.gradle.internal.classloader.VisitableURLClassLoader$InstrumentingVisitableURLClassLoader::findClass@10 (line 189)
  0x000002c4d19fd018: e436 4cff | 4c8b 5424 | 204c 8954 | 2478 4c8b | 5424 284c | 8954 2460 | 448b 5c24 | 488b 5c24 
  0x000002c4d19fd038: 4c44 8b44 | 2450 4c8b | 6c24 684c | 8b54 2470 | 488b bc24 | 8800 0000 | 4c8b f0e9 | 74ea ffff 
  0x000002c4d19fd058: 4c89 4c24 | 7848 896c | 2470 897c | 2468 4489 | 5424 6444 | 8944 2460 | 4c8b 5424 | 404c 8954 
  0x000002c4d19fd078: 2458 4c8b | 5424 384c | 8954 2448 | 4c89 6c24 | 4048 895c | 2438 448b | 5c24 5044 | 895c 2424 
  0x000002c4d19fd098: 4c8b 9424 | 8800 0000 | 4c89 5424 | 3044 8b5c | 2454 4489 | 5c24 2048 | 8bac 2480 

  0x000002c4d19fd0b4: ;   {metadata('java/lang/ThreadLocal$ThreadLocalMap$Entry')}
  0x000002c4d19fd0b4: 0000 0048 | ba30 830b | e1c4 0200 | 0066 6690 

  0x000002c4d19fd0c4: ;   {runtime_call _new_instance_Java}
  0x000002c4d19fd0c4: c5f8 77e8 

  0x000002c4d19fd0c8: ; ImmutableOopMap {rbp=Oop [32]=NarrowOop [36]=NarrowOop [40]=Oop [48]=Oop [56]=Oop [64]=Oop [96]=NarrowOop [112]=Oop [120]=Oop }
                      ;*new {reexecute=0 rethrow=0 return_oop=1}
                      ; - java.lang.ThreadLocal$ThreadLocalMap::set@85 (line 498)
                      ; - java.lang.ThreadLocal::setInitialValue@22 (line 199)
                      ; - java.lang.ThreadLocal::get@34 (line 172)
                      ; - org.gradle.internal.classloader.TransformErrorHandler::getLastErrorAndClear@4 (line 126)
                      ; - org.gradle.internal.classloader.TransformErrorHandler::enterClassLoadingScope@1 (line 68)
                      ; - org.gradle.internal.classloader.VisitableURLClassLoader$InstrumentingVisitableURLClassLoader::findClass@5 (line 186)
  0x000002c4d19fd0c8: 3430 4cff | 4889 ac24 | 8000 0000 | 448b 5424 | 2044 8954 | 2454 4c8b | 5424 304c | 8994 2488 
  0x000002c4d19fd0e8: 0000 0044 | 8b54 2424 | 4489 5424 | 5048 8b5c | 2438 4c8b | 6c24 404c | 8b54 2448 | 4c89 5424 
  0x000002c4d19fd108: 384c 8b54 | 2458 4c89 | 5424 4044 | 8b44 2460 | 448b 5424 | 648b 7c24 | 6848 8b6c | 2470 4c8b 
  0x000002c4d19fd128: 4c24 7848 | 8bf0 e98b | f1ff ffba | e4ff ffff | 4c8b 5424 | 784c 8954 | 2420 4c8b | 5424 304c 
  0x000002c4d19fd148: 8954 2428 | 4c8b 5424 | 604c 8954 | 2430 4c8b | 5424 584c | 8954 2450 | 4489 4c24 | 6044 895c 
  0x000002c4d19fd168: 2464 6690 

  0x000002c4d19fd16c: ;   {runtime_call UncommonTrapBlob}
  0x000002c4d19fd16c: c5f8 77e8 

  0x000002c4d19fd170: ; ImmutableOopMap {[32]=Oop [40]=Oop [48]=Oop [96]=NarrowOop [128]=Oop }
                      ;*baload {reexecute=0 rethrow=0 return_oop=0}
                      ; - java.lang.StringLatin1::lastIndexOf@24 (line 295)
                      ; - java.lang.String::lastIndexOf@13 (line 2489)
                      ; - java.lang.String::lastIndexOf@8 (line 2451)
                      ; - java.net.URLClassLoader::defineClass@7 (line 486)
                      ; - java.net.URLClassLoader$1::run@43 (line 427)
                      ; - java.net.URLClassLoader$1::run@1 (line 421)
                      ; - java.security.AccessController::executePrivileged@29 (line 807)
                      ; - java.security.AccessController::doPrivileged@13 (line 712)
                      ; - java.net.URLClassLoader::findClass@13 (line 420)
                      ; - org.gradle.internal.classloader.VisitableURLClassLoader$InstrumentingVisitableURLClassLoader::findClass@10 (line 189)
  0x000002c4d19fd170: 8c97 41ff | 418b eae9 | 4aee ffff | bae4 ffff | ff4c 8b5c | 2448 4c89 | 5c24 3048 | 894c 2438 
  0x000002c4d19fd190: 4489 5424 | 4444 8944 | 244c 4489 | 4c24 5090 

  0x000002c4d19fd1a0: ;   {runtime_call UncommonTrapBlob}
  0x000002c4d19fd1a0: c5f8 77e8 

  0x000002c4d19fd1a4: ; ImmutableOopMap {[40]=Oop [48]=Oop [56]=Oop [76]=NarrowOop [84]=NarrowOop [88]=NarrowOop [128]=Oop }
                      ;*aaload {reexecute=0 rethrow=0 return_oop=0}
                      ; - java.lang.ThreadLocal$ThreadLocalMap::remove@61 (line 513)
                      ; - java.lang.ThreadLocal::remove@14 (line 242)
                      ; - org.gradle.internal.classloader.TransformErrorHandler::getLastErrorAndClear@15 (line 127)
                      ; - org.gradle.internal.classloader.TransformErrorHandler::enterClassLoadingScope@1 (line 68)
                      ; - org.gradle.internal.classloader.VisitableURLClassLoader$InstrumentingVisitableURLClassLoader::findClass@5 (line 186)
  0x000002c4d19fd1a4: 5897 41ff | 448b 532c | 4585 d20f | 84eb 1f00 | 0044 8b53 | 2c45 85d2 | 0f84 f3fa | ffff 440f 
  0x000002c4d19fd1c4: b643 1245 | 85c0 0f85 | 180b 0000 | 448b 4318 

  0x000002c4d19fd1d4: ; implicit exception: dispatches to 0x000002c4d1a02a54
  0x000002c4d19fd1d4: 418b 4818 | 458b 480c | 0fb6 6b10 | 85ed 0f85 | 2149 0000 | 448b 4318 

  0x000002c4d19fd1ec: ; implicit exception: dispatches to 0x000002c4d1a02aac
  0x000002c4d19fd1ec: 418b 6818 | 85ed 0f84 | 8849 0000 | 458b 5a3c | 8b7b 1c41 | 3bfb 0f84 | 3103 0000 | 458b eb44 
  0x000002c4d19fd20c: 894c 2474 | 448b c945 | 8bc2 4889 | 9c24 8800 | 0000 440f | be57 1045 | 8bda 413b | fd0f 8483 
  0x000002c4d19fd22c: 2800 0045 | 85ed 0f84 | 0101 0000 | 410f be6d | 1045 8bd3 | 443b d50f | 8507 4d00 | 0045 8bdd 
  0x000002c4d19fd24c: 458b 4314 | 448b 5f14 | 458b 500c | 418b 4b0c | 413b ca0f | 85d4 0000 | 004d 8bd0 | 498d 7010 
  0x000002c4d19fd26c: 4d8b d349 | 8d7b 1085 | c90f 84a5 | 0000 008b | c183 e01f | 83e1 e00f | 844b 0000 | 0048 8d3c 
  0x000002c4d19fd28c: 0f48 8d34 | 0e48 f7d9 | c5fe 6f0c | 0fc5 fe6f | 040e c5f5 | efc8 c4e2 | 7d17 c90f | 857a 0000 
  0x000002c4d19fd2ac: 0048 83c1 | 2075 e185 | c00f 8465 | 0000 00c5 | fe6f 4c07 | e0c5 fe6f | 4406 e0c5 | f5ef c8c4 
  0x000002c4d19fd2cc: e27d 17c9 | 7555 eb4c | 8bc8 83e1 | fc74 1948 | 8d3c 0f48 | 8d34 0e48 | f7d9 8b1c | 0f3b 1c0e 
  0x000002c4d19fd2ec: 7539 4883 | c104 75f2 | f7c0 0200 | 0000 7412 | 0fb7 1f0f | b70e 3bd9 | 7521 488d | 7f02 488d 
  0x000002c4d19fd30c: 7602 f7c0 | 0100 0000 | 740a 0fb6 | 1f0f b60e | 3bd9 7507 | b801 0000 | 00eb 0233 | c0c5 f5ef 
  0x000002c4d19fd32c: c9c5 fdef | c085 c00f | 85df 2900 | 0045 8bd1 

  0x000002c4d19fd33c: ; implicit exception: dispatches to 0x000002c4d1a02e5c
  0x000002c4d19fd33c: 418b 6a20 | 85ed 0f84 | e84c 0000 | 458b cd45 | 8b41 0c49 | 8bc9 498b | da45 85c0 | 0f84 6627 
  0x000002c4d19fd35c: 0000 4489 | 9424 9000 | 0000 4489 | 8424 0001 | 0000 4889 | 4c24 2848 | 895c 2448 | 4489 8c24 
  0x000002c4d19fd37c: 9400 0000 | 458b 5114 

  0x000002c4d19fd384: ; implicit exception: dispatches to 0x000002c4d1a02f04
  0x000002c4d19fd384: 418b 6a0c | 488b 5424 | 2866 6690 

  0x000002c4d19fd390: ;   {optimized virtual_call}
  0x000002c4d19fd390: c5f8 77e8 

  0x000002c4d19fd394: ; ImmutableOopMap {[32]=Oop [40]=Oop [48]=Oop [72]=Oop [96]=Oop [104]=Oop [112]=NarrowOop [116]=NarrowOop [120]=Oop [128]=Oop [136]=Oop [144]=NarrowOop [148]=NarrowOop [280]=Oop [288]=Oop }
                      ;*invokevirtual coder {reexecute=0 rethrow=0 return_oop=0}
                      ; - java.lang.String::length@6 (line 1481)
                      ; - java.util.zip.ZipCoder::hash@6 (line 129)
                      ; - java.util.zip.ZipFile$Source::getEntryPos@10 (line 1781)
                      ; - java.util.zip.ZipFile::getInputStream@63 (line 372)
                      ; - java.util.jar.JarFile::getManifestFromReference@130 (line 432)
                      ; - java.util.jar.JarFile::getManifest@1 (line 406)
                      ; - java.util.jar.JarFile::maybeInstantiateVerifier@31 (line 725)
                      ; - java.util.jar.JarFile::ensureInitialization@1 (line 1031)
                      ; - java.util.jar.JavaUtilJarAccessImpl::ensureInitialization@1 (line 72)
                      ; - jdk.internal.loader.URLClassPath$JarLoader$2::getManifest@10 (line 885)
                      ; - java.net.URLClassLoader::defineClass@34 (line 491)
                      ; - java.net.URLClassLoader$1::run@43 (line 427)
                      ; - java.net.URLClassLoader$1::run@1 (line 421)
                      ; - java.security.AccessController::executePrivileged@29 (line 807)
                      ; - java.security.AccessController::doPrivileged@13 (line 712)
                      ; - java.net.URLClassLoader::findClass@13 (line 420)
                      ; - org.gradle.internal.classloader.VisitableURLClassLoader$InstrumentingVisitableURLClassLoader::findClass@10 (line 189)
  0x000002c4d19fd394: e83f 41ff | 8bc8 d3fd | 85ed 0f8e | 3c4c 0000 | 448b d541 | ffca 418b | ea48 8b54 | 2428 6690 
  0x000002c4d19fd3b4: ;   {optimized virtual_call}
  0x000002c4d19fd3b4: c5f8 77e8 

  0x000002c4d19fd3b8: ; ImmutableOopMap {[32]=Oop [40]=Oop [48]=Oop [72]=Oop [96]=Oop [104]=Oop [112]=NarrowOop [116]=NarrowOop [120]=Oop [128]=Oop [136]=Oop [144]=NarrowOop [148]=NarrowOop [280]=Oop [288]=Oop }
                      ;*invokevirtual isLatin1 {reexecute=0 rethrow=0 return_oop=0}
                      ; - java.lang.String::charAt@1 (line 1516)
                      ; - java.util.zip.ZipCoder::hash@18 (line 130)
                      ; - java.util.zip.ZipFile$Source::getEntryPos@10 (line 1781)
                      ; - java.util.zip.ZipFile::getInputStream@63 (line 372)
                      ; - java.util.jar.JarFile::getManifestFromReference@130 (line 432)
                      ; - java.util.jar.JarFile::getManifest@1 (line 406)
                      ; - java.util.jar.JarFile::maybeInstantiateVerifier@31 (line 725)
                      ; - java.util.jar.JarFile::ensureInitialization@1 (line 1031)
                      ; - java.util.jar.JavaUtilJarAccessImpl::ensureInitialization@1 (line 72)
                      ; - jdk.internal.loader.URLClassPath$JarLoader$2::getManifest@10 (line 885)
                      ; - java.net.URLClassLoader::defineClass@34 (line 491)
                      ; - java.net.URLClassLoader$1::run@43 (line 427)
                      ; - java.net.URLClassLoader$1::run@1 (line 421)
                      ; - java.security.AccessController::executePrivileged@29 (line 807)
                      ; - java.security.AccessController::doPrivileged@13 (line 712)
                      ; - java.net.URLClassLoader::findClass@13 (line 420)
                      ; - org.gradle.internal.classloader.VisitableURLClassLoader$InstrumentingVisitableURLClassLoader::findClass@10 (line 189)
  0x000002c4d19fd3b8: c43f 41ff | 448b 9c24 | 9400 0000 | 458b 5b14 | 498b d385 | c00f 84b9 | 4a00 0044 | 8bc5 6690 
  0x000002c4d19fd3d8: ;   {static_call}
  0x000002c4d19fd3d8: c5f8 77e8 

  0x000002c4d19fd3dc: ; ImmutableOopMap {[32]=Oop [40]=Oop [48]=Oop [72]=Oop [96]=Oop [104]=Oop [112]=NarrowOop [116]=NarrowOop [120]=Oop [128]=Oop [136]=Oop [144]=NarrowOop [148]=NarrowOop [280]=Oop [288]=Oop }
                      ;*invokestatic charAt {reexecute=0 rethrow=0 return_oop=0}
                      ; - java.lang.String::charAt@12 (line 1517)
                      ; - java.util.zip.ZipCoder::hash@18 (line 130)
                      ; - java.util.zip.ZipFile$Source::getEntryPos@10 (line 1781)
                      ; - java.util.zip.ZipFile::getInputStream@63 (line 372)
                      ; - java.util.jar.JarFile::getManifestFromReference@130 (line 432)
                      ; - java.util.jar.JarFile::getManifest@1 (line 406)
                      ; - java.util.jar.JarFile::maybeInstantiateVerifier@31 (line 725)
                      ; - java.util.jar.JarFile::ensureInitialization@1 (line 1031)
                      ; - java.util.jar.JavaUtilJarAccessImpl::ensureInitialization@1 (line 72)
                      ; - jdk.internal.loader.URLClassPath$JarLoader$2::getManifest@10 (line 885)
                      ; - java.net.URLClassLoader::defineClass@34 (line 491)
                      ; - java.net.URLClassLoader$1::run@43 (line 427)
                      ; - java.net.URLClassLoader$1::run@1 (line 421)
                      ; - java.security.AccessController::executePrivileged@29 (line 807)
                      ; - java.security.AccessController::doPrivileged@13 (line 712)
                      ; - java.net.URLClassLoader::findClass@13 (line 420)
                      ; - org.gradle.internal.classloader.VisitableURLClassLoader$InstrumentingVisitableURLClassLoader::findClass@10 (line 189)
  0x000002c4d19fd3dc: a045 41ff | 448b d041 | 83fa 2f0f | 84a3 4c00 | 0044 8b94 | 2490 0000 | 0041 8b4a | 2445 8b52 
  0x000002c4d19fd3fc: 4c45 8bc2 | 448b 9424 | 0001 0000 | 41c1 e205 | 458b da44 | 2b9c 2400 | 0100 0041 | 83c3 2f44 
  0x000002c4d19fd41c: 899c 2498 | 0000 0045 | 8bd3 4181 | e2ff ffff | 7f45 8bca | 85c9 0f84 | 684a 0000 | 418b c23d 
  0x000002c4d19fd43c: 0000 0080 | 7507 33d2 | 83f9 ff74 | 0399 f7f9 | 8bca 458b | d045 8b52 | 0c41 3bd2 | 0f83 9a4a 
  0x000002c4d19fd45c: 0000 458b | d045 8b54 | 9210 4489 | 9424 9c00 | 0000 4183 | faff 0f84 | a500 0000 | 448b 9c24 
  0x000002c4d19fd47c: 9000 0000 | 458b 5b48 | 458b cb66 | 0f1f 8400 | 0000 0000 

  0x000002c4d19fd490: ; implicit exception: dispatches to 0x000002c4d1a02d7c
  0x000002c4d19fd490: 458b 590c | 448b 8424 | 9c00 0000 | 453b c30f | 83ef 4800 | 0047 8b44 | 8110 4c63 | 9424 9c00 
  0x000002c4d19fd4b0: 0000 4c89 | 5424 5044 | 3b84 2498 | 0000 000f | 8468 2800 | 0044 8b94 | 2490 0000 | 0045 8b5a 
  0x000002c4d19fd4d0: 4845 8bcb | 448b 9c24 | 9c00 0000 | 41ff c345 | 8bc3 458b | 510c 453b | da0f 83f5 | 4800 004c 
  0x000002c4d19fd4f0: 8b5c 2450 | 478b 5499 | 1444 8994 | 249c 0000 | 004d 8b97 

  0x000002c4d19fd504: ; ImmutableOopMap {r9=NarrowOop [32]=Oop [40]=Oop [48]=Oop [72]=Oop [96]=Oop [104]=Oop [112]=NarrowOop [116]=NarrowOop [120]=Oop [128]=Oop [136]=Oop [144]=NarrowOop [148]=NarrowOop [280]=Oop [288]=Oop }
                      ;*goto {reexecute=1 rethrow=0 return_oop=0}
                      ; - (reexecute) java.util.zip.ZipFile$Source::getEntryPos@190 (line 1816)
                      ; - java.util.zip.ZipFile::getInputStream@63 (line 372)
                      ; - java.util.jar.JarFile::getManifestFromReference@130 (line 432)
                      ; - java.util.jar.JarFile::getManifest@1 (line 406)
                      ; - java.util.jar.JarFile::maybeInstantiateVerifier@31 (line 725)
                      ; - java.util.jar.JarFile::ensureInitialization@1 (line 1031)
                      ; - java.util.jar.JavaUtilJarAccessImpl::ensureInitialization@1 (line 72)
                      ; - jdk.internal.loader.URLClassPath$JarLoader$2::getManifest@10 (line 885)
                      ; - java.net.URLClassLoader::defineClass@34 (line 491)
                      ; - java.net.URLClassLoader$1::run@43 (line 427)
                      ; - java.net.URLClassLoader$1::run@1 (line 421)
                      ; - java.security.AccessController::executePrivileged@29 (line 807)
                      ; - java.security.AccessController::doPrivileged@13 (line 712)
                      ; - java.net.URLClassLoader::findClass@13 (line 420)
                      ; - org.gradle.internal.classloader.VisitableURLClassLoader$InstrumentingVisitableURLClassLoader::findClass@10 (line 189)
  0x000002c4d19fd504: 5003 0000 

  0x000002c4d19fd508: ;   {poll}
  0x000002c4d19fd508: 4185 0244 | 8b9c 249c | 0000 0041 | 83fb ff0f | 8573 ffff | ff41 bbff | ffff ff48 | 8b9c 2488 
  0x000002c4d19fd528: 0000 008b | 8c24 9000 | 0000 448b | 4c24 74eb | 0444 8b5b | 0c41 83fb | ff0f 84b1 | 4600 0049 
  0x000002c4d19fd548: 8b87 0801 | 0000 4c8b | d049 83c2 | 384d 3b97 | 1801 0000 | 0f83 bd3d | 0000 4d89 | 9708 0100 
  0x000002c4d19fd568: 0041 0f0d | 8ac0 0000 | 0048 c700 | 0100 0000 

  0x000002c4d19fd578: ;   {metadata('java/util/zip/ZipFile$ZipFileInputStream')}
  0x000002c4d19fd578: c740 0800 | e226 0044 | 8960 0c4c | 8960 104c | 8960 184c | 8960 204c | 8960 284c | 8960 304c 
  0x000002c4d19fd598: 8bc0 8b79 | 3889 bc24 | a000 0000 | 4489 9c24 | 9400 0000 | 4489 8c24 | 9000 0000 | 894c 2474 
  0x000002c4d19fd5b8: 4889 9c24 | 8800 0000 | 4d8b c84c | 8984 2498 | 0000 004c | 8bc3 4d33 | c14c 8bd7 | 4c89 5424 
  0x000002c4d19fd5d8: 2849 c1e8 | 144c 8bdb | 4c8b 9424 | 9800 0000 | 4589 5a30 | 448b 9424 | 9400 0000 | 4183 c214 
  0x000002c4d19fd5f8: 418b fa48 | 8be9 4d85 | c074 1a49 | c1e9 0948 | b900 00df | d8c4 0200 | 0049 03c9 | 8039 040f 
  0x000002c4d19fd618: 8571 3800 | 0048 8b54 | 2428 448b | c744 8984 | 2404 0100 | 0066 6690 

  0x000002c4d19fd630: ;   {static_call}
  0x000002c4d19fd630: c5f8 77e8 

  0x000002c4d19fd634: ; ImmutableOopMap {rbp=Oop [32]=Oop [40]=Oop [48]=Oop [96]=Oop [104]=Oop [112]=NarrowOop [116]=NarrowOop [120]=Oop [128]=Oop [136]=Oop [144]=NarrowOop [152]=Oop [160]=NarrowOop [280]=Oop [288]=Oop }
                      ;*invokestatic SH {reexecute=0 rethrow=0 return_oop=0}
                      ; - java.util.zip.ZipUtils::LG@2 (line 207)
                      ; - java.util.zip.ZipUtils::CENSIZ@5 (line 270)
                      ; - java.util.zip.ZipFile$ZipFileInputStream::<init>@12 (line 864)
                      ; - java.util.zip.ZipFile::getInputStream@88 (line 377)
                      ; - java.util.jar.JarFile::getManifestFromReference@130 (line 432)
                      ; - java.util.jar.JarFile::getManifest@1 (line 406)
                      ; - java.util.jar.JarFile::maybeInstantiateVerifier@31 (line 725)
                      ; - java.util.jar.JarFile::ensureInitialization@1 (line 1031)
                      ; - java.util.jar.JavaUtilJarAccessImpl::ensureInitialization@1 (line 72)
                      ; - jdk.internal.loader.URLClassPath$JarLoader$2::getManifest@10 (line 885)
                      ; - java.net.URLClassLoader::defineClass@34 (line 491)
                      ; - java.net.URLClassLoader$1::run@43 (line 427)
                      ; - java.net.URLClassLoader$1::run@1 (line 421)
                      ; - java.security.AccessController::executePrivileged@29 (line 807)
                      ; - java.security.AccessController::doPrivileged@13 (line 712)
                      ; - java.net.URLClassLoader::findClass@13 (line 420)
                      ; - org.gradle.internal.classloader.VisitableURLClassLoader$InstrumentingVisitableURLClassLoader::findClass@10 (line 189)
  0x000002c4d19fd634: 4843 41ff | 8944 2448 | 448b 8424 | 9400 0000 | 4183 c016 | 488b 5424 | 2866 6690 

  0x000002c4d19fd650: ;   {static_call}
  0x000002c4d19fd650: c5f8 77e8 

  0x000002c4d19fd654: ; ImmutableOopMap {rbp=Oop [32]=Oop [40]=Oop [48]=Oop [96]=Oop [104]=Oop [112]=NarrowOop [116]=NarrowOop [120]=Oop [128]=Oop [136]=Oop [144]=NarrowOop [152]=Oop [160]=NarrowOop [280]=Oop [288]=Oop }
                      ;*invokestatic SH {reexecute=0 rethrow=0 return_oop=0}
                      ; - java.util.zip.ZipUtils::LG@9 (line 207)
                      ; - java.util.zip.ZipUtils::CENSIZ@5 (line 270)
                      ; - java.util.zip.ZipFile$ZipFileInputStream::<init>@12 (line 864)
                      ; - java.util.zip.ZipFile::getInputStream@88 (line 377)
                      ; - java.util.jar.JarFile::getManifestFromReference@130 (line 432)
                      ; - java.util.jar.JarFile::getManifest@1 (line 406)
                      ; - java.util.jar.JarFile::maybeInstantiateVerifier@31 (line 725)
                      ; - java.util.jar.JarFile::ensureInitialization@1 (line 1031)
                      ; - java.util.jar.JavaUtilJarAccessImpl::ensureInitialization@1 (line 72)
                      ; - jdk.internal.loader.URLClassPath$JarLoader$2::getManifest@10 (line 885)
                      ; - java.net.URLClassLoader::defineClass@34 (line 491)
                      ; - java.net.URLClassLoader$1::run@43 (line 427)
                      ; - java.net.URLClassLoader$1::run@1 (line 421)
                      ; - java.security.AccessController::executePrivileged@29 (line 807)
                      ; - java.security.AccessController::doPrivileged@13 (line 712)
                      ; - java.net.URLClassLoader::findClass@13 (line 420)
                      ; - org.gradle.internal.classloader.VisitableURLClassLoader$InstrumentingVisitableURLClassLoader::findClass@10 (line 189)
  0x000002c4d19fd654: 2843 41ff | c1e0 100b | 4424 4844 | 8b9c 2494 | 0000 0041 | 83c3 1845 | 8bd3 448b | d84c 8b84 
  0x000002c4d19fd674: 2498 0000 | 004d 8958 | 2048 8b54 | 2428 458b | c244 8994 | 2404 0100 | 0066 6690 

  0x000002c4d19fd690: ;   {static_call}
  0x000002c4d19fd690: c5f8 77e8 

  0x000002c4d19fd694: ; ImmutableOopMap {rbp=Oop [32]=Oop [40]=Oop [48]=Oop [96]=Oop [104]=Oop [112]=NarrowOop [116]=NarrowOop [120]=Oop [128]=Oop [136]=Oop [144]=NarrowOop [152]=Oop [160]=NarrowOop [280]=Oop [288]=Oop }
                      ;*invokestatic SH {reexecute=0 rethrow=0 return_oop=0}
                      ; - java.util.zip.ZipUtils::LG@2 (line 207)
                      ; - java.util.zip.ZipUtils::CENLEN@5 (line 271)
                      ; - java.util.zip.ZipFile$ZipFileInputStream::<init>@21 (line 865)
                      ; - java.util.zip.ZipFile::getInputStream@88 (line 377)
                      ; - java.util.jar.JarFile::getManifestFromReference@130 (line 432)
                      ; - java.util.jar.JarFile::getManifest@1 (line 406)
                      ; - java.util.jar.JarFile::maybeInstantiateVerifier@31 (line 725)
                      ; - java.util.jar.JarFile::ensureInitialization@1 (line 1031)
                      ; - java.util.jar.JavaUtilJarAccessImpl::ensureInitialization@1 (line 72)
                      ; - jdk.internal.loader.URLClassPath$JarLoader$2::getManifest@10 (line 885)
                      ; - java.net.URLClassLoader::defineClass@34 (line 491)
                      ; - java.net.URLClassLoader$1::run@43 (line 427)
                      ; - java.net.URLClassLoader$1::run@1 (line 421)
                      ; - java.security.AccessController::executePrivileged@29 (line 807)
                      ; - java.security.AccessController::doPrivileged@13 (line 712)
                      ; - java.net.URLClassLoader::findClass@13 (line 420)
                      ; - org.gradle.internal.classloader.VisitableURLClassLoader$InstrumentingVisitableURLClassLoader::findClass@10 (line 189)
  0x000002c4d19fd694: e842 41ff | 8944 2448 | 448b 8424 | 9400 0000 | 4183 c01a | 488b 5424 | 2866 6690 

  0x000002c4d19fd6b0: ;   {static_call}
  0x000002c4d19fd6b0: c5f8 77e8 

  0x000002c4d19fd6b4: ; ImmutableOopMap {rbp=Oop [32]=Oop [40]=Oop [48]=Oop [96]=Oop [104]=Oop [112]=NarrowOop [116]=NarrowOop [120]=Oop [128]=Oop [136]=Oop [144]=NarrowOop [152]=Oop [160]=NarrowOop [280]=Oop [288]=Oop }
                      ;*invokestatic SH {reexecute=0 rethrow=0 return_oop=0}
                      ; - java.util.zip.ZipUtils::LG@9 (line 207)
                      ; - java.util.zip.ZipUtils::CENLEN@5 (line 271)
                      ; - java.util.zip.ZipFile$ZipFileInputStream::<init>@21 (line 865)
                      ; - java.util.zip.ZipFile::getInputStream@88 (line 377)
                      ; - java.util.jar.JarFile::getManifestFromReference@130 (line 432)
                      ; - java.util.jar.JarFile::getManifest@1 (line 406)
                      ; - java.util.jar.JarFile::maybeInstantiateVerifier@31 (line 725)
                      ; - java.util.jar.JarFile::ensureInitialization@1 (line 1031)
                      ; - java.util.jar.JavaUtilJarAccessImpl::ensureInitialization@1 (line 72)
                      ; - jdk.internal.loader.URLClassPath$JarLoader$2::getManifest@10 (line 885)
                      ; - java.net.URLClassLoader::defineClass@34 (line 491)
                      ; - java.net.URLClassLoader$1::run@43 (line 427)
                      ; - java.net.URLClassLoader$1::run@1 (line 421)
                      ; - java.security.AccessController::executePrivileged@29 (line 807)
                      ; - java.security.AccessController::doPrivileged@13 (line 712)
                      ; - java.net.URLClassLoader::findClass@13 (line 420)
                      ; - org.gradle.internal.classloader.VisitableURLClassLoader$InstrumentingVisitableURLClassLoader::findClass@10 (line 189)
  0x000002c4d19fd6b4: c842 41ff | c1e0 100b | 4424 4844 | 8b94 2494 | 0000 0041 | 83c2 2a45 | 8bda 448b | d04c 8b84 
  0x000002c4d19fd6d4: 2498 0000 | 004d 8950 | 2848 8b54 | 2428 458b | c344 899c | 2404 0100 | 0066 6690 

  0x000002c4d19fd6f0: ;   {static_call}
  0x000002c4d19fd6f0: c5f8 77e8 

  0x000002c4d19fd6f4: ; ImmutableOopMap {rbp=Oop [32]=Oop [40]=Oop [48]=Oop [96]=Oop [104]=Oop [112]=NarrowOop [116]=NarrowOop [120]=Oop [128]=Oop [136]=Oop [144]=NarrowOop [152]=Oop [160]=NarrowOop [280]=Oop [288]=Oop }
                      ;*invokestatic SH {reexecute=0 rethrow=0 return_oop=0}
                      ; - java.util.zip.ZipUtils::LG@2 (line 207)
                      ; - java.util.zip.ZipUtils::CENOFF@5 (line 279)
                      ; - java.util.zip.ZipFile$ZipFileInputStream::<init>@30 (line 866)
                      ; - java.util.zip.ZipFile::getInputStream@88 (line 377)
                      ; - java.util.jar.JarFile::getManifestFromReference@130 (line 432)
                      ; - java.util.jar.JarFile::getManifest@1 (line 406)
                      ; - java.util.jar.JarFile::maybeInstantiateVerifier@31 (line 725)
                      ; - java.util.jar.JarFile::ensureInitialization@1 (line 1031)
                      ; - java.util.jar.JavaUtilJarAccessImpl::ensureInitialization@1 (line 72)
                      ; - jdk.internal.loader.URLClassPath$JarLoader$2::getManifest@10 (line 885)
                      ; - java.net.URLClassLoader::defineClass@34 (line 491)
                      ; - java.net.URLClassLoader$1::run@43 (line 427)
                      ; - java.net.URLClassLoader$1::run@1 (line 421)
                      ; - java.security.AccessController::executePrivileged@29 (line 807)
                      ; - java.security.AccessController::doPrivileged@13 (line 712)
                      ; - java.net.URLClassLoader::findClass@13 (line 420)
                      ; - org.gradle.internal.classloader.VisitableURLClassLoader$InstrumentingVisitableURLClassLoader::findClass@10 (line 189)
  0x000002c4d19fd6f4: 8842 41ff | 8944 2448 | 448b 8424 | 9400 0000 | 4183 c02c | 488b 5424 | 2866 6690 

  0x000002c4d19fd710: ;   {static_call}
  0x000002c4d19fd710: c5f8 77e8 

  0x000002c4d19fd714: ; ImmutableOopMap {rbp=Oop [32]=Oop [48]=Oop [96]=Oop [104]=Oop [112]=NarrowOop [116]=NarrowOop [120]=Oop [128]=Oop [136]=Oop [144]=NarrowOop [152]=Oop [160]=NarrowOop [280]=Oop [288]=Oop }
                      ;*invokestatic SH {reexecute=0 rethrow=0 return_oop=0}
                      ; - java.util.zip.ZipUtils::LG@9 (line 207)
                      ; - java.util.zip.ZipUtils::CENOFF@5 (line 279)
                      ; - java.util.zip.ZipFile$ZipFileInputStream::<init>@30 (line 866)
                      ; - java.util.zip.ZipFile::getInputStream@88 (line 377)
                      ; - java.util.jar.JarFile::getManifestFromReference@130 (line 432)
                      ; - java.util.jar.JarFile::getManifest@1 (line 406)
                      ; - java.util.jar.JarFile::maybeInstantiateVerifier@31 (line 725)
                      ; - java.util.jar.JarFile::ensureInitialization@1 (line 1031)
                      ; - java.util.jar.JavaUtilJarAccessImpl::ensureInitialization@1 (line 72)
                      ; - jdk.internal.loader.URLClassPath$JarLoader$2::getManifest@10 (line 885)
                      ; - java.net.URLClassLoader::defineClass@34 (line 491)
                      ; - java.net.URLClassLoader$1::run@43 (line 427)
                      ; - java.net.URLClassLoader$1::run@1 (line 421)
                      ; - java.security.AccessController::executePrivileged@29 (line 807)
                      ; - java.security.AccessController::doPrivileged@13 (line 712)
                      ; - java.net.URLClassLoader::findClass@13 (line 420)
                      ; - org.gradle.internal.classloader.VisitableURLClassLoader$InstrumentingVisitableURLClassLoader::findClass@10 (line 189)
  0x000002c4d19fd714: 6842 41ff | 4c8b 9424 | 9800 0000 | 4d8b 5220 | c1e0 100b | 4424 4844 | 8bd8 4c8b | 8424 9800 
  0x000002c4d19fd734: 0000 4d89 | 5810 41b8 | ffff ffff | 4d3b d00f | 841f 4500 | 004c 8b94 | 2498 0000 | 004d 8b52 
  0x000002c4d19fd754: 284d 3bd0 | 0f84 6e45 | 0000 4d3b | d80f 84c9 | 4500 004c | 8b84 2488 | 0000 0045 | 8b48 1845 
  0x000002c4d19fd774: 8b51 184d | 8b52 104d | 03d3 448b | 9c24 9400 | 0000 4183 | c30a 458b | c349 f7da | 4c8b 9c24 
  0x000002c4d19fd794: 9800 0000 | 4d89 5310 | 448b 5c24 | 7445 8b5b | 3845 8b53 | 0c45 3bc2 | 0f83 4e3e | 0000 4863 
  0x000002c4d19fd7b4: 9c24 9400 | 0000 450f | b644 1b1a | 458b c844 | 8b84 2494 | 0000 0041 | 83c0 1b45 | 3bc2 0f83 
  0x000002c4d19fd7d4: 803e 0000 | 418b cb45 | 0fb6 5c1b | 1b41 c1e3 | 0845 0bd9 | 4183 fb08 | 0f85 7227 | 0000 448b 
  0x000002c4d19fd7f4: d145 0fb6 | 441a 2b45 | 0fb6 5c1a | 2841 0fb6 | 4c1a 2a45 | 0fb6 541a | 2941 c1e0 | 0841 0bc8 
  0x000002c4d19fd814: 41c1 e208 | 450b dac1 | e110 440b | d941 8beb | 4883 c502 | 4881 fd00 | 0001 000f | 8fa8 2800 
  0x000002c4d19fd834: 0049 8b87 | 0801 0000 | 4c8b d049 | 83c2 384d | 3b97 1801 | 0000 0f83 | 7d3b 0000 | 4d89 9708 
  0x000002c4d19fd854: 0100 0041 | 0f0d 8ac0 | 0000 0048 | c700 0100 

  0x000002c4d19fd864: ;   {metadata('java/util/zip/ZipFile$ZipFileInflaterInputStream')}
  0x000002c4d19fd864: 0000 c740 | 08e8 911b | 0044 8960 | 0c4c 8960 | 104c 8960 | 184c 8960 | 204c 8960 | 284c 8960 
  0x000002c4d19fd884: 304c 8bd0 | 4c89 9424 | a000 0000 | 4c8b 9424 | 8800 0000 | 458b 5a18 | 8bf5 498b | fb48 8b94 
  0x000002c4d19fd8a4: 24a0 0000 | 004d 8bc2 | 4c8b 8c24 | 9800 0000 

  0x000002c4d19fd8b4: ;   {optimized virtual_call}
  0x000002c4d19fd8b4: c5f8 77e8 

  0x000002c4d19fd8b8: ; ImmutableOopMap {[32]=Oop [48]=Oop [96]=Oop [104]=Oop [112]=NarrowOop [120]=Oop [128]=Oop [136]=Oop [144]=NarrowOop [160]=Oop [280]=Oop [288]=Oop }
                      ;*invokespecial <init> {reexecute=0 rethrow=0 return_oop=0}
                      ; - java.util.zip.ZipFile::getInputStream@216 (line 394)
                      ; - java.util.jar.JarFile::getManifestFromReference@130 (line 432)
                      ; - java.util.jar.JarFile::getManifest@1 (line 406)
                      ; - java.util.jar.JarFile::maybeInstantiateVerifier@31 (line 725)
                      ; - java.util.jar.JarFile::ensureInitialization@1 (line 1031)
                      ; - java.util.jar.JavaUtilJarAccessImpl::ensureInitialization@1 (line 72)
                      ; - jdk.internal.loader.URLClassPath$JarLoader$2::getManifest@10 (line 885)
                      ; - java.net.URLClassLoader::defineClass@34 (line 491)
                      ; - java.net.URLClassLoader$1::run@43 (line 427)
                      ; - java.net.URLClassLoader$1::run@1 (line 421)
                      ; - java.security.AccessController::executePrivileged@29 (line 807)
                      ; - java.security.AccessController::doPrivileged@13 (line 712)
                      ; - java.net.URLClassLoader::findClass@13 (line 420)
                      ; - org.gradle.internal.classloader.VisitableURLClassLoader$InstrumentingVisitableURLClassLoader::findClass@10 (line 189)
  0x000002c4d19fd8b8: c43a 41ff | 448b 8424 | 9000 0000 

  0x000002c4d19fd8c4: ; implicit exception: dispatches to 0x000002c4d1a02c8c
  0x000002c4d19fd8c4: 418b 6808 | 4d8b d048 | 8d9c 2440 | 0100 0049 | 8b02 48f7 | c002 0000 | 0075 2448 | 83c8 0148 
  0x000002c4d19fd8e4: 8903 f049 | 0fb1 1a0f | 843e 0000 | 0048 2bc4 | 4881 e007 | f0ff ff48 | 8903 e92c | 0000 004c 
  0x000002c4d19fd904: 8bd8 4833 | c0f0 4d0f | b17b 3e48 | c703 0300 | 0000 0f84 | 1300 0000 | 4c3b f80f | 850a 0000 
  0x000002c4d19fd924: 0049 ff83 | 8600 0000 | 4833 c00f | 85e7 3d00 

  0x000002c4d19fd934: ;   {metadata('java/util/Collections$SetFromMap')}
  0x000002c4d19fd934: 0081 fd40 | 581d 000f | 8583 3d00 | 0045 8b5a | 0c45 8b4b | 0849 8bd3 

  0x000002c4d19fd94c: ;   {metadata('java/util/WeakHashMap')}
  0x000002c4d19fd94c: 4181 f9a8 | f211 000f | 85c9 2700 | 0049 8bea | 4c8b 8424 | a000 0000 

  0x000002c4d19fd964: ;   {oop(a 'java/lang/Boolean'{0x000000008059bb08} = true)}
  0x000002c4d19fd964: 49b9 08bb | 5980 0000 | 0000 6690 

  0x000002c4d19fd970: ;   {optimized virtual_call}
  0x000002c4d19fd970: c5f8 77e8 

  0x000002c4d19fd974: ; ImmutableOopMap {rbp=Oop [32]=Oop [48]=Oop [96]=Oop [104]=Oop [112]=NarrowOop [120]=Oop [128]=Oop [136]=Oop [160]=Oop [280]=Oop [288]=Oop }
                      ;*invokeinterface put {reexecute=0 rethrow=0 return_oop=1}
                      ; - java.util.Collections$SetFromMap::add@8 (line 5686)
                      ; - java.util.zip.ZipFile::getInputStream@231 (line 396)
                      ; - java.util.jar.JarFile::getManifestFromReference@130 (line 432)
                      ; - java.util.jar.JarFile::getManifest@1 (line 406)
                      ; - java.util.jar.JarFile::maybeInstantiateVerifier@31 (line 725)
                      ; - java.util.jar.JarFile::ensureInitialization@1 (line 1031)
                      ; - java.util.jar.JavaUtilJarAccessImpl::ensureInitialization@1 (line 72)
                      ; - jdk.internal.loader.URLClassPath$JarLoader$2::getManifest@10 (line 885)
                      ; - java.net.URLClassLoader::defineClass@34 (line 491)
                      ; - java.net.URLClassLoader$1::run@43 (line 427)
                      ; - java.net.URLClassLoader$1::run@1 (line 421)
                      ; - java.security.AccessController::executePrivileged@29 (line 807)
                      ; - java.security.AccessController::doPrivileged@13 (line 712)
                      ; - java.net.URLClassLoader::findClass@13 (line 420)
                      ; - org.gradle.internal.classloader.VisitableURLClassLoader$InstrumentingVisitableURLClassLoader::findClass@10 (line 189)
  0x000002c4d19fd974: 083a 41ff | 488d 8424 | 4001 0000 | 4881 3800 | 0000 000f | 8485 0000 | 004c 8b55 | 0049 f7c2 
  0x000002c4d19fd994: 0200 0000 | 746f 4981 | ba86 0000 | 0000 0000 | 0074 0949 | ff8a 8600 | 0000 eb51 | 498b 8296 
  0x000002c4d19fd9b4: 0000 0049 | 0b82 8e00 | 0000 750a | 49c7 423e | 0000 0000 | eb48 4981 | ba9e 0000 | 0000 0000 
  0x000002c4d19fd9d4: 0074 2548 | 33c0 49c7 | 423e 0000 | 0000 f083 | 0424 0049 | 81ba 9e00 | 0000 0000 | 0000 750d 
  0x000002c4d19fd9f4: f04d 0fb1 | 7a3e 7505 | 83c8 01eb | 11f7 c000 | 0000 00eb | 094c 8b10 | f04c 0fb1 | 5500 0f85 
  0x000002c4d19fda14: 333d 0000 | 4c8b 9424 | a000 0000 | 4c89 9424 | f800 0000 | 498b 8708 | 0100 004c | 8bd0 4983 
  0x000002c4d19fda34: c218 4d3b | 9718 0100 | 000f 833e | 3900 004d | 8997 0801 | 0000 410f | 0d8a c000 | 0000 48c7 
  0x000002c4d19fda54: 0001 0000 

  0x000002c4d19fda58: ;   {metadata('java/util/jar/Manifest')}
  0x000002c4d19fda58: 00c7 4008 | 009c 0600 | 4489 600c | 4c89 6010 | 4c8b d84c | 8b84 2488 | 0000 0041 | 8b68 1449 
  0x000002c4d19fda78: 8b87 0801 | 0000 4c8b | d049 83c2 | 104d 3b97 | 1801 0000 | 0f83 c838 | 0000 4d89 | 9708 0100 
  0x000002c4d19fda98: 0041 0f0d | 8ac0 0000 | 0048 c700 | 0100 0000 

  0x000002c4d19fdaa8: ;   {metadata('java/util/jar/Attributes')}
  0x000002c4d19fdaa8: c740 08f8 | 4c18 0044 | 8960 0c4c | 8984 2490 | 0000 004c | 895c 2428 | 4c8b d04c | 8954 2448 
  0x000002c4d19fdac8: 498b d290 

  0x000002c4d19fdacc: ;   {optimized virtual_call}
  0x000002c4d19fdacc: c5f8 77e8 

  0x000002c4d19fdad0: ; ImmutableOopMap {rbp=NarrowOop [32]=Oop [40]=Oop [48]=Oop [72]=Oop [96]=Oop [104]=Oop [112]=NarrowOop [120]=Oop [128]=Oop [144]=Oop [248]=Oop [280]=Oop [288]=Oop }
                      ;*invokespecial <init> {reexecute=0 rethrow=0 return_oop=0}
                      ; - java.util.jar.Attributes::<init>@1 (line 81)
                      ; - java.util.jar.Attributes::<init>@3 (line 72)
                      ; - java.util.jar.Manifest::<init>@9 (line 54)
                      ; - java.util.jar.Manifest::<init>@4 (line 87)
                      ; - java.util.jar.JarFile::getManifestFromReference@143 (line 433)
                      ; - java.util.jar.JarFile::getManifest@1 (line 406)
                      ; - java.util.jar.JarFile::maybeInstantiateVerifier@31 (line 725)
                      ; - java.util.jar.JarFile::ensureInitialization@1 (line 1031)
                      ; - java.util.jar.JavaUtilJarAccessImpl::ensureInitialization@1 (line 72)
                      ; - jdk.internal.loader.URLClassPath$JarLoader$2::getManifest@10 (line 885)
                      ; - java.net.URLClassLoader::defineClass@34 (line 491)
                      ; - java.net.URLClassLoader$1::run@43 (line 427)
                      ; - java.net.URLClassLoader$1::run@1 (line 421)
                      ; - java.security.AccessController::executePrivileged@29 (line 807)
                      ; - java.security.AccessController::doPrivileged@13 (line 712)
                      ; - java.net.URLClassLoader::findClass@13 (line 420)
                      ; - org.gradle.internal.classloader.VisitableURLClassLoader$InstrumentingVisitableURLClassLoader::findClass@10 (line 189)
  0x000002c4d19fdad0: ac38 41ff | 498b 8708 | 0100 004c | 8bd0 4983 | c238 4d3b | 9718 0100 | 000f 83aa | 3800 004d 
  0x000002c4d19fdaf0: 8997 0801 | 0000 410f | 0d8a c000 | 0000 48c7 | 0001 0000 

  0x000002c4d19fdb04: ;   {metadata('java/util/LinkedHashMap')}
  0x000002c4d19fdb04: 00c7 4008 | 203a 0b00 | 4489 600c | 4c89 6010 | 4c89 6018 | 4c89 6020 | 4c89 6028 | 4c89 6030 
  0x000002c4d19fdb24: 4c8b d04c | 8954 2450 | 498b d241 | b80b 0000 | 0066 6690 

  0x000002c4d19fdb38: ;   {optimized virtual_call}
  0x000002c4d19fdb38: c5f8 77e8 

  0x000002c4d19fdb3c: ; ImmutableOopMap {rbp=NarrowOop [32]=Oop [40]=Oop [48]=Oop [72]=Oop [80]=Oop [96]=Oop [104]=Oop [112]=NarrowOop [120]=Oop [128]=Oop [144]=Oop [248]=Oop [280]=Oop [288]=Oop }
                      ;*invokespecial <init> {reexecute=0 rethrow=0 return_oop=0}
                      ; - java.util.jar.Attributes::<init>@10 (line 82)
                      ; - java.util.jar.Attributes::<init>@3 (line 72)
                      ; - java.util.jar.Manifest::<init>@9 (line 54)
                      ; - java.util.jar.Manifest::<init>@4 (line 87)
                      ; - java.util.jar.JarFile::getManifestFromReference@143 (line 433)
                      ; - java.util.jar.JarFile::getManifest@1 (line 406)
                      ; - java.util.jar.JarFile::maybeInstantiateVerifier@31 (line 725)
                      ; - java.util.jar.JarFile::ensureInitialization@1 (line 1031)
                      ; - java.util.jar.JavaUtilJarAccessImpl::ensureInitialization@1 (line 72)
                      ; - jdk.internal.loader.URLClassPath$JarLoader$2::getManifest@10 (line 885)
                      ; - java.net.URLClassLoader::defineClass@34 (line 491)
                      ; - java.net.URLClassLoader$1::run@43 (line 427)
                      ; - java.net.URLClassLoader$1::run@1 (line 421)
                      ; - java.security.AccessController::executePrivileged@29 (line 807)
                      ; - java.security.AccessController::doPrivileged@13 (line 712)
                      ; - java.net.URLClassLoader::findClass@13 (line 420)
                      ; - org.gradle.internal.classloader.VisitableURLClassLoader$InstrumentingVisitableURLClassLoader::findClass@10 (line 189)
  0x000002c4d19fdb3c: 4038 41ff | 4180 7f38 | 000f 8565 | 3200 004c | 8b4c 2448 | 4d8b d14c | 8b44 2450 | 4d8b d84d 
  0x000002c4d19fdb5c: 33da 4589 | 410c 49c1 | eb14 498b | d94d 85db | 741a 49c1 | ea09 48b9 | 0000 dfd8 | c402 0000 
  0x000002c4d19fdb7c: 4903 ca80 | 3904 0f85 | 4f33 0000 | 4180 7f38 | 000f 8555 | 3200 004c | 8b44 2428 | 4189 580c 
  0x000002c4d19fdb9c: 4d8b d14d | 8bd8 4d33 | d349 c1ea | 144d 85d2 | 741a 49c1 | eb09 48b9 | 0000 dfd8 | c402 0000 
  0x000002c4d19fdbbc: 4903 cb80 | 3904 0f85 | 5e33 0000 | 498b 8708 | 0100 004c | 8bd0 4983 | c230 4d3b | 9718 0100 
  0x000002c4d19fdbdc: 000f 83ce | 3700 004d | 8997 0801 | 0000 410f | 0d8a c000 | 0000 48c7 | 0001 0000 

  0x000002c4d19fdbf8: ;   {metadata('java/util/HashMap')}
  0x000002c4d19fdbf8: 00c7 4008 | 2036 0b00 | 4489 600c | 4c89 6010 | 4c89 6018 | 4c89 6020 | 4c89 6028 | 4c89 4424 
  0x000002c4d19fdc18: 284c 8bd0 | 4c89 5424 | 4849 8bd2 

  0x000002c4d19fdc24: ;   {optimized virtual_call}
  0x000002c4d19fdc24: c5f8 77e8 

  0x000002c4d19fdc28: ; ImmutableOopMap {rbp=NarrowOop [32]=Oop [40]=Oop [48]=Oop [72]=Oop [96]=Oop [104]=Oop [112]=NarrowOop [120]=Oop [128]=Oop [144]=Oop [248]=Oop [280]=Oop [288]=Oop }
                      ;*invokespecial <init> {reexecute=0 rethrow=0 return_oop=0}
                      ; - java.util.AbstractMap::<init>@1 (line 73)
                      ; - java.util.HashMap::<init>@1 (line 469)
                      ; - java.util.jar.Manifest::<init>@20 (line 57)
                      ; - java.util.jar.Manifest::<init>@4 (line 87)
                      ; - java.util.jar.JarFile::getManifestFromReference@143 (line 433)
                      ; - java.util.jar.JarFile::getManifest@1 (line 406)
                      ; - java.util.jar.JarFile::maybeInstantiateVerifier@31 (line 725)
                      ; - java.util.jar.JarFile::ensureInitialization@1 (line 1031)
                      ; - java.util.jar.JavaUtilJarAccessImpl::ensureInitialization@1 (line 72)
                      ; - jdk.internal.loader.URLClassPath$JarLoader$2::getManifest@10 (line 885)
                      ; - java.net.URLClassLoader::defineClass@34 (line 491)
                      ; - java.net.URLClassLoader$1::run@43 (line 427)
                      ; - java.net.URLClassLoader$1::run@1 (line 421)
                      ; - java.security.AccessController::executePrivileged@29 (line 807)
                      ; - java.security.AccessController::doPrivileged@13 (line 712)
                      ; - java.net.URLClassLoader::findClass@13 (line 420)
                      ; - org.gradle.internal.classloader.VisitableURLClassLoader$InstrumentingVisitableURLClassLoader::findClass@10 (line 189)
  0x000002c4d19fdc28: 5437 41ff | 4c8b 4c24 | 4841 c741 | 2000 0040 | 3f41 807f | 3800 0f85 | dc31 0000 | 4c8b 4424 
  0x000002c4d19fdc48: 284d 8bd1 | 4589 5010 | 4d8b d14d | 8bd8 4d33 | d34c 8bcd | 49c1 ea14 | 4d85 d274 | 1a49 c1eb 
  0x000002c4d19fdc68: 0948 b900 | 00df d8c4 | 0200 0049 | 03cb 8039 | 040f 85f6 | 3200 0049 | 8be8 498b | d04c 8b84 
  0x000002c4d19fdc88: 24f8 0000 | 0066 6690 

  0x000002c4d19fdc90: ;   {optimized virtual_call}
  0x000002c4d19fdc90: c5f8 77e8 

  0x000002c4d19fdc94: ; ImmutableOopMap {rbp=Oop [32]=Oop [48]=Oop [96]=Oop [104]=Oop [112]=NarrowOop [120]=Oop [128]=Oop [144]=Oop [248]=Oop [280]=Oop [288]=Oop }
                      ;*invokevirtual read {reexecute=0 rethrow=0 return_oop=0}
                      ; - java.util.jar.Manifest::<init>@29 (line 100)
                      ; - java.util.jar.Manifest::<init>@4 (line 87)
                      ; - java.util.jar.JarFile::getManifestFromReference@143 (line 433)
                      ; - java.util.jar.JarFile::getManifest@1 (line 406)
                      ; - java.util.jar.JarFile::maybeInstantiateVerifier@31 (line 725)
                      ; - java.util.jar.JarFile::ensureInitialization@1 (line 1031)
                      ; - java.util.jar.JavaUtilJarAccessImpl::ensureInitialization@1 (line 72)
                      ; - jdk.internal.loader.URLClassPath$JarLoader$2::getManifest@10 (line 885)
                      ; - java.net.URLClassLoader::defineClass@34 (line 491)
                      ; - java.net.URLClassLoader$1::run@43 (line 427)
                      ; - java.net.URLClassLoader$1::run@1 (line 421)
                      ; - java.security.AccessController::executePrivileged@29 (line 807)
                      ; - java.security.AccessController::doPrivileged@13 (line 712)
                      ; - java.net.URLClassLoader::findClass@13 (line 420)
                      ; - org.gradle.internal.classloader.VisitableURLClassLoader$InstrumentingVisitableURLClassLoader::findClass@10 (line 189)
  0x000002c4d19fdc94: e836 41ff | 4180 7f38 | 000f 85b5 | 3100 0048 | 8bfd 4489 | 6714 4c8b | 9c24 f800 | 0000 458b 
  0x000002c4d19fdcb4: ;   {metadata('java/util/zip/ZipFile$ZipFileInflaterInputStream')}
  0x000002c4d19fdcb4: 4308 4181 | f8e8 911b | 000f 85f1 | 1b00 0048 | 8bef 488b | 9424 f800 | 0000 6690 

  0x000002c4d19fdcd0: ;   {optimized virtual_call}
  0x000002c4d19fdcd0: c5f8 77e8 

  0x000002c4d19fdcd4: ; ImmutableOopMap {rbp=Oop [32]=Oop [48]=Oop [96]=Oop [104]=Oop [112]=NarrowOop [120]=Oop [128]=Oop [144]=Oop [280]=Oop [288]=Oop }
                      ;*invokevirtual close {reexecute=0 rethrow=0 return_oop=0}
                      ; - java.util.jar.JarFile::getManifestFromReference@152 (line 434)
                      ; - java.util.jar.JarFile::getManifest@1 (line 406)
                      ; - java.util.jar.JarFile::maybeInstantiateVerifier@31 (line 725)
                      ; - java.util.jar.JarFile::ensureInitialization@1 (line 1031)
                      ; - java.util.jar.JavaUtilJarAccessImpl::ensureInitialization@1 (line 72)
                      ; - jdk.internal.loader.URLClassPath$JarLoader$2::getManifest@10 (line 885)
                      ; - java.net.URLClassLoader::defineClass@34 (line 491)
                      ; - java.net.URLClassLoader$1::run@43 (line 427)
                      ; - java.net.URLClassLoader$1::run@1 (line 421)
                      ; - java.security.AccessController::executePrivileged@29 (line 807)
                      ; - java.security.AccessController::doPrivileged@13 (line 712)
                      ; - java.net.URLClassLoader::findClass@13 (line 420)
                      ; - org.gradle.internal.classloader.VisitableURLClassLoader$InstrumentingVisitableURLClassLoader::findClass@10 (line 189)
  0x000002c4d19fdcd4: a836 41ff | 488b fd48 | 89bc 24c0 | 0000 00e9 | 3111 0000 | 4889 9c24 | 8800 0000 | 4d8b da4c 
  0x000002c4d19fdcf4: 895c 2428 | 418b ea48 | 8bd3 4d8b | c366 6690 

  0x000002c4d19fdd04: ;   {optimized virtual_call}
  0x000002c4d19fdd04: c5f8 77e8 

  0x000002c4d19fdd08: ; ImmutableOopMap {rbp=NarrowOop [32]=Oop [40]=Oop [48]=Oop [96]=Oop [104]=Oop [112]=NarrowOop [120]=Oop [128]=Oop [136]=Oop [280]=Oop [288]=Oop }
                      ;*invokespecial getInputStream {reexecute=0 rethrow=0 return_oop=1}
                      ; - java.util.jar.JarFile::getBytes@2 (line 801)
                      ; - java.util.jar.JarFile::getManifestFromReference@44 (line 419)
                      ; - java.util.jar.JarFile::getManifest@1 (line 406)
                      ; - java.util.jar.JarFile::maybeInstantiateVerifier@31 (line 725)
                      ; - java.util.jar.JarFile::ensureInitialization@1 (line 1031)
                      ; - java.util.jar.JavaUtilJarAccessImpl::ensureInitialization@1 (line 72)
                      ; - jdk.internal.loader.URLClassPath$JarLoader$2::getManifest@10 (line 885)
                      ; - java.net.URLClassLoader::defineClass@34 (line 491)
                      ; - java.net.URLClassLoader$1::run@43 (line 427)
                      ; - java.net.URLClassLoader$1::run@1 (line 421)
                      ; - java.security.AccessController::executePrivileged@29 (line 807)
                      ; - java.security.AccessController::doPrivileged@13 (line 712)
                      ; - java.net.URLClassLoader::findClass@13 (line 420)
                      ; - org.gradle.internal.classloader.VisitableURLClassLoader$InstrumentingVisitableURLClassLoader::findClass@10 (line 189)
  0x000002c4d19fdd08: 7436 41ff | 4889 8424 | 9000 0000 | 448b d549 | 8b6a 2048 | 81fd 0024 | f400 0f8f | b937 0000 
  0x000002c4d19fdd28: 448b dd41 | 83fb ff0f | 84ab 1700 | 0041 81fb | ffff 0000 | 0f8f 3201 | 0000 4181 | fb00 0010 
  0x000002c4d19fdd48: 000f 8736 | 3d00 0049 | 63cb 4181 | fb00 0010 | 000f 8786 | 3600 0049 | 8b9f 0801 | 0000 4883 
  0x000002c4d19fdd68: c117 4c8b | c149 83e0 | f84c 8bcb | 4d03 c84d | 3b8f 1801 | 0000 0f83 | 6136 0000 | 4d89 8f08 
  0x000002c4d19fdd88: 0100 0048 | 8bfb 4883 | c710 48c7 | 0301 0000 | 0041 0f0d | 89c0 0000 

  0x000002c4d19fdda0: ;   {metadata({type array byte})}
  0x000002c4d19fdda0: 00c7 4308 | 2867 0000 | 4489 5b0c | 410f 0d89 | 0001 0000 | 410f 0d89 | 4001 0000 | 410f 0d89 
  0x000002c4d19fddc0: 8001 0000 | 48c1 e903 | 4883 c1fe | 4833 c048 | 83f9 087f | 1048 ffc9 | 784f 4889 | 04cf 48ff 
  0x000002c4d19fdde0: c97d f7eb | 44c5 fdef | c0e9 0d00 | 0000 c5fe | 7f07 c5fe | 7f47 2048 | 83c7 4048 | 83e9 087d 
  0x000002c4d19fde00: ed48 83c1 | 047c 0cc5 | fe7f 0748 | 83c7 2048 | 83e9 0448 | 83c1 047e | 1048 ffc9 | c5f9 d607 
  0x000002c4d19fde20: 4883 c708 | 48ff c97d | f344 8954 | 2474 418b | eb4c 8bd3 | 4c89 5424 | 4844 8bd5 | 418b ea48 
  0x000002c4d19fde40: 8b94 2490 | 0000 004c | 8b44 2448 | 4533 c941 | 8bfa c5f8 | 7748 b8ff | ffff ffff 

  0x000002c4d19fde5c: ;   {virtual_call}
  0x000002c4d19fde5c: ffff ffe8 

  0x000002c4d19fde60: ; ImmutableOopMap {[32]=Oop [40]=Oop [48]=Oop [72]=Oop [96]=Oop [104]=Oop [112]=NarrowOop [116]=NarrowOop [120]=Oop [128]=Oop [136]=Oop [144]=Oop [280]=Oop [288]=Oop }
                      ;*invokevirtual readNBytes {reexecute=0 rethrow=0 return_oop=0}
                      ; - java.util.jar.JarFile::getBytes@109 (line 817)
                      ; - java.util.jar.JarFile::getManifestFromReference@44 (line 419)
                      ; - java.util.jar.JarFile::getManifest@1 (line 406)
                      ; - java.util.jar.JarFile::maybeInstantiateVerifier@31 (line 725)
                      ; - java.util.jar.JarFile::ensureInitialization@1 (line 1031)
                      ; - java.util.jar.JavaUtilJarAccessImpl::ensureInitialization@1 (line 72)
                      ; - jdk.internal.loader.URLClassPath$JarLoader$2::getManifest@10 (line 885)
                      ; - java.net.URLClassLoader::defineClass@34 (line 491)
                      ; - java.net.URLClassLoader$1::run@43 (line 427)
                      ; - java.net.URLClassLoader$1::run@1 (line 421)
                      ; - java.security.AccessController::executePrivileged@29 (line 807)
                      ; - java.security.AccessController::doPrivileged@13 (line 712)
                      ; - java.net.URLClassLoader::findClass@13 (line 420)
                      ; - org.gradle.internal.classloader.VisitableURLClassLoader$InstrumentingVisitableURLClassLoader::findClass@10 (line 189)
  0x000002c4d19fde60: 1c38 41ff | 448b c048 | 8b44 2448 | 448b d545 | 8bc8 eb3a | 4489 9c24 | 9800 0000 | 4489 5424 
  0x000002c4d19fde80: 7448 8bd0 | 6690 c5f8 | 7748 b8ff | ffff ffff 

  0x000002c4d19fde90: ;   {virtual_call}
  0x000002c4d19fde90: ffff ffe8 

  0x000002c4d19fde94: ; ImmutableOopMap {[32]=Oop [40]=Oop [48]=Oop [96]=Oop [104]=Oop [112]=NarrowOop [116]=NarrowOop [120]=Oop [128]=Oop [136]=Oop [144]=Oop [280]=Oop [288]=Oop }
                      ;*invokevirtual readAllBytes {reexecute=0 rethrow=0 return_oop=1}
                      ; - java.util.jar.JarFile::getBytes@118 (line 819)
                      ; - java.util.jar.JarFile::getManifestFromReference@44 (line 419)
                      ; - java.util.jar.JarFile::getManifest@1 (line 406)
                      ; - java.util.jar.JarFile::maybeInstantiateVerifier@31 (line 725)
                      ; - java.util.jar.JarFile::ensureInitialization@1 (line 1031)
                      ; - java.util.jar.JavaUtilJarAccessImpl::ensureInitialization@1 (line 72)
                      ; - jdk.internal.loader.URLClassPath$JarLoader$2::getManifest@10 (line 885)
                      ; - java.net.URLClassLoader::defineClass@34 (line 491)
                      ; - java.net.URLClassLoader$1::run@43 (line 427)
                      ; - java.net.URLClassLoader$1::run@1 (line 421)
                      ; - java.security.AccessController::executePrivileged@29 (line 807)
                      ; - java.security.AccessController::doPrivileged@13 (line 712)
                      ; - java.net.URLClassLoader::findClass@13 (line 420)
                      ; - org.gradle.internal.classloader.VisitableURLClassLoader$InstrumentingVisitableURLClassLoader::findClass@10 (line 189)
  0x000002c4d19fde94: e837 41ff 

  0x000002c4d19fde98: ; implicit exception: dispatches to 0x000002c4d1a02d34
  0x000002c4d19fde98: 448b 480c | 448b 9424 | 9800 0000 | 4183 faff | 0f84 5218 | 0000 453b | d10f 85d9 | 3600 0048 
  0x000002c4d19fdeb8: 8984 24d8 | 0000 0048 | 8b94 2490 | 0000 0066 | 6690 c5f8 | 7748 b8ff | ffff ffff 

  0x000002c4d19fded4: ;   {virtual_call}
  0x000002c4d19fded4: ffff ffe8 

  0x000002c4d19fded8: ; ImmutableOopMap {[32]=Oop [40]=Oop [48]=Oop [96]=Oop [104]=Oop [112]=NarrowOop [116]=NarrowOop [120]=Oop [128]=Oop [136]=Oop [216]=Oop [280]=Oop [288]=Oop }
                      ;*invokevirtual close {reexecute=0 rethrow=0 return_oop=0}
                      ; - java.util.jar.JarFile::getBytes@190 (line 826)
                      ; - java.util.jar.JarFile::getManifestFromReference@44 (line 419)
                      ; - java.util.jar.JarFile::getManifest@1 (line 406)
                      ; - java.util.jar.JarFile::maybeInstantiateVerifier@31 (line 725)
                      ; - java.util.jar.JarFile::ensureInitialization@1 (line 1031)
                      ; - java.util.jar.JavaUtilJarAccessImpl::ensureInitialization@1 (line 72)
                      ; - jdk.internal.loader.URLClassPath$JarLoader$2::getManifest@10 (line 885)
                      ; - java.net.URLClassLoader::defineClass@34 (line 491)
                      ; - java.net.URLClassLoader$1::run@43 (line 427)
                      ; - java.net.URLClassLoader$1::run@1 (line 421)
                      ; - java.security.AccessController::executePrivileged@29 (line 807)
                      ; - java.security.AccessController::doPrivileged@13 (line 712)
                      ; - java.net.URLClassLoader::findClass@13 (line 420)
                      ; - org.gradle.internal.classloader.VisitableURLClassLoader$InstrumentingVisitableURLClassLoader::findClass@10 (line 189)
  0x000002c4d19fded8: a437 41ff | 4c8b 9c24 | 8800 0000 | 410f b66b | 1185 ed0f | 857d 3800 | 0049 8bd3 

  0x000002c4d19fdef4: ;   {optimized virtual_call}
  0x000002c4d19fdef4: c5f8 77e8 

  0x000002c4d19fdef8: ; ImmutableOopMap {[32]=Oop [40]=Oop [48]=Oop [96]=Oop [104]=Oop [112]=NarrowOop [116]=NarrowOop [120]=Oop [128]=Oop [136]=Oop [216]=Oop [280]=Oop [288]=Oop }
                      ;*invokevirtual getManifestNum {reexecute=0 rethrow=0 return_oop=0}
                      ; - java.util.zip.ZipFile$1::getManifestNum@1 (line 1119)
                      ; - java.util.jar.JarFile::getManifestFromReference@59 (line 421)
                      ; - java.util.jar.JarFile::getManifest@1 (line 406)
                      ; - java.util.jar.JarFile::maybeInstantiateVerifier@31 (line 725)
                      ; - java.util.jar.JarFile::ensureInitialization@1 (line 1031)
                      ; - java.util.jar.JavaUtilJarAccessImpl::ensureInitialization@1 (line 72)
                      ; - jdk.internal.loader.URLClassPath$JarLoader$2::getManifest@10 (line 885)
                      ; - java.net.URLClassLoader::defineClass@34 (line 491)
                      ; - java.net.URLClassLoader$1::run@43 (line 427)
                      ; - java.net.URLClassLoader$1::run@1 (line 421)
                      ; - java.security.AccessController::executePrivileged@29 (line 807)
                      ; - java.security.AccessController::doPrivileged@13 (line 712)
                      ; - java.net.URLClassLoader::findClass@13 (line 420)
                      ; - org.gradle.internal.classloader.VisitableURLClassLoader$InstrumentingVisitableURLClassLoader::findClass@10 (line 189)
  0x000002c4d19fdef8: 8434 41ff | 83f8 010f | 85c3 3800 | 004d 8b9f | 0801 0000 | 4d8b d349 | 83c2 604d | 3b97 1801 
  0x000002c4d19fdf18: 0000 0f83 | 4831 0000 | 4d89 9708 | 0100 0041 | 0f0d 8ac0 | 0000 0049 | c703 0100 | 0000 498b 
  0x000002c4d19fdf38: fb48 83c7 

  0x000002c4d19fdf3c: ;   {metadata('java/util/jar/JarVerifier')}
  0x000002c4d19fdf3c: 1041 c743 | 0878 7518 | 0045 8963 | 0cb9 0a00 | 0000 c5fd | efc0 e90d | 0000 00c5 | fe7f 07c5 
  0x000002c4d19fdf5c: fe7f 4720 | 4883 c740 | 4883 e908 | 7ded 4883 | c104 7c0c | c5fe 7f07 | 4883 c720 | 4883 e904 
  0x000002c4d19fdf7c: 4883 c104 | 7e10 48ff | c9c5 f9d6 | 0748 83c7 | 0848 ffc9 | 7df3 4d8b | cb44 8b5c | 2474 458b 
  0x000002c4d19fdf9c: ;   {metadata('java/util/jar/JarFile$JarFileEntry')}
  0x000002c4d19fdf9c: 4308 4181 | f860 b218 | 000f 858d | 3500 004c | 8b54 2428 | 41c6 410e | 0145 8b5a | 6049 8b87 
  0x000002c4d19fdfbc: 0801 0000 | 41c6 410d | 014c 8bd0 | 4983 c210 | 498b eb4d | 3b97 1801 | 0000 0f83 | 2d31 0000 
  0x000002c4d19fdfdc: 4d89 9708 | 0100 0041 | 0f0d 8ac0 | 0000 0048 | c700 0100 

  0x000002c4d19fdff0: ;   {metadata('java/lang/Object')}
  0x000002c4d19fdff0: 0000 c740 | 0858 0d00 | 0044 8960 | 0c4c 894c | 2428 4489 | 5c24 484c | 8b94 24d8 | 0000 004d 
  0x000002c4d19fe010: 8bda 4489 | 5c24 4c4c | 8bd8 4c8b | 5424 2845 | 895a 344c | 8bd0 4c8b | 5c24 284d | 33d3 49c1 
  0x000002c4d19fe030: ea14 4d85 | d274 1a49 | c1eb 0948 | b900 00df | d8c4 0200 | 0049 03cb | 8039 040f | 8586 2700 
  0x000002c4d19fe050: 004d 8b97 | 0801 0000 | 4d8b da49 | 83c3 304d | 3b9f 1801 | 0000 0f83 | 1830 0000 | 4d89 9f08 
  0x000002c4d19fe070: 0100 0041 | 0f0d 8bc0 | 0000 0049 | c702 0100 

  0x000002c4d19fe080: ;   {metadata('java/util/HashMap')}
  0x000002c4d19fe080: 0000 41c7 | 4208 2036 | 0b00 4589 | 620c 4d89 | 6210 4d89 | 6218 4d89 | 6228 49c7 | 4220 0000 
  0x000002c4d19fe0a0: 403f 4180 | 7f38 000f | 854e 2100 | 004d 8bc2 | 4c8b 5c24 | 2845 8943 | 404d 33d3 | 49c1 ea14 
  0x000002c4d19fe0c0: 4d85 d274 | 1a49 c1eb | 0948 b900 | 00df d8c4 | 0200 0049 | 03cb 8039 | 040f 85af | 2600 004d 
  0x000002c4d19fe0e0: 8b97 0801 | 0000 4d8b | da49 83c3 | 304d 3b9f | 1801 0000 | 0f83 a62f | 0000 4d89 | 9f08 0100 
  0x000002c4d19fe100: 0041 0f0d | 8bc0 0000 | 0049 c702 | 0100 0000 

  0x000002c4d19fe110: ;   {metadata('java/util/HashMap')}
  0x000002c4d19fe110: 41c7 4208 | 2036 0b00 | 4589 620c | 4d89 6210 | 4d89 6218 | 4d89 6228 | 49c7 4220 | 0000 403f 
  0x000002c4d19fe130: 4180 7f38 | 000f 8516 | 2000 004d | 8bc2 4c8b | 5c24 2845 | 8943 444d | 33d3 49c1 | ea14 4d85 
  0x000002c4d19fe150: d274 1a49 | c1eb 0948 | b900 00df | d8c4 0200 | 0049 03cb | 8039 040f | 853b 2500 | 004d 8b97 
  0x000002c4d19fe170: 0801 0000 | 4d8b da49 | 83c3 104d | 3b9f 1801 | 0000 0f83 | 342f 0000 | 4d89 9f08 | 0100 0041 
  0x000002c4d19fe190: 0f0d 8bc0 | 0000 0049 | c702 0100 | 0000 410f | 0d8b 0001 

  0x000002c4d19fe1a4: ;   {metadata('java/security/CodeSigner'[])}
  0x000002c4d19fe1a4: 0000 41c7 | 4208 183a | 0401 410f | 0d8b 4001 | 0000 4589 | 620c 410f | 0d8b 8001 | 0000 4180 
  0x000002c4d19fe1c4: 7f38 000f | 8568 2000 | 004d 8bc2 | 4c8b 5c24 | 2845 8943 | 504d 33d3 | 49c1 ea14 | 4d85 d274 
  0x000002c4d19fe1e4: 1a49 c1eb | 0948 b900 | 00df d8c4 | 0200 0049 | 03cb 8039 | 040f 85f2 | 2400 0041 | 807f 3800 
  0x000002c4d19fe204: 0f85 811f | 0000 4c8b | 4424 288b | 4c24 4841 | 8948 304c | 8bd5 4d8b | d84d 33d3 | 49c1 ea14 
  0x000002c4d19fe224: 4d85 d274 | 1e85 c974 | 1a49 c1eb | 0948 b900 | 00df d8c4 | 0200 0049 | 03cb 8039 | 040f 85d1 
  0x000002c4d19fe244: 2a00 0041 | 807f 3800 | 0f85 761f | 0000 448b | 4c24 4c45 | 8948 2c48 | 8b9c 24d8 | 0000 004c 
  0x000002c4d19fe264: 8bd3 4d8b | d84d 33d3 | 49c1 ea14 | 4d85 d274 | 1a49 c1eb | 0948 b900 | 00df d8c4 | 0200 0049 
  0x000002c4d19fe284: 03cb 8039 | 040f 85ab | 2400 0049 | 8b87 0801 | 0000 4c8b | d049 83c2 | 304d 3b97 | 1801 0000 
  0x000002c4d19fe2a4: 0f83 322e | 0000 4d89 | 9708 0100 | 0041 0f0d | 8ac0 0000 | 0048 c700 | 0100 0000 

  0x000002c4d19fe2c0: ;   {metadata('java/util/Hashtable')}
  0x000002c4d19fe2c0: c740 0880 | 6f01 0044 | 8960 0c4c | 8960 104c | 8960 184c | 8960 204c | 8960 2848 | ffb4 24d8 
  0x000002c4d19fe2e0: 0000 0048 | 8f44 2428 | 498b e844 | 894c 2448 | 4c8b d04c | 8954 2450 | 498b d290 

  0x000002c4d19fe2fc: ;   {optimized virtual_call}
  0x000002c4d19fe2fc: c5f8 77e8 

  0x000002c4d19fe300: ; ImmutableOopMap {rbp=Oop [32]=Oop [40]=Oop [48]=Oop [72]=NarrowOop [80]=Oop [96]=Oop [104]=Oop [112]=NarrowOop [120]=Oop [128]=Oop [136]=Oop [280]=Oop [288]=Oop }
                      ;*invokespecial <init> {reexecute=0 rethrow=0 return_oop=0}
                      ; - java.util.Dictionary::<init>@1 (line 54)
                      ; - java.util.Hashtable::<init>@1 (line 186)
                      ; - java.util.Hashtable::<init>@5 (line 217)
                      ; - java.util.jar.JarVerifier::<init>@80 (line 109)
                      ; - java.util.jar.JarFile::getManifestFromReference@78 (line 422)
                      ; - java.util.jar.JarFile::getManifest@1 (line 406)
                      ; - java.util.jar.JarFile::maybeInstantiateVerifier@31 (line 725)
                      ; - java.util.jar.JarFile::ensureInitialization@1 (line 1031)
                      ; - java.util.jar.JavaUtilJarAccessImpl::ensureInitialization@1 (line 72)
                      ; - jdk.internal.loader.URLClassPath$JarLoader$2::getManifest@10 (line 885)
                      ; - java.net.URLClassLoader::defineClass@34 (line 491)
                      ; - java.net.URLClassLoader$1::run@43 (line 427)
                      ; - java.net.URLClassLoader$1::run@1 (line 421)
                      ; - java.security.AccessController::executePrivileged@29 (line 807)
                      ; - java.security.AccessController::doPrivileged@13 (line 712)
                      ; - java.net.URLClassLoader::findClass@13 (line 420)
                      ; - org.gradle.internal.classloader.VisitableURLClassLoader$InstrumentingVisitableURLClassLoader::findClass@10 (line 189)
  0x000002c4d19fe300: 7c30 41ff | 4c8b 4424 | 5045 8960 | 184d 8b8f | 0801 0000 | 41c7 4014 | 0000 403f | 4d8b d149 
  0x000002c4d19fe320: 83c2 404d | 3b97 1801 | 0000 0f83 | 192e 0000 | 4d89 9708 | 0100 0041 | 0f0d 8ac0 | 0000 0049 
  0x000002c4d19fe340: c701 0100 | 0000 410f | 0d8a 0001 

  0x000002c4d19fe34c: ;   {metadata('java/util/Hashtable$Entry'[])}
  0x000002c4d19fe34c: 0000 41c7 | 4108 709e | 1500 410f | 0d8a 4001 | 0000 41c7 | 410c 0b00 | 0000 410f | 0d8a 8001 
  0x000002c4d19fe36c: 0000 4d89 | 6110 4d89 | 6118 4d89 | 6120 4d89 | 6128 4d89 | 6130 4d89 | 6138 4180 | 7f38 000f 
  0x000002c4d19fe38c: 8520 1f00 | 004d 8bd9 | 4589 581c | 4d8b d14d | 8bd8 4d33 | d349 8bf8 | 49c1 ea14 | 4d85 d274 
  0x000002c4d19fe3ac: 1a49 c1eb | 0948 b900 | 00df d8c4 | 0200 0049 | 03cb 8039 | 040f 85a8 | 2400 0041 | 807f 3800 
  0x000002c4d19fe3cc: 0f85 9d1e | 0000 4c8b | cd41 8979 | 1441 c740 | 1008 0000 | 004d 8bd0 | 4d8b d94d | 33d3 49c1 
  0x000002c4d19fe3ec: ea14 4d85 | d274 1a49 | c1eb 0948 | b900 00df | d8c4 0200 | 0049 03cb | 8039 040f | 8513 2400 
  0x000002c4d19fe40c: 0049 8b87 | 0801 0000 | 4c8b d049 | 83c2 304d | 3b97 1801 | 0000 0f83 | 052d 0000 | 4d89 9708 
  0x000002c4d19fe42c: 0100 0041 | 0f0d 8ac0 | 0000 0048 | c700 0100 

  0x000002c4d19fe43c: ;   {metadata('java/util/Hashtable')}
  0x000002c4d19fe43c: 0000 c740 | 0880 6f01 | 0044 8960 | 0c4c 8960 | 104c 8960 | 184c 8960 | 204c 8960 | 2849 8be9 
  0x000002c4d19fe45c: 4c8b d04c | 8954 2450 | 498b d290 

  0x000002c4d19fe468: ;   {optimized virtual_call}
  0x000002c4d19fe468: c5f8 77e8 

  0x000002c4d19fe46c: ; ImmutableOopMap {rbp=Oop [32]=Oop [40]=Oop [48]=Oop [72]=NarrowOop [80]=Oop [96]=Oop [104]=Oop [112]=NarrowOop [120]=Oop [128]=Oop [136]=Oop [280]=Oop [288]=Oop }
                      ;*invokespecial <init> {reexecute=0 rethrow=0 return_oop=0}
                      ; - java.util.Dictionary::<init>@1 (line 54)
                      ; - java.util.Hashtable::<init>@1 (line 186)
                      ; - java.util.Hashtable::<init>@5 (line 217)
                      ; - java.util.jar.JarVerifier::<init>@91 (line 110)
                      ; - java.util.jar.JarFile::getManifestFromReference@78 (line 422)
                      ; - java.util.jar.JarFile::getManifest@1 (line 406)
                      ; - java.util.jar.JarFile::maybeInstantiateVerifier@31 (line 725)
                      ; - java.util.jar.JarFile::ensureInitialization@1 (line 1031)
                      ; - java.util.jar.JavaUtilJarAccessImpl::ensureInitialization@1 (line 72)
                      ; - jdk.internal.loader.URLClassPath$JarLoader$2::getManifest@10 (line 885)
                      ; - java.net.URLClassLoader::defineClass@34 (line 491)
                      ; - java.net.URLClassLoader$1::run@43 (line 427)
                      ; - java.net.URLClassLoader$1::run@1 (line 421)
                      ; - java.security.AccessController::executePrivileged@29 (line 807)
                      ; - java.security.AccessController::doPrivileged@13 (line 712)
                      ; - java.net.URLClassLoader::findClass@13 (line 420)
                      ; - org.gradle.internal.classloader.VisitableURLClassLoader$InstrumentingVisitableURLClassLoader::findClass@10 (line 189)
  0x000002c4d19fe46c: 102f 41ff | 4c8b 4424 | 5045 8960 | 184d 8b8f | 0801 0000 | 41c7 4014 | 0000 403f | 4d8b d149 
  0x000002c4d19fe48c: 83c2 404d | 3b97 1801 | 0000 0f83 | f12c 0000 | 4d89 9708 | 0100 0041 | 0f0d 8ac0 | 0000 0049 
  0x000002c4d19fe4ac: c701 0100 | 0000 410f | 0d8a 0001 

  0x000002c4d19fe4b8: ;   {metadata('java/util/Hashtable$Entry'[])}
  0x000002c4d19fe4b8: 0000 41c7 | 4108 709e | 1500 410f | 0d8a 4001 | 0000 41c7 | 410c 0b00 | 0000 410f | 0d8a 8001 
  0x000002c4d19fe4d8: 0000 4d89 | 6110 4d89 | 6118 4d89 | 6120 4d89 | 6128 4d89 | 6130 4d89 | 6138 4180 | 7f38 000f 
  0x000002c4d19fe4f8: 8535 1e00 | 004d 8bd1 | 4589 501c | 4d8b d14d | 8bd8 4d33 | d349 8bf8 | 49c1 ea14 | 4d85 d274 
  0x000002c4d19fe518: 1a49 c1eb | 0948 b900 | 00df d8c4 | 0200 0049 | 03cb 8039 | 040f 85d3 | 2300 0041 | 807f 3800 
  0x000002c4d19fe538: 0f85 b21d | 0000 4c8b | cd41 8979 | 1041 c740 | 1008 0000 | 004d 8bd0 | 4d8b d94d | 33d3 49c1 
  0x000002c4d19fe558: ea14 4d85 | d274 1a49 | c1eb 0948 | b900 00df | d8c4 0200 | 0049 03cb | 8039 040f | 853e 2300 
  0x000002c4d19fe578: 0049 8b87 | 0801 0000 | 4c8b d049 | 83c2 304d | 3b97 1801 | 0000 0f83 | dd2b 0000 | 4d89 9708 
  0x000002c4d19fe598: 0100 0041 | 0f0d 8ac0 | 0000 0048 | c700 0100 

  0x000002c4d19fe5a8: ;   {metadata('java/util/Hashtable')}
  0x000002c4d19fe5a8: 0000 c740 | 0880 6f01 | 0044 8960 | 0c4c 8960 | 104c 8960 | 184c 8960 | 204c 8960 | 2849 8be9 
  0x000002c4d19fe5c8: 4c8b d04c | 8954 2450 | 498b d290 

  0x000002c4d19fe5d4: ;   {optimized virtual_call}
  0x000002c4d19fe5d4: c5f8 77e8 

  0x000002c4d19fe5d8: ; ImmutableOopMap {rbp=Oop [32]=Oop [40]=Oop [48]=Oop [72]=NarrowOop [80]=Oop [96]=Oop [104]=Oop [112]=NarrowOop [120]=Oop [128]=Oop [136]=Oop [280]=Oop [288]=Oop }
                      ;*invokespecial <init> {reexecute=0 rethrow=0 return_oop=0}
                      ; - java.util.Dictionary::<init>@1 (line 54)
                      ; - java.util.Hashtable::<init>@1 (line 186)
                      ; - java.util.Hashtable::<init>@4 (line 209)
                      ; - java.util.jar.JarVerifier::<init>@104 (line 111)
                      ; - java.util.jar.JarFile::getManifestFromReference@78 (line 422)
                      ; - java.util.jar.JarFile::getManifest@1 (line 406)
                      ; - java.util.jar.JarFile::maybeInstantiateVerifier@31 (line 725)
                      ; - java.util.jar.JarFile::ensureInitialization@1 (line 1031)
                      ; - java.util.jar.JavaUtilJarAccessImpl::ensureInitialization@1 (line 72)
                      ; - jdk.internal.loader.URLClassPath$JarLoader$2::getManifest@10 (line 885)
                      ; - java.net.URLClassLoader::defineClass@34 (line 491)
                      ; - java.net.URLClassLoader$1::run@43 (line 427)
                      ; - java.net.URLClassLoader$1::run@1 (line 421)
                      ; - java.security.AccessController::executePrivileged@29 (line 807)
                      ; - java.security.AccessController::doPrivileged@13 (line 712)
                      ; - java.net.URLClassLoader::findClass@13 (line 420)
                      ; - org.gradle.internal.classloader.VisitableURLClassLoader$InstrumentingVisitableURLClassLoader::findClass@10 (line 189)
  0x000002c4d19fe5d8: a42d 41ff | 4c8b 4424 | 5045 8960 | 184d 8b8f | 0801 0000 | 41c7 4014 | 0000 403f | 4d8b d149 
  0x000002c4d19fe5f8: 83c2 404d | 3b97 1801 | 0000 0f83 | ad2b 0000 | 4d89 9708 | 0100 0041 | 0f0d 8ac0 | 0000 0049 
  0x000002c4d19fe618: c701 0100 | 0000 410f | 0d8a 0001 

  0x000002c4d19fe624: ;   {metadata('java/util/Hashtable$Entry'[])}
  0x000002c4d19fe624: 0000 41c7 | 4108 709e | 1500 410f | 0d8a 4001 | 0000 41c7 | 410c 0b00 | 0000 410f | 0d8a 8001 
  0x000002c4d19fe644: 0000 4d89 | 6110 4d89 | 6118 4d89 | 6120 4d89 | 6128 4d89 | 6130 4d89 | 6138 4180 | 7f38 000f 
  0x000002c4d19fe664: 8508 1d00 | 004d 8bd9 | 4589 581c | 4d8b d14d | 8bd8 4d33 | d349 8bf8 | 49c1 ea14 | 4d85 d274 
  0x000002c4d19fe684: 1a49 c1eb | 0948 b900 | 00df d8c4 | 0200 0049 | 03cb 8039 | 040f 85fe | 2200 0041 | 807f 3800 
  0x000002c4d19fe6a4: 0f85 061d | 0000 4c8b | cd41 8979 | 1841 c740 | 1008 0000 | 004d 8bd0 | 4d8b d94d | 33d3 49c1 
  0x000002c4d19fe6c4: ea14 4d85 | d274 1a49 | c1eb 0948 | b900 00df | d8c4 0200 | 0049 03cb | 8039 040f | 8569 2200 
  0x000002c4d19fe6e4: 0049 8b87 | 0801 0000 | 4c8b d049 | 83c2 184d | 3b97 1801 | 0000 0f83 | dd2a 0000 | 4d89 9708 
  0x000002c4d19fe704: 0100 0041 | 0f0d 8ac0 | 0000 0048 | c700 0100 

  0x000002c4d19fe714: ;   {metadata('java/util/ArrayList')}
  0x000002c4d19fe714: 0000 c740 | 0810 df00 | 0044 8960 | 0c4c 8960 | 1049 8be9 | 4c8b d04c | 8954 2450 | 498b d290 
  0x000002c4d19fe734: ;   {optimized virtual_call}
  0x000002c4d19fe734: c5f8 77e8 

  0x000002c4d19fe738: ; ImmutableOopMap {rbp=Oop [32]=Oop [40]=Oop [48]=Oop [72]=NarrowOop [80]=Oop [96]=Oop [104]=Oop [112]=NarrowOop [120]=Oop [128]=Oop [136]=Oop [280]=Oop [288]=Oop }
                      ;*invokespecial <init> {reexecute=0 rethrow=0 return_oop=0}
                      ; - java.util.AbstractCollection::<init>@1 (line 68)
                      ; - java.util.AbstractList::<init>@1 (line 78)
                      ; - java.util.ArrayList::<init>@1 (line 168)
                      ; - java.util.jar.JarVerifier::<init>@115 (line 112)
                      ; - java.util.jar.JarFile::getManifestFromReference@78 (line 422)
                      ; - java.util.jar.JarFile::getManifest@1 (line 406)
                      ; - java.util.jar.JarFile::maybeInstantiateVerifier@31 (line 725)
                      ; - java.util.jar.JarFile::ensureInitialization@1 (line 1031)
                      ; - java.util.jar.JavaUtilJarAccessImpl::ensureInitialization@1 (line 72)
                      ; - jdk.internal.loader.URLClassPath$JarLoader$2::getManifest@10 (line 885)
                      ; - java.net.URLClassLoader::defineClass@34 (line 491)
                      ; - java.net.URLClassLoader$1::run@43 (line 427)
                      ; - java.net.URLClassLoader$1::run@1 (line 421)
                      ; - java.security.AccessController::executePrivileged@29 (line 807)
                      ; - java.security.AccessController::doPrivileged@13 (line 712)
                      ; - java.net.URLClassLoader::findClass@13 (line 420)
                      ; - org.gradle.internal.classloader.VisitableURLClassLoader$InstrumentingVisitableURLClassLoader::findClass@10 (line 189)
  0x000002c4d19fe738: 442c 41ff | 4180 7f38 | 000f 85e4 | 1c00 004c | 8b44 2450 

  0x000002c4d19fe74c: ;   {oop(a 'java/lang/Object'[0] {0x00000000805ce020})}
  0x000002c4d19fe74c: 41c7 4014 | 20e0 5c80 | 4589 600c | 4d8b d049 | 8bd8 498b 

  0x000002c4d19fe760: ;   {oop(a 'java/lang/Object'[0] {0x00000000805ce020})}
  0x000002c4d19fe760: f849 bb20 | e05c 8000 | 0000 004d | 33da 49c1 | eb14 4d85 | db74 1a49 | c1ea 0948 | b900 00df 
  0x000002c4d19fe780: d8c4 0200 | 0049 03ca | 8039 040f | 8554 2200 | 0041 807f | 3800 0f85 | 561c 0000 | 4c8b c541 
  0x000002c4d19fe7a0: 8958 1c4c | 8bd7 4d8b | d84d 33d3 | 49c1 ea14 | 4d85 d274 | 1a49 c1eb | 0948 b900 | 00df d8c4 
  0x000002c4d19fe7c0: 0200 0049 | 03cb 8039 | 040f 855f | 2200 0049 | 8b87 0801 | 0000 4c8b | d049 83c2 | 184d 3b97 
  0x000002c4d19fe7e0: 1801 0000 | 0f83 0f2a | 0000 4d89 | 9708 0100 | 0041 0f0d | 8ac0 0000 | 0048 c700 | 0100 0000 
  0x000002c4d19fe800: ;   {metadata('java/io/ByteArrayOutputStream')}
  0x000002c4d19fe800: c740 08e8 | 0119 0044 | 8960 0c4c | 8960 1049 | 8be8 4c8b | d04c 8954 | 2450 498b | d266 6690 
  0x000002c4d19fe820: ;   {optimized virtual_call}
  0x000002c4d19fe820: c5f8 77e8 

  0x000002c4d19fe824: ; ImmutableOopMap {rbp=Oop [32]=Oop [40]=Oop [48]=Oop [72]=NarrowOop [80]=Oop [96]=Oop [104]=Oop [112]=NarrowOop [120]=Oop [128]=Oop [136]=Oop [280]=Oop [288]=Oop }
                      ;*invokespecial <init> {reexecute=0 rethrow=0 return_oop=0}
                      ; - java.io.OutputStream::<init>@1 (line 52)
                      ; - java.io.ByteArrayOutputStream::<init>@1 (line 76)
                      ; - java.io.ByteArrayOutputStream::<init>@3 (line 66)
                      ; - java.util.jar.JarVerifier::<init>@126 (line 113)
                      ; - java.util.jar.JarFile::getManifestFromReference@78 (line 422)
                      ; - java.util.jar.JarFile::getManifest@1 (line 406)
                      ; - java.util.jar.JarFile::maybeInstantiateVerifier@31 (line 725)
                      ; - java.util.jar.JarFile::ensureInitialization@1 (line 1031)
                      ; - java.util.jar.JavaUtilJarAccessImpl::ensureInitialization@1 (line 72)
                      ; - jdk.internal.loader.URLClassPath$JarLoader$2::getManifest@10 (line 885)
                      ; - java.net.URLClassLoader::defineClass@34 (line 491)
                      ; - java.net.URLClassLoader$1::run@43 (line 427)
                      ; - java.net.URLClassLoader$1::run@1 (line 421)
                      ; - java.security.AccessController::executePrivileged@29 (line 807)
                      ; - java.security.AccessController::doPrivileged@13 (line 712)
                      ; - java.net.URLClassLoader::findClass@13 (line 420)
                      ; - org.gradle.internal.classloader.VisitableURLClassLoader$InstrumentingVisitableURLClassLoader::findClass@10 (line 189)
  0x000002c4d19fe824: 582b 41ff | 4d8b 8708 | 0100 004d | 8bd0 4983 | c230 4d3b | 9718 0100 | 000f 83d2 | 2900 004d 
  0x000002c4d19fe844: 8997 0801 | 0000 410f | 0d8a c000 | 0000 49c7 | 0001 0000 | 0041 0f0d | 8a00 0100 

  0x000002c4d19fe860: ;   {metadata({type array byte})}
  0x000002c4d19fe860: 0041 c740 | 0828 6700 | 0041 0f0d | 8a40 0100 | 0041 c740 | 0c20 0000 | 0041 0f0d | 8a80 0100 
  0x000002c4d19fe880: 004d 8960 | 104d 8960 | 184d 8960 | 204d 8960 | 2841 807f | 3800 0f85 | 001c 0000 | 4c8b 5c24 
  0x000002c4d19fe8a0: 504d 8bd0 | 4d8b cb49 | 8bfb 4d8b | c24d 33c1 | 4d8b da44 | 895f 1049 | c1e8 1448 | 8bdf 4d85 
  0x000002c4d19fe8c0: c074 1a49 | c1e9 0948 | b900 00df | d8c4 0200 | 0049 03c9 | 8039 040f | 8599 2100 | 0041 807f 
  0x000002c4d19fe8e0: 3800 0f85 | 7b1b 0000 | 4c8b c541 | 8958 244c | 8bd7 4d8b | d84d 33d3 | 49c1 ea14 | 4d85 d274 
  0x000002c4d19fe900: 1a49 c1eb | 0948 b900 | 00df d8c4 | 0200 0049 | 03cb 8039 | 040f 85a4 | 2100 0049 | 8b87 0801 
  0x000002c4d19fe920: 0000 4c8b | d049 83c2 | 184d 3b97 | 1801 0000 | 0f83 0229 | 0000 4d89 | 9708 0100 | 0041 0f0d 
  0x000002c4d19fe940: 8ac0 0000 | 0048 c700 | 0100 0000 

  0x000002c4d19fe94c: ;   {metadata('java/util/ArrayList')}
  0x000002c4d19fe94c: c740 0810 | df00 0044 | 8960 0c4c | 8960 104c | 8944 2450 | 4c8b d049 | 8bea 498b | d266 6690 
  0x000002c4d19fe96c: ;   {optimized virtual_call}
  0x000002c4d19fe96c: c5f8 77e8 

  0x000002c4d19fe970: ; ImmutableOopMap {rbp=Oop [32]=Oop [40]=Oop [48]=Oop [72]=NarrowOop [80]=Oop [96]=Oop [104]=Oop [112]=NarrowOop [120]=Oop [128]=Oop [136]=Oop [280]=Oop [288]=Oop }
                      ;*invokespecial <init> {reexecute=0 rethrow=0 return_oop=0}
                      ; - java.util.AbstractCollection::<init>@1 (line 68)
                      ; - java.util.AbstractList::<init>@1 (line 78)
                      ; - java.util.ArrayList::<init>@1 (line 168)
                      ; - java.util.jar.JarVerifier::<init>@137 (line 114)
                      ; - java.util.jar.JarFile::getManifestFromReference@78 (line 422)
                      ; - java.util.jar.JarFile::getManifest@1 (line 406)
                      ; - java.util.jar.JarFile::maybeInstantiateVerifier@31 (line 725)
                      ; - java.util.jar.JarFile::ensureInitialization@1 (line 1031)
                      ; - java.util.jar.JavaUtilJarAccessImpl::ensureInitialization@1 (line 72)
                      ; - jdk.internal.loader.URLClassPath$JarLoader$2::getManifest@10 (line 885)
                      ; - java.net.URLClassLoader::defineClass@34 (line 491)
                      ; - java.net.URLClassLoader$1::run@43 (line 427)
                      ; - java.net.URLClassLoader$1::run@1 (line 421)
                      ; - java.security.AccessController::executePrivileged@29 (line 807)
                      ; - java.security.AccessController::doPrivileged@13 (line 712)
                      ; - java.net.URLClassLoader::findClass@13 (line 420)
                      ; - org.gradle.internal.classloader.VisitableURLClassLoader$InstrumentingVisitableURLClassLoader::findClass@10 (line 189)
  0x000002c4d19fe970: 0c2a 41ff | 4180 7f38 | 000f 859b | 1b00 004c 

  0x000002c4d19fe980: ;   {oop(a 'java/lang/Object'[0] {0x00000000805ce020})}
  0x000002c4d19fe980: 8bc5 41c7 | 4014 20e0 | 5c80 4589 | 600c 4c8b | 5424 2845 | 8b52 0c44 | 8954 244c | 4d8b d849 
  0x000002c4d19fe9a0: 8bd8 4c8b | 5424 5049 | 8bea 498b 

  0x000002c4d19fe9ac: ;   {oop(a 'java/lang/Object'[0] {0x00000000805ce020})}
  0x000002c4d19fe9ac: f849 ba20 | e05c 8000 | 0000 004d | 33d3 49c1 | ea14 4d85 | d274 1a49 | c1eb 0948 | b900 00df 
  0x000002c4d19fe9cc: d8c4 0200 | 0049 03cb | 8039 040f | 852a 2100 | 0041 807f | 3800 0f85 | 6e1b 0000 | 4c8b 5424 
  0x000002c4d19fe9ec: 5041 897a | 384c 8bd3 | 4c8b 5c24 | 504d 33d3 | 49c1 ea14 | 4d85 d274 | 1a49 c1eb | 0948 b900 
  0x000002c4d19fea0c: 00df d8c4 | 0200 0049 | 03cb 8039 | 040f 85c9 | 2100 004d | 8b97 0801 | 0000 4d8b | da49 83c3 
  0x000002c4d19fea2c: 304d 3b9f | 1801 0000 | 0f83 3328 | 0000 4d89 | 9f08 0100 | 0041 0f0d | 8bc0 0000 | 0049 c702 
  0x000002c4d19fea4c: 0100 0000 

  0x000002c4d19fea50: ;   {metadata('java/util/HashMap')}
  0x000002c4d19fea50: 41c7 4208 | 2036 0b00 | 4589 620c | 4d89 6210 | 4d89 6218 | 4d89 6228 | 49c7 4220 | 0000 403f 
  0x000002c4d19fea70: 4180 7f38 | 000f 8564 | 1a00 0049 | 8bda 4c8b | 5424 504d | 8bda 4c8b | d34c 8b44 | 2450 4589 
  0x000002c4d19fea90: 503c 4c8b | d34d 33d3 | 49c1 ea14 | 4d85 d274 | 1a49 c1eb | 0948 b900 | 00df d8c4 | 0200 0049 
  0x000002c4d19feab0: 03cb 8039 | 040f 85e4 | 2000 0041 | 807f 3800 | 0f85 c81a | 0000 4c8b | 8424 8800 | 0000 4189 
  0x000002c4d19fead0: 6830 4c8b | 5424 504d | 8bd8 4d33 | d349 c1ea | 144d 85d2 | 741a 49c1 | eb09 48b9 | 0000 dfd8 
  0x000002c4d19feaf0: c402 0000 | 4903 cb80 | 3904 0f85 | 5020 0000 | 498b 8708 | 0100 004c | 8bd0 4983 | c218 4d3b 
  0x000002c4d19feb10: 9718 0100 | 000f 8396 | 2700 004d | 8997 0801 | 0000 410f | 0d8a c000 | 0000 48c7 | 0001 0000 
  0x000002c4d19feb30: ;   {metadata('java/util/jar/Manifest')}
  0x000002c4d19feb30: 00c7 4008 | 009c 0600 | 4489 600c | 4c89 6010 | 498b e84c | 8bd0 4c89 | 5424 5044 | 8b5d 3044 
  0x000002c4d19feb50: 895c 2474 | 498b 8708 | 0100 004c | 8bd0 4983 | c220 4c89 | 9c24 8800 | 0000 4d3b | 9718 0100 
  0x000002c4d19feb70: 000f 83de | 2600 004d | 8997 0801 | 0000 410f | 0d8a c000 | 0000 48c7 | 0001 0000 

  0x000002c4d19feb8c: ;   {metadata('java/io/ByteArrayInputStream')}
  0x000002c4d19feb8c: 00c7 4008 | c0a2 0100 | 4489 600c | 4c89 6010 | 4c89 6018 | 4c8b c044 | 8b5c 244c | 4589 5814 
  0x000002c4d19febac: 448b 5424 | 4845 8950 | 184c 8bcd | 448b 5d14 | 498b 8708 | 0100 004c | 8bd0 4983 | c210 4d3b 
  0x000002c4d19febcc: 9718 0100 | 000f 83f6 | 2600 004d | 8997 0801 | 0000 410f | 0d8a c000 | 0000 48c7 | 0001 0000 
  0x000002c4d19febec: ;   {metadata('java/util/jar/Attributes')}
  0x000002c4d19febec: 00c7 4008 | f84c 1800 | 4489 600c | 488b e849 | 8b87 0801 | 0000 4c8b | d049 83c2 | 384d 3b97 
  0x000002c4d19fec0c: 1801 0000 | 0f83 7226 | 0000 4d89 | 9708 0100 | 0041 0f0d | 8ac0 0000 | 0048 c700 | 0100 0000 
  0x000002c4d19fec2c: ;   {metadata('java/util/LinkedHashMap')}
  0x000002c4d19fec2c: c740 0820 | 3a0b 0044 | 8960 0c4c | 8960 104c | 8960 184c | 8960 204c | 8960 284c | 8960 304c 
  0x000002c4d19fec4c: 898c 2490 | 0000 004c | 8944 2428 | 4489 5c24 | 484c 8bd0 | 4c89 9424 | 9800 0000 | 498b d241 
  0x000002c4d19fec6c: b80b 0000 | 0066 6690 

  0x000002c4d19fec74: ;   {optimized virtual_call}
  0x000002c4d19fec74: c5f8 77e8 

  0x000002c4d19fec78: ; ImmutableOopMap {rbp=Oop [32]=Oop [40]=Oop [48]=Oop [72]=NarrowOop [80]=Oop [96]=Oop [104]=Oop [112]=NarrowOop [116]=NarrowOop [120]=Oop [128]=Oop [136]=Oop [144]=Oop [152]=Oop [280]=Oop [288]=Oop }
                      ;*invokespecial <init> {reexecute=0 rethrow=0 return_oop=0}
                      ; - java.util.LinkedHashMap::<init>@2 (line 360)
                      ; - java.util.jar.Attributes::<init>@10 (line 82)
                      ; - java.util.jar.Attributes::<init>@3 (line 72)
                      ; - java.util.jar.Manifest::<init>@9 (line 54)
                      ; - java.util.jar.JarFile::getManifestFromReference@121 (line 430)
                      ; - java.util.jar.JarFile::getManifest@1 (line 406)
                      ; - java.util.jar.JarFile::maybeInstantiateVerifier@31 (line 725)
                      ; - java.util.jar.JarFile::ensureInitialization@1 (line 1031)
                      ; - java.util.jar.JavaUtilJarAccessImpl::ensureInitialization@1 (line 72)
                      ; - jdk.internal.loader.URLClassPath$JarLoader$2::getManifest@10 (line 885)
                      ; - java.net.URLClassLoader::defineClass@34 (line 491)
                      ; - java.net.URLClassLoader$1::run@43 (line 427)
                      ; - java.net.URLClassLoader$1::run@1 (line 421)
                      ; - java.security.AccessController::executePrivileged@29 (line 807)
                      ; - java.security.AccessController::doPrivileged@13 (line 712)
                      ; - java.net.URLClassLoader::findClass@13 (line 420)
                      ; - org.gradle.internal.classloader.VisitableURLClassLoader$InstrumentingVisitableURLClassLoader::findClass@10 (line 189)
  0x000002c4d19fec78: 0427 41ff | 4c8b 8424 | 9800 0000 | 4588 602c | 4180 7f38 | 000f 85ad | 1900 004d | 8bd0 4c8b 
  0x000002c4d19fec98: cd4d 8bda | 4d33 d144 | 895d 0c49 | c1ea 1444 | 8b44 2448 | 4d8b d84c | 899c 2498 | 0000 0048 
  0x000002c4d19fecb8: 8bdd 4d85 | d274 1a49 | c1e9 0948 | b900 00df | d8c4 0200 | 0049 03c9 | 8039 040f | 85f6 1f00 
  0x000002c4d19fecd8: 0041 807f | 3800 0f85 | 1e19 0000 | 4c8b 4424 | 5041 8958 | 0c4c 8bd5 | 4d8b d84d | 33d3 49c1 
  0x000002c4d19fecf8: ea14 4d85 | d274 1a49 | c1eb 0948 | b900 00df | d8c4 0200 | 0049 03cb | 8039 040f | 8567 1f00 
  0x000002c4d19fed18: 0049 8b9f | 0801 0000 | 4c8b d349 | 83c2 304d | 3b97 1801 | 0000 0f83 | ca25 0000 | 4d89 9708 
  0x000002c4d19fed38: 0100 0041 | 0f0d 8ac0 | 0000 0048 | c703 0100 

  0x000002c4d19fed48: ;   {metadata('java/util/HashMap')}
  0x000002c4d19fed48: 0000 c743 | 0820 360b | 0044 8963 | 0c4c 8963 | 104c 8963 | 184c 8963 | 2848 c743 | 2000 0040 
  0x000002c4d19fed68: 3f41 807f | 3800 0f85 | 5b18 0000 | 4d8b d04c | 8bcb 4589 | 4810 4c8b | db4d 33da | 49c1 eb14 
  0x000002c4d19fed88: 4d85 db74 | 1a49 c1ea | 0948 b900 | 00df d8c4 | 0200 0049 | 03ca 8039 | 040f 858a | 1e00 0049 
  0x000002c4d19feda8: 8be8 498b | d04c 8b44 | 2428 4c8b | 8c24 9800 | 0000 6690 

  0x000002c4d19fedbc: ;   {optimized virtual_call}
  0x000002c4d19fedbc: c5f8 77e8 

  0x000002c4d19fedc0: ; ImmutableOopMap {rbp=Oop [32]=Oop [48]=Oop [96]=Oop [104]=Oop [112]=NarrowOop [116]=NarrowOop [120]=Oop [128]=Oop [136]=Oop [144]=Oop [280]=Oop [288]=Oop }
                      ;*invokevirtual read {reexecute=0 rethrow=0 return_oop=0}
                      ; - java.util.jar.Manifest::<init>@29 (line 100)
                      ; - java.util.jar.JarFile::getManifestFromReference@121 (line 430)
                      ; - java.util.jar.JarFile::getManifest@1 (line 406)
                      ; - java.util.jar.JarFile::maybeInstantiateVerifier@31 (line 725)
                      ; - java.util.jar.JarFile::ensureInitialization@1 (line 1031)
                      ; - java.util.jar.JavaUtilJarAccessImpl::ensureInitialization@1 (line 72)
                      ; - jdk.internal.loader.URLClassPath$JarLoader$2::getManifest@10 (line 885)
                      ; - java.net.URLClassLoader::defineClass@34 (line 491)
                      ; - java.net.URLClassLoader$1::run@43 (line 427)
                      ; - java.net.URLClassLoader$1::run@1 (line 421)
                      ; - java.security.AccessController::executePrivileged@29 (line 807)
                      ; - java.security.AccessController::doPrivileged@13 (line 712)
                      ; - java.net.URLClassLoader::findClass@13 (line 420)
                      ; - org.gradle.internal.classloader.VisitableURLClassLoader$InstrumentingVisitableURLClassLoader::findClass@10 (line 189)
  0x000002c4d19fedc0: bc25 41ff | 4180 7f38 | 000f 85a3 | 1800 0048 | 8bdd 448b | 4424 7444 | 8943 144c | 8b94 2488 
  0x000002c4d19fede0: 0000 004c | 8bdb 4d33 | d349 c1ea | 144d 85d2 | 741f 4585 | c074 1a49 | c1eb 0948 | b900 00df 
  0x000002c4d19fee00: d8c4 0200 | 0049 03cb | 8039 040f | 8556 1f00 | 0048 899c | 24c0 0000 | 0049 8b87 | 0801 0000 
  0x000002c4d19fee20: 4c8b d049 | 83c2 284d | 3b97 1801 | 0000 0f83 | e021 0000 | 4d89 9708 | 0100 0041 | 0f0d 8ac0 
  0x000002c4d19fee40: 0000 0048 | c700 0100 

  0x000002c4d19fee48: ;   {metadata('java/lang/ref/SoftReference')}
  0x000002c4d19fee48: 0000 c740 | 08b0 6304 | 0044 8960 | 0c4c 8960 | 104c 8960 | 184c 8960 | 204c 8bd0 | 498b ea49 
  0x000002c4d19fee68: 8bd2 4c8b | 8424 c000 | 0000 4c89 | 8424 b800 | 0000 6690 

  0x000002c4d19fee7c: ;   {optimized virtual_call}
  0x000002c4d19fee7c: c5f8 77e8 

  0x000002c4d19fee80: ; ImmutableOopMap {rbp=Oop [32]=Oop [48]=Oop [96]=Oop [104]=Oop [112]=NarrowOop [120]=Oop [128]=Oop [144]=Oop [184]=Oop [280]=Oop [288]=Oop }
                      ;*invokespecial <init> {reexecute=0 rethrow=0 return_oop=0}
                      ; - java.util.jar.JarFile::getManifestFromReference@189 (line 436)
                      ; - java.util.jar.JarFile::getManifest@1 (line 406)
                      ; - java.util.jar.JarFile::maybeInstantiateVerifier@31 (line 725)
                      ; - java.util.jar.JarFile::ensureInitialization@1 (line 1031)
                      ; - java.util.jar.JavaUtilJarAccessImpl::ensureInitialization@1 (line 72)
                      ; - jdk.internal.loader.URLClassPath$JarLoader$2::getManifest@10 (line 885)
                      ; - java.net.URLClassLoader::defineClass@34 (line 491)
                      ; - java.net.URLClassLoader$1::run@43 (line 427)
                      ; - java.net.URLClassLoader$1::run@1 (line 421)
                      ; - java.security.AccessController::executePrivileged@29 (line 807)
                      ; - java.security.AccessController::doPrivileged@13 (line 712)
                      ; - java.net.URLClassLoader::findClass@13 (line 420)
                      ; - org.gradle.internal.classloader.VisitableURLClassLoader$InstrumentingVisitableURLClassLoader::findClass@10 (line 189)
  0x000002c4d19fee80: fc24 41ff | 4180 7f38 | 000f 8558 | 1200 0048 | 8b9c 2490 | 0000 004c | 8bd3 4c8b | c54d 8bd8 
  0x000002c4d19feea0: 4489 5b28 | 4d8b d84d | 33da 49c1 | eb14 4d85 | db0f 84fe | ddff ff49 | c1ea 094c | 8b44 2440 
  0x000002c4d19feec0: 4d03 c241 | 8038 040f | 84e8 ddff | ff4d 8b57 | 404d 8b5f | 50f0 8344 | 24c0 0041 | 8038 000f 
  0x000002c4d19feee0: 84d0 ddff | ff45 8820 | 4d85 d275 | 1b49 8bc8 | 498b d7c5 | f877 49ba | f069 abce | fb7f 0000 
  0x000002c4d19fef00: 41ff d2e9 | addd ffff | 4f89 4413 | f849 83c2 | f84d 8957 | 40e9 9bdd | ffff 4889 | 5c24 304c 
  0x000002c4d19fef20: 8b54 2440 | 4c89 5424 | 2848 8b6c | 2438 4c89 

  0x000002c4d19fef30: ;   {metadata('java/lang/String')}
  0x000002c4d19fef30: 6c24 2048 | bae0 e900 | e1c4 0200 | 0066 6690 

  0x000002c4d19fef40: ;   {runtime_call _new_instance_Java}
  0x000002c4d19fef40: c5f8 77e8 

  0x000002c4d19fef44: ; ImmutableOopMap {[32]=Oop [48]=Oop [128]=Oop }
                      ;*new {reexecute=0 rethrow=0 return_oop=1}
                      ; - java.lang.StringConcatHelper::simpleConcat@17 (line 411)
                      ; - java.lang.String::concat@11 (line 2774)
                      ; - java.net.URLClassLoader$1::run@13 (line 423)
                      ; - java.net.URLClassLoader$1::run@1 (line 421)
                      ; - java.security.AccessController::executePrivileged@29 (line 807)
                      ; - java.security.AccessController::doPrivileged@13 (line 712)
                      ; - java.net.URLClassLoader::findClass@13 (line 420)
                      ; - org.gradle.internal.classloader.VisitableURLClassLoader$InstrumentingVisitableURLClassLoader::findClass@10 (line 189)
  0x000002c4d19fef44: b811 4cff | 4c8b 6c24 | 2048 896c | 2438 4c8b | 5424 284c | 8954 2440 | 488b 5c24 | 30e9 e5d4 
  0x000002c4d19fef64: ffff 4d89 | 4820 e939 | ddff ffba | e4ff ffff | 488b ac24 | 8000 0000 | 4889 5c24 | 3889 4c24 
  0x000002c4d19fef84: 4444 8b54 | 2454 4489 | 5424 4c44 | 895c 2458 | 4489 4424 | 5c66 6690 

  0x000002c4d19fef9c: ;   {runtime_call UncommonTrapBlob}
  0x000002c4d19fef9c: c5f8 77e8 

  0x000002c4d19fefa0: ; ImmutableOopMap {rbp=Oop [40]=Oop [56]=Oop [76]=NarrowOop [80]=NarrowOop [92]=NarrowOop }
                      ;*aaload {reexecute=0 rethrow=0 return_oop=0}
                      ; - java.lang.ThreadLocal$ThreadLocalMap::getEntryAfterMiss@52 (line 462)
                      ; - java.lang.ThreadLocal$ThreadLocalMap::getEntry@38 (line 439)
                      ; - java.lang.ThreadLocal::get@16 (line 165)
                      ; - org.gradle.internal.classloader.TransformErrorHandler::getLastErrorAndClear@4 (line 126)
                      ; - org.gradle.internal.classloader.TransformErrorHandler::enterClassLoadingScope@1 (line 68)
                      ; - org.gradle.internal.classloader.VisitableURLClassLoader$InstrumentingVisitableURLClassLoader::findClass@5 (line 186)
  0x000002c4d19fefa0: 5c79 41ff | baf6 ffff | ff48 895c | 2428 4c89 | 6c24 304c | 8944 2440 

  0x000002c4d19fefb8: ;   {runtime_call UncommonTrapBlob}
  0x000002c4d19fefb8: c5f8 77e8 

  0x000002c4d19fefbc: ; ImmutableOopMap {[40]=Oop [48]=Oop [64]=Oop [128]=Oop }
                      ;*invokevirtual getResource {reexecute=0 rethrow=0 return_oop=0}
                      ; - java.net.URLClassLoader$1::run@26 (line 424)
                      ; - java.net.URLClassLoader$1::run@1 (line 421)
                      ; - java.security.AccessController::executePrivileged@29 (line 807)
                      ; - java.security.AccessController::doPrivileged@13 (line 712)
                      ; - java.net.URLClassLoader::findClass@13 (line 420)
                      ; - org.gradle.internal.classloader.VisitableURLClassLoader$InstrumentingVisitableURLClassLoader::findClass@10 (line 189)
  0x000002c4d19fefbc: 4079 41ff | bae4 ffff | ff4c 8b44 | 2448 4c89 | 4424 3048 | 8944 24f8 | 8b44 2450 | 8944 243c 
  0x000002c4d19fefdc: 488b 4424 | f844 895c | 244c 4489 | 6c24 5090 

  0x000002c4d19fefec: ;   {runtime_call UncommonTrapBlob}
  0x000002c4d19fefec: c5f8 77e8 

  0x000002c4d19feff0: ; ImmutableOopMap {[40]=Oop [48]=Oop [80]=NarrowOop [84]=NarrowOop [88]=NarrowOop [128]=Oop }
                      ;*aaload {reexecute=0 rethrow=0 return_oop=0}
                      ; - java.lang.ThreadLocal$ThreadLocalMap::expungeStaleEntry@10 (line 609)
                      ; - java.lang.ThreadLocal$ThreadLocalMap::remove@46 (line 516)
                      ; - java.lang.ThreadLocal::remove@14 (line 242)
                      ; - org.gradle.internal.classloader.TransformErrorHandler::getLastErrorAndClear@15 (line 127)
                      ; - org.gradle.internal.classloader.TransformErrorHandler::enterClassLoadingScope@1 (line 68)
                      ; - org.gradle.internal.classloader.VisitableURLClassLoader$InstrumentingVisitableURLClassLoader::findClass@5 (line 186)
  0x000002c4d19feff0: 0c79 41ff | baf6 ffff | ff66 6690 

  0x000002c4d19feffc: ;   {runtime_call UncommonTrapBlob}
  0x000002c4d19feffc: c5f8 77e8 

  0x000002c4d19ff000: ; ImmutableOopMap {[40]=Oop [128]=Oop }
                      ;*putfield value {reexecute=1 rethrow=0 return_oop=0}
                      ; - (reexecute) java.lang.ThreadLocal$ThreadLocalMap::expungeStaleEntry@12 (line 609)
                      ; - java.lang.ThreadLocal$ThreadLocalMap::remove@46 (line 516)
                      ; - java.lang.ThreadLocal::remove@14 (line 242)
                      ; - org.gradle.internal.classloader.TransformErrorHandler::getLastErrorAndClear@15 (line 127)
                      ; - org.gradle.internal.classloader.TransformErrorHandler::enterClassLoadingScope@1 (line 68)
                      ; - org.gradle.internal.classloader.VisitableURLClassLoader$InstrumentingVisitableURLClassLoader::findClass@5 (line 186)
  0x000002c4d19ff000: fc78 41ff | bae4 ffff | ff4c 8b44 | 2448 4c89 | 4424 3844 | 8b44 2454 | 4489 4424 | 4444 8954 
  0x000002c4d19ff020: 2448 4489 | 5c24 5044 | 896c 2454 

  0x000002c4d19ff02c: ;   {runtime_call UncommonTrapBlob}
  0x000002c4d19ff02c: c5f8 77e8 

  0x000002c4d19ff030: ; ImmutableOopMap {[40]=Oop [56]=Oop [68]=NarrowOop [72]=NarrowOop [84]=NarrowOop [128]=Oop }
                      ;*aaload {reexecute=0 rethrow=0 return_oop=0}
                      ; - java.lang.ThreadLocal$ThreadLocalMap::expungeStaleEntry@39 (line 617)
                      ; - java.lang.ThreadLocal$ThreadLocalMap::remove@46 (line 516)
                      ; - java.lang.ThreadLocal::remove@14 (line 242)
                      ; - org.gradle.internal.classloader.TransformErrorHandler::getLastErrorAndClear@15 (line 127)
                      ; - org.gradle.internal.classloader.TransformErrorHandler::enterClassLoadingScope@1 (line 68)
                      ; - org.gradle.internal.classloader.VisitableURLClassLoader$InstrumentingVisitableURLClassLoader::findClass@5 (line 186)
  0x000002c4d19ff030: cc78 41ff | ba76 ffff | ff48 895c | 2428 4c89 | 6c24 3044 | 8944 2438 | 8944 2440 | 4c89 6c24 
  0x000002c4d19ff050: 4866 6690 

  0x000002c4d19ff054: ;   {runtime_call UncommonTrapBlob}
  0x000002c4d19ff054: c5f8 77e8 

  0x000002c4d19ff058: ; ImmutableOopMap {[40]=Oop [48]=Oop [56]=NarrowOop [72]=Oop [128]=Oop }
                      ;*if_icmpge {reexecute=1 rethrow=0 return_oop=0}
                      ; - (reexecute) java.lang.StringLatin1::replace@19 (line 306)
                      ; - java.lang.String::replace@18 (line 2808)
                      ; - java.net.URLClassLoader$1::run@8 (line 423)
                      ; - java.net.URLClassLoader$1::run@1 (line 421)
                      ; - java.security.AccessController::executePrivileged@29 (line 807)
                      ; - java.security.AccessController::doPrivileged@13 (line 712)
                      ; - java.net.URLClassLoader::findClass@13 (line 420)
                      ; - org.gradle.internal.classloader.VisitableURLClassLoader$InstrumentingVisitableURLClassLoader::findClass@10 (line 189)
  0x000002c4d19ff058: a478 41ff | ba66 ffff | ff48 8bac | 2480 0000 | 0044 8b44 | 2454 4489 | 4424 3444 | 895c 243c 
  0x000002c4d19ff078: 4889 7424 | 4066 6690 

  0x000002c4d19ff080: ;   {runtime_call UncommonTrapBlob}
  0x000002c4d19ff080: c5f8 77e8 

  0x000002c4d19ff084: ; ImmutableOopMap {rbp=Oop [40]=Oop [52]=NarrowOop [60]=NarrowOop [64]=Oop [84]=NarrowOop }
                      ;*invokevirtual getMap {reexecute=0 rethrow=0 return_oop=0}
                      ; - java.lang.ThreadLocal::get@6 (line 163)
                      ; - org.gradle.internal.classloader.TransformErrorHandler::getLastErrorAndClear@4 (line 126)
                      ; - org.gradle.internal.classloader.TransformErrorHandler::enterClassLoadingScope@1 (line 68)
                      ; - org.gradle.internal.classloader.VisitableURLClassLoader$InstrumentingVisitableURLClassLoader::findClass@5 (line 186)
  0x000002c4d19ff084: 7878 41ff | bade ffff | ff4c 894c | 2430 4489 | 5424 3c90 

  0x000002c4d19ff098: ;   {runtime_call UncommonTrapBlob}
  0x000002c4d19ff098: c5f8 77e8 

  0x000002c4d19ff09c: ; ImmutableOopMap {[40]=Oop [48]=Oop [60]=NarrowOop [84]=NarrowOop [128]=Oop }
                      ;*invokevirtual remove {reexecute=0 rethrow=0 return_oop=0}
                      ; - org.gradle.internal.classloader.TransformErrorHandler::getLastErrorAndClear@15 (line 127)
                      ; - org.gradle.internal.classloader.TransformErrorHandler::enterClassLoadingScope@1 (line 68)
                      ; - org.gradle.internal.classloader.VisitableURLClassLoader$InstrumentingVisitableURLClassLoader::findClass@5 (line 186)
  0x000002c4d19ff09c: 6078 41ff | bae4 ffff | ff4c 894c | 2430 4889 | 4c24 3844 | 8954 2444 | 4489 4424 | 4c44 895c 
  0x000002c4d19ff0bc: 2450 895c | 2458 6690 

  0x000002c4d19ff0c4: ;   {runtime_call UncommonTrapBlob}
  0x000002c4d19ff0c4: c5f8 77e8 

  0x000002c4d19ff0c8: ; ImmutableOopMap {[40]=Oop [48]=Oop [56]=Oop [76]=NarrowOop [84]=NarrowOop [88]=NarrowOop [128]=Oop }
                      ;*aaload {reexecute=0 rethrow=0 return_oop=0}
                      ; - java.lang.ThreadLocal$ThreadLocalMap::remove@21 (line 511)
                      ; - java.lang.ThreadLocal::remove@14 (line 242)
                      ; - org.gradle.internal.classloader.TransformErrorHandler::getLastErrorAndClear@15 (line 127)
                      ; - org.gradle.internal.classloader.TransformErrorHandler::enterClassLoadingScope@1 (line 68)
                      ; - org.gradle.internal.classloader.VisitableURLClassLoader$InstrumentingVisitableURLClassLoader::findClass@5 (line 186)
  0x000002c4d19ff0c8: 3478 41ff | ba54 ffff | ff4c 894c | 2438 6690 

  0x000002c4d19ff0d8: ;   {runtime_call UncommonTrapBlob}
  0x000002c4d19ff0d8: c5f8 77e8 

  0x000002c4d19ff0dc: ; ImmutableOopMap {[40]=Oop [56]=Oop [84]=NarrowOop [128]=Oop }
                      ;*ifnull {reexecute=1 rethrow=0 return_oop=0}
                      ; - (reexecute) org.gradle.internal.classloader.TransformErrorHandler::enterClassLoadingScope@6 (line 69)
                      ; - org.gradle.internal.classloader.VisitableURLClassLoader$InstrumentingVisitableURLClassLoader::findClass@5 (line 186)
  0x000002c4d19ff0dc: 2078 41ff | bae4 ffff | ff48 895c | 2440 4489 | 4c24 4c90 

  0x000002c4d19ff0f0: ;   {runtime_call UncommonTrapBlob}
  0x000002c4d19ff0f0: c5f8 77e8 

  0x000002c4d19ff0f4: ; ImmutableOopMap {rbp=NarrowOop [40]=Oop [64]=Oop [80]=NarrowOop [84]=NarrowOop [128]=Oop }
                      ;*aaload {reexecute=0 rethrow=0 return_oop=0}
                      ; - java.lang.ThreadLocal$ThreadLocalMap::getEntry@18 (line 435)
                      ; - java.lang.ThreadLocal::get@16 (line 165)
                      ; - org.gradle.internal.classloader.TransformErrorHandler::getLastErrorAndClear@4 (line 126)
                      ; - org.gradle.internal.classloader.TransformErrorHandler::enterClassLoadingScope@1 (line 68)
                      ; - org.gradle.internal.classloader.VisitableURLClassLoader$InstrumentingVisitableURLClassLoader::findClass@5 (line 186)
  0x000002c4d19ff0f4: 0878 41ff | 41ba 0100 | 0000 e903 | c6ff ff49 | 63c8 e987 | c6ff ffba | ccff ffff | 4889 5c24 
  0x000002c4d19ff114: 284c 896c | 2430 4c89 | 5c24 4048 | 8944 2450 | 4889 7c24 | 5844 8954 | 2460 6690 

  0x000002c4d19ff130: ;   {runtime_call UncommonTrapBlob}
  0x000002c4d19ff130: c5f8 77e8 

  0x000002c4d19ff134: ; ImmutableOopMap {[40]=Oop [48]=Oop [64]=Oop [88]=Oop [128]=Oop }
                      ;*invokestatic arraycopy {reexecute=0 rethrow=0 return_oop=0}
                      ; - java.lang.String::getBytes@22 (line 4459)
                      ; - java.lang.StringConcatHelper::prepend@21 (line 354)
                      ; - java.lang.StringConcatHelper::simpleConcat@71 (line 424)
                      ; - java.lang.String::concat@11 (line 2774)
                      ; - java.net.URLClassLoader$1::run@13 (line 423)
                      ; - java.net.URLClassLoader$1::run@1 (line 421)
                      ; - java.security.AccessController::executePrivileged@29 (line 807)
                      ; - java.security.AccessController::doPrivileged@13 (line 712)
                      ; - java.net.URLClassLoader::findClass@13 (line 420)
                      ; - org.gradle.internal.classloader.VisitableURLClassLoader$InstrumentingVisitableURLClassLoader::findClass@10 (line 189)
  0x000002c4d19ff134: c877 41ff | bacc ffff | ff48 895c | 2428 4c89 | 4c24 304c | 896c 2438 | 4889 7c24 | 5089 7424 
  0x000002c4d19ff154: 5866 6690 

  0x000002c4d19ff158: ;   {runtime_call UncommonTrapBlob}
  0x000002c4d19ff158: c5f8 77e8 

  0x000002c4d19ff15c: ; ImmutableOopMap {[40]=Oop [48]=Oop [56]=Oop [80]=Oop [128]=Oop }
                      ;*invokestatic arraycopy {reexecute=0 rethrow=0 return_oop=0}
                      ; - java.lang.String::getBytes@22 (line 4459)
                      ; - java.lang.StringConcatHelper::prepend@21 (line 354)
                      ; - java.lang.StringConcatHelper::simpleConcat@81 (line 425)
                      ; - java.lang.String::concat@11 (line 2774)
                      ; - java.net.URLClassLoader$1::run@13 (line 423)
                      ; - java.net.URLClassLoader$1::run@1 (line 421)
                      ; - java.security.AccessController::executePrivileged@29 (line 807)
                      ; - java.security.AccessController::doPrivileged@13 (line 712)
                      ; - java.net.URLClassLoader::findClass@13 (line 420)
                      ; - org.gradle.internal.classloader.VisitableURLClassLoader$InstrumentingVisitableURLClassLoader::findClass@10 (line 189)
  0x000002c4d19ff15c: a077 41ff | bae4 ffff | ff48 8bac | 2480 0000 | 0048 895c | 2438 448b | 4c24 5445 | 8bd9 4489 
  0x000002c4d19ff17c: 5c24 4444 | 8b4c 2450 | 4489 4c24 | 4844 8954 | 2450 4489 | 4424 5889 | 7c24 5c90 

  0x000002c4d19ff198: ;   {runtime_call UncommonTrapBlob}
  0x000002c4d19ff198: c5f8 77e8 

  0x000002c4d19ff19c: ; ImmutableOopMap {rbp=Oop [40]=Oop [56]=Oop [68]=NarrowOop [72]=NarrowOop [88]=NarrowOop }
                      ;*aaload {reexecute=0 rethrow=0 return_oop=0}
                      ; - java.lang.ThreadLocal$ThreadLocalMap::set@76 (line 486)
                      ; - java.lang.ThreadLocal::setInitialValue@22 (line 199)
                      ; - java.lang.ThreadLocal::get@34 (line 172)
                      ; - org.gradle.internal.classloader.TransformErrorHandler::getLastErrorAndClear@4 (line 126)
                      ; - org.gradle.internal.classloader.TransformErrorHandler::enterClassLoadingScope@1 (line 68)
                      ; - org.gradle.internal.classloader.VisitableURLClassLoader$InstrumentingVisitableURLClassLoader::findClass@5 (line 186)
  0x000002c4d19ff19c: 6077 41ff | 4889 9c24 | 8800 0000 | 488b d345 | 33c0 6690 

  0x000002c4d19ff1b0: ;   {optimized virtual_call}
  0x000002c4d19ff1b0: c5f8 77e8 

  0x000002c4d19ff1b4: ; ImmutableOopMap {[32]=Oop [48]=Oop [96]=Oop [104]=Oop [112]=NarrowOop [120]=Oop [128]=Oop [136]=Oop [280]=Oop [288]=Oop }
                      ;*invokevirtual getManifestName {reexecute=0 rethrow=0 return_oop=1}
                      ; - java.util.zip.ZipFile$1::getManifestName@2 (line 1123)
                      ; - java.util.jar.JarFile::getManEntry@12 (line 942)
                      ; - java.util.jar.JarFile::getManifestFromReference@27 (line 414)
                      ; - java.util.jar.JarFile::getManifest@1 (line 406)
                      ; - java.util.jar.JarFile::maybeInstantiateVerifier@31 (line 725)
                      ; - java.util.jar.JarFile::ensureInitialization@1 (line 1031)
                      ; - java.util.jar.JavaUtilJarAccessImpl::ensureInitialization@1 (line 72)
                      ; - jdk.internal.loader.URLClassPath$JarLoader$2::getManifest@10 (line 885)
                      ; - java.net.URLClassLoader::defineClass@34 (line 491)
                      ; - java.net.URLClassLoader$1::run@43 (line 427)
                      ; - java.net.URLClassLoader$1::run@1 (line 421)
                      ; - java.security.AccessController::executePrivileged@29 (line 807)
                      ; - java.security.AccessController::doPrivileged@13 (line 712)
                      ; - java.net.URLClassLoader::findClass@13 (line 420)
                      ; - org.gradle.internal.classloader.VisitableURLClassLoader$InstrumentingVisitableURLClassLoader::findClass@10 (line 189)
  0x000002c4d19ff1b4: c821 41ff | 4885 c00f | 8477 0900 | 0048 8b94 | 2488 0000 | 004c 8bc0 

  0x000002c4d19ff1cc: ;   {optimized virtual_call}
  0x000002c4d19ff1cc: c5f8 77e8 

  0x000002c4d19ff1d0: ; ImmutableOopMap {[32]=Oop [48]=Oop [96]=Oop [104]=Oop [112]=NarrowOop [120]=Oop [128]=Oop [136]=Oop [280]=Oop [288]=Oop }
                      ;*invokespecial getEntry {reexecute=0 rethrow=0 return_oop=1}
                      ; - java.util.jar.JarFile::getManEntry@25 (line 944)
                      ; - java.util.jar.JarFile::getManifestFromReference@27 (line 414)
                      ; - java.util.jar.JarFile::getManifest@1 (line 406)
                      ; - java.util.jar.JarFile::maybeInstantiateVerifier@31 (line 725)
                      ; - java.util.jar.JarFile::ensureInitialization@1 (line 1031)
                      ; - java.util.jar.JavaUtilJarAccessImpl::ensureInitialization@1 (line 72)
                      ; - jdk.internal.loader.URLClassPath$JarLoader$2::getManifest@10 (line 885)
                      ; - java.net.URLClassLoader::defineClass@34 (line 491)
                      ; - java.net.URLClassLoader$1::run@43 (line 427)
                      ; - java.net.URLClassLoader$1::run@1 (line 421)
                      ; - java.security.AccessController::executePrivileged@29 (line 807)
                      ; - java.security.AccessController::doPrivileged@13 (line 712)
                      ; - java.net.URLClassLoader::findClass@13 (line 420)
                      ; - org.gradle.internal.classloader.VisitableURLClassLoader$InstrumentingVisitableURLClassLoader::findClass@10 (line 189)
  0x000002c4d19ff1d0: ac21 41ff | 488b f844 

  0x000002c4d19ff1d8: ;   {metadata('java/util/jar/JarEntry')}
  0x000002c4d19ff1d8: 8b58 0849 | ba68 af18 | e1c4 0200 | 0049 b800 | 0000 e1c4 | 0200 004d | 03c3 4d8b | 5840 4d3b 
  0x000002c4d19ff1f8: da0f 853d | 2c00 0041 | 807f 3800 | 0f85 231e | 0000 488b | 9c24 8800 | 0000 4c8b | d34c 8bdf 
  0x000002c4d19ff218: 4489 5b2c | 4c8b df4d | 33da 49c1 | eb14 4d85 | db0f 8486 | dfff ff49 | c1ea 0948 | b900 00df 
  0x000002c4d19ff238: d8c4 0200 | 0049 03ca | 8039 040f | 846c dfff | ff4d 8b57 | 404d 8b5f | 50f0 8344 | 24c0 0080 
  0x000002c4d19ff258: 3900 0f84 | 55df ffff | 4488 214d | 85d2 7518 | 498b d7c5 | f877 49ba | f069 abce | fb7f 0000 
  0x000002c4d19ff278: 41ff d2e9 | 35df ffff | 4b89 4c13 | f849 83c2 | f84d 8957 | 40e9 23df | ffff baf6 | ffff ff90 
  0x000002c4d19ff298: ;   {runtime_call UncommonTrapBlob}
  0x000002c4d19ff298: c5f8 77e8 

  0x000002c4d19ff29c: ; ImmutableOopMap {rbp=Oop }
                      ;*invokevirtual exitClassLoadingScopeWithException {reexecute=0 rethrow=0 return_oop=0}
                      ; - org.gradle.internal.classloader.VisitableURLClassLoader$InstrumentingVisitableURLClassLoader::findClass@23 (line 191)
  0x000002c4d19ff29c: 6076 41ff | baf6 ffff | ff66 6690 

  0x000002c4d19ff2a8: ;   {runtime_call UncommonTrapBlob}
  0x000002c4d19ff2a8: c5f8 77e8 

  0x000002c4d19ff2ac: ; ImmutableOopMap {}
                      ;*athrow {reexecute=1 rethrow=0 return_oop=0}
                      ; - (reexecute) org.gradle.internal.classloader.VisitableURLClassLoader$InstrumentingVisitableURLClassLoader::findClass@26 (line 191)
  0x000002c4d19ff2ac: 5076 41ff | bade ffff | ff66 6690 

  0x000002c4d19ff2b8: ;   {runtime_call UncommonTrapBlob}
  0x000002c4d19ff2b8: c5f8 77e8 

  0x000002c4d19ff2bc: ; ImmutableOopMap {rbp=NarrowOop [40]=Oop [128]=Oop }
                      ;*checkcast {reexecute=0 rethrow=0 return_oop=0}
                      ; - org.gradle.internal.classloader.TransformErrorHandler::getLastErrorAndClear@7 (line 126)
                      ; - org.gradle.internal.classloader.TransformErrorHandler::enterClassLoadingScope@1 (line 68)
                      ; - org.gradle.internal.classloader.VisitableURLClassLoader$InstrumentingVisitableURLClassLoader::findClass@5 (line 186)
  0x000002c4d19ff2bc: 4076 41ff | ba76 ffff | ff48 895c | 2430 4c89 | 6c24 3844 | 8944 2440 | 4c89 4c24 | 4889 4424 
  0x000002c4d19ff2dc: 544c 896c | 2458 6690 

  0x000002c4d19ff2e4: ;   {runtime_call UncommonTrapBlob}
  0x000002c4d19ff2e4: c5f8 77e8 

  0x000002c4d19ff2e8: ; ImmutableOopMap {[48]=Oop [56]=Oop [64]=NarrowOop [72]=Oop [88]=Oop [128]=Oop }
                      ;*if_icmpge {reexecute=1 rethrow=0 return_oop=0}
                      ; - (reexecute) java.lang.StringLatin1::replace@82 (line 317)
                      ; - java.lang.String::replace@18 (line 2808)
                      ; - java.net.URLClassLoader$1::run@8 (line 423)
                      ; - java.net.URLClassLoader$1::run@1 (line 421)
                      ; - java.security.AccessController::executePrivileged@29 (line 807)
                      ; - java.security.AccessController::doPrivileged@13 (line 712)
                      ; - java.net.URLClassLoader::findClass@13 (line 420)
                      ; - org.gradle.internal.classloader.VisitableURLClassLoader$InstrumentingVisitableURLClassLoader::findClass@10 (line 189)
  0x000002c4d19ff2e8: 1476 41ff | bae4 ffff | ff48 895c | 2430 8b4c | 2454 894c | 243c 8b4c | 2450 4489 | 5c24 4489 
  0x000002c4d19ff308: 4c24 4889 | 4424 5044 | 8944 2458 | 4489 5424 | 5c89 7c24 | 6066 6690 

  0x000002c4d19ff320: ;   {runtime_call UncommonTrapBlob}
  0x000002c4d19ff320: c5f8 77e8 

  0x000002c4d19ff324: ; ImmutableOopMap {[40]=Oop [48]=Oop [60]=NarrowOop [72]=NarrowOop [92]=NarrowOop [128]=Oop }
                      ;*aaload {reexecute=0 rethrow=0 return_oop=0}
                      ; - java.lang.ThreadLocal$ThreadLocalMap::cleanSomeSlots@23 (line 670)
                      ; - java.lang.ThreadLocal$ThreadLocalMap::set@113 (line 500)
                      ; - java.lang.ThreadLocal::setInitialValue@22 (line 199)
                      ; - java.lang.ThreadLocal::get@34 (line 172)
                      ; - org.gradle.internal.classloader.TransformErrorHandler::getLastErrorAndClear@4 (line 126)
                      ; - org.gradle.internal.classloader.TransformErrorHandler::enterClassLoadingScope@1 (line 68)
                      ; - org.gradle.internal.classloader.VisitableURLClassLoader$InstrumentingVisitableURLClassLoader::findClass@5 (line 186)
  0x000002c4d19ff324: d875 41ff | bae4 ffff | ff4c 8b54 | 2448 4c89 | 5424 3044 | 896c 243c | 4489 7424 | 4466 6690 
  0x000002c4d19ff344: ;   {runtime_call UncommonTrapBlob}
  0x000002c4d19ff344: c5f8 77e8 

  0x000002c4d19ff348: ; ImmutableOopMap {[40]=Oop [48]=Oop [68]=NarrowOop [84]=NarrowOop [96]=NarrowOop [128]=Oop }
                      ;*aaload {reexecute=0 rethrow=0 return_oop=0}
                      ; - java.lang.ThreadLocal$ThreadLocalMap::expungeStaleEntry@39 (line 617)
                      ; - java.lang.ThreadLocal$ThreadLocalMap::remove@46 (line 516)
                      ; - java.lang.ThreadLocal::remove@14 (line 242)
                      ; - org.gradle.internal.classloader.TransformErrorHandler::getLastErrorAndClear@15 (line 127)
                      ; - org.gradle.internal.classloader.TransformErrorHandler::enterClassLoadingScope@1 (line 68)
                      ; - org.gradle.internal.classloader.VisitableURLClassLoader$InstrumentingVisitableURLClassLoader::findClass@5 (line 186)
  0x000002c4d19ff348: b475 41ff | bade ffff | ff66 6690 

  0x000002c4d19ff354: ;   {runtime_call UncommonTrapBlob}
  0x000002c4d19ff354: c5f8 77e8 

  0x000002c4d19ff358: ; ImmutableOopMap {rbp=NarrowOop [40]=Oop [128]=Oop }
                      ;*checkcast {reexecute=0 rethrow=0 return_oop=0}
                      ; - java.lang.ThreadLocal$ThreadLocalMap::expungeStaleEntry@51 (line 619)
                      ; - java.lang.ThreadLocal$ThreadLocalMap::remove@46 (line 516)
                      ; - java.lang.ThreadLocal::remove@14 (line 242)
                      ; - org.gradle.internal.classloader.TransformErrorHandler::getLastErrorAndClear@15 (line 127)
                      ; - org.gradle.internal.classloader.TransformErrorHandler::enterClassLoadingScope@1 (line 68)
                      ; - org.gradle.internal.classloader.VisitableURLClassLoader$InstrumentingVisitableURLClassLoader::findClass@5 (line 186)
  0x000002c4d19ff358: a475 41ff | 4585 db40 | 0f95 c540 | 0fb6 ed83 | f501 ba45 | ffff ff48 | 895c 2430 

  0x000002c4d19ff374: ;   {runtime_call UncommonTrapBlob}
  0x000002c4d19ff374: c5f8 77e8 

  0x000002c4d19ff378: ; ImmutableOopMap {[40]=Oop [48]=Oop [128]=Oop }
                      ;*ifeq {reexecute=1 rethrow=0 return_oop=0}
                      ; - (reexecute) java.lang.String::replace@9 (line 2808)
                      ; - java.net.URLClassLoader$1::run@8 (line 423)
                      ; - java.net.URLClassLoader$1::run@1 (line 421)
                      ; - java.security.AccessController::executePrivileged@29 (line 807)
                      ; - java.security.AccessController::doPrivileged@13 (line 712)
                      ; - java.net.URLClassLoader::findClass@13 (line 420)
                      ; - org.gradle.internal.classloader.VisitableURLClassLoader$InstrumentingVisitableURLClassLoader::findClass@10 (line 189)
  0x000002c4d19ff378: 8475 41ff | 4489 5c24 | 5045 8bf5 | 418b f141 | 8bfa 498b | d7c5 f877 | 49ba 106a | abce fb7f 
  0x000002c4d19ff398: 0000 41ff | d2e9 5ed3 | ffff 4489 | 5c24 5045 | 8bf1 418b | f249 8bd7 | c5f8 7749 | ba10 6aab 
  0x000002c4d19ff3b8: cefb 7f00 | 0041 ffd2 | e987 d3ff | ffba deff | ffff 488b | ac24 8000 | 0000 4c8b | 4424 304c 
  0x000002c4d19ff3d8: 8944 2428 | 4c8b 4424 | 604c 8944 | 2430 4c8b | 4424 784c | 8944 2440 | 4c8b 4424 | 584c 8944 
  0x000002c4d19ff3f8: 2448 4c8b | 4424 784c | 8944 2450 | 4889 7c24 | 7844 899c | 2480 0000 | 0044 8994 | 2484 0000 
  0x000002c4d19ff418: 0066 6690 

  0x000002c4d19ff41c: ;   {runtime_call UncommonTrapBlob}
  0x000002c4d19ff41c: c5f8 77e8 

  0x000002c4d19ff420: ; ImmutableOopMap {rbp=Oop [40]=Oop [48]=Oop [64]=Oop [80]=Oop [120]=Oop [128]=NarrowOop [132]=NarrowOop [280]=Oop [288]=Oop }
                      ;*invokeinterface ensureInitialization {reexecute=0 rethrow=0 return_oop=0}
                      ; - jdk.internal.loader.URLClassPath$JarLoader$2::getManifest@10 (line 885)
                      ; - java.net.URLClassLoader::defineClass@34 (line 491)
                      ; - java.net.URLClassLoader$1::run@43 (line 427)
                      ; - java.net.URLClassLoader$1::run@1 (line 421)
                      ; - java.security.AccessController::executePrivileged@29 (line 807)
                      ; - java.security.AccessController::doPrivileged@13 (line 712)
                      ; - java.net.URLClassLoader::findClass@13 (line 420)
                      ; - org.gradle.internal.classloader.VisitableURLClassLoader$InstrumentingVisitableURLClassLoader::findClass@10 (line 189)
  0x000002c4d19ff420: dc74 41ff | 4c89 4c24 | 6844 8954 | 2450 4889 | 7c24 484c | 8b54 2460 | 4c89 5424 | 2849 8bd1 
  0x000002c4d19ff440: 4c8d 8424 | 3001 0000 

  0x000002c4d19ff448: ;   {runtime_call _complete_monitor_locking_Java}
  0x000002c4d19ff448: c5f8 77e8 

  0x000002c4d19ff44c: ; ImmutableOopMap {[40]=Oop [48]=Oop [72]=Oop [80]=NarrowOop [104]=Oop [120]=Oop [128]=Oop [280]=Oop [288]=Oop }
                      ;*synchronization entry
                      ; - java.util.jar.JarFile::ensureInitialization@-1 (line 1031)
                      ; - java.util.jar.JavaUtilJarAccessImpl::ensureInitialization@1 (line 72)
                      ; - jdk.internal.loader.URLClassPath$JarLoader$2::getManifest@10 (line 885)
                      ; - java.net.URLClassLoader::defineClass@34 (line 491)
                      ; - java.net.URLClassLoader$1::run@43 (line 427)
                      ; - java.net.URLClassLoader$1::run@1 (line 421)
                      ; - java.security.AccessController::executePrivileged@29 (line 807)
                      ; - java.security.AccessController::doPrivileged@13 (line 712)
                      ; - java.net.URLClassLoader::findClass@13 (line 420)
                      ; - org.gradle.internal.classloader.VisitableURLClassLoader$InstrumentingVisitableURLClassLoader::findClass@10 (line 189)
  0x000002c4d19ff44c: 30d6 4bff | 4c8b 5424 | 284c 8954 | 2460 488b | 7c24 4844 | 8b54 2450 | 4c8b 4c24 | 68e9 8ec7 
  0x000002c4d19ff46c: ffff 498b | c948 8d94 | 2430 0100 | 004d 8bc7 | c5f8 7749 | ba60 8fec | cefb 7f00 | 0041 ffd2 
  0x000002c4d19ff48c: e927 c8ff | ffba deff | ffff 4c8b | 5424 604c | 8954 2438 | 4c8b 5424 | 784c 8954 | 2448 4c8b 
  0x000002c4d19ff4ac: 5424 584c | 8954 2450 | 4c8b 5424 | 784c 8954 | 2458 4889 | 7c24 6890 

  0x000002c4d19ff4c4: ;   {runtime_call UncommonTrapBlob}
  0x000002c4d19ff4c4: c5f8 77e8 

  0x000002c4d19ff4c8: ; ImmutableOopMap {rbp=NarrowOop [48]=Oop [56]=Oop [72]=Oop [88]=Oop [104]=Oop [128]=Oop [280]=Oop [288]=Oop }
                      ;*invokevirtual getManifest {reexecute=0 rethrow=0 return_oop=0}
                      ; - jdk.internal.loader.URLClassPath$JarLoader$2::getManifest@22 (line 886)
                      ; - java.net.URLClassLoader::defineClass@34 (line 491)
                      ; - java.net.URLClassLoader$1::run@43 (line 427)
                      ; - java.net.URLClassLoader$1::run@1 (line 421)
                      ; - java.security.AccessController::executePrivileged@29 (line 807)
                      ; - java.security.AccessController::doPrivileged@13 (line 712)
                      ; - java.net.URLClassLoader::findClass@13 (line 420)
                      ; - org.gradle.internal.classloader.VisitableURLClassLoader$InstrumentingVisitableURLClassLoader::findClass@10 (line 189)
  0x000002c4d19ff4c8: 3474 41ff | ba45 ffff | ff44 8944 | 2440 6690 

  0x000002c4d19ff4d8: ;   {runtime_call UncommonTrapBlob}
  0x000002c4d19ff4d8: c5f8 77e8 

  0x000002c4d19ff4dc: ; ImmutableOopMap {rbp=NarrowOop [40]=Oop [64]=NarrowOop [128]=Oop }
                      ;*ifnull {reexecute=1 rethrow=0 return_oop=0}
                      ; - (reexecute) java.security.AccessController::checkContext@3 (line 725)
                      ; - java.security.AccessController::doPrivileged@6 (line 710)
                      ; - java.net.URLClassLoader::findClass@13 (line 420)
                      ; - org.gradle.internal.classloader.VisitableURLClassLoader$InstrumentingVisitableURLClassLoader::findClass@10 (line 189)
  0x000002c4d19ff4dc: 2074 41ff | 41bb ffff | ffff e989 | e9ff ffba | 76ff ffff | 4889 5c24 | 304c 896c | 2438 4489 
  0x000002c4d19ff4fc: 4424 4089 | 4424 444c | 894c 2448 | 4c89 6c24 | 5866 6690 

  0x000002c4d19ff510: ;   {runtime_call UncommonTrapBlob}
  0x000002c4d19ff510: c5f8 77e8 

  0x000002c4d19ff514: ; ImmutableOopMap {[48]=Oop [56]=Oop [64]=NarrowOop [72]=Oop [88]=Oop [128]=Oop }
                      ;*if_icmpge {reexecute=1 rethrow=0 return_oop=0}
                      ; - (reexecute) java.lang.StringLatin1::replace@61 (line 314)
                      ; - java.lang.String::replace@18 (line 2808)
                      ; - java.net.URLClassLoader$1::run@8 (line 423)
                      ; - java.net.URLClassLoader$1::run@1 (line 421)
                      ; - java.security.AccessController::executePrivileged@29 (line 807)
                      ; - java.security.AccessController::doPrivileged@13 (line 712)
                      ; - java.net.URLClassLoader::findClass@13 (line 420)
                      ; - org.gradle.internal.classloader.VisitableURLClassLoader$InstrumentingVisitableURLClassLoader::findClass@10 (line 189)
  0x000002c4d19ff514: e873 41ff | ba45 ffff | ff48 895c | 2428 4c89 | 6c24 304c | 895c 2440 | 4889 4424 | 4844 8954 
  0x000002c4d19ff534: 2450 6690 

  0x000002c4d19ff538: ;   {runtime_call UncommonTrapBlob}
  0x000002c4d19ff538: c5f8 77e8 

  0x000002c4d19ff53c: ; ImmutableOopMap {[40]=Oop [48]=Oop [64]=Oop [128]=Oop }
                      ;*iflt {reexecute=1 rethrow=0 return_oop=0}
                      ; - (reexecute) java.lang.StringConcatHelper::checkOverflow@2 (line 54)
                      ; - java.lang.StringConcatHelper::mix@23 (line 138)
                      ; - java.lang.StringConcatHelper::simpleConcat@46 (line 419)
                      ; - java.lang.String::concat@11 (line 2774)
                      ; - java.net.URLClassLoader$1::run@13 (line 423)
                      ; - java.net.URLClassLoader$1::run@1 (line 421)
                      ; - java.security.AccessController::executePrivileged@29 (line 807)
                      ; - java.security.AccessController::doPrivileged@13 (line 712)
                      ; - java.net.URLClassLoader::findClass@13 (line 420)
                      ; - org.gradle.internal.classloader.VisitableURLClassLoader$InstrumentingVisitableURLClassLoader::findClass@10 (line 189)
  0x000002c4d19ff53c: c073 41ff | ba45 ffff | ff48 895c | 2430 4c89 | 6c24 384c | 895c 2448 | 4489 4424 | 5066 6690 
  0x000002c4d19ff55c: ;   {runtime_call UncommonTrapBlob}
  0x000002c4d19ff55c: c5f8 77e8 

  0x000002c4d19ff560: ; ImmutableOopMap {[48]=Oop [56]=Oop [72]=Oop [128]=Oop }
                      ;*iflt {reexecute=1 rethrow=0 return_oop=0}
                      ; - (reexecute) java.lang.StringConcatHelper::checkOverflow@2 (line 54)
                      ; - java.lang.StringConcatHelper::mix@23 (line 138)
                      ; - java.lang.StringConcatHelper::simpleConcat@54 (line 420)
                      ; - java.lang.String::concat@11 (line 2774)
                      ; - java.net.URLClassLoader$1::run@13 (line 423)
                      ; - java.net.URLClassLoader$1::run@1 (line 421)
                      ; - java.security.AccessController::executePrivileged@29 (line 807)
                      ; - java.security.AccessController::doPrivileged@13 (line 712)
                      ; - java.net.URLClassLoader::findClass@13 (line 420)
                      ; - org.gradle.internal.classloader.VisitableURLClassLoader$InstrumentingVisitableURLClassLoader::findClass@10 (line 189)
  0x000002c4d19ff560: 9c73 41ff | ba45 ffff | ff48 895c | 2428 4c89 | 6c24 304c | 895c 2448 | 4889 7c24 | 5044 8974 
  0x000002c4d19ff580: 2458 6690 

  0x000002c4d19ff584: ;   {runtime_call UncommonTrapBlob}
  0x000002c4d19ff584: c5f8 77e8 

  0x000002c4d19ff588: ; ImmutableOopMap {[40]=Oop [48]=Oop [72]=Oop [80]=Oop [128]=Oop }
                      ;*if_icmpne {reexecute=1 rethrow=0 return_oop=0}
                      ; - (reexecute) java.lang.String::getBytes@5 (line 4458)
                      ; - java.lang.StringConcatHelper::prepend@21 (line 354)
                      ; - java.lang.StringConcatHelper::simpleConcat@81 (line 425)
                      ; - java.lang.String::concat@11 (line 2774)
                      ; - java.net.URLClassLoader$1::run@13 (line 423)
                      ; - java.net.URLClassLoader$1::run@1 (line 421)
                      ; - java.security.AccessController::executePrivileged@29 (line 807)
                      ; - java.security.AccessController::doPrivileged@13 (line 712)
                      ; - java.net.URLClassLoader::findClass@13 (line 420)
                      ; - org.gradle.internal.classloader.VisitableURLClassLoader$InstrumentingVisitableURLClassLoader::findClass@10 (line 189)
  0x000002c4d19ff588: 7473 41ff | 4d63 d3e9 | a8c4 ffff | 4983 c2fe | 498b ca48 | 8bfa 4833 | c048 83f9 | 087f 1048 
  0x000002c4d19ff5a8: ffc9 784f | 4889 04cf | 48ff c97d | f7eb 44c5 | fdef c0e9 | 0d00 0000 | c5fe 7f07 | c5fe 7f47 
  0x000002c4d19ff5c8: 2048 83c7 | 4048 83e9 | 087d ed48 | 83c1 047c | 0cc5 fe7f | 0748 83c7 | 2048 83e9 | 0448 83c1 
  0x000002c4d19ff5e8: 047e 1048 | ffc9 c5f9 | d607 4883 | c708 48ff | c97d f3e9 | 0dc5 ffff | bacc ffff | ff48 8bac 
  0x000002c4d19ff608: 2480 0000 | 004c 8b54 | 2430 4c89 | 5424 284c | 8b54 2478 | 4c89 5424 | 404c 8b54 | 2460 4c89 
  0x000002c4d19ff628: 5424 484c | 8b54 2458 | 4c89 5424 | 5044 895c | 245c 4c8b | 5424 784c | 8954 2460 | 4c89 ac24 
  0x000002c4d19ff648: 8000 0000 | 4489 8424 | 8800 0000 

  0x000002c4d19ff654: ;   {runtime_call UncommonTrapBlob}
  0x000002c4d19ff654: c5f8 77e8 

  0x000002c4d19ff658: ; ImmutableOopMap {rbp=Oop [40]=Oop [64]=Oop [72]=Oop [96]=Oop [128]=Oop [136]=NarrowOop [280]=Oop }
                      ;*newarray {reexecute=1 rethrow=0 return_oop=0}
                      ; - (reexecute) java.util.Arrays::copyOfRange@41 (line 3822)
                      ; - java.lang.StringLatin1::newString@16 (line 769)
                      ; - java.lang.String::substring@41 (line 2714)
                      ; - java.net.URLClassLoader::defineClass@28 (line 489)
                      ; - java.net.URLClassLoader$1::run@43 (line 427)
                      ; - java.net.URLClassLoader$1::run@1 (line 421)
                      ; - java.security.AccessController::executePrivileged@29 (line 807)
                      ; - java.security.AccessController::doPrivileged@13 (line 712)
                      ; - java.net.URLClassLoader::findClass@13 (line 420)
                      ; - org.gradle.internal.classloader.VisitableURLClassLoader$InstrumentingVisitableURLClassLoader::findClass@10 (line 189)
  0x000002c4d19ff658: a472 41ff | ba45 ffff | ff48 895c | 2428 4c89 | 6c24 304c | 895c 2440 | 4889 4424 | 4844 8974 
  0x000002c4d19ff678: 2450 6690 

  0x000002c4d19ff67c: ;   {runtime_call UncommonTrapBlob}
  0x000002c4d19ff67c: c5f8 77e8 

  0x000002c4d19ff680: ; ImmutableOopMap {[40]=Oop [48]=Oop [64]=Oop [128]=Oop }
                      ;*if_icmpne {reexecute=1 rethrow=0 return_oop=0}
                      ; - (reexecute) java.lang.StringConcatHelper::mix@13 (line 135)
                      ; - java.lang.StringConcatHelper::simpleConcat@46 (line 419)
                      ; - java.lang.String::concat@11 (line 2774)
                      ; - java.net.URLClassLoader$1::run@13 (line 423)
                      ; - java.net.URLClassLoader$1::run@1 (line 421)
                      ; - java.security.AccessController::executePrivileged@29 (line 807)
                      ; - java.security.AccessController::doPrivileged@13 (line 712)
                      ; - java.net.URLClassLoader::findClass@13 (line 420)
                      ; - org.gradle.internal.classloader.VisitableURLClassLoader$InstrumentingVisitableURLClassLoader::findClass@10 (line 189)
  0x000002c4d19ff680: 7c72 41ff | ba45 ffff | ff48 895c | 2430 4c89 | 6c24 384c | 895c 2448 | 4489 4424 | 5466 6690 
  0x000002c4d19ff6a0: ;   {runtime_call UncommonTrapBlob}
  0x000002c4d19ff6a0: c5f8 77e8 

  0x000002c4d19ff6a4: ; ImmutableOopMap {[48]=Oop [56]=Oop [72]=Oop [128]=Oop }
                      ;*ifge {reexecute=1 rethrow=0 return_oop=0}
                      ; - (reexecute) java.lang.StringConcatHelper::newArray@13 (line 494)
                      ; - java.lang.StringConcatHelper::simpleConcat@61 (line 421)
                      ; - java.lang.String::concat@11 (line 2774)
                      ; - java.net.URLClassLoader$1::run@13 (line 423)
                      ; - java.net.URLClassLoader$1::run@1 (line 421)
                      ; - java.security.AccessController::executePrivileged@29 (line 807)
                      ; - java.security.AccessController::doPrivileged@13 (line 712)
                      ; - java.net.URLClassLoader::findClass@13 (line 420)
                      ; - org.gradle.internal.classloader.VisitableURLClassLoader$InstrumentingVisitableURLClassLoader::findClass@10 (line 189)
  0x000002c4d19ff6a4: 5872 41ff | 4c8b d94d | 85db 400f | 95c5 400f | b6ed 83f5 | 01ba 45ff | ffff 4889 | 5c24 4044 
  0x000002c4d19ff6c4: 8b4c 2454 | 458b d944 | 895c 244c | 4489 4424 | 5444 8954 | 2458 897c | 245c 6690 

  0x000002c4d19ff6e0: ;   {runtime_call UncommonTrapBlob}
  0x000002c4d19ff6e0: c5f8 77e8 

  0x000002c4d19ff6e4: ; ImmutableOopMap {[40]=Oop [64]=Oop [76]=NarrowOop [80]=NarrowOop [84]=NarrowOop [128]=Oop }
                      ;*ifeq {reexecute=1 rethrow=0 return_oop=0}
                      ; - (reexecute) java.lang.ThreadLocal$ThreadLocalMap::set@53 (line 492)
                      ; - java.lang.ThreadLocal::setInitialValue@22 (line 199)
                      ; - java.lang.ThreadLocal::get@34 (line 172)
                      ; - org.gradle.internal.classloader.TransformErrorHandler::getLastErrorAndClear@4 (line 126)
                      ; - org.gradle.internal.classloader.TransformErrorHandler::enterClassLoadingScope@1 (line 68)
                      ; - org.gradle.internal.classloader.VisitableURLClassLoader$InstrumentingVisitableURLClassLoader::findClass@5 (line 186)
  0x000002c4d19ff6e4: 1872 41ff | 498b d7c5 | f877 49ba | 106a abce | fb7f 0000 | 41ff d2e9 | 5bbe ffff | 4889 8424 
  0x000002c4d19ff704: d800 0000 | e9b2 e7ff | ffba e4ff | ffff 488b | ac24 8000 | 0000 4889 | 5c24 3844 | 8b5c 2454 
  0x000002c4d19ff724: 4489 5c24 | 4444 8b5c | 2450 4489 | 5c24 4844 | 8954 2450 | 4489 4424 | 5889 7c24 | 5c66 6690 
  0x000002c4d19ff744: ;   {runtime_call UncommonTrapBlob}
  0x000002c4d19ff744: c5f8 77e8 

  0x000002c4d19ff748: ; ImmutableOopMap {rbp=Oop [40]=Oop [56]=Oop [68]=NarrowOop [72]=NarrowOop [88]=NarrowOop }
                      ;*aaload {reexecute=0 rethrow=0 return_oop=0}
                      ; - java.lang.ThreadLocal$ThreadLocalMap::set@23 (line 484)
                      ; - java.lang.ThreadLocal::setInitialValue@22 (line 199)
                      ; - java.lang.ThreadLocal::get@34 (line 172)
                      ; - org.gradle.internal.classloader.TransformErrorHandler::getLastErrorAndClear@4 (line 126)
                      ; - org.gradle.internal.classloader.TransformErrorHandler::enterClassLoadingScope@1 (line 68)
                      ; - org.gradle.internal.classloader.VisitableURLClassLoader$InstrumentingVisitableURLClassLoader::findClass@5 (line 186)
  0x000002c4d19ff748: b471 41ff | bae4 ffff | ff4c 8b54 | 2448 4c89 | 5424 3844 | 8b54 2450 | 4489 5424 | 4044 8b54 
  0x000002c4d19ff768: 2454 4489 | 5424 4444 | 8974 2448 | 448b 5424 | 5844 8954 | 2450 4c89 | 6c24 5890 

  0x000002c4d19ff784: ;   {runtime_call UncommonTrapBlob}
  0x000002c4d19ff784: c5f8 77e8 

  0x000002c4d19ff788: ; ImmutableOopMap {[40]=Oop [56]=Oop [68]=NarrowOop [72]=NarrowOop [88]=Oop [96]=NarrowOop [128]=Oop }
                      ;*aaload {reexecute=0 rethrow=0 return_oop=0}
                      ; - java.lang.ThreadLocal$ThreadLocalMap::expungeStaleEntry@111 (line 631)
                      ; - java.lang.ThreadLocal$ThreadLocalMap::remove@46 (line 516)
                      ; - java.lang.ThreadLocal::remove@14 (line 242)
                      ; - org.gradle.internal.classloader.TransformErrorHandler::getLastErrorAndClear@15 (line 127)
                      ; - org.gradle.internal.classloader.TransformErrorHandler::enterClassLoadingScope@1 (line 68)
                      ; - org.gradle.internal.classloader.VisitableURLClassLoader$InstrumentingVisitableURLClassLoader::findClass@5 (line 186)
  0x000002c4d19ff788: 7471 41ff | 85c9 400f | 95c5 400f | b6ed 83f5 | 01ba 45ff | ffff 4c8b | 5c24 784c | 895c 2428 
  0x000002c4d19ff7a8: 4c8b 5c24 | 604c 895c | 2438 4489 | 5424 7890 

  0x000002c4d19ff7b8: ;   {runtime_call UncommonTrapBlob}
  0x000002c4d19ff7b8: c5f8 77e8 

  0x000002c4d19ff7bc: ; ImmutableOopMap {[40]=Oop [48]=Oop [56]=Oop [128]=Oop }
                      ;*ifeq {reexecute=1 rethrow=0 return_oop=0}
                      ; - (reexecute) java.lang.String::lastIndexOf@4 (line 2489)
                      ; - java.lang.String::lastIndexOf@8 (line 2451)
                      ; - java.net.URLClassLoader::defineClass@7 (line 486)
                      ; - java.net.URLClassLoader$1::run@43 (line 427)
                      ; - java.net.URLClassLoader$1::run@1 (line 421)
                      ; - java.security.AccessController::executePrivileged@29 (line 807)
                      ; - java.security.AccessController::doPrivileged@13 (line 712)
                      ; - java.net.URLClassLoader::findClass@13 (line 420)
                      ; - org.gradle.internal.classloader.VisitableURLClassLoader$InstrumentingVisitableURLClassLoader::findClass@10 (line 189)
  0x000002c4d19ff7bc: 4071 41ff | ba45 ffff | ff4c 8b54 | 2460 4c89 | 5424 5044 | 895c 246c | 4489 5c24 | 7066 6690 
  0x000002c4d19ff7dc: ;   {runtime_call UncommonTrapBlob}
  0x000002c4d19ff7dc: c5f8 77e8 

  0x000002c4d19ff7e0: ; ImmutableOopMap {[48]=Oop [80]=Oop [120]=Oop [128]=Oop [280]=Oop }
                      ;*if_icmpgt {reexecute=1 rethrow=0 return_oop=0}
                      ; - (reexecute) java.lang.String::checkBoundsBeginEnd@6 (line 4605)
                      ; - java.lang.String::substring@8 (line 2709)
                      ; - java.net.URLClassLoader::defineClass@28 (line 489)
                      ; - java.net.URLClassLoader$1::run@43 (line 427)
                      ; - java.net.URLClassLoader$1::run@1 (line 421)
                      ; - java.security.AccessController::executePrivileged@29 (line 807)
                      ; - java.security.AccessController::doPrivileged@13 (line 712)
                      ; - java.net.URLClassLoader::findClass@13 (line 420)
                      ; - org.gradle.internal.classloader.VisitableURLClassLoader$InstrumentingVisitableURLClassLoader::findClass@10 (line 189)
  0x000002c4d19ff7e0: 1c71 41ff | baf6 ffff | ff66 6690 

  0x000002c4d19ff7ec: ;   {runtime_call UncommonTrapBlob}
  0x000002c4d19ff7ec: c5f8 77e8 

  0x000002c4d19ff7f0: ; ImmutableOopMap {rbp=Oop }
                      ;*invokevirtual exitClassLoadingScope {reexecute=0 rethrow=0 return_oop=0}
                      ; - org.gradle.internal.classloader.VisitableURLClassLoader$InstrumentingVisitableURLClassLoader::findClass@31 (line 193)
  0x000002c4d19ff7f0: 0c71 41ff | ba45 ffff | ff4c 8b54 | 2430 4c89 | 5424 284c | 8b54 2478 | 4c89 5424 | 404c 8b54 
  0x000002c4d19ff810: 2460 4c89 | 5424 484c | 8b54 2458 | 4c89 5424 | 504c 8b54 | 2478 4c89 | 5424 5848 | 8944 2478 
  0x000002c4d19ff830: ;   {runtime_call UncommonTrapBlob}
  0x000002c4d19ff830: c5f8 77e8 

  0x000002c4d19ff834: ; ImmutableOopMap {[40]=Oop [64]=Oop [72]=Oop [88]=Oop [120]=Oop [128]=Oop [280]=Oop }
                      ;*ifnull {reexecute=1 rethrow=0 return_oop=0}
                      ; - (reexecute) java.net.URLClassLoader::defineClass@139 (line 512)
                      ; - java.net.URLClassLoader$1::run@43 (line 427)
                      ; - java.net.URLClassLoader$1::run@1 (line 421)
                      ; - java.security.AccessController::executePrivileged@29 (line 807)
                      ; - java.security.AccessController::doPrivileged@13 (line 712)
                      ; - java.net.URLClassLoader::findClass@13 (line 420)
                      ; - org.gradle.internal.classloader.VisitableURLClassLoader$InstrumentingVisitableURLClassLoader::findClass@10 (line 189)
  0x000002c4d19ff834: c870 41ff | ba45 ffff | ff4c 8b54 | 2460 4c89 | 5424 5044 | 895c 246c | 4489 5c24 | 7066 6690 
  0x000002c4d19ff854: ;   {runtime_call UncommonTrapBlob}
  0x000002c4d19ff854: c5f8 77e8 

  0x000002c4d19ff858: ; ImmutableOopMap {[48]=Oop [80]=Oop [120]=Oop [128]=Oop [280]=Oop }
                      ;*if_icmple {reexecute=1 rethrow=0 return_oop=0}
                      ; - (reexecute) java.lang.String::checkBoundsBeginEnd@11 (line 4605)
                      ; - java.lang.String::substring@8 (line 2709)
                      ; - java.net.URLClassLoader::defineClass@28 (line 489)
                      ; - java.net.URLClassLoader$1::run@43 (line 427)
                      ; - java.net.URLClassLoader$1::run@1 (line 421)
                      ; - java.security.AccessController::executePrivileged@29 (line 807)
                      ; - java.security.AccessController::doPrivileged@13 (line 712)
                      ; - java.net.URLClassLoader::findClass@13 (line 420)
                      ; - org.gradle.internal.classloader.VisitableURLClassLoader$InstrumentingVisitableURLClassLoader::findClass@10 (line 189)
  0x000002c4d19ff858: a470 41ff | 85c9 400f | 95c5 400f | b6ed 83f5 | 01ba 45ff | ffff 4c8b | 9424 8000 | 0000 4c89 
  0x000002c4d19ff878: 5424 404c | 8b54 2478 | 4c89 5424 | 484c 8b54 | 2460 4c89 | 5424 504c | 8b54 2478 | 4c89 5424 
  0x000002c4d19ff898: 6044 895c | 2468 4c8b | 9424 8000 | 0000 4c89 | 5424 7890 

  0x000002c4d19ff8ac: ;   {runtime_call UncommonTrapBlob}
  0x000002c4d19ff8ac: c5f8 77e8 

  0x000002c4d19ff8b0: ; ImmutableOopMap {[48]=Oop [64]=Oop [72]=Oop [80]=Oop [96]=Oop [120]=Oop [280]=Oop }
                      ;*ifeq {reexecute=1 rethrow=0 return_oop=0}
                      ; - (reexecute) java.lang.String::substring@31 (line 2714)
                      ; - java.net.URLClassLoader::defineClass@28 (line 489)
                      ; - java.net.URLClassLoader$1::run@43 (line 427)
                      ; - java.net.URLClassLoader$1::run@1 (line 421)
                      ; - java.security.AccessController::executePrivileged@29 (line 807)
                      ; - java.security.AccessController::doPrivileged@13 (line 712)
                      ; - java.net.URLClassLoader::findClass@13 (line 420)
                      ; - org.gradle.internal.classloader.VisitableURLClassLoader$InstrumentingVisitableURLClassLoader::findClass@10 (line 189)
  0x000002c4d19ff8b0: 4c70 41ff 

  0x000002c4d19ff8b4: ;   {metadata('java/util/zip/ZipFile$ZipFileInputStream')}
  0x000002c4d19ff8b4: 4181 f800 | e226 000f | 851f 2800 | 004c 8b94 | 24f8 0000 | 0045 0fb6 | 5a0c 4585 | db0f 8504 
  0x000002c4d19ff8d4: e4ff ff41 | c642 0c01 | f083 4424 | c000 458b | 4230 4d89 | 6220 458b | 5818 458b | 4b0c 4585 
  0x000002c4d19ff8f4: c90f 8445 | 2800 0049 | 8bc9 488d | 9c24 3801 | 0000 488b | 0148 f7c0 | 0200 0000 | 7524 4883 
  0x000002c4d19ff914: c801 4889 | 03f0 480f | b119 0f84 | 3e00 0000 | 482b c448 | 81e0 07f0 | ffff 4889 | 03e9 2c00 
  0x000002c4d19ff934: 0000 4c8b | d848 33c0 | f04d 0fb1 | 7b3e 48c7 | 0303 0000 | 000f 8413 | 0000 004c | 3bf8 0f85 
  0x000002c4d19ff954: 0a00 0000 | 49ff 8386 | 0000 0048 | 33c0 0f85 | 4028 0000 | 458b 5a30 

  0x000002c4d19ff96c: ; implicit exception: dispatches to 0x000002c4d1a030d4
  0x000002c4d19ff96c: 458b 4318 

  0x000002c4d19ff970: ; implicit exception: dispatches to 0x000002c4d1a03144
  0x000002c4d19ff970: 418b 680c 

  0x000002c4d19ff974: ; implicit exception: dispatches to 0x000002c4d1a031b4
  0x000002c4d19ff974: 448b 5d08 

  0x000002c4d19ff978: ;   {metadata('java/util/Collections$SetFromMap')}
  0x000002c4d19ff978: 4181 fb40 | 581d 000f | 8562 2800 | 0048 894c | 2448 4889 | 7c24 2848 | 8bd5 4d8b | c266 6690 
  0x000002c4d19ff998: ;   {optimized virtual_call}
  0x000002c4d19ff998: c5f8 77e8 

  0x000002c4d19ff99c: ; ImmutableOopMap {[32]=Oop [40]=Oop [48]=Oop [72]=Oop [96]=Oop [104]=Oop [112]=NarrowOop [120]=Oop [128]=Oop [144]=Oop [280]=Oop [288]=Oop }
                      ;*invokeinterface remove {reexecute=0 rethrow=0 return_oop=0}
                      ; - java.util.zip.ZipFile$ZipFileInputStream::close@42 (line 1011)
                      ; - java.util.jar.JarFile::getManifestFromReference@152 (line 434)
                      ; - java.util.jar.JarFile::getManifest@1 (line 406)
                      ; - java.util.jar.JarFile::maybeInstantiateVerifier@31 (line 725)
                      ; - java.util.jar.JarFile::ensureInitialization@1 (line 1031)
                      ; - java.util.jar.JavaUtilJarAccessImpl::ensureInitialization@1 (line 72)
                      ; - jdk.internal.loader.URLClassPath$JarLoader$2::getManifest@10 (line 885)
                      ; - java.net.URLClassLoader::defineClass@34 (line 491)
                      ; - java.net.URLClassLoader$1::run@43 (line 427)
                      ; - java.net.URLClassLoader$1::run@1 (line 421)
                      ; - java.security.AccessController::executePrivileged@29 (line 807)
                      ; - java.security.AccessController::doPrivileged@13 (line 712)
                      ; - java.net.URLClassLoader::findClass@13 (line 420)
                      ; - org.gradle.internal.classloader.VisitableURLClassLoader$InstrumentingVisitableURLClassLoader::findClass@10 (line 189)
  0x000002c4d19ff99c: e019 41ff | 4c8b 5c24 | 4848 8d84 | 2438 0100 | 0048 8138 | 0000 0000 | 0f84 8300 | 0000 4d8b 
  0x000002c4d19ff9bc: 1349 f7c2 | 0200 0000 | 746f 4981 | ba86 0000 | 0000 0000 | 0074 0949 | ff8a 8600 | 0000 eb51 
  0x000002c4d19ff9dc: 498b 8296 | 0000 0049 | 0b82 8e00 | 0000 750a | 49c7 423e | 0000 0000 | eb47 4981 | ba9e 0000 
  0x000002c4d19ff9fc: 0000 0000 | 0074 2548 | 33c0 49c7 | 423e 0000 | 0000 f083 | 0424 0049 | 81ba 9e00 | 0000 0000 
  0x000002c4d19ffa1c: 0000 750d | f04d 0fb1 | 7a3e 7505 | 83c8 01eb | 10f7 c000 | 0000 00eb | 084c 8b10 | f04d 0fb1 
  0x000002c4d19ffa3c: 130f 850d | 2800 0048 | 8b7c 2428 | e98e e2ff | ffba e4ff | ffff 4889 | 5c24 3044 | 8b54 2454 
  0x000002c4d19ffa5c: 4489 5424 | 3c44 8b54 | 2450 4489 | 5424 4044 | 8944 2448 | 897c 244c | 4889 7424 | 5066 6690 
  0x000002c4d19ffa7c: ;   {runtime_call UncommonTrapBlob}
  0x000002c4d19ffa7c: c5f8 77e8 

  0x000002c4d19ffa80: ; ImmutableOopMap {[40]=Oop [48]=Oop [60]=NarrowOop [64]=NarrowOop [72]=NarrowOop [80]=Oop [128]=Oop }
                      ;*aastore {reexecute=1 rethrow=0 return_oop=0}
                      ; - (reexecute) java.lang.ThreadLocal$ThreadLocalMap::set@94 (line 498)
                      ; - java.lang.ThreadLocal::setInitialValue@22 (line 199)
                      ; - java.lang.ThreadLocal::get@34 (line 172)
                      ; - org.gradle.internal.classloader.TransformErrorHandler::getLastErrorAndClear@4 (line 126)
                      ; - org.gradle.internal.classloader.TransformErrorHandler::enterClassLoadingScope@1 (line 68)
                      ; - org.gradle.internal.classloader.VisitableURLClassLoader$InstrumentingVisitableURLClassLoader::findClass@5 (line 186)
  0x000002c4d19ffa80: 7c6e 41ff | 85ed 0f84 | fdd1 ffff | 4d8b 5720 | 488b cd4d | 85d2 0f84 | f919 0000 | 4d8b 5f30 
  0x000002c4d19ffaa0: 4b89 4c13 | f849 83c2 | f84d 8957 | 20e9 d7d1 | ffff 488b | 9c24 8800 | 0000 448b | 4c24 74e9 
  0x000002c4d19ffac0: 75da ffff | 450f b659 | 1145 85db | 0f85 3a19 | 0000 4889 | 5c24 4848 | 894c 2428 | 4489 8c24 
  0x000002c4d19ffae0: 9400 0000 | 4489 9424 | 9000 0000 | 488b d190 

  0x000002c4d19ffaf0: ;   {optimized virtual_call}
  0x000002c4d19ffaf0: c5f8 77e8 

  0x000002c4d19ffaf4: ; ImmutableOopMap {[32]=Oop [40]=Oop [48]=Oop [72]=Oop [96]=Oop [104]=Oop [112]=NarrowOop [116]=NarrowOop [120]=Oop [128]=Oop [136]=Oop [144]=NarrowOop [148]=NarrowOop [280]=Oop [288]=Oop }
                      ;*invokevirtual isLatin1 {reexecute=0 rethrow=0 return_oop=0}
                      ; - java.lang.String::hashCode@17 (line 2344)
                      ; - java.util.zip.ZipCoder::hash@1 (line 128)
                      ; - java.util.zip.ZipFile$Source::getEntryPos@10 (line 1781)
                      ; - java.util.zip.ZipFile::getInputStream@63 (line 372)
                      ; - java.util.jar.JarFile::getManifestFromReference@130 (line 432)
                      ; - java.util.jar.JarFile::getManifest@1 (line 406)
                      ; - java.util.jar.JarFile::maybeInstantiateVerifier@31 (line 725)
                      ; - java.util.jar.JarFile::ensureInitialization@1 (line 1031)
                      ; - java.util.jar.JavaUtilJarAccessImpl::ensureInitialization@1 (line 72)
                      ; - jdk.internal.loader.URLClassPath$JarLoader$2::getManifest@10 (line 885)
                      ; - java.net.URLClassLoader::defineClass@34 (line 491)
                      ; - java.net.URLClassLoader$1::run@43 (line 427)
                      ; - java.net.URLClassLoader$1::run@1 (line 421)
                      ; - java.security.AccessController::executePrivileged@29 (line 807)
                      ; - java.security.AccessController::doPrivileged@13 (line 712)
                      ; - java.net.URLClassLoader::findClass@13 (line 420)
                      ; - org.gradle.internal.classloader.VisitableURLClassLoader$InstrumentingVisitableURLClassLoader::findClass@10 (line 189)
  0x000002c4d19ffaf4: 8818 41ff | 85c0 0f84 | 7327 0000 | 448b 9c24 | 9400 0000 | 458b 5b14 | 498b d390 

  0x000002c4d19ffb10: ;   {static_call}
  0x000002c4d19ffb10: c5f8 77e8 

  0x000002c4d19ffb14: ; ImmutableOopMap {[32]=Oop [40]=Oop [48]=Oop [72]=Oop [96]=Oop [104]=Oop [112]=NarrowOop [116]=NarrowOop [120]=Oop [128]=Oop [136]=Oop [144]=NarrowOop [148]=NarrowOop [280]=Oop [288]=Oop }
                      ;*invokestatic hashCode {reexecute=0 rethrow=0 return_oop=0}
                      ; - java.lang.String::hashCode@27 (line 2344)
                      ; - java.util.zip.ZipCoder::hash@1 (line 128)
                      ; - java.util.zip.ZipFile$Source::getEntryPos@10 (line 1781)
                      ; - java.util.zip.ZipFile::getInputStream@63 (line 372)
                      ; - java.util.jar.JarFile::getManifestFromReference@130 (line 432)
                      ; - java.util.jar.JarFile::getManifest@1 (line 406)
                      ; - java.util.jar.JarFile::maybeInstantiateVerifier@31 (line 725)
                      ; - java.util.jar.JarFile::ensureInitialization@1 (line 1031)
                      ; - java.util.jar.JavaUtilJarAccessImpl::ensureInitialization@1 (line 72)
                      ; - jdk.internal.loader.URLClassPath$JarLoader$2::getManifest@10 (line 885)
                      ; - java.net.URLClassLoader::defineClass@34 (line 491)
                      ; - java.net.URLClassLoader$1::run@43 (line 427)
                      ; - java.net.URLClassLoader$1::run@1 (line 421)
                      ; - java.security.AccessController::executePrivileged@29 (line 807)
                      ; - java.security.AccessController::doPrivileged@13 (line 712)
                      ; - java.net.URLClassLoader::findClass@13 (line 420)
                      ; - org.gradle.internal.classloader.VisitableURLClassLoader$InstrumentingVisitableURLClassLoader::findClass@10 (line 189)
  0x000002c4d19ffb14: 681e 41ff | 85c0 0f84 | 5819 0000 | 448b 8c24 | 9400 0000 | 4189 410c | 8984 2400 | 0100 00e9 
  0x000002c4d19ffb34: 40d8 ffff | 488b 9c24 | 8800 0000 | e970 d6ff | ff48 8974 | 2470 4c89 | 4c24 6848 | 896c 2460 
  0x000002c4d19ffb54: 897c 2458 | 4489 5424 | 4c44 8944 | 2448 4c8b | 5424 384c | 8954 2420 | 4d8b f54c | 8beb 498b 
  0x000002c4d19ffb74: d7c5 f877 | 49ba 106a | abce fb7f | 0000 41ff | d249 8bdd | 4d8b ee4c | 8b54 2420 | 4c89 5424 
  0x000002c4d19ffb94: 3844 8b44 | 2448 448b | 5424 4c8b | 7c24 5848 | 8b6c 2460 | 4c8b 4c24 | 6848 8b74 | 2470 e964 
  0x000002c4d19ffbb4: c7ff ff48 | 8974 2470 | 4c89 4c24 | 6848 896c | 2460 897c | 2458 4489 | 5424 4c44 | 8944 2448 
  0x000002c4d19ffbd4: 4c8b 5424 | 384c 8954 | 2420 4d8b | f54c 8beb | 498b d7c5 | f877 49ba | 106a abce | fb7f 0000 
  0x000002c4d19ffbf4: 41ff d249 | 8bdd 4d8b | ee4c 8b54 | 2420 4c89 | 5424 3844 | 8b44 2448 | 448b 5424 | 4c8b 7c24 
  0x000002c4d19ffc14: 5848 8b6c | 2460 4c8b | 4c24 6848 | 8b74 2470 | e9a7 c6ff | ff49 8bd7 | c5f8 7749 | ba10 6aab 
  0x000002c4d19ffc34: cefb 7f00 | 0041 ffd2 | e9f7 c6ff | ffba e4ff | ffff 4c8b | 5424 484c | 8954 2438 | 448b 5c24 
  0x000002c4d19ffc54: 5044 895c | 2444 448b | 5c24 5444 | 895c 2448 | 4489 7424 | 4c44 8b5c | 2458 4489 | 5c24 544c 
  0x000002c4d19ffc74: 896c 2458 

  0x000002c4d19ffc78: ;   {runtime_call UncommonTrapBlob}
  0x000002c4d19ffc78: c5f8 77e8 

  0x000002c4d19ffc7c: ; ImmutableOopMap {[40]=Oop [56]=Oop [72]=NarrowOop [76]=NarrowOop [88]=Oop [96]=NarrowOop [128]=Oop }
                      ;*aastore {reexecute=1 rethrow=0 return_oop=0}
                      ; - (reexecute) java.lang.ThreadLocal$ThreadLocalMap::expungeStaleEntry@107 (line 627)
                      ; - java.lang.ThreadLocal$ThreadLocalMap::remove@46 (line 516)
                      ; - java.lang.ThreadLocal::remove@14 (line 242)
                      ; - org.gradle.internal.classloader.TransformErrorHandler::getLastErrorAndClear@15 (line 127)
                      ; - org.gradle.internal.classloader.TransformErrorHandler::enterClassLoadingScope@1 (line 68)
                      ; - org.gradle.internal.classloader.VisitableURLClassLoader$InstrumentingVisitableURLClassLoader::findClass@5 (line 186)
  0x000002c4d19ffc7c: 806c 41ff | bae4 ffff | ff4c 8b54 | 2448 4c89 | 5424 3844 | 8b5c 2450 | 4489 5c24 | 4044 8b54 
  0x000002c4d19ffc9c: 2454 4489 | 5424 4444 | 8974 2448 | 448b 5424 | 5844 8954 | 2450 4c89 | 6c24 5890 

  0x000002c4d19ffcb8: ;   {runtime_call UncommonTrapBlob}
  0x000002c4d19ffcb8: c5f8 77e8 

  0x000002c4d19ffcbc: ; ImmutableOopMap {[40]=Oop [56]=Oop [68]=NarrowOop [72]=NarrowOop [88]=Oop [96]=NarrowOop [128]=Oop }
                      ;*aastore {reexecute=1 rethrow=0 return_oop=0}
                      ; - (reexecute) java.lang.ThreadLocal$ThreadLocalMap::expungeStaleEntry@131 (line 633)
                      ; - java.lang.ThreadLocal$ThreadLocalMap::remove@46 (line 516)
                      ; - java.lang.ThreadLocal::remove@14 (line 242)
                      ; - org.gradle.internal.classloader.TransformErrorHandler::getLastErrorAndClear@15 (line 127)
                      ; - org.gradle.internal.classloader.TransformErrorHandler::enterClassLoadingScope@1 (line 68)
                      ; - org.gradle.internal.classloader.VisitableURLClassLoader$InstrumentingVisitableURLClassLoader::findClass@5 (line 186)
  0x000002c4d19ffcbc: 406c 41ff | bae4 ffff | ff4c 8b54 | 2448 4c89 | 5424 3844 | 8b54 2450 | 4489 5424 | 4044 8b5c 
  0x000002c4d19ffcdc: 2454 4489 | 5c24 4444 | 8974 2448 | 448b 5c24 | 5844 895c | 2450 4c89 | 6c24 5890 

  0x000002c4d19ffcf8: ;   {runtime_call UncommonTrapBlob}
  0x000002c4d19ffcf8: c5f8 77e8 

  0x000002c4d19ffcfc: ; ImmutableOopMap {[40]=Oop [56]=Oop [68]=NarrowOop [72]=NarrowOop [88]=Oop [96]=NarrowOop [128]=Oop }
                      ;*aaload {reexecute=0 rethrow=0 return_oop=0}
                      ; - java.lang.ThreadLocal$ThreadLocalMap::expungeStaleEntry@111 (line 631)
                      ; - java.lang.ThreadLocal$ThreadLocalMap::remove@46 (line 516)
                      ; - java.lang.ThreadLocal::remove@14 (line 242)
                      ; - org.gradle.internal.classloader.TransformErrorHandler::getLastErrorAndClear@15 (line 127)
                      ; - org.gradle.internal.classloader.TransformErrorHandler::enterClassLoadingScope@1 (line 68)
                      ; - org.gradle.internal.classloader.VisitableURLClassLoader$InstrumentingVisitableURLClassLoader::findClass@5 (line 186)
  0x000002c4d19ffcfc: 006c 41ff | 498b d7c5 | f877 49ba | 106a abce | fb7f 0000 | 41ff d2e9 | 33b6 ffff | 488b 9c24 
  0x000002c4d19ffd1c: 8800 0000 | 418b c944 | 8b4c 2474 | e90c d8ff | ff8b ac24 | 9c00 0000 | 83c5 0241 | 3beb 0f83 
  0x000002c4d19ffd3c: 8425 0000 | 4c8b 5c24 | 5047 8b54 | 9918 4489 | 9424 a000 | 0000 448b | 9c24 9000 | 0000 458b 
  0x000002c4d19ffd5c: 5b30 458b | cb45 8b5b 

  0x000002c4d19ffd64: ;   {metadata('java/util/zip/ZipCoder$UTF8ZipCoder')}
  0x000002c4d19ffd64: 0841 81fb | 1077 1b00 | 0f85 8a26 | 0000 448b | 9c24 9000 | 0000 458b | 5338 458b | c244 8b9c 
  0x000002c4d19ffd84: 24a0 0000 | 0045 8bd3 | 4183 c22e | 418b da41 | 8beb 83c5 | 1c41 8b78 | 0c3b ef0f | 8377 2500 
  0x000002c4d19ffda4: 0048 6394 | 24a0 0000 | 0045 8bd0 | 450f b654 | 122c 418b | ca8b ac24 | a000 0000 | 83c5 1d3b 
  0x000002c4d19ffdc4: ef0f 83c1 | 2500 0045 | 0fb6 4c10 | 2d45 8bd0 | 498b d241 | c1e1 0844 | 0bc9 448b | c366 6690 
  0x000002c4d19ffde4: ;   {static_call}
  0x000002c4d19ffde4: c5f8 77e8 

  0x000002c4d19ffde8: ; ImmutableOopMap {[32]=Oop [40]=Oop [48]=Oop [72]=Oop [96]=Oop [104]=Oop [112]=NarrowOop [116]=NarrowOop [120]=Oop [128]=Oop [136]=Oop [144]=NarrowOop [148]=NarrowOop [280]=Oop [288]=Oop }
                      ;*invokestatic newStringUTF8NoRepl {reexecute=0 rethrow=0 return_oop=1}
                      ; - java.lang.System$2::newStringUTF8NoRepl@3 (line 2415)
                      ; - java.util.zip.ZipCoder$UTF8ZipCoder::toString@6 (line 199)
                      ; - java.util.zip.ZipFile$Source::getEntryPos@82 (line 1793)
                      ; - java.util.zip.ZipFile::getInputStream@63 (line 372)
                      ; - java.util.jar.JarFile::getManifestFromReference@130 (line 432)
                      ; - java.util.jar.JarFile::getManifest@1 (line 406)
                      ; - java.util.jar.JarFile::maybeInstantiateVerifier@31 (line 725)
                      ; - java.util.jar.JarFile::ensureInitialization@1 (line 1031)
                      ; - java.util.jar.JavaUtilJarAccessImpl::ensureInitialization@1 (line 72)
                      ; - jdk.internal.loader.URLClassPath$JarLoader$2::getManifest@10 (line 885)
                      ; - java.net.URLClassLoader::defineClass@34 (line 491)
                      ; - java.net.URLClassLoader$1::run@43 (line 427)
                      ; - java.net.URLClassLoader$1::run@1 (line 421)
                      ; - java.security.AccessController::executePrivileged@29 (line 807)
                      ; - java.security.AccessController::doPrivileged@13 (line 712)
                      ; - java.net.URLClassLoader::findClass@13 (line 420)
                      ; - org.gradle.internal.classloader.VisitableURLClassLoader$InstrumentingVisitableURLClassLoader::findClass@10 (line 189)
  0x000002c4d19ffde8: 941b 41ff | 4c8b c044 | 8b50 1445 | 8b5a 0c0f | be48 1044 | 8bc9 8b9c | 2494 0000 | 008b 7314 
  0x000002c4d19ffe08: 418b dbd3 | fb44 8bf3 

  0x000002c4d19ffe10: ; implicit exception: dispatches to 0x000002c4d1a0336c
  0x000002c4d19ffe10: 8b56 0c8b | 8c24 9400 | 0000 0fbe | 4910 8bfa | d3ff 448b | ef41 8bde | 3bdf 0f85 | 7f27 0000 
  0x000002c4d19ffe30: 488b 5c24 | 2848 3bc3 | 0f84 e900 | 0000 443b | c90f 85c5 | 2700 0044 | 3bda 0f85 | fc25 0000 
  0x000002c4d19ffe50: 4d8b ca49 | 8d7a 104c | 8bd6 488d | 7610 418b | cb85 c90f | 84a5 0000 | 008b c183 | e01f 83e1 
  0x000002c4d19ffe70: e00f 844b | 0000 0048 | 8d3c 0f48 | 8d34 0e48 | f7d9 c5fe | 6f04 0fc5 | fe6f 0c0e | c5fd efc1 
  0x000002c4d19ffe90: c4e2 7d17 | c00f 857a | 0000 0048 | 83c1 2075 | e185 c00f | 8465 0000 | 00c5 fe6f | 4407 e0c5 
  0x000002c4d19ffeb0: fe6f 4c06 | e0c5 fdef | c1c4 e27d | 17c0 7555 | eb4c 8bc8 | 83e1 fc74 | 1948 8d3c | 0f48 8d34 
  0x000002c4d19ffed0: 0e48 f7d9 | 8b1c 0f3b | 1c0e 7539 | 4883 c104 | 75f2 f7c0 | 0200 0000 | 7412 0fb7 | 1f0f b70e 
  0x000002c4d19ffef0: 3bd9 7521 | 488d 7f02 | 488d 7602 | f7c0 0100 | 0000 740a | 0fb6 1f0f | b60e 3bd9 | 7507 b801 
  0x000002c4d19fff10: 0000 00eb | 0233 c0c5 | fdef c0c5 | f5ef c985 | c00f 8429 | 2500 0044 | 8b9c 24a0 | 0000 00e9 
  0x000002c4d19fff30: efd5 ffff | 498b d7c5 | f877 49ba | 106a abce | fb7f 0000 | 41ff d2e9 | 3bc5 ffff | 498b d7c5 
  0x000002c4d19fff50: f877 49ba | 106a abce | fb7f 0000 | 41ff d2e9 | 97c5 ffff | 4585 db0f | 854f 2500 | 0044 8b94 
  0x000002c4d19fff70: 2490 0000 | 0041 8b6a | 084d 8bda | 488d 9c24 | 4001 0000 | 498b 0348 | f7c0 0200 | 0000 7524 
  0x000002c4d19fff90: 4883 c801 | 4889 03f0 | 490f b11b | 0f84 3e00 | 0000 482b | c448 81e0 | 07f0 ffff | 4889 03e9 
  0x000002c4d19fffb0: 2c00 0000 | 4c8b c848 | 33c0 f04d | 0fb1 793e | 48c7 0303 | 0000 000f | 8413 0000 | 004c 3bf8 
  0x000002c4d19fffd0: 0f85 0a00 | 0000 49ff | 8186 0000 | 0048 33c0 | 0f85 1e25 

  0x000002c4d19fffe4: ;   {metadata('java/util/Collections$SetFromMap')}
  0x000002c4d19fffe4: 0000 81fd | 4058 1d00 | 0f85 4125 | 0000 458b | 530c 458b | 4a08 498b 

  0x000002c4d19ffffc: ;   {metadata('java/util/WeakHashMap')}
  0x000002c4d19ffffc: d241 81f9 | a8f2 1100 | 0f85 a914 | 0000 498b | eb4c 8b84 | 2498 0000 

  0x000002c4d1a00014: ;   {oop(a 'java/lang/Boolean'{0x000000008059bb08} = true)}
  0x000002c4d1a00014: 0049 b908 | bb59 8000 | 0000 0090 

  0x000002c4d1a00020: ;   {optimized virtual_call}
  0x000002c4d1a00020: c5f8 77e8 

  0x000002c4d1a00024: ; ImmutableOopMap {rbp=Oop [32]=Oop [48]=Oop [96]=Oop [104]=Oop [112]=NarrowOop [120]=Oop [128]=Oop [136]=Oop [152]=Oop [280]=Oop [288]=Oop }
                      ;*invokeinterface put {reexecute=0 rethrow=0 return_oop=1}
                      ; - java.util.Collections$SetFromMap::add@8 (line 5686)
                      ; - java.util.zip.ZipFile::getInputStream@137 (line 381)
                      ; - java.util.jar.JarFile::getManifestFromReference@130 (line 432)
                      ; - java.util.jar.JarFile::getManifest@1 (line 406)
                      ; - java.util.jar.JarFile::maybeInstantiateVerifier@31 (line 725)
                      ; - java.util.jar.JarFile::ensureInitialization@1 (line 1031)
                      ; - java.util.jar.JavaUtilJarAccessImpl::ensureInitialization@1 (line 72)
                      ; - jdk.internal.loader.URLClassPath$JarLoader$2::getManifest@10 (line 885)
                      ; - java.net.URLClassLoader::defineClass@34 (line 491)
                      ; - java.net.URLClassLoader$1::run@43 (line 427)
                      ; - java.net.URLClassLoader$1::run@1 (line 421)
                      ; - java.security.AccessController::executePrivileged@29 (line 807)
                      ; - java.security.AccessController::doPrivileged@13 (line 712)
                      ; - java.net.URLClassLoader::findClass@13 (line 420)
                      ; - org.gradle.internal.classloader.VisitableURLClassLoader$InstrumentingVisitableURLClassLoader::findClass@10 (line 189)
  0x000002c4d1a00024: 5813 41ff | 488d 8424 | 4001 0000 | 4881 3800 | 0000 000f | 8485 0000 | 004c 8b55 | 0049 f7c2 
  0x000002c4d1a00044: 0200 0000 | 746f 4981 | ba86 0000 | 0000 0000 | 0074 0949 | ff8a 8600 | 0000 eb51 | 498b 8296 
  0x000002c4d1a00064: 0000 0049 | 0b82 8e00 | 0000 750a | 49c7 423e | 0000 0000 | eb48 4981 | ba9e 0000 | 0000 0000 
  0x000002c4d1a00084: 0074 2548 | 33c0 49c7 | 423e 0000 | 0000 f083 | 0424 0049 | 81ba 9e00 | 0000 0000 | 0000 750d 
  0x000002c4d1a000a4: f04d 0fb1 | 7a3e 7505 | 83c8 01eb | 11f7 c000 | 0000 00eb | 094c 8b10 | f04c 0fb1 | 5500 0f85 
  0x000002c4d1a000c4: c424 0000 | 4c8b 9424 | 9800 0000 | 4c89 9424 | f800 0000 | e94b d9ff | ffbd 0020 | 0000 e94e 
  0x000002c4d1a000e4: d7ff ff48 | 8b9c 2490 | 0000 0044 | 8b5b 2845 | 85db 0f84 | 9bed ffff | 4d8b 5720 | 498b cb4d 
  0x000002c4d1a00104: 85d2 0f84 | dc14 0000 | 4d8b 5f30 | 4b89 4c13 | f849 83c2 | f84d 8957 | 20e9 75ed | ffff 498b 
  0x000002c4d1a00124: ea4c 8b84 | 24a0 0000 

  0x000002c4d1a0012c: ;   {oop(a 'java/lang/Boolean'{0x000000008059bb08} = true)}
  0x000002c4d1a0012c: 0049 b908 | bb59 8000 | 0000 0066 | 6690 c5f8 | 7748 b8ff | ffff ffff 

  0x000002c4d1a00144: ;   {virtual_call}
  0x000002c4d1a00144: ffff ffe8 

  0x000002c4d1a00148: ; ImmutableOopMap {rbp=Oop [32]=Oop [48]=Oop [96]=Oop [104]=Oop [112]=NarrowOop [120]=Oop [128]=Oop [136]=Oop [160]=Oop [280]=Oop [288]=Oop }
                      ;*invokeinterface put {reexecute=0 rethrow=0 return_oop=1}
                      ; - java.util.Collections$SetFromMap::add@8 (line 5686)
                      ; - java.util.zip.ZipFile::getInputStream@231 (line 396)
                      ; - java.util.jar.JarFile::getManifestFromReference@130 (line 432)
                      ; - java.util.jar.JarFile::getManifest@1 (line 406)
                      ; - java.util.jar.JarFile::maybeInstantiateVerifier@31 (line 725)
                      ; - java.util.jar.JarFile::ensureInitialization@1 (line 1031)
                      ; - java.util.jar.JavaUtilJarAccessImpl::ensureInitialization@1 (line 72)
                      ; - jdk.internal.loader.URLClassPath$JarLoader$2::getManifest@10 (line 885)
                      ; - java.net.URLClassLoader::defineClass@34 (line 491)
                      ; - java.net.URLClassLoader$1::run@43 (line 427)
                      ; - java.net.URLClassLoader$1::run@1 (line 421)
                      ; - java.security.AccessController::executePrivileged@29 (line 807)
                      ; - java.security.AccessController::doPrivileged@13 (line 712)
                      ; - java.net.URLClassLoader::findClass@13 (line 420)
                      ; - org.gradle.internal.classloader.VisitableURLClassLoader$InstrumentingVisitableURLClassLoader::findClass@10 (line 189)
  0x000002c4d1a00148: 3415 41ff | e927 d8ff | ff49 8bda | 4c8b 5424 | 2845 8b52 | 4445 85d2 | 7421 4d8b | 5f20 498b 
  0x000002c4d1a00168: ca4d 85db | 0f84 f416 | 0000 4d8b | 5730 4b89 | 4c1a f849 | 83c3 f84d | 895f 204c | 8bd3 e9b0 
  0x000002c4d1a00188: dfff ff4c | 8b44 2428 | 458b 5030 | 4585 d20f | 8472 e0ff | ff4d 8b5f | 2049 8bca | 4d85 db0f 
  0x000002c4d1a001a8: 84a1 1600 | 004d 8b57 | 304b 894c | 1af8 4983 | c3f8 4d89 | 5f20 4c8b | 4424 28e9 | 47e0 ffff 
  0x000002c4d1a001c8: 458b 582c | 4585 db0f | 847d e0ff | ff4d 8b57 | 2049 8bcb | 4d85 d20f | 844b 1600 | 004d 8b5f 
  0x000002c4d1a001e8: 304b 894c | 13f8 4983 | c2f8 4d89 | 5720 e957 | e0ff ff49 | 8bda 4c8b | 5424 2845 | 8b52 4045 
  0x000002c4d1a00208: 85d2 7421 | 4d8b 5f20 | 498b ca4d | 85db 0f84 | 6216 0000 | 4d8b 5730 | 4b89 4c1a | f849 83c3 
  0x000002c4d1a00228: f84d 895f | 204c 8bd3 | e978 deff | ff49 8bda | 4c8b 5424 | 2845 8b52 | 5045 85d2 | 7421 4d8b 
  0x000002c4d1a00248: 5f20 498b | ca4d 85db | 0f84 c215 | 0000 4d8b | 5730 4b89 | 4c1a f849 | 83c3 f84d | 895f 204c 
  0x000002c4d1a00268: 8bd3 e95e | dfff ff4c | 8bcd 448b | 5d14 4585 | db0f 8456 | e1ff ff4d | 8b57 2049 | 8bcb 4d85 
  0x000002c4d1a00288: d20f 8425 | 1600 0049 | 8bf0 488b | dd4d 8b5f | 304b 894c | 13f8 4983 | c2f8 4d89 | 5720 4c8b 
  0x000002c4d1a002a8: cb4c 8bc6 | e924 e1ff | ff45 8b50 | 1c45 85d2 | 0f84 d3e0 | ffff 4d8b | 5f20 498b | ca4d 85db 
  0x000002c4d1a002c8: 0f84 c815 | 0000 498b | f949 8bd8 | 4d8b 5730 | 4b89 4c1a | f849 83c3 | f84d 895f | 204c 8bc3 
  0x000002c4d1a002e8: 4c8b cfe9 | a1e0 ffff | 4c8b cd44 | 8b55 1045 | 85d2 0f84 | 41e2 ffff | 4d8b 5f20 | 498b ca4d 
  0x000002c4d1a00308: 85db 0f84 | e015 0000 | 498b f048 | 8bdd 4d8b | 5730 4b89 | 4c1a f849 | 83c3 f84d | 895f 204c 
  0x000002c4d1a00328: 8bcb 4c8b | c6e9 0fe2 | ffff 458b | 581c 4585 | db0f 84be | e1ff ff4d | 8b57 2049 | 8bcb 4d85 
  0x000002c4d1a00348: d20f 8483 | 1500 0049 | 8bf9 498b | d84d 8b5f | 304b 894c | 13f8 4983 | c2f8 4d89 | 5720 4c8b 
  0x000002c4d1a00368: c34c 8bcf | e98c e1ff | ff45 8b50 | 1c45 85d2 | 0f84 ebe2 | ffff 4d8b | 5f20 498b | ca4d 85db 
  0x000002c4d1a00388: 0f84 8015 | 0000 498b | f949 8bd8 | 4d8b 5730 | 4b89 4c1a | f849 83c3 | f84d 895f | 204c 8bc3 
  0x000002c4d1a003a8: 4c8b cfe9 | b9e2 ffff | 4c8b cd44 | 8b5d 1845 | 85db 0f84 | ede2 ffff | 4d8b 5720 | 498b cb4d 
  0x000002c4d1a003c8: 85d2 0f84 | 5c15 0000 | 498b f048 | 8bdd 4d8b | 5f30 4b89 | 4c13 f849 | 83c2 f84d | 8957 204c 
  0x000002c4d1a003e8: 8bcb 4c8b | c6e9 bbe2 | ffff 4c8b | c544 8b55 | 1c45 85d2 | 0f84 9de3 | ffff 4d8b | 5f20 498b 
  0x000002c4d1a00408: ca4d 85db | 0f84 3815 | 0000 4d8b | 5730 4b89 | 4c1a f849 | 83c3 f84d | 895f 204c | 8bc5 e974 
  0x000002c4d1a00428: e3ff ff4c | 8b44 2450 | 458b 5814 | 4585 db0f | 840f e3ff | ff4d 8b57 | 2049 8bcb | 4d85 d20f 
  0x000002c4d1a00448: 8415 1500 | 004d 8b5f | 304b 894c | 13f8 4983 | c2f8 4d89 | 5720 e9e9 | e2ff ff4c | 8bc5 448b 
  0x000002c4d1a00468: 5d24 4585 | db0f 8478 | e4ff ff4d | 8b57 2049 | 8bcb 4d85 | d20f 8415 | 1500 004d | 8b5f 304b 
  0x000002c4d1a00488: 894c 13f8 | 4983 c2f8 | 4d89 5720 | 4c8b c5e9 | 4fe4 ffff | 4c8b 5c24 | 5045 8b53 | 1045 85d2 
  0x000002c4d1a004a8: 742d 498b | f849 8bdb | 4d8b 5f20 | 498b ca4d | 85db 0f84 | c014 0000 | 4d8b 5730 | 4b89 4c1a 
  0x000002c4d1a004c8: f849 83c3 | f84d 895f | 204c 8bdb | 4c8b c74d | 8bd0 e9c5 | e3ff ff49 | 8bda 4c8b | 5424 5045 
  0x000002c4d1a004e8: 8b5a 3c45 | 85db 0f84 | 8ae5 ffff | 4d8b 5720 | 498b cb4d | 85d2 0f84 | dc14 0000 | 4d8b 5f30 
  0x000002c4d1a00508: 4b89 4c13 | f849 83c2 | f84d 8957 | 20e9 64e5 | ffff 4c8b | c545 8b58 | 1445 85db | 0f84 58e4 
  0x000002c4d1a00528: ffff 4d8b | 5720 498b | cb4d 85d2 | 0f84 be14 | 0000 498b | d84d 8b5f | 304b 894c 

  0x000002c4d1a00544: ;   {no_reloc}
  0x000002c4d1a00544: 13f8 4983 | c2f8 4d89 | 5720 4c8b | c3e9 2ce4 | ffff 4c8b | 5424 5045 | 8b5a 3845 | 85db 0f84 
  0x000002c4d1a00564: 80e4 ffff | 4d8b 5720 | 498b cb4d | 85d2 0f84 | 3814 0000 | 4d8b 5f30 | 4b89 4c13 | f849 83c2 
  0x000002c4d1a00584: f84d 8957 | 20e9 5ae4 | ffff 4c8b | 8424 8800 | 0000 458b | 5830 4585 | db0f 842b | e5ff ff49 
  0x000002c4d1a005a4: 8bd8 4d8b | 5720 498b | cb4d 85d2 | 0f84 1214 | 0000 4d8b | 5f30 4b89 | 4c13 f849 | 83c2 f84d 
  0x000002c4d1a005c4: 8957 204c | 8bc3 e9ff | e4ff ff45 | 8b50 1045 | 85d2 0f84 | 98e7 ffff | 4d8b 5f20 | 498b ca4d 
  0x000002c4d1a005e4: 85db 0f84 | 5d14 0000 | 4d8b 5730 | 4b89 4c1a | f849 83c3 | f84d 895f | 20e9 72e7 | ffff 4c8b 
  0x000002c4d1a00604: 4424 5045 | 8b58 0c45 | 85db 0f84 | d5e6 ffff | 498b f84d | 8b57 2049 | 8bcb 4d85 | d20f 840a 
  0x000002c4d1a00624: 1400 004d | 8b5f 304b | 894c 13f8 | 4983 c2f8 | 4d89 5720 | 4c8b c7e9 | a9e6 ffff | 448b 550c 
  0x000002c4d1a00644: 4585 d274 | 214d 8b5f | 2049 8bca | 4d85 db0f | 84ba 1300 | 004d 8b57 | 304b 894c | 1af8 4983 
  0x000002c4d1a00664: c3f8 4d89 | 5f20 4d8b | d0e9 24e6 | ffff 488b | dd44 8b53 | 1445 85d2 | 0f84 50e7 | ffff 4d8b 
  0x000002c4d1a00684: 5f20 498b | ca4d 85db | 0f84 db13 | 0000 4d8b | 5730 4b89 | 4c1a f849 | 83c3 f84d | 895f 20e9 
  0x000002c4d1a006a4: 2ae7 ffff | 4d8b 5750 | 4d8b 5f40 | f083 4424 | c000 8039 | 000f 84ae | daff ff44 | 8821 4d85 
  0x000002c4d1a006c4: db75 1849 | 8bd7 c5f8 | 7749 baf0 | 69ab cefb | 7f00 0041 | ffd2 e98e | daff ff4b | 894c 1af8 
  0x000002c4d1a006e4: 4983 c3f8 | 4d89 5f40 | e97c daff | ff4d 8b57 | 504d 8b5f | 40f0 8344 | 24c0 0080 | 3900 0f84 
  0x000002c4d1a00704: f7da ffff | 4488 214d | 85db 7518 | 498b d7c5 | f877 49ba | f069 abce | fb7f 0000 | 41ff d2e9 
  0x000002c4d1a00724: d7da ffff | 4b89 4c1a | f849 83c3 | f84d 895f | 40e9 c5da | ffff 4d8b | 5740 4d8b | 5f50 f083 
  0x000002c4d1a00744: 4424 c000 | 8039 000f | 843e dbff | ff44 8821 | 4d85 d275 | 2349 8bf8 | 498b d7c5 | f877 49ba 
  0x000002c4d1a00764: f069 abce | fb7f 0000 | 41ff d24c | 8bc7 448b | 4c24 4ce9 | 13db ffff | 4b89 4c13 | f849 83c2 
  0x000002c4d1a00784: f84d 8957 | 40e9 01db | ffff 4d8b | 5750 4d8b | 5f40 f083 | 4424 c000 | 8039 000f | 843a d9ff 
  0x000002c4d1a007a4: ff44 8821 | 4d85 db75 | 1849 8bd7 | c5f8 7749 | baf0 69ab | cefb 7f00 | 0041 ffd2 | e91a d9ff 
  0x000002c4d1a007c4: ff4b 894c | 1af8 4983 | c3f8 4d89 | 5f40 e908 | d9ff ff4d | 8b57 504d | 8b5f 40f0 | 8344 24c0 
  0x000002c4d1a007e4: 0080 3900 | 0f84 63d8 | ffff 4488 | 214d 85db | 7518 498b | d7c5 f877 | 49ba f069 | abce fb7f 
  0x000002c4d1a00804: 0000 41ff | d2e9 43d8 | ffff 4b89 | 4c1a f849 | 83c3 f84d | 895f 40e9 | 31d8 ffff | 4d8b 5740 
  0x000002c4d1a00824: 4d8b 5f50 | f083 4424 | c000 8039 | 000f 84d6 | dbff ff44 | 8821 4d85 | d275 1e49 | 8bd9 498b 
  0x000002c4d1a00844: d7c5 f877 | 49ba f069 | abce fb7f | 0000 41ff | d24c 8bcb | e9b0 dbff | ff4b 894c | 13f8 4983 
  0x000002c4d1a00864: c2f8 4d89 | 5740 e99e | dbff ff49 | 8bd8 4d8b | 5750 4d8b | 5f40 f083 | 4424 c000 | 8039 0074 
  0x000002c4d1a00884: 2a44 8821 | 4d85 db74 | 0f4b 894c | 1af8 4983 | c3f8 4d89 | 5f40 eb13 | 498b d7c5 | f877 49ba 
  0x000002c4d1a008a4: f069 abce | fb7f 0000 | 41ff d24c | 8bc3 e910 | dbff ff4d | 8b57 404d | 8b5f 50f0 | 8344 24c0 
  0x000002c4d1a008c4: 0080 3900 | 0f84 abdc | ffff 4488 | 214d 85d2 | 751e 498b | d949 8bd7 | c5f8 7749 | baf0 69ab 
  0x000002c4d1a008e4: cefb 7f00 | 0041 ffd2 | 4c8b cbe9 | 85dc ffff | 4b89 4c13 | f849 83c2 | f84d 8957 | 40e9 73dc 
  0x000002c4d1a00904: ffff 498b | d84d 8b57 | 504d 8b5f | 40f0 8344 | 24c0 0080 | 3900 742a | 4488 214d | 85db 740f 
  0x000002c4d1a00924: 4b89 4c1a | f849 83c3 | f84d 895f | 40eb 1349 | 8bd7 c5f8 | 7749 baf0 | 69ab cefb | 7f00 0041 
  0x000002c4d1a00944: ;   {no_reloc}
  0x000002c4d1a00944: ffd2 4c8b | c3e9 e5db | ffff 4d8b | 5740 4d8b | 5f50 f083 | 4424 c000 | 8039 000f | 8480 ddff 
  0x000002c4d1a00964: ff44 8821 | 4d85 d275 | 1e49 8bd9 | 498b d7c5 | f877 49ba | f069 abce | fb7f 0000 | 41ff d24c 
  0x000002c4d1a00984: 8bcb e95a | ddff ff4b | 894c 13f8 | 4983 c2f8 | 4d89 5740 | e948 ddff | ff49 8bd8 | 4d8b 5750 
  0x000002c4d1a009a4: 4d8b 5f40 | f083 4424 | c000 8039 | 0074 2a44 | 8821 4d85 | db74 0f4b | 894c 1af8 | 4983 c3f8 
  0x000002c4d1a009c4: 4d89 5f40 | eb13 498b | d7c5 f877 | 49ba f069 | abce fb7f | 0000 41ff | d24c 8bc3 | e9ba dcff 
  0x000002c4d1a009e4: ff4d 8b57 | 404d 8b5f | 50f0 8344 | 24c0 0080 | 3900 0f84 | 95dd ffff | 4488 214d | 85d2 7518 
  0x000002c4d1a00a04: 498b d7c5 | f877 49ba | f069 abce | fb7f 0000 | 41ff d2e9 | 75dd ffff | 4b89 4c13 | f849 83c2 
  0x000002c4d1a00a24: f84d 8957 | 40e9 63dd | ffff 498b | d84d 8b57 | 404d 8b5f | 50f0 8344 | 24c0 0080 | 3900 742a 
  0x000002c4d1a00a44: 4488 214d | 85d2 740f | 4b89 4c13 | f849 83c2 | f84d 8957 | 40eb 1349 | 8bd7 c5f8 | 7749 baf0 
  0x000002c4d1a00a64: 69ab cefb | 7f00 0041 | ffd2 4c8b | c3e9 59dd | ffff 4d8b | 5740 4d8b | 5f50 f083 | 4424 c000 
  0x000002c4d1a00a84: 8039 000f | 8450 deff | ff44 8821 | 4d85 d275 | 1849 8bd7 | c5f8 7749 | baf0 69ab | cefb 7f00 
  0x000002c4d1a00aa4: 0041 ffd2 | e930 deff | ff4b 894c | 13f8 4983 | c2f8 4d89 | 5740 e91e | deff ff49 | 8bd8 4d8b 
  0x000002c4d1a00ac4: 5740 4d8b | 5f50 f083 | 4424 c000 | 8039 0074 | 2a44 8821 | 4d85 d274 | 0f4b 894c | 13f8 4983 
  0x000002c4d1a00ae4: c2f8 4d89 | 5740 eb13 | 498b d7c5 | f877 49ba | f069 abce | fb7f 0000 | 41ff d24c | 8bc3 e914 
  0x000002c4d1a00b04: deff ff4d | 8b57 404d | 8b5f 50f0 | 8344 24c0 | 0080 3900 | 0f84 bfde | ffff 4488 | 214d 85d2 
  0x000002c4d1a00b24: 7518 498b | d7c5 f877 | 49ba f069 | abce fb7f | 0000 41ff | d2e9 9fde | ffff 4b89 | 4c13 f849 
  0x000002c4d1a00b44: 83c2 f84d | 8957 40e9 | 8dde ffff | 4d8b 5740 | 4d8b 5f50 | f083 4424 | c000 8039 | 000f 8499 
  0x000002c4d1a00b64: dfff ff44 | 8821 4d85 | d275 1e49 | 8bd8 498b | d7c5 f877 | 49ba f069 | abce fb7f | 0000 41ff 
  0x000002c4d1a00b84: d24c 8bc3 | e973 dfff | ff4b 894c | 13f8 4983 | c2f8 4d89 | 5740 e961 | dfff ff4d | 8b57 404d 
  0x000002c4d1a00ba4: 8b5f 50f0 | 8344 24c0 | 0080 3900 | 0f84 05df | ffff 4488 | 214d 85d2 | 7518 498b | d7c5 f877 
  0x000002c4d1a00bc4: 49ba f069 | abce fb7f | 0000 41ff | d2e9 e5de | ffff 4b89 | 4c13 f849 | 83c2 f84d | 8957 40e9 
  0x000002c4d1a00be4: d3de ffff | 4d8b 5740 | 4d8b 5f50 | f083 4424 | c000 8039 | 000f 8420 | deff ff44 | 8821 4d85 
  0x000002c4d1a00c04: d275 1849 | 8bd7 c5f8 | 7749 baf0 | 69ab cefb | 7f00 0041 | ffd2 e900 | deff ff4b | 894c 13f8 
  0x000002c4d1a00c24: 4983 c2f8 | 4d89 5740 | e9ee ddff | ff4d 8b57 | 404d 8b5f | 50f0 8344 | 24c0 0080 | 3900 0f84 
  0x000002c4d1a00c44: 5fe1 ffff | 4488 214d | 85d2 751e | 498b d849 | 8bd7 c5f8 | 7749 baf0 | 69ab cefb | 7f00 0041 
  0x000002c4d1a00c64: ffd2 4c8b | c3e9 39e1 | ffff 4b89 | 4c13 f849 | 83c2 f84d | 8957 40e9 | 27e1 ffff | 4d8b 5740 
  0x000002c4d1a00c84: 4d8b 5f50 | f083 4424 | c000 8039 | 000f 8482 | e0ff ff44 | 8821 4d85 | d275 1e49 | 8bd8 498b 
  0x000002c4d1a00ca4: d7c5 f877 | 49ba f069 | abce fb7f | 0000 41ff | d24c 8bc3 | e95c e0ff | ff4b 894c | 13f8 4983 
  0x000002c4d1a00cc4: c2f8 4d89 | 5740 e94a | e0ff ff4d | 8b57 404d | 8b5f 50f0 | 8344 24c0 | 0080 3900 | 0f84 f3df 
  0x000002c4d1a00ce4: ffff 4488 | 214d 85d2 | 7518 498b | d7c5 f877 | 49ba f069 | abce fb7f | 0000 41ff | d2e9 d3df 
  0x000002c4d1a00d04: ffff 4b89 | 4c13 f849 | 83c2 f84d | 8957 40e9 | c1df ffff | 4d8b 5740 | 4d8b 5f50 | f083 4424 
  0x000002c4d1a00d24: c000 8039 | 000f 8418 | d5ff ff44 | 8821 4d85 | d275 1e49 | 8bd8 498b | d7c5 f877 | 49ba f069 
  0x000002c4d1a00d44: ;   {no_reloc}
  0x000002c4d1a00d44: abce fb7f | 0000 41ff | d24c 8bc3 | e9f2 d4ff | ff4b 894c | 13f8 4983 | c2f8 4d89 | 5740 e9e0 
  0x000002c4d1a00d64: d4ff ff4d | 8b57 404d | 8b5f 50f0 | 8344 24c0 | 0080 3900 | 0f84 93e0 | ffff 4488 | 214d 85d2 
  0x000002c4d1a00d84: 7518 498b | d7c5 f877 | 49ba f069 | abce fb7f | 0000 41ff | d2e9 73e0 | ffff 4b89 | 4c13 f849 
  0x000002c4d1a00da4: 83c2 f84d | 8957 40e9 | 61e0 ffff | 4c8b 4c24 | 4845 8b51 | 0c45 85d2 | 0f84 8ecd | ffff 4d8b 
  0x000002c4d1a00dc4: 5f20 498b | ca4d 85db | 0f84 de0c | 0000 4d8b | 5730 4b89 | 4c1a f849 | 83c3 f84d | 895f 20e9 
  0x000002c4d1a00de4: 68cd ffff | 4c8b 4424 | 2845 8b58 | 0c45 85db | 0f84 9ecd | ffff 4d8b | 5720 498b | cb4d 85d2 
  0x000002c4d1a00e04: 0f84 830c | 0000 4d8b | 5f30 4b89 | 4c13 f849 | 83c2 f84d | 8957 20e9 | 78cd ffff | 4c8b 4424 
  0x000002c4d1a00e24: 2845 8b58 | 1045 85db | 0f84 17ce | ffff 4d8b | 5720 498b | cb4d 85d2 | 0f84 8c0c | 0000 4d8b 
  0x000002c4d1a00e44: 5f30 4b89 | 4c13 f849 | 83c2 f84d | 8957 20e9 | f1cd ffff | 488b fd44 | 8b57 1445 | 85d2 0f84 
  0x000002c4d1a00e64: 3ece ffff | 4d8b 5f20 | 498b ca4d | 85db 0f84 | 790c 0000 | 4d8b 5730 | 4b89 4c1a | f849 83c3 
  0x000002c4d1a00e84: f84d 895f | 20e9 18ce | ffff 4d8b | 5750 4d8b | 5f40 f083 | 4424 c000 | 8039 000f | 8478 c7ff 
  0x000002c4d1a00ea4: ff44 8821 | 4d85 db75 | 1849 8bd7 | c5f8 7749 | baf0 69ab | cefb 7f00 | 0041 ffd2 | e958 c7ff 
  0x000002c4d1a00ec4: ff4b 894c | 1af8 4983 | c3f8 4d89 | 5f40 e946 | c7ff ff4d | 8b57 404d | 8b5f 50f0 | 8344 24c0 
  0x000002c4d1a00ee4: 0080 3900 | 0f84 9acc | ffff 4488 | 214d 85d2 | 751e 498b | f949 8bd7 | c5f8 7749 | baf0 69ab 
  0x000002c4d1a00f04: cefb 7f00 | 0041 ffd2 | 4c8b cfe9 | 74cc ffff | 4b89 4c13 | f849 83c2 | f84d 8957 | 40e9 62cc 
  0x000002c4d1a00f24: ffff 4d8b | 5740 4d8b | 5f50 f083 | 4424 c000 | 8039 000f | 848b ccff | ff44 8821 | 4d85 d275 
  0x000002c4d1a00f44: 1e49 8bd8 | 498b d7c5 | f877 49ba | f069 abce | fb7f 0000 | 41ff d24c | 8bc3 e965 | ccff ff4b 
  0x000002c4d1a00f64: 894c 13f8 | 4983 c2f8 | 4d89 5740 | e953 ccff | ff4d 8b57 | 504d 8b5f | 40f0 8344 | 24c0 0080 
  0x000002c4d1a00f84: 3900 0f84 | f3cc ffff | 4488 214d | 85db 7524 | 498b f949 | 8bd8 498b | d7c5 f877 | 49ba f069 
  0x000002c4d1a00fa4: abce fb7f | 0000 41ff | d24c 8bc3 | 4c8b cfe9 | c7cc ffff | 4b89 4c1a | f849 83c3 | f84d 895f 
  0x000002c4d1a00fc4: 40e9 b5cc | ffff bac6 | ffff ff4c | 8b54 2430 | 4c89 5424 | 284c 8b54 | 2478 4c89 | 5424 404c 
  0x000002c4d1a00fe4: 8b54 2460 | 4c89 5424 | 484c 8b54 | 2458 4c89 | 5424 504c | 8b54 2460 | 4c89 5424 | 584c 8b54 
  0x000002c4d1a01004: 2478 4c89 | 5424 6090 

  0x000002c4d1a0100c: ;   {runtime_call UncommonTrapBlob}
  0x000002c4d1a0100c: c5f8 77e8 

  0x000002c4d1a01010: ; ImmutableOopMap {[40]=Oop [64]=Oop [72]=Oop [88]=Oop [96]=Oop [128]=Oop [280]=Oop [288]=Oop }
                      ;*invokevirtual getManifest {reexecute=0 rethrow=0 return_oop=0}
                      ; - java.net.URLClassLoader::defineClass@34 (line 491)
                      ; - java.net.URLClassLoader$1::run@43 (line 427)
                      ; - java.net.URLClassLoader$1::run@1 (line 421)
                      ; - java.security.AccessController::executePrivileged@29 (line 807)
                      ; - java.security.AccessController::doPrivileged@13 (line 712)
                      ; - java.net.URLClassLoader::findClass@13 (line 420)
                      ; - org.gradle.internal.classloader.VisitableURLClassLoader$InstrumentingVisitableURLClassLoader::findClass@10 (line 189)
  0x000002c4d1a01010: ec58 41ff 

  0x000002c4d1a01014: ;   {metadata('java/lang/ref/SoftReference')}
  0x000002c4d1a01014: 48ba b063 | 04e1 c402 | 0000 6690 

  0x000002c4d1a01020: ;   {runtime_call _new_instance_Java}
  0x000002c4d1a01020: c5f8 77e8 

  0x000002c4d1a01024: ; ImmutableOopMap {[32]=Oop [48]=Oop [96]=Oop [104]=Oop [112]=NarrowOop [120]=Oop [128]=Oop [144]=Oop [192]=Oop [280]=Oop [288]=Oop }
                      ;*new {reexecute=0 rethrow=0 return_oop=1}
                      ; - java.util.jar.JarFile::getManifestFromReference@184 (line 436)
                      ; - java.util.jar.JarFile::getManifest@1 (line 406)
                      ; - java.util.jar.JarFile::maybeInstantiateVerifier@31 (line 725)
                      ; - java.util.jar.JarFile::ensureInitialization@1 (line 1031)
                      ; - java.util.jar.JavaUtilJarAccessImpl::ensureInitialization@1 (line 72)
                      ; - jdk.internal.loader.URLClassPath$JarLoader$2::getManifest@10 (line 885)
                      ; - java.net.URLClassLoader::defineClass@34 (line 491)
                      ; - java.net.URLClassLoader$1::run@43 (line 427)
                      ; - java.net.URLClassLoader$1::run@1 (line 421)
                      ; - java.security.AccessController::executePrivileged@29 (line 807)
                      ; - java.security.AccessController::doPrivileged@13 (line 712)
                      ; - java.net.URLClassLoader::findClass@13 (line 420)
                      ; - org.gradle.internal.classloader.VisitableURLClassLoader$InstrumentingVisitableURLClassLoader::findClass@10 (line 189)
  0x000002c4d1a01024: d8f0 4bff | e934 deff | ff48 8b9c | 2488 0000 | 0044 8b5b | 2c45 85db | 0f84 d0e1 | ffff 4d8b 
  0x000002c4d1a01044: 5720 498b | cb4d 85d2 | 0f84 760f | 0000 4d8b | 5f30 4b89 | 4c13 f849 | 83c2 f84d | 8957 20e9 
  0x000002c4d1a01064: aae1 ffff 

  0x000002c4d1a01068: ;   {metadata('java/util/jar/JarVerifier')}
  0x000002c4d1a01068: 48ba 7875 | 18e1 c402 | 0000 6690 

  0x000002c4d1a01074: ;   {runtime_call _new_instance_Java}
  0x000002c4d1a01074: c5f8 77e8 

  0x000002c4d1a01078: ; ImmutableOopMap {[32]=Oop [40]=Oop [48]=Oop [96]=Oop [104]=Oop [112]=NarrowOop [116]=NarrowOop [120]=Oop [128]=Oop [136]=Oop [216]=Oop [280]=Oop [288]=Oop }
                      ;*new {reexecute=0 rethrow=0 return_oop=1}
                      ; - java.util.jar.JarFile::getManifestFromReference@69 (line 422)
                      ; - java.util.jar.JarFile::getManifest@1 (line 406)
                      ; - java.util.jar.JarFile::maybeInstantiateVerifier@31 (line 725)
                      ; - java.util.jar.JarFile::ensureInitialization@1 (line 1031)
                      ; - java.util.jar.JavaUtilJarAccessImpl::ensureInitialization@1 (line 72)
                      ; - jdk.internal.loader.URLClassPath$JarLoader$2::getManifest@10 (line 885)
                      ; - java.net.URLClassLoader::defineClass@34 (line 491)
                      ; - java.net.URLClassLoader$1::run@43 (line 427)
                      ; - java.net.URLClassLoader$1::run@1 (line 421)
                      ; - java.security.AccessController::executePrivileged@29 (line 807)
                      ; - java.security.AccessController::doPrivileged@13 (line 712)
                      ; - java.net.URLClassLoader::findClass@13 (line 420)
                      ; - org.gradle.internal.classloader.VisitableURLClassLoader$InstrumentingVisitableURLClassLoader::findClass@10 (line 189)
  0x000002c4d1a01078: 84f0 4bff | 4c8b d8e9 | 0ecf ffff 

  0x000002c4d1a01084: ;   {metadata('java/util/HashMap')}
  0x000002c4d1a01084: 48ba 2036 | 0be1 c402 | 0000 6690 

  0x000002c4d1a01090: ;   {runtime_call _new_instance_Java}
  0x000002c4d1a01090: c5f8 77e8 

  0x000002c4d1a01094: ; ImmutableOopMap {rbp=Oop [32]=Oop [40]=Oop [48]=Oop [72]=NarrowOop [76]=NarrowOop [96]=Oop [104]=Oop [112]=NarrowOop [120]=Oop [128]=Oop [136]=Oop [216]=Oop [280]=Oop [288]=Oop }
                      ;*new {reexecute=0 rethrow=0 return_oop=1}
                      ; - java.util.jar.JarVerifier::<init>@36 (line 520)
                      ; - java.util.jar.JarFile::getManifestFromReference@78 (line 422)
                      ; - java.util.jar.JarFile::getManifest@1 (line 406)
                      ; - java.util.jar.JarFile::maybeInstantiateVerifier@31 (line 725)
                      ; - java.util.jar.JarFile::ensureInitialization@1 (line 1031)
                      ; - java.util.jar.JavaUtilJarAccessImpl::ensureInitialization@1 (line 72)
                      ; - jdk.internal.loader.URLClassPath$JarLoader$2::getManifest@10 (line 885)
                      ; - java.net.URLClassLoader::defineClass@34 (line 491)
                      ; - java.net.URLClassLoader$1::run@43 (line 427)
                      ; - java.net.URLClassLoader$1::run@1 (line 421)
                      ; - java.security.AccessController::executePrivileged@29 (line 807)
                      ; - java.security.AccessController::doPrivileged@13 (line 712)
                      ; - java.net.URLClassLoader::findClass@13 (line 420)
                      ; - org.gradle.internal.classloader.VisitableURLClassLoader$InstrumentingVisitableURLClassLoader::findClass@10 (line 189)
  0x000002c4d1a01094: 68f0 4bff | 4c8b d0e9 | facf ffff 

  0x000002c4d1a010a0: ;   {metadata('java/util/HashMap')}
  0x000002c4d1a010a0: 48ba 2036 | 0be1 c402 | 0000 6690 

  0x000002c4d1a010ac: ;   {runtime_call _new_instance_Java}
  0x000002c4d1a010ac: c5f8 77e8 

  0x000002c4d1a010b0: ; ImmutableOopMap {rbp=Oop [32]=Oop [40]=Oop [48]=Oop [72]=NarrowOop [76]=NarrowOop [96]=Oop [104]=Oop [112]=NarrowOop [120]=Oop [128]=Oop [136]=Oop [216]=Oop [280]=Oop [288]=Oop }
                      ;*new {reexecute=0 rethrow=0 return_oop=1}
                      ; - java.util.jar.JarVerifier::<init>@47 (line 521)
                      ; - java.util.jar.JarFile::getManifestFromReference@78 (line 422)
                      ; - java.util.jar.JarFile::getManifest@1 (line 406)
                      ; - java.util.jar.JarFile::maybeInstantiateVerifier@31 (line 725)
                      ; - java.util.jar.JarFile::ensureInitialization@1 (line 1031)
                      ; - java.util.jar.JavaUtilJarAccessImpl::ensureInitialization@1 (line 72)
                      ; - jdk.internal.loader.URLClassPath$JarLoader$2::getManifest@10 (line 885)
                      ; - java.net.URLClassLoader::defineClass@34 (line 491)
                      ; - java.net.URLClassLoader$1::run@43 (line 427)
                      ; - java.net.URLClassLoader$1::run@1 (line 421)
                      ; - java.security.AccessController::executePrivileged@29 (line 807)
                      ; - java.security.AccessController::doPrivileged@13 (line 712)
                      ; - java.net.URLClassLoader::findClass@13 (line 420)
                      ; - org.gradle.internal.classloader.VisitableURLClassLoader$InstrumentingVisitableURLClassLoader::findClass@10 (line 189)
  0x000002c4d1a010b0: 4cf0 4bff | 4c8b d0e9 | 6cd0 ffff 

  0x000002c4d1a010bc: ;   {metadata('java/security/CodeSigner'[])}
  0x000002c4d1a010bc: 48ba 183a | 04e2 c402 | 0000 4533 | c066 6690 

  0x000002c4d1a010cc: ;   {runtime_call _new_array_Java}
  0x000002c4d1a010cc: c5f8 77e8 

  0x000002c4d1a010d0: ; ImmutableOopMap {rbp=Oop [32]=Oop [40]=Oop [48]=Oop [72]=NarrowOop [76]=NarrowOop [96]=Oop [104]=Oop [112]=NarrowOop [120]=Oop [128]=Oop [136]=Oop [216]=Oop [280]=Oop [288]=Oop }
                      ;*anewarray {reexecute=0 rethrow=0 return_oop=1}
                      ; - java.util.jar.JarVerifier::<init>@59 (line 562)
                      ; - java.util.jar.JarFile::getManifestFromReference@78 (line 422)
                      ; - java.util.jar.JarFile::getManifest@1 (line 406)
                      ; - java.util.jar.JarFile::maybeInstantiateVerifier@31 (line 725)
                      ; - java.util.jar.JarFile::ensureInitialization@1 (line 1031)
                      ; - java.util.jar.JavaUtilJarAccessImpl::ensureInitialization@1 (line 72)
                      ; - jdk.internal.loader.URLClassPath$JarLoader$2::getManifest@10 (line 885)
                      ; - java.net.URLClassLoader::defineClass@34 (line 491)
                      ; - java.net.URLClassLoader$1::run@43 (line 427)
                      ; - java.net.URLClassLoader$1::run@1 (line 421)
                      ; - java.security.AccessController::executePrivileged@29 (line 807)
                      ; - java.security.AccessController::doPrivileged@13 (line 712)
                      ; - java.net.URLClassLoader::findClass@13 (line 420)
                      ; - org.gradle.internal.classloader.VisitableURLClassLoader$InstrumentingVisitableURLClassLoader::findClass@10 (line 189)
  0x000002c4d1a010d0: 2cf3 4bff | 4c8b d0e9 | e6d0 ffff | 4489 4c24 | 4849 8be8 | 48ff b424 | d800 0000 | 488f 4424 
  0x000002c4d1a010f0: ;   {metadata('java/util/Hashtable')}
  0x000002c4d1a010f0: 2848 ba80 | 6f01 e1c4 | 0200 0090 

  0x000002c4d1a010fc: ;   {runtime_call _new_instance_Java}
  0x000002c4d1a010fc: c5f8 77e8 

  0x000002c4d1a01100: ; ImmutableOopMap {rbp=Oop [32]=Oop [40]=Oop [48]=Oop [72]=NarrowOop [96]=Oop [104]=Oop [112]=NarrowOop [120]=Oop [128]=Oop [136]=Oop [280]=Oop [288]=Oop }
                      ;*new {reexecute=0 rethrow=0 return_oop=1}
                      ; - java.util.jar.JarVerifier::<init>@76 (line 109)
                      ; - java.util.jar.JarFile::getManifestFromReference@78 (line 422)
                      ; - java.util.jar.JarFile::getManifest@1 (line 406)
                      ; - java.util.jar.JarFile::maybeInstantiateVerifier@31 (line 725)
                      ; - java.util.jar.JarFile::ensureInitialization@1 (line 1031)
                      ; - java.util.jar.JavaUtilJarAccessImpl::ensureInitialization@1 (line 72)
                      ; - jdk.internal.loader.URLClassPath$JarLoader$2::getManifest@10 (line 885)
                      ; - java.net.URLClassLoader::defineClass@34 (line 491)
                      ; - java.net.URLClassLoader$1::run@43 (line 427)
                      ; - java.net.URLClassLoader$1::run@1 (line 421)
                      ; - java.security.AccessController::executePrivileged@29 (line 807)
                      ; - java.security.AccessController::doPrivileged@13 (line 712)
                      ; - java.net.URLClassLoader::findClass@13 (line 420)
                      ; - org.gradle.internal.classloader.VisitableURLClassLoader$InstrumentingVisitableURLClassLoader::findClass@10 (line 189)
  0x000002c4d1a01100: fcef 4bff | e9e7 d1ff | ff44 895c | 2448 4c89 

  0x000002c4d1a01110: ;   {metadata('java/lang/Object')}
  0x000002c4d1a01110: 4c24 2848 | ba58 0d00 | e1c4 0200 | 0066 6690 

  0x000002c4d1a01120: ;   {runtime_call _new_instance_Java}
  0x000002c4d1a01120: c5f8 77e8 

  0x000002c4d1a01124: ; ImmutableOopMap {rbp=Oop [32]=Oop [40]=Oop [48]=Oop [72]=NarrowOop [96]=Oop [104]=Oop [112]=NarrowOop [120]=Oop [128]=Oop [136]=Oop [216]=Oop [280]=Oop [288]=Oop }
                      ;*new {reexecute=0 rethrow=0 return_oop=1}
                      ; - java.util.jar.JarVerifier::<init>@25 (line 97)
                      ; - java.util.jar.JarFile::getManifestFromReference@78 (line 422)
                      ; - java.util.jar.JarFile::getManifest@1 (line 406)
                      ; - java.util.jar.JarFile::maybeInstantiateVerifier@31 (line 725)
                      ; - java.util.jar.JarFile::ensureInitialization@1 (line 1031)
                      ; - java.util.jar.JavaUtilJarAccessImpl::ensureInitialization@1 (line 72)
                      ; - jdk.internal.loader.URLClassPath$JarLoader$2::getManifest@10 (line 885)
                      ; - java.net.URLClassLoader::defineClass@34 (line 491)
                      ; - java.net.URLClassLoader$1::run@43 (line 427)
                      ; - java.net.URLClassLoader$1::run@1 (line 421)
                      ; - java.security.AccessController::executePrivileged@29 (line 807)
                      ; - java.security.AccessController::doPrivileged@13 (line 712)
                      ; - java.net.URLClassLoader::findClass@13 (line 420)
                      ; - org.gradle.internal.classloader.VisitableURLClassLoader$InstrumentingVisitableURLClassLoader::findClass@10 (line 189)
  0x000002c4d1a01124: d8ef 4bff | e9da ceff | ff49 8be9 

  0x000002c4d1a01130: ;   {metadata('java/util/Hashtable')}
  0x000002c4d1a01130: 48ba 806f | 01e1 c402 | 0000 6690 

  0x000002c4d1a0113c: ;   {runtime_call _new_instance_Java}
  0x000002c4d1a0113c: c5f8 77e8 

  0x000002c4d1a01140: ; ImmutableOopMap {rbp=Oop [32]=Oop [40]=Oop [48]=Oop [72]=NarrowOop [96]=Oop [104]=Oop [112]=NarrowOop [120]=Oop [128]=Oop [136]=Oop [280]=Oop [288]=Oop }
                      ;*new {reexecute=0 rethrow=0 return_oop=1}
                      ; - java.util.jar.JarVerifier::<init>@87 (line 110)
                      ; - java.util.jar.JarFile::getManifestFromReference@78 (line 422)
                      ; - java.util.jar.JarFile::getManifest@1 (line 406)
                      ; - java.util.jar.JarFile::maybeInstantiateVerifier@31 (line 725)
                      ; - java.util.jar.JarFile::ensureInitialization@1 (line 1031)
                      ; - java.util.jar.JavaUtilJarAccessImpl::ensureInitialization@1 (line 72)
                      ; - jdk.internal.loader.URLClassPath$JarLoader$2::getManifest@10 (line 885)
                      ; - java.net.URLClassLoader::defineClass@34 (line 491)
                      ; - java.net.URLClassLoader$1::run@43 (line 427)
                      ; - java.net.URLClassLoader$1::run@1 (line 421)
                      ; - java.security.AccessController::executePrivileged@29 (line 807)
                      ; - java.security.AccessController::doPrivileged@13 (line 712)
                      ; - java.net.URLClassLoader::findClass@13 (line 420)
                      ; - org.gradle.internal.classloader.VisitableURLClassLoader$InstrumentingVisitableURLClassLoader::findClass@10 (line 189)
  0x000002c4d1a01140: bcef 4bff | e913 d3ff 

  0x000002c4d1a01148: ;   {metadata('java/util/Hashtable$Entry'[])}
  0x000002c4d1a01148: ff48 ba70 | 9e15 e1c4 | 0200 0041 | b80b 0000 | 0066 6690 

  0x000002c4d1a0115c: ;   {runtime_call _new_array_Java}
  0x000002c4d1a0115c: c5f8 77e8 

  0x000002c4d1a01160: ; ImmutableOopMap {rbp=Oop [32]=Oop [40]=Oop [48]=Oop [72]=NarrowOop [80]=Oop [96]=Oop [104]=Oop [112]=NarrowOop [120]=Oop [128]=Oop [136]=Oop [280]=Oop [288]=Oop }
                      ;*anewarray {reexecute=0 rethrow=0 return_oop=1}
                      ; - java.util.Hashtable::<init>@93 (line 196)
                      ; - java.util.Hashtable::<init>@5 (line 217)
                      ; - java.util.jar.JarVerifier::<init>@80 (line 109)
                      ; - java.util.jar.JarFile::getManifestFromReference@78 (line 422)
                      ; - java.util.jar.JarFile::getManifest@1 (line 406)
                      ; - java.util.jar.JarFile::maybeInstantiateVerifier@31 (line 725)
                      ; - java.util.jar.JarFile::ensureInitialization@1 (line 1031)
                      ; - java.util.jar.JavaUtilJarAccessImpl::ensureInitialization@1 (line 72)
                      ; - jdk.internal.loader.URLClassPath$JarLoader$2::getManifest@10 (line 885)
                      ; - java.net.URLClassLoader::defineClass@34 (line 491)
                      ; - java.net.URLClassLoader$1::run@43 (line 427)
                      ; - java.net.URLClassLoader$1::run@1 (line 421)
                      ; - java.security.AccessController::executePrivileged@29 (line 807)
                      ; - java.security.AccessController::doPrivileged@13 (line 712)
                      ; - java.net.URLClassLoader::findClass@13 (line 420)
                      ; - org.gradle.internal.classloader.VisitableURLClassLoader$InstrumentingVisitableURLClassLoader::findClass@10 (line 189)
  0x000002c4d1a01160: 9cf2 4bff | 4c8b 4424 | 504c 8bc8 | e915 d2ff | ff49 8be9 

  0x000002c4d1a01174: ;   {metadata('java/util/Hashtable')}
  0x000002c4d1a01174: 48ba 806f | 01e1 c402 | 0000 6690 

  0x000002c4d1a01180: ;   {runtime_call _new_instance_Java}
  0x000002c4d1a01180: c5f8 77e8 

  0x000002c4d1a01184: ; ImmutableOopMap {rbp=Oop [32]=Oop [40]=Oop [48]=Oop [72]=NarrowOop [96]=Oop [104]=Oop [112]=NarrowOop [120]=Oop [128]=Oop [136]=Oop [280]=Oop [288]=Oop }
                      ;*new {reexecute=0 rethrow=0 return_oop=1}
                      ; - java.util.jar.JarVerifier::<init>@98 (line 111)
                      ; - java.util.jar.JarFile::getManifestFromReference@78 (line 422)
                      ; - java.util.jar.JarFile::getManifest@1 (line 406)
                      ; - java.util.jar.JarFile::maybeInstantiateVerifier@31 (line 725)
                      ; - java.util.jar.JarFile::ensureInitialization@1 (line 1031)
                      ; - java.util.jar.JavaUtilJarAccessImpl::ensureInitialization@1 (line 72)
                      ; - jdk.internal.loader.URLClassPath$JarLoader$2::getManifest@10 (line 885)
                      ; - java.net.URLClassLoader::defineClass@34 (line 491)
                      ; - java.net.URLClassLoader$1::run@43 (line 427)
                      ; - java.net.URLClassLoader$1::run@1 (line 421)
                      ; - java.security.AccessController::executePrivileged@29 (line 807)
                      ; - java.security.AccessController::doPrivileged@13 (line 712)
                      ; - java.net.URLClassLoader::findClass@13 (line 420)
                      ; - org.gradle.internal.classloader.VisitableURLClassLoader$InstrumentingVisitableURLClassLoader::findClass@10 (line 189)
  0x000002c4d1a01184: 78ef 4bff | e93b d4ff 

  0x000002c4d1a0118c: ;   {metadata('java/util/Hashtable$Entry'[])}
  0x000002c4d1a0118c: ff48 ba70 | 9e15 e1c4 | 0200 0041 | b80b 0000 | 0066 6690 

  0x000002c4d1a011a0: ;   {runtime_call _new_array_Java}
  0x000002c4d1a011a0: c5f8 77e8 

  0x000002c4d1a011a4: ; ImmutableOopMap {rbp=Oop [32]=Oop [40]=Oop [48]=Oop [72]=NarrowOop [80]=Oop [96]=Oop [104]=Oop [112]=NarrowOop [120]=Oop [128]=Oop [136]=Oop [280]=Oop [288]=Oop }
                      ;*anewarray {reexecute=0 rethrow=0 return_oop=1}
                      ; - java.util.Hashtable::<init>@93 (line 196)
                      ; - java.util.Hashtable::<init>@5 (line 217)
                      ; - java.util.jar.JarVerifier::<init>@91 (line 110)
                      ; - java.util.jar.JarFile::getManifestFromReference@78 (line 422)
                      ; - java.util.jar.JarFile::getManifest@1 (line 406)
                      ; - java.util.jar.JarFile::maybeInstantiateVerifier@31 (line 725)
                      ; - java.util.jar.JarFile::ensureInitialization@1 (line 1031)
                      ; - java.util.jar.JavaUtilJarAccessImpl::ensureInitialization@1 (line 72)
                      ; - jdk.internal.loader.URLClassPath$JarLoader$2::getManifest@10 (line 885)
                      ; - java.net.URLClassLoader::defineClass@34 (line 491)
                      ; - java.net.URLClassLoader$1::run@43 (line 427)
                      ; - java.net.URLClassLoader$1::run@1 (line 421)
                      ; - java.security.AccessController::executePrivileged@29 (line 807)
                      ; - java.security.AccessController::doPrivileged@13 (line 712)
                      ; - java.net.URLClassLoader::findClass@13 (line 420)
                      ; - org.gradle.internal.classloader.VisitableURLClassLoader$InstrumentingVisitableURLClassLoader::findClass@10 (line 189)
  0x000002c4d1a011a4: 58f2 4bff | 4c8b 4424 | 504c 8bc8 | e93d d3ff 

  0x000002c4d1a011b4: ;   {metadata('java/util/Hashtable$Entry'[])}
  0x000002c4d1a011b4: ff48 ba70 | 9e15 e1c4 | 0200 0041 | b80b 0000 | 0066 6690 

  0x000002c4d1a011c8: ;   {runtime_call _new_array_Java}
  0x000002c4d1a011c8: c5f8 77e8 

  0x000002c4d1a011cc: ; ImmutableOopMap {rbp=Oop [32]=Oop [40]=Oop [48]=Oop [72]=NarrowOop [80]=Oop [96]=Oop [104]=Oop [112]=NarrowOop [120]=Oop [128]=Oop [136]=Oop [280]=Oop [288]=Oop }
                      ;*anewarray {reexecute=0 rethrow=0 return_oop=1}
                      ; - java.util.Hashtable::<init>@93 (line 196)
                      ; - java.util.Hashtable::<init>@4 (line 209)
                      ; - java.util.jar.JarVerifier::<init>@104 (line 111)
                      ; - java.util.jar.JarFile::getManifestFromReference@78 (line 422)
                      ; - java.util.jar.JarFile::getManifest@1 (line 406)
                      ; - java.util.jar.JarFile::maybeInstantiateVerifier@31 (line 725)
                      ; - java.util.jar.JarFile::ensureInitialization@1 (line 1031)
                      ; - java.util.jar.JavaUtilJarAccessImpl::ensureInitialization@1 (line 72)
                      ; - jdk.internal.loader.URLClassPath$JarLoader$2::getManifest@10 (line 885)
                      ; - java.net.URLClassLoader::defineClass@34 (line 491)
                      ; - java.net.URLClassLoader$1::run@43 (line 427)
                      ; - java.net.URLClassLoader$1::run@1 (line 421)
                      ; - java.security.AccessController::executePrivileged@29 (line 807)
                      ; - java.security.AccessController::doPrivileged@13 (line 712)
                      ; - java.net.URLClassLoader::findClass@13 (line 420)
                      ; - org.gradle.internal.classloader.VisitableURLClassLoader$InstrumentingVisitableURLClassLoader::findClass@10 (line 189)
  0x000002c4d1a011cc: 30f2 4bff | 4c8b 4424 | 504c 8bc8 | e981 d4ff | ff49 8be9 

  0x000002c4d1a011e0: ;   {metadata('java/util/ArrayList')}
  0x000002c4d1a011e0: 48ba 10df | 00e1 c402 | 0000 6690 

  0x000002c4d1a011ec: ;   {runtime_call _new_instance_Java}
  0x000002c4d1a011ec: c5f8 77e8 

  0x000002c4d1a011f0: ; ImmutableOopMap {rbp=Oop [32]=Oop [40]=Oop [48]=Oop [72]=NarrowOop [96]=Oop [104]=Oop [112]=NarrowOop [120]=Oop [128]=Oop [136]=Oop [280]=Oop [288]=Oop }
                      ;*new {reexecute=0 rethrow=0 return_oop=1}
                      ; - java.util.jar.JarVerifier::<init>@111 (line 112)
                      ; - java.util.jar.JarFile::getManifestFromReference@78 (line 422)
                      ; - java.util.jar.JarFile::getManifest@1 (line 406)
                      ; - java.util.jar.JarFile::maybeInstantiateVerifier@31 (line 725)
                      ; - java.util.jar.JarFile::ensureInitialization@1 (line 1031)
                      ; - java.util.jar.JavaUtilJarAccessImpl::ensureInitialization@1 (line 72)
                      ; - jdk.internal.loader.URLClassPath$JarLoader$2::getManifest@10 (line 885)
                      ; - java.net.URLClassLoader::defineClass@34 (line 491)
                      ; - java.net.URLClassLoader$1::run@43 (line 427)
                      ; - java.net.URLClassLoader$1::run@1 (line 421)
                      ; - java.security.AccessController::executePrivileged@29 (line 807)
                      ; - java.security.AccessController::doPrivileged@13 (line 712)
                      ; - java.net.URLClassLoader::findClass@13 (line 420)
                      ; - org.gradle.internal.classloader.VisitableURLClassLoader$InstrumentingVisitableURLClassLoader::findClass@10 (line 189)
  0x000002c4d1a011f0: 0cef 4bff | e92f d5ff | ff49 8be8 

  0x000002c4d1a011fc: ;   {metadata('java/io/ByteArrayOutputStream')}
  0x000002c4d1a011fc: 48ba e801 | 19e1 c402 | 0000 6690 

  0x000002c4d1a01208: ;   {runtime_call _new_instance_Java}
  0x000002c4d1a01208: c5f8 77e8 

  0x000002c4d1a0120c: ; ImmutableOopMap {rbp=Oop [32]=Oop [40]=Oop [48]=Oop [72]=NarrowOop [96]=Oop [104]=Oop [112]=NarrowOop [120]=Oop [128]=Oop [136]=Oop [280]=Oop [288]=Oop }
                      ;*new {reexecute=0 rethrow=0 return_oop=1}
                      ; - java.util.jar.JarVerifier::<init>@122 (line 113)
                      ; - java.util.jar.JarFile::getManifestFromReference@78 (line 422)
                      ; - java.util.jar.JarFile::getManifest@1 (line 406)
                      ; - java.util.jar.JarFile::maybeInstantiateVerifier@31 (line 725)
                      ; - java.util.jar.JarFile::ensureInitialization@1 (line 1031)
                      ; - java.util.jar.JavaUtilJarAccessImpl::ensureInitialization@1 (line 72)
                      ; - jdk.internal.loader.URLClassPath$JarLoader$2::getManifest@10 (line 885)
                      ; - java.net.URLClassLoader::defineClass@34 (line 491)
                      ; - java.net.URLClassLoader$1::run@43 (line 427)
                      ; - java.net.URLClassLoader$1::run@1 (line 421)
                      ; - java.security.AccessController::executePrivileged@29 (line 807)
                      ; - java.security.AccessController::doPrivileged@13 (line 712)
                      ; - java.net.URLClassLoader::findClass@13 (line 420)
                      ; - org.gradle.internal.classloader.VisitableURLClassLoader$InstrumentingVisitableURLClassLoader::findClass@10 (line 189)
  0x000002c4d1a0120c: f0ee 4bff | e9fd d5ff 

  0x000002c4d1a01214: ;   {metadata({type array byte})}
  0x000002c4d1a01214: ff48 ba28 | 6700 e1c4 | 0200 0041 | b820 0000 | 0066 6690 

  0x000002c4d1a01228: ;   {runtime_call _new_array_Java}
  0x000002c4d1a01228: c5f8 77e8 

  0x000002c4d1a0122c: ; ImmutableOopMap {rbp=Oop [32]=Oop [40]=Oop [48]=Oop [72]=NarrowOop [80]=Oop [96]=Oop [104]=Oop [112]=NarrowOop [120]=Oop [128]=Oop [136]=Oop [280]=Oop [288]=Oop }
                      ;*newarray {reexecute=0 rethrow=0 return_oop=1}
                      ; - java.io.ByteArrayOutputStream::<init>@37 (line 81)
                      ; - java.io.ByteArrayOutputStream::<init>@3 (line 66)
                      ; - java.util.jar.JarVerifier::<init>@126 (line 113)
                      ; - java.util.jar.JarFile::getManifestFromReference@78 (line 422)
                      ; - java.util.jar.JarFile::getManifest@1 (line 406)
                      ; - java.util.jar.JarFile::maybeInstantiateVerifier@31 (line 725)
                      ; - java.util.jar.JarFile::ensureInitialization@1 (line 1031)
                      ; - java.util.jar.JavaUtilJarAccessImpl::ensureInitialization@1 (line 72)
                      ; - jdk.internal.loader.URLClassPath$JarLoader$2::getManifest@10 (line 885)
                      ; - java.net.URLClassLoader::defineClass@34 (line 491)
                      ; - java.net.URLClassLoader$1::run@43 (line 427)
                      ; - java.net.URLClassLoader$1::run@1 (line 421)
                      ; - java.security.AccessController::executePrivileged@29 (line 807)
                      ; - java.security.AccessController::doPrivileged@13 (line 712)
                      ; - java.net.URLClassLoader::findClass@13 (line 420)
                      ; - org.gradle.internal.classloader.VisitableURLClassLoader$InstrumentingVisitableURLClassLoader::findClass@10 (line 189)
  0x000002c4d1a0122c: d0f1 4bff | 4c8b c0e9 | 59d6 ffff | 4c89 4424 

  0x000002c4d1a0123c: ;   {metadata('java/util/ArrayList')}
  0x000002c4d1a0123c: 5048 ba10 | df00 e1c4 | 0200 0090 

  0x000002c4d1a01248: ;   {runtime_call _new_instance_Java}
  0x000002c4d1a01248: c5f8 77e8 

  0x000002c4d1a0124c: ; ImmutableOopMap {[32]=Oop [40]=Oop [48]=Oop [72]=NarrowOop [80]=Oop [96]=Oop [104]=Oop [112]=NarrowOop [120]=Oop [128]=Oop [136]=Oop [280]=Oop [288]=Oop }
                      ;*new {reexecute=0 rethrow=0 return_oop=1}
                      ; - java.util.jar.JarVerifier::<init>@133 (line 114)
                      ; - java.util.jar.JarFile::getManifestFromReference@78 (line 422)
                      ; - java.util.jar.JarFile::getManifest@1 (line 406)
                      ; - java.util.jar.JarFile::maybeInstantiateVerifier@31 (line 725)
                      ; - java.util.jar.JarFile::ensureInitialization@1 (line 1031)
                      ; - java.util.jar.JavaUtilJarAccessImpl::ensureInitialization@1 (line 72)
                      ; - jdk.internal.loader.URLClassPath$JarLoader$2::getManifest@10 (line 885)
                      ; - java.net.URLClassLoader::defineClass@34 (line 491)
                      ; - java.net.URLClassLoader$1::run@43 (line 427)
                      ; - java.net.URLClassLoader$1::run@1 (line 421)
                      ; - java.security.AccessController::executePrivileged@29 (line 807)
                      ; - java.security.AccessController::doPrivileged@13 (line 712)
                      ; - java.net.URLClassLoader::findClass@13 (line 420)
                      ; - org.gradle.internal.classloader.VisitableURLClassLoader$InstrumentingVisitableURLClassLoader::findClass@10 (line 189)
  0x000002c4d1a0124c: b0ee 4bff | e90b d7ff 

  0x000002c4d1a01254: ;   {metadata('java/io/ByteArrayInputStream')}
  0x000002c4d1a01254: ff48 bac0 | a201 e1c4 | 0200 0090 

  0x000002c4d1a01260: ;   {runtime_call _new_instance_Java}
  0x000002c4d1a01260: c5f8 77e8 

  0x000002c4d1a01264: ; ImmutableOopMap {rbp=Oop [32]=Oop [40]=Oop [48]=Oop [72]=NarrowOop [80]=Oop [96]=Oop [104]=Oop [112]=NarrowOop [116]=NarrowOop [120]=Oop [128]=Oop [136]=Oop [280]=Oop [288]=Oop }
                      ;*new {reexecute=0 rethrow=0 return_oop=1}
                      ; - java.util.jar.JarFile::getManifestFromReference@109 (line 430)
                      ; - java.util.jar.JarFile::getManifest@1 (line 406)
                      ; - java.util.jar.JarFile::maybeInstantiateVerifier@31 (line 725)
                      ; - java.util.jar.JarFile::ensureInitialization@1 (line 1031)
                      ; - java.util.jar.JavaUtilJarAccessImpl::ensureInitialization@1 (line 72)
                      ; - jdk.internal.loader.URLClassPath$JarLoader$2::getManifest@10 (line 885)
                      ; - java.net.URLClassLoader::defineClass@34 (line 491)
                      ; - java.net.URLClassLoader$1::run@43 (line 427)
                      ; - java.net.URLClassLoader$1::run@1 (line 421)
                      ; - java.security.AccessController::executePrivileged@29 (line 807)
                      ; - java.security.AccessController::doPrivileged@13 (line 712)
                      ; - java.net.URLClassLoader::findClass@13 (line 420)
                      ; - org.gradle.internal.classloader.VisitableURLClassLoader$InstrumentingVisitableURLClassLoader::findClass@10 (line 189)
  0x000002c4d1a01264: 98ee 4bff | e933 d9ff 

  0x000002c4d1a0126c: ;   {metadata('java/util/HashMap')}
  0x000002c4d1a0126c: ff48 ba20 | 360b e1c4 | 0200 0090 

  0x000002c4d1a01278: ;   {runtime_call _new_instance_Java}
  0x000002c4d1a01278: c5f8 77e8 

  0x000002c4d1a0127c: ; ImmutableOopMap {rbp=NarrowOop [32]=Oop [40]=Oop [48]=Oop [72]=NarrowOop [80]=Oop [96]=Oop [104]=Oop [112]=NarrowOop [120]=Oop [128]=Oop [136]=Oop [280]=Oop [288]=Oop }
                      ;*new {reexecute=0 rethrow=0 return_oop=1}
                      ; - java.util.jar.JarVerifier::<init>@144 (line 115)
                      ; - java.util.jar.JarFile::getManifestFromReference@78 (line 422)
                      ; - java.util.jar.JarFile::getManifest@1 (line 406)
                      ; - java.util.jar.JarFile::maybeInstantiateVerifier@31 (line 725)
                      ; - java.util.jar.JarFile::ensureInitialization@1 (line 1031)
                      ; - java.util.jar.JavaUtilJarAccessImpl::ensureInitialization@1 (line 72)
                      ; - jdk.internal.loader.URLClassPath$JarLoader$2::getManifest@10 (line 885)
                      ; - java.net.URLClassLoader::defineClass@34 (line 491)
                      ; - java.net.URLClassLoader$1::run@43 (line 427)
                      ; - java.net.URLClassLoader$1::run@1 (line 421)
                      ; - java.security.AccessController::executePrivileged@29 (line 807)
                      ; - java.security.AccessController::doPrivileged@13 (line 712)
                      ; - java.net.URLClassLoader::findClass@13 (line 420)
                      ; - org.gradle.internal.classloader.VisitableURLClassLoader$InstrumentingVisitableURLClassLoader::findClass@10 (line 189)
  0x000002c4d1a0127c: 80ee 4bff | 4c8b d0e9 | e0d7 ffff | 4489 5c24 | 484c 8944 | 2428 4c89 | 8c24 9000 

  0x000002c4d1a01298: ;   {metadata('java/util/LinkedHashMap')}
  0x000002c4d1a01298: 0000 48ba | 203a 0be1 | c402 0000 

  0x000002c4d1a012a4: ;   {runtime_call _new_instance_Java}
  0x000002c4d1a012a4: c5f8 77e8 

  0x000002c4d1a012a8: ; ImmutableOopMap {rbp=Oop [32]=Oop [40]=Oop [48]=Oop [72]=NarrowOop [80]=Oop [96]=Oop [104]=Oop [112]=NarrowOop [116]=NarrowOop [120]=Oop [128]=Oop [136]=Oop [144]=Oop [280]=Oop [288]=Oop }
                      ;*new {reexecute=0 rethrow=0 return_oop=1}
                      ; - java.util.jar.Attributes::<init>@5 (line 82)
                      ; - java.util.jar.Attributes::<init>@3 (line 72)
                      ; - java.util.jar.Manifest::<init>@9 (line 54)
                      ; - java.util.jar.JarFile::getManifestFromReference@121 (line 430)
                      ; - java.util.jar.JarFile::getManifest@1 (line 406)
                      ; - java.util.jar.JarFile::maybeInstantiateVerifier@31 (line 725)
                      ; - java.util.jar.JarFile::ensureInitialization@1 (line 1031)
                      ; - java.util.jar.JavaUtilJarAccessImpl::ensureInitialization@1 (line 72)
                      ; - jdk.internal.loader.URLClassPath$JarLoader$2::getManifest@10 (line 885)
                      ; - java.net.URLClassLoader::defineClass@34 (line 491)
                      ; - java.net.URLClassLoader$1::run@43 (line 427)
                      ; - java.net.URLClassLoader$1::run@1 (line 421)
                      ; - java.security.AccessController::executePrivileged@29 (line 807)
                      ; - java.security.AccessController::doPrivileged@13 (line 712)
                      ; - java.net.URLClassLoader::findClass@13 (line 420)
                      ; - org.gradle.internal.classloader.VisitableURLClassLoader$InstrumentingVisitableURLClassLoader::findClass@10 (line 189)
  0x000002c4d1a012a8: 54ee 4bff | e9ac d9ff | ff49 8be8 

  0x000002c4d1a012b4: ;   {metadata('java/util/jar/Manifest')}
  0x000002c4d1a012b4: 48ba 009c | 06e1 c402 | 0000 6690 

  0x000002c4d1a012c0: ;   {runtime_call _new_instance_Java}
  0x000002c4d1a012c0: c5f8 77e8 

  0x000002c4d1a012c4: ; ImmutableOopMap {rbp=Oop [32]=Oop [40]=Oop [48]=Oop [72]=NarrowOop [96]=Oop [104]=Oop [112]=NarrowOop [120]=Oop [128]=Oop [280]=Oop [288]=Oop }
                      ;*new {reexecute=0 rethrow=0 return_oop=1}
                      ; - java.util.jar.JarFile::getManifestFromReference@101 (line 430)
                      ; - java.util.jar.JarFile::getManifest@1 (line 406)
                      ; - java.util.jar.JarFile::maybeInstantiateVerifier@31 (line 725)
                      ; - java.util.jar.JarFile::ensureInitialization@1 (line 1031)
                      ; - java.util.jar.JavaUtilJarAccessImpl::ensureInitialization@1 (line 72)
                      ; - jdk.internal.loader.URLClassPath$JarLoader$2::getManifest@10 (line 885)
                      ; - java.net.URLClassLoader::defineClass@34 (line 491)
                      ; - java.net.URLClassLoader$1::run@43 (line 427)
                      ; - java.net.URLClassLoader$1::run@1 (line 421)
                      ; - java.security.AccessController::executePrivileged@29 (line 807)
                      ; - java.security.AccessController::doPrivileged@13 (line 712)
                      ; - java.net.URLClassLoader::findClass@13 (line 420)
                      ; - org.gradle.internal.classloader.VisitableURLClassLoader$InstrumentingVisitableURLClassLoader::findClass@10 (line 189)
  0x000002c4d1a012c4: 38ee 4bff | e976 d8ff | ff44 895c | 2448 4c89 

  0x000002c4d1a012d4: ;   {metadata('java/util/jar/Attributes')}
  0x000002c4d1a012d4: 4424 2848 | baf8 4c18 | e1c4 0200 | 0066 6690 

  0x000002c4d1a012e4: ;   {runtime_call _new_instance_Java}
  0x000002c4d1a012e4: c5f8 77e8 

  0x000002c4d1a012e8: ; ImmutableOopMap {rbp=Oop [32]=Oop [40]=Oop [48]=Oop [72]=NarrowOop [80]=Oop [96]=Oop [104]=Oop [112]=NarrowOop [116]=NarrowOop [120]=Oop [128]=Oop [136]=Oop [280]=Oop [288]=Oop }
                      ;*new {reexecute=0 rethrow=0 return_oop=1}
                      ; - java.util.jar.Manifest::<init>@5 (line 54)
                      ; - java.util.jar.JarFile::getManifestFromReference@121 (line 430)
                      ; - java.util.jar.JarFile::getManifest@1 (line 406)
                      ; - java.util.jar.JarFile::maybeInstantiateVerifier@31 (line 725)
                      ; - java.util.jar.JarFile::ensureInitialization@1 (line 1031)
                      ; - java.util.jar.JavaUtilJarAccessImpl::ensureInitialization@1 (line 72)
                      ; - jdk.internal.loader.URLClassPath$JarLoader$2::getManifest@10 (line 885)
                      ; - java.net.URLClassLoader::defineClass@34 (line 491)
                      ; - java.net.URLClassLoader$1::run@43 (line 427)
                      ; - java.net.URLClassLoader$1::run@1 (line 421)
                      ; - java.security.AccessController::executePrivileged@29 (line 807)
                      ; - java.security.AccessController::doPrivileged@13 (line 712)
                      ; - java.net.URLClassLoader::findClass@13 (line 420)
                      ; - org.gradle.internal.classloader.VisitableURLClassLoader$InstrumentingVisitableURLClassLoader::findClass@10 (line 189)
  0x000002c4d1a012e8: 14ee 4bff | 4c8b cd4c | 8b44 2428 | 448b 5c24 | 48e9 fad8 | ffff 498b 

  0x000002c4d1a01300: ;   {metadata('java/util/HashMap')}
  0x000002c4d1a01300: e848 ba20 | 360b e1c4 | 0200 0090 

  0x000002c4d1a0130c: ;   {runtime_call _new_instance_Java}
  0x000002c4d1a0130c: c5f8 77e8 

  0x000002c4d1a01310: ; ImmutableOopMap {rbp=Oop [32]=Oop [40]=Oop [48]=Oop [72]=NarrowOop [96]=Oop [104]=Oop [112]=NarrowOop [116]=NarrowOop [120]=Oop [128]=Oop [136]=Oop [144]=Oop [152]=Oop [280]=Oop [288]=Oop }
                      ;*new {reexecute=0 rethrow=0 return_oop=1}
                      ; - java.util.jar.Manifest::<init>@16 (line 57)
                      ; - java.util.jar.JarFile::getManifestFromReference@121 (line 430)
                      ; - java.util.jar.JarFile::getManifest@1 (line 406)
                      ; - java.util.jar.JarFile::maybeInstantiateVerifier@31 (line 725)
                      ; - java.util.jar.JarFile::ensureInitialization@1 (line 1031)
                      ; - java.util.jar.JavaUtilJarAccessImpl::ensureInitialization@1 (line 72)
                      ; - jdk.internal.loader.URLClassPath$JarLoader$2::getManifest@10 (line 885)
                      ; - java.net.URLClassLoader::defineClass@34 (line 491)
                      ; - java.net.URLClassLoader$1::run@43 (line 427)
                      ; - java.net.URLClassLoader$1::run@1 (line 421)
                      ; - java.security.AccessController::executePrivileged@29 (line 807)
                      ; - java.security.AccessController::doPrivileged@13 (line 712)
                      ; - java.net.URLClassLoader::findClass@13 (line 420)
                      ; - org.gradle.internal.classloader.VisitableURLClassLoader$InstrumentingVisitableURLClassLoader::findClass@10 (line 189)
  0x000002c4d1a01310: eced 4bff | 4c8b c548 | 8bd8 e942 | daff ff44 | 895c 2448 | 4489 4c24 | 2c89 4c24 | 2848 8beb 
  0x000002c4d1a01330: ;   {metadata('java/util/zip/ZipFile$ZipFileInputStream')}
  0x000002c4d1a01330: 48ba 00e2 | 26e1 c402 | 0000 6690 

  0x000002c4d1a0133c: ;   {runtime_call _new_instance_Java}
  0x000002c4d1a0133c: c5f8 77e8 

  0x000002c4d1a01340: ; ImmutableOopMap {rbp=Oop [32]=Oop [40]=NarrowOop [44]=NarrowOop [48]=Oop [96]=Oop [104]=Oop [112]=NarrowOop [120]=Oop [128]=Oop [280]=Oop [288]=Oop }
                      ;*new {reexecute=0 rethrow=0 return_oop=1}
                      ; - java.util.zip.ZipFile::getInputStream@77 (line 377)
                      ; - java.util.jar.JarFile::getManifestFromReference@130 (line 432)
                      ; - java.util.jar.JarFile::getManifest@1 (line 406)
                      ; - java.util.jar.JarFile::maybeInstantiateVerifier@31 (line 725)
                      ; - java.util.jar.JarFile::ensureInitialization@1 (line 1031)
                      ; - java.util.jar.JavaUtilJarAccessImpl::ensureInitialization@1 (line 72)
                      ; - jdk.internal.loader.URLClassPath$JarLoader$2::getManifest@10 (line 885)
                      ; - java.net.URLClassLoader::defineClass@34 (line 491)
                      ; - java.net.URLClassLoader$1::run@43 (line 427)
                      ; - java.net.URLClassLoader$1::run@1 (line 421)
                      ; - java.security.AccessController::executePrivileged@29 (line 807)
                      ; - java.security.AccessController::doPrivileged@13 (line 712)
                      ; - java.net.URLClassLoader::findClass@13 (line 420)
                      ; - org.gradle.internal.classloader.VisitableURLClassLoader$InstrumentingVisitableURLClassLoader::findClass@10 (line 189)
  0x000002c4d1a01340: bced 4bff | 488b dd8b | 4c24 2844 | 8b4c 242c | 448b 5c24 | 48e9 3dc2 | ffff 4c89 | 5c24 284c 
  0x000002c4d1a01360: 8984 2490 

  0x000002c4d1a01364: ;   {metadata('java/util/jar/Attributes')}
  0x000002c4d1a01364: 0000 0048 | baf8 4c18 | e1c4 0200 | 0066 6690 

  0x000002c4d1a01374: ;   {runtime_call _new_instance_Java}
  0x000002c4d1a01374: c5f8 77e8 

  0x000002c4d1a01378: ; ImmutableOopMap {rbp=NarrowOop [32]=Oop [40]=Oop [48]=Oop [96]=Oop [104]=Oop [112]=NarrowOop [120]=Oop [128]=Oop [144]=Oop [248]=Oop [280]=Oop [288]=Oop }
                      ;*new {reexecute=0 rethrow=0 return_oop=1}
                      ; - java.util.jar.Manifest::<init>@5 (line 54)
                      ; - java.util.jar.Manifest::<init>@4 (line 87)
                      ; - java.util.jar.JarFile::getManifestFromReference@143 (line 433)
                      ; - java.util.jar.JarFile::getManifest@1 (line 406)
                      ; - java.util.jar.JarFile::maybeInstantiateVerifier@31 (line 725)
                      ; - java.util.jar.JarFile::ensureInitialization@1 (line 1031)
                      ; - java.util.jar.JavaUtilJarAccessImpl::ensureInitialization@1 (line 72)
                      ; - jdk.internal.loader.URLClassPath$JarLoader$2::getManifest@10 (line 885)
                      ; - java.net.URLClassLoader::defineClass@34 (line 491)
                      ; - java.net.URLClassLoader$1::run@43 (line 427)
                      ; - java.net.URLClassLoader$1::run@1 (line 421)
                      ; - java.security.AccessController::executePrivileged@29 (line 807)
                      ; - java.security.AccessController::doPrivileged@13 (line 712)
                      ; - java.net.URLClassLoader::findClass@13 (line 420)
                      ; - org.gradle.internal.classloader.VisitableURLClassLoader$InstrumentingVisitableURLClassLoader::findClass@10 (line 189)
  0x000002c4d1a01378: 84ed 4bff | e93f c7ff 

  0x000002c4d1a01380: ;   {metadata('java/util/jar/Manifest')}
  0x000002c4d1a01380: ff48 ba00 | 9c06 e1c4 | 0200 0090 

  0x000002c4d1a0138c: ;   {runtime_call _new_instance_Java}
  0x000002c4d1a0138c: c5f8 77e8 

  0x000002c4d1a01390: ; ImmutableOopMap {[32]=Oop [48]=Oop [96]=Oop [104]=Oop [112]=NarrowOop [120]=Oop [128]=Oop [136]=Oop [248]=Oop [280]=Oop [288]=Oop }
                      ;*new {reexecute=0 rethrow=0 return_oop=1}
                      ; - java.util.jar.JarFile::getManifestFromReference@134 (line 433)
                      ; - java.util.jar.JarFile::getManifest@1 (line 406)
                      ; - java.util.jar.JarFile::maybeInstantiateVerifier@31 (line 725)
                      ; - java.util.jar.JarFile::ensureInitialization@1 (line 1031)
                      ; - java.util.jar.JavaUtilJarAccessImpl::ensureInitialization@1 (line 72)
                      ; - jdk.internal.loader.URLClassPath$JarLoader$2::getManifest@10 (line 885)
                      ; - java.net.URLClassLoader::defineClass@34 (line 491)
                      ; - java.net.URLClassLoader$1::run@43 (line 427)
                      ; - java.net.URLClassLoader$1::run@1 (line 421)
                      ; - java.security.AccessController::executePrivileged@29 (line 807)
                      ; - java.security.AccessController::doPrivileged@13 (line 712)
                      ; - java.net.URLClassLoader::findClass@13 (line 420)
                      ; - org.gradle.internal.classloader.VisitableURLClassLoader$InstrumentingVisitableURLClassLoader::findClass@10 (line 189)
  0x000002c4d1a01390: 6ced 4bff | e9cf c6ff 

  0x000002c4d1a01398: ;   {metadata('java/util/LinkedHashMap')}
  0x000002c4d1a01398: ff48 ba20 | 3a0b e1c4 | 0200 0090 

  0x000002c4d1a013a4: ;   {runtime_call _new_instance_Java}
  0x000002c4d1a013a4: c5f8 77e8 

  0x000002c4d1a013a8: ; ImmutableOopMap {rbp=NarrowOop [32]=Oop [40]=Oop [48]=Oop [72]=Oop [96]=Oop [104]=Oop [112]=NarrowOop [120]=Oop [128]=Oop [144]=Oop [248]=Oop [280]=Oop [288]=Oop }
                      ;*new {reexecute=0 rethrow=0 return_oop=1}
                      ; - java.util.jar.Attributes::<init>@5 (line 82)
                      ; - java.util.jar.Attributes::<init>@3 (line 72)
                      ; - java.util.jar.Manifest::<init>@9 (line 54)
                      ; - java.util.jar.Manifest::<init>@4 (line 87)
                      ; - java.util.jar.JarFile::getManifestFromReference@143 (line 433)
                      ; - java.util.jar.JarFile::getManifest@1 (line 406)
                      ; - java.util.jar.JarFile::maybeInstantiateVerifier@31 (line 725)
                      ; - java.util.jar.JarFile::ensureInitialization@1 (line 1031)
                      ; - java.util.jar.JavaUtilJarAccessImpl::ensureInitialization@1 (line 72)
                      ; - jdk.internal.loader.URLClassPath$JarLoader$2::getManifest@10 (line 885)
                      ; - java.net.URLClassLoader::defineClass@34 (line 491)
                      ; - java.net.URLClassLoader$1::run@43 (line 427)
                      ; - java.net.URLClassLoader$1::run@1 (line 421)
                      ; - java.security.AccessController::executePrivileged@29 (line 807)
                      ; - java.security.AccessController::doPrivileged@13 (line 712)
                      ; - java.net.URLClassLoader::findClass@13 (line 420)
                      ; - org.gradle.internal.classloader.VisitableURLClassLoader$InstrumentingVisitableURLClassLoader::findClass@10 (line 189)
  0x000002c4d1a013a8: 54ed 4bff | e973 c7ff | ff4c 8944 

  0x000002c4d1a013b4: ;   {metadata('java/util/HashMap')}
  0x000002c4d1a013b4: 2428 48ba | 2036 0be1 | c402 0000 

  0x000002c4d1a013c0: ;   {runtime_call _new_instance_Java}
  0x000002c4d1a013c0: c5f8 77e8 

  0x000002c4d1a013c4: ; ImmutableOopMap {rbp=NarrowOop [32]=Oop [40]=Oop [48]=Oop [96]=Oop [104]=Oop [112]=NarrowOop [120]=Oop [128]=Oop [144]=Oop [248]=Oop [280]=Oop [288]=Oop }
                      ;*new {reexecute=0 rethrow=0 return_oop=1}
                      ; - java.util.jar.Manifest::<init>@16 (line 57)
                      ; - java.util.jar.Manifest::<init>@4 (line 87)
                      ; - java.util.jar.JarFile::getManifestFromReference@143 (line 433)
                      ; - java.util.jar.JarFile::getManifest@1 (line 406)
                      ; - java.util.jar.JarFile::maybeInstantiateVerifier@31 (line 725)
                      ; - java.util.jar.JarFile::ensureInitialization@1 (line 1031)
                      ; - java.util.jar.JavaUtilJarAccessImpl::ensureInitialization@1 (line 72)
                      ; - jdk.internal.loader.URLClassPath$JarLoader$2::getManifest@10 (line 885)
                      ; - java.net.URLClassLoader::defineClass@34 (line 491)
                      ; - java.net.URLClassLoader$1::run@43 (line 427)
                      ; - java.net.URLClassLoader$1::run@1 (line 421)
                      ; - java.security.AccessController::executePrivileged@29 (line 807)
                      ; - java.security.AccessController::doPrivileged@13 (line 712)
                      ; - java.net.URLClassLoader::findClass@13 (line 420)
                      ; - org.gradle.internal.classloader.VisitableURLClassLoader$InstrumentingVisitableURLClassLoader::findClass@10 (line 189)
  0x000002c4d1a013c4: 38ed 4bff | e94c c8ff 

  0x000002c4d1a013cc: ;   {metadata('java/util/zip/ZipFile$ZipFileInflaterInputStream')}
  0x000002c4d1a013cc: ff48 bae8 | 911b e1c4 | 0200 0090 

  0x000002c4d1a013d8: ;   {runtime_call _new_instance_Java}
  0x000002c4d1a013d8: c5f8 77e8 

  0x000002c4d1a013dc: ; ImmutableOopMap {[32]=Oop [48]=Oop [96]=Oop [104]=Oop [112]=NarrowOop [120]=Oop [128]=Oop [136]=Oop [144]=NarrowOop [152]=Oop [280]=Oop [288]=Oop }
                      ;*new {reexecute=0 rethrow=0 return_oop=1}
                      ; - java.util.zip.ZipFile::getInputStream@203 (line 394)
                      ; - java.util.jar.JarFile::getManifestFromReference@130 (line 432)
                      ; - java.util.jar.JarFile::getManifest@1 (line 406)
                      ; - java.util.jar.JarFile::maybeInstantiateVerifier@31 (line 725)
                      ; - java.util.jar.JarFile::ensureInitialization@1 (line 1031)
                      ; - java.util.jar.JavaUtilJarAccessImpl::ensureInitialization@1 (line 72)
                      ; - jdk.internal.loader.URLClassPath$JarLoader$2::getManifest@10 (line 885)
                      ; - java.net.URLClassLoader::defineClass@34 (line 491)
                      ; - java.net.URLClassLoader$1::run@43 (line 427)
                      ; - java.net.URLClassLoader$1::run@1 (line 421)
                      ; - java.security.AccessController::executePrivileged@29 (line 807)
                      ; - java.security.AccessController::doPrivileged@13 (line 712)
                      ; - java.net.URLClassLoader::findClass@13 (line 420)
                      ; - org.gradle.internal.classloader.VisitableURLClassLoader$InstrumentingVisitableURLClassLoader::findClass@10 (line 189)
  0x000002c4d1a013dc: 20ed 4bff | e9a0 c4ff | ff41 8beb | 4489 5424 

  0x000002c4d1a013ec: ;   {metadata({type array byte})}
  0x000002c4d1a013ec: 7448 ba28 | 6700 e1c4 | 0200 0045 | 8bc3 6690 

  0x000002c4d1a013fc: ;   {runtime_call _new_array_Java}
  0x000002c4d1a013fc: c5f8 77e8 

  0x000002c4d1a01400: ; ImmutableOopMap {[32]=Oop [40]=Oop [48]=Oop [96]=Oop [104]=Oop [112]=NarrowOop [116]=NarrowOop [120]=Oop [128]=Oop [136]=Oop [144]=Oop [280]=Oop [288]=Oop }
                      ;*newarray {reexecute=0 rethrow=0 return_oop=1}
                      ; - java.util.jar.JarFile::getBytes@99 (line 816)
                      ; - java.util.jar.JarFile::getManifestFromReference@44 (line 419)
                      ; - java.util.jar.JarFile::getManifest@1 (line 406)
                      ; - java.util.jar.JarFile::maybeInstantiateVerifier@31 (line 725)
                      ; - java.util.jar.JarFile::ensureInitialization@1 (line 1031)
                      ; - java.util.jar.JavaUtilJarAccessImpl::ensureInitialization@1 (line 72)
                      ; - jdk.internal.loader.URLClassPath$JarLoader$2::getManifest@10 (line 885)
                      ; - java.net.URLClassLoader::defineClass@34 (line 491)
                      ; - java.net.URLClassLoader$1::run@43 (line 427)
                      ; - java.net.URLClassLoader$1::run@1 (line 421)
                      ; - java.security.AccessController::executePrivileged@29 (line 807)
                      ; - java.security.AccessController::doPrivileged@13 (line 712)
                      ; - java.net.URLClassLoader::findClass@13 (line 420)
                      ; - org.gradle.internal.classloader.VisitableURLClassLoader$InstrumentingVisitableURLClassLoader::findClass@10 (line 189)
  0x000002c4d1a01400: fcef 4bff | 488b d8e9 | 25ca ffff | 4533 c044 | 8994 2490 | 0000 0044 | 8984 2400 | 0100 0048 
  0x000002c4d1a01420: 894c 2428 | 4889 5c24 | 48e9 4abf | ffff ba66 | ffff ff48 | 8bac 2480 | 0000 004c | 8b54 2430 
  0x000002c4d1a01440: 4c89 5424 | 284c 8b54 | 2460 4c89 | 5424 304c | 8b54 2478 | 4c89 5424 | 404c 8b54 | 2458 4c89 
  0x000002c4d1a01460: 5424 484c | 8b54 2478 | 4c89 5424 | 5066 6690 

  0x000002c4d1a01470: ;   {runtime_call UncommonTrapBlob}
  0x000002c4d1a01470: c5f8 77e8 

  0x000002c4d1a01474: ; ImmutableOopMap {rbp=Oop [40]=Oop [48]=Oop [64]=Oop [80]=Oop [104]=Oop [112]=NarrowOop [280]=Oop [288]=Oop }
                      ;*invokevirtual getManifest {reexecute=0 rethrow=0 return_oop=0}
                      ; - java.util.jar.JarFile::maybeInstantiateVerifier@31 (line 725)
                      ; - java.util.jar.JarFile::ensureInitialization@1 (line 1031)
                      ; - java.util.jar.JavaUtilJarAccessImpl::ensureInitialization@1 (line 72)
                      ; - jdk.internal.loader.URLClassPath$JarLoader$2::getManifest@10 (line 885)
                      ; - java.net.URLClassLoader::defineClass@34 (line 491)
                      ; - java.net.URLClassLoader$1::run@43 (line 427)
                      ; - java.net.URLClassLoader$1::run@1 (line 421)
                      ; - java.security.AccessController::executePrivileged@29 (line 807)
                      ; - java.security.AccessController::doPrivileged@13 (line 712)
                      ; - java.net.URLClassLoader::findClass@13 (line 420)
                      ; - org.gradle.internal.classloader.VisitableURLClassLoader$InstrumentingVisitableURLClassLoader::findClass@10 (line 189)
  0x000002c4d1a01474: 8854 41ff | 448b 8c24 | 9400 0000 | 41c6 4111 | 0145 33db | 4489 9c24 | 0001 0000 | e9e3 beff 
  0x000002c4d1a01494: ff41 8bf0 | 498b d7c5 | f877 49ba | 106a abce | fb7f 0000 | 41ff d244 | 8bc6 e9d6 | b7ff ff49 
  0x000002c4d1a014b4: 8beb 4c8b | 8424 9800 

  0x000002c4d1a014bc: ;   {oop(a 'java/lang/Boolean'{0x000000008059bb08} = true)}
  0x000002c4d1a014bc: 0000 49b9 | 08bb 5980 | 0000 0000 | 6690 c5f8 | 7748 b8ff | ffff ffff 

  0x000002c4d1a014d4: ;   {virtual_call}
  0x000002c4d1a014d4: ffff ffe8 

  0x000002c4d1a014d8: ; ImmutableOopMap {rbp=Oop [32]=Oop [48]=Oop [96]=Oop [104]=Oop [112]=NarrowOop [120]=Oop [128]=Oop [136]=Oop [152]=Oop [280]=Oop [288]=Oop }
                      ;*invokeinterface put {reexecute=0 rethrow=0 return_oop=1}
                      ; - java.util.Collections$SetFromMap::add@8 (line 5686)
                      ; - java.util.zip.ZipFile::getInputStream@137 (line 381)
                      ; - java.util.jar.JarFile::getManifestFromReference@130 (line 432)
                      ; - java.util.jar.JarFile::getManifest@1 (line 406)
                      ; - java.util.jar.JarFile::maybeInstantiateVerifier@31 (line 725)
                      ; - java.util.jar.JarFile::ensureInitialization@1 (line 1031)
                      ; - java.util.jar.JavaUtilJarAccessImpl::ensureInitialization@1 (line 72)
                      ; - jdk.internal.loader.URLClassPath$JarLoader$2::getManifest@10 (line 885)
                      ; - java.net.URLClassLoader::defineClass@34 (line 491)
                      ; - java.net.URLClassLoader$1::run@43 (line 427)
                      ; - java.net.URLClassLoader$1::run@1 (line 421)
                      ; - java.security.AccessController::executePrivileged@29 (line 807)
                      ; - java.security.AccessController::doPrivileged@13 (line 712)
                      ; - java.net.URLClassLoader::findClass@13 (line 420)
                      ; - org.gradle.internal.classloader.VisitableURLClassLoader$InstrumentingVisitableURLClassLoader::findClass@10 (line 189)
  0x000002c4d1a014d8: a401 41ff | e947 ebff | ffba 4f00 | 0000 4c8b | 5c24 604c | 895c 2438 | 4c8b 9c24 | 8000 0000 
  0x000002c4d1a014f8: 4c89 5c24 | 404c 8b5c | 2478 4c89 | 5c24 484c | 8b5c 2458 | 4c89 5c24 | 504c 8b5c | 2478 4c89 
  0x000002c4d1a01518: 5c24 584c | 8b9c 2480 | 0000 004c | 895c 2460 | 4489 9424 | a400 0000 

  0x000002c4d1a01530: ;   {runtime_call UncommonTrapBlob}
  0x000002c4d1a01530: c5f8 77e8 

  0x000002c4d1a01534: ; ImmutableOopMap {[48]=Oop [56]=Oop [64]=Oop [72]=Oop [88]=Oop [96]=Oop [104]=Oop [112]=NarrowOop [136]=Oop [144]=Oop [164]=NarrowOop [280]=Oop [288]=Oop }
                      ;*new {reexecute=0 rethrow=0 return_oop=0}
                      ; - java.util.jar.JarFile::getBytes@20 (line 804)
                      ; - java.util.jar.JarFile::getManifestFromReference@44 (line 419)
                      ; - java.util.jar.JarFile::getManifest@1 (line 406)
                      ; - java.util.jar.JarFile::maybeInstantiateVerifier@31 (line 725)
                      ; - java.util.jar.JarFile::ensureInitialization@1 (line 1031)
                      ; - java.util.jar.JavaUtilJarAccessImpl::ensureInitialization@1 (line 72)
                      ; - jdk.internal.loader.URLClassPath$JarLoader$2::getManifest@10 (line 885)
                      ; - java.net.URLClassLoader::defineClass@34 (line 491)
                      ; - java.net.URLClassLoader$1::run@43 (line 427)
                      ; - java.net.URLClassLoader$1::run@1 (line 421)
                      ; - java.security.AccessController::executePrivileged@29 (line 807)
                      ; - java.security.AccessController::doPrivileged@13 (line 712)
                      ; - java.net.URLClassLoader::findClass@13 (line 420)
                      ; - org.gradle.internal.classloader.VisitableURLClassLoader$InstrumentingVisitableURLClassLoader::findClass@10 (line 189)
  0x000002c4d1a01534: c853 41ff | bade ffff | ff48 8bac | 2480 0000 | 004c 8b54 | 2430 4c89 | 5424 284c | 8b54 2460 
  0x000002c4d1a01554: 4c89 5424 | 304c 8b54 | 2478 4c89 | 5424 404c | 8b54 2458 | 4c89 5424 | 484c 8b54 | 2478 4c89 
  0x000002c4d1a01574: 5424 504c | 898c 24a8 | 0000 0044 | 899c 24b0 | 0000 0090 

  0x000002c4d1a01588: ;   {runtime_call UncommonTrapBlob}
  0x000002c4d1a01588: c5f8 77e8 

  0x000002c4d1a0158c: ; ImmutableOopMap {rbp=Oop [40]=Oop [48]=Oop [64]=Oop [80]=Oop [104]=Oop [112]=NarrowOop [136]=Oop [168]=Oop [176]=NarrowOop [216]=Oop [280]=Oop [288]=Oop }
                      ;*invokevirtual getName {reexecute=0 rethrow=0 return_oop=0}
                      ; - java.util.jar.JarFile::getManifestFromReference@74 (line 422)
                      ; - java.util.jar.JarFile::getManifest@1 (line 406)
                      ; - java.util.jar.JarFile::maybeInstantiateVerifier@31 (line 725)
                      ; - java.util.jar.JarFile::ensureInitialization@1 (line 1031)
                      ; - java.util.jar.JavaUtilJarAccessImpl::ensureInitialization@1 (line 72)
                      ; - jdk.internal.loader.URLClassPath$JarLoader$2::getManifest@10 (line 885)
                      ; - java.net.URLClassLoader::defineClass@34 (line 491)
                      ; - java.net.URLClassLoader$1::run@43 (line 427)
                      ; - java.net.URLClassLoader$1::run@1 (line 421)
                      ; - java.security.AccessController::executePrivileged@29 (line 807)
                      ; - java.security.AccessController::doPrivileged@13 (line 712)
                      ; - java.net.URLClassLoader::findClass@13 (line 420)
                      ; - org.gradle.internal.classloader.VisitableURLClassLoader$InstrumentingVisitableURLClassLoader::findClass@10 (line 189)
  0x000002c4d1a0158c: 7053 41ff | ba85 0100 | 0048 8bac | 2480 0000 | 004c 8b5c | 2430 4c89 | 5c24 284c | 8b5c 2460 
  0x000002c4d1a015ac: 4c89 5c24 | 304c 8b5c | 2478 4c89 | 5c24 404c | 8b5c 2458 | 4c89 5c24 | 484c 8b5c | 2478 4c89 
  0x000002c4d1a015cc: 5c24 5044 | 8994 249c | 0000 0044 | 898c 24a0 | 0000 0090 

  0x000002c4d1a015e0: ;   {runtime_call UncommonTrapBlob}
  0x000002c4d1a015e0: c5f8 77e8 

  0x000002c4d1a015e4: ; ImmutableOopMap {rbp=Oop [40]=Oop [48]=Oop [64]=Oop [80]=Oop [104]=Oop [112]=NarrowOop [116]=NarrowOop [136]=Oop [144]=Oop [280]=Oop [288]=Oop }
                      ;*new {reexecute=0 rethrow=0 return_oop=0}
                      ; - java.util.jar.JarFile::getBytes@141 (line 823)
                      ; - java.util.jar.JarFile::getManifestFromReference@44 (line 419)
                      ; - java.util.jar.JarFile::getManifest@1 (line 406)
                      ; - java.util.jar.JarFile::maybeInstantiateVerifier@31 (line 725)
                      ; - java.util.jar.JarFile::ensureInitialization@1 (line 1031)
                      ; - java.util.jar.JavaUtilJarAccessImpl::ensureInitialization@1 (line 72)
                      ; - jdk.internal.loader.URLClassPath$JarLoader$2::getManifest@10 (line 885)
                      ; - java.net.URLClassLoader::defineClass@34 (line 491)
                      ; - java.net.URLClassLoader$1::run@43 (line 427)
                      ; - java.net.URLClassLoader$1::run@1 (line 421)
                      ; - java.security.AccessController::executePrivileged@29 (line 807)
                      ; - java.security.AccessController::doPrivileged@13 (line 712)
                      ; - java.net.URLClassLoader::findClass@13 (line 420)
                      ; - org.gradle.internal.classloader.VisitableURLClassLoader$InstrumentingVisitableURLClassLoader::findClass@10 (line 189)
  0x000002c4d1a015e4: 1853 41ff | 498b d7c5 | f877 49ba | 106a abce | fb7f 0000 | 41ff d2e9 | 97d8 ffff | bae4 ffff 
  0x000002c4d1a01604: ff48 8bac | 2480 0000 | 004c 8b54 | 2430 4c89 | 5424 284c | 8b54 2460 | 4c89 5424 | 304c 8b54 
  0x000002c4d1a01624: 2478 4c89 | 5424 404c | 8b54 2458 | 4c89 5424 | 484c 8b54 | 2478 4c89 | 5424 5044 | 899c 24c4 
  0x000002c4d1a01644: 0000 0044 | 8984 24c8 | 0000 0090 

  0x000002c4d1a01650: ;   {runtime_call UncommonTrapBlob}
  0x000002c4d1a01650: c5f8 77e8 

  0x000002c4d1a01654: ; ImmutableOopMap {rbp=Oop [40]=Oop [48]=Oop [64]=Oop [80]=Oop [104]=Oop [112]=NarrowOop [116]=NarrowOop [136]=Oop [144]=NarrowOop [152]=Oop [196]=NarrowOop [280]=Oop [288]=Oop }
                      ;*baload {reexecute=0 rethrow=0 return_oop=0}
                      ; - java.util.zip.ZipUtils::SH@2 (line 203)
                      ; - java.util.zip.ZipUtils::CENHOW@5 (line 267)
                      ; - java.util.zip.ZipFile::getInputStream@98 (line 378)
                      ; - java.util.jar.JarFile::getManifestFromReference@130 (line 432)
                      ; - java.util.jar.JarFile::getManifest@1 (line 406)
                      ; - java.util.jar.JarFile::maybeInstantiateVerifier@31 (line 725)
                      ; - java.util.jar.JarFile::ensureInitialization@1 (line 1031)
                      ; - java.util.jar.JavaUtilJarAccessImpl::ensureInitialization@1 (line 72)
                      ; - jdk.internal.loader.URLClassPath$JarLoader$2::getManifest@10 (line 885)
                      ; - java.net.URLClassLoader::defineClass@34 (line 491)
                      ; - java.net.URLClassLoader$1::run@43 (line 427)
                      ; - java.net.URLClassLoader$1::run@1 (line 421)
                      ; - java.security.AccessController::executePrivileged@29 (line 807)
                      ; - java.security.AccessController::doPrivileged@13 (line 712)
                      ; - java.net.URLClassLoader::findClass@13 (line 420)
                      ; - org.gradle.internal.classloader.VisitableURLClassLoader$InstrumentingVisitableURLClassLoader::findClass@10 (line 189)
  0x000002c4d1a01654: a852 41ff | 8bac 2494 | 0000 0083 | c50b bae4 | ffff ff4c | 8b54 2460 | 4c89 5424 | 384c 8b94 
  0x000002c4d1a01674: 2480 0000 | 004c 8954 | 2440 4c8b | 5424 784c | 8954 2448 | 4c8b 5424 | 584c 8954 | 2450 4c8b 
  0x000002c4d1a01694: 5424 784c | 8954 2458 | 4c8b 9424 | 8000 0000 | 4c89 5424 | 6044 898c | 24ac 0000 | 0044 899c 
  0x000002c4d1a016b4: 24c8 0000 | 0066 6690 

  0x000002c4d1a016bc: ;   {runtime_call UncommonTrapBlob}
  0x000002c4d1a016bc: c5f8 77e8 

  0x000002c4d1a016c0: ; ImmutableOopMap {[48]=Oop [56]=Oop [64]=Oop [72]=Oop [88]=Oop [96]=Oop [104]=Oop [112]=NarrowOop [116]=NarrowOop [136]=Oop [144]=NarrowOop [152]=Oop [200]=NarrowOop [280]=Oop [288]=Oop }
                      ;*baload {reexecute=0 rethrow=0 return_oop=0}
                      ; - java.util.zip.ZipUtils::SH@11 (line 203)
                      ; - java.util.zip.ZipUtils::CENHOW@5 (line 267)
                      ; - java.util.zip.ZipFile::getInputStream@98 (line 378)
                      ; - java.util.jar.JarFile::getManifestFromReference@130 (line 432)
                      ; - java.util.jar.JarFile::getManifest@1 (line 406)
                      ; - java.util.jar.JarFile::maybeInstantiateVerifier@31 (line 725)
                      ; - java.util.jar.JarFile::ensureInitialization@1 (line 1031)
                      ; - java.util.jar.JavaUtilJarAccessImpl::ensureInitialization@1 (line 72)
                      ; - jdk.internal.loader.URLClassPath$JarLoader$2::getManifest@10 (line 885)
                      ; - java.net.URLClassLoader::defineClass@34 (line 491)
                      ; - java.net.URLClassLoader$1::run@43 (line 427)
                      ; - java.net.URLClassLoader$1::run@1 (line 421)
                      ; - java.security.AccessController::executePrivileged@29 (line 807)
                      ; - java.security.AccessController::doPrivileged@13 (line 712)
                      ; - java.net.URLClassLoader::findClass@13 (line 420)
                      ; - org.gradle.internal.classloader.VisitableURLClassLoader$InstrumentingVisitableURLClassLoader::findClass@10 (line 189)
  0x000002c4d1a016c0: 3c52 41ff | bade ffff | ff48 8bac | 2480 0000 | 004c 8b54 | 2430 4c89 | 5424 284c | 8b54 2460 
  0x000002c4d1a016e0: 4c89 5424 | 304c 8b54 | 2478 4c89 | 5424 404c | 8b54 2458 | 4c89 5424 | 484c 8b54 | 2478 4c89 
  0x000002c4d1a01700: 5424 5044 | 8984 24ac | 0000 0044 | 8984 24b8 | 0000 0090 

  0x000002c4d1a01714: ;   {runtime_call UncommonTrapBlob}
  0x000002c4d1a01714: c5f8 77e8 

  0x000002c4d1a01718: ; ImmutableOopMap {rbp=Oop [40]=Oop [48]=Oop [64]=Oop [80]=Oop [104]=Oop [112]=NarrowOop [136]=Oop [160]=Oop [172]=NarrowOop [184]=NarrowOop [280]=Oop [288]=Oop }
                      ;*invokeinterface add {reexecute=0 rethrow=0 return_oop=0}
                      ; - java.util.zip.ZipFile::getInputStream@231 (line 396)
                      ; - java.util.jar.JarFile::getManifestFromReference@130 (line 432)
                      ; - java.util.jar.JarFile::getManifest@1 (line 406)
                      ; - java.util.jar.JarFile::maybeInstantiateVerifier@31 (line 725)
                      ; - java.util.jar.JarFile::ensureInitialization@1 (line 1031)
                      ; - java.util.jar.JavaUtilJarAccessImpl::ensureInitialization@1 (line 72)
                      ; - jdk.internal.loader.URLClassPath$JarLoader$2::getManifest@10 (line 885)
                      ; - java.net.URLClassLoader::defineClass@34 (line 491)
                      ; - java.net.URLClassLoader$1::run@43 (line 427)
                      ; - java.net.URLClassLoader$1::run@1 (line 421)
                      ; - java.security.AccessController::executePrivileged@29 (line 807)
                      ; - java.security.AccessController::doPrivileged@13 (line 712)
                      ; - java.net.URLClassLoader::findClass@13 (line 420)
                      ; - org.gradle.internal.classloader.VisitableURLClassLoader$InstrumentingVisitableURLClassLoader::findClass@10 (line 189)
  0x000002c4d1a01718: e451 41ff | 4c89 5424 | 4844 8944 | 2428 498b | d24c 8d84 | 2440 0100 | 0066 6690 

  0x000002c4d1a01734: ;   {runtime_call _complete_monitor_locking_Java}
  0x000002c4d1a01734: c5f8 77e8 

  0x000002c4d1a01738: ; ImmutableOopMap {[32]=Oop [40]=NarrowOop [48]=Oop [72]=Oop [96]=Oop [104]=Oop [112]=NarrowOop [120]=Oop [128]=Oop [136]=Oop [160]=Oop [280]=Oop [288]=Oop }
                      ;*monitorenter {reexecute=0 rethrow=0 return_oop=0}
                      ; - java.util.zip.ZipFile::getInputStream@226 (line 395)
                      ; - java.util.jar.JarFile::getManifestFromReference@130 (line 432)
                      ; - java.util.jar.JarFile::getManifest@1 (line 406)
                      ; - java.util.jar.JarFile::maybeInstantiateVerifier@31 (line 725)
                      ; - java.util.jar.JarFile::ensureInitialization@1 (line 1031)
                      ; - java.util.jar.JavaUtilJarAccessImpl::ensureInitialization@1 (line 72)
                      ; - jdk.internal.loader.URLClassPath$JarLoader$2::getManifest@10 (line 885)
                      ; - java.net.URLClassLoader::defineClass@34 (line 491)
                      ; - java.net.URLClassLoader$1::run@43 (line 427)
                      ; - java.net.URLClassLoader$1::run@1 (line 421)
                      ; - java.security.AccessController::executePrivileged@29 (line 807)
                      ; - java.security.AccessController::doPrivileged@13 (line 712)
                      ; - java.net.URLClassLoader::findClass@13 (line 420)
                      ; - org.gradle.internal.classloader.VisitableURLClassLoader$InstrumentingVisitableURLClassLoader::findClass@10 (line 189)
  0x000002c4d1a01738: 44b3 4bff | 448b 4424 | 284c 8b54 | 2448 e9ea | c1ff ff48 | 8bcd 488d | 9424 4001 | 0000 4d8b 
  0x000002c4d1a01758: c7c5 f877 | 49ba 608f | ecce fb7f | 0000 41ff | d2e9 aac2 | ffff ba45 | ffff ff4c | 8b54 2460 
  0x000002c4d1a01778: 4c89 5424 | 384c 8b94 | 2480 0000 | 004c 8954 | 2440 4c8b | 5424 784c | 8954 2448 | 4c8b 5424 
  0x000002c4d1a01798: 584c 8954 | 2450 4c8b | 5424 784c | 8954 2458 | 4c8b 9424 | 8000 0000 | 4c89 5424 | 604c 899c 
  0x000002c4d1a017b8: 2498 0000 | 0066 6690 

  0x000002c4d1a017c0: ;   {runtime_call UncommonTrapBlob}
  0x000002c4d1a017c0: c5f8 77e8 

  0x000002c4d1a017c4: ; ImmutableOopMap {[48]=Oop [56]=Oop [64]=Oop [72]=Oop [88]=Oop [96]=Oop [104]=Oop [112]=NarrowOop [116]=NarrowOop [152]=Oop [216]=Oop [280]=Oop [288]=Oop }
                      ;*ifne {reexecute=1 rethrow=0 return_oop=0}
                      ; - (reexecute) java.util.jar.JarFile::getManifestFromReference@52 (line 420)
                      ; - java.util.jar.JarFile::getManifest@1 (line 406)
                      ; - java.util.jar.JarFile::maybeInstantiateVerifier@31 (line 725)
                      ; - java.util.jar.JarFile::ensureInitialization@1 (line 1031)
                      ; - java.util.jar.JavaUtilJarAccessImpl::ensureInitialization@1 (line 72)
                      ; - jdk.internal.loader.URLClassPath$JarLoader$2::getManifest@10 (line 885)
                      ; - java.net.URLClassLoader::defineClass@34 (line 491)
                      ; - java.net.URLClassLoader$1::run@43 (line 427)
                      ; - java.net.URLClassLoader$1::run@1 (line 421)
                      ; - java.security.AccessController::executePrivileged@29 (line 807)
                      ; - java.security.AccessController::doPrivileged@13 (line 712)
                      ; - java.net.URLClassLoader::findClass@13 (line 420)
                      ; - org.gradle.internal.classloader.VisitableURLClassLoader$InstrumentingVisitableURLClassLoader::findClass@10 (line 189)
  0x000002c4d1a017c4: 3851 41ff | ba45 ffff | ff48 8bac | 2480 0000 | 004c 8b5c | 2430 4c89 | 5c24 284c | 8b5c 2460 
  0x000002c4d1a017e4: 4c89 5c24 | 304c 8b5c | 2478 4c89 | 5c24 404c | 8b5c 2458 | 4c89 5c24 | 484c 8b5c | 2478 4c89 
  0x000002c4d1a01804: 5c24 5089 | 8424 9400 | 0000 6690 

  0x000002c4d1a01810: ;   {runtime_call UncommonTrapBlob}
  0x000002c4d1a01810: c5f8 77e8 

  0x000002c4d1a01814: ; ImmutableOopMap {rbp=Oop [40]=Oop [48]=Oop [64]=Oop [80]=Oop [104]=Oop [112]=NarrowOop [116]=NarrowOop [136]=Oop [216]=Oop [280]=Oop [288]=Oop }
                      ;*if_icmpne {reexecute=1 rethrow=0 return_oop=0}
                      ; - (reexecute) java.util.jar.JarFile::getManifestFromReference@65 (line 421)
                      ; - java.util.jar.JarFile::getManifest@1 (line 406)
                      ; - java.util.jar.JarFile::maybeInstantiateVerifier@31 (line 725)
                      ; - java.util.jar.JarFile::ensureInitialization@1 (line 1031)
                      ; - java.util.jar.JavaUtilJarAccessImpl::ensureInitialization@1 (line 72)
                      ; - jdk.internal.loader.URLClassPath$JarLoader$2::getManifest@10 (line 885)
                      ; - java.net.URLClassLoader::defineClass@34 (line 491)
                      ; - java.net.URLClassLoader$1::run@43 (line 427)
                      ; - java.net.URLClassLoader$1::run@1 (line 421)
                      ; - java.security.AccessController::executePrivileged@29 (line 807)
                      ; - java.security.AccessController::doPrivileged@13 (line 712)
                      ; - java.net.URLClassLoader::findClass@13 (line 420)
                      ; - org.gradle.internal.classloader.VisitableURLClassLoader$InstrumentingVisitableURLClassLoader::findClass@10 (line 189)
  0x000002c4d1a01814: e850 41ff | 498b d7c5 | f877 49ba | 106a abce | fb7f 0000 | 41ff d2e9 | 37ea ffff | 498b d849 
  0x000002c4d1a01834: 8bd7 c5f8 | 7749 ba10 | 6aab cefb | 7f00 0041 | ffd2 4c8b | c3e9 04ca | ffff 498b | d7c5 f877 
  0x000002c4d1a01854: 49ba 106a | abce fb7f | 0000 41ff | d2e9 58e9 | ffff 498b | d7c5 f877 | 49ba 106a | abce fb7f 
  0x000002c4d1a01874: 0000 41ff | d2e9 05e9 | ffff 498b | d7c5 f877 | 49ba 106a | abce fb7f | 0000 41ff | d2e9 97e9 
  0x000002c4d1a01894: ffff 498b | f949 8bd8 | 498b d7c5 | f877 49ba | 106a abce | fb7f 0000 | 41ff d2e9 | 31ea ffff 
  0x000002c4d1a018b4: 498b f048 | 8bdd 498b | d7c5 f877 | 49ba 106a | abce fb7f | 0000 41ff | d2e9 d4e9 | ffff 498b 
  0x000002c4d1a018d4: f949 8bd8 | 498b d7c5 | f877 49ba | 106a abce | fb7f 0000 | 41ff d2e9 | 76ea ffff | 498b f048 
  0x000002c4d1a018f4: 8bdd 498b | d7c5 f877 | 49ba 106a | abce fb7f | 0000 41ff | d2e9 19ea | ffff 498b | f949 8bd8 
  0x000002c4d1a01914: 498b d7c5 | f877 49ba | 106a abce | fb7f 0000 | 41ff d2e9 | 79ea ffff | 498b f048 | 8bdd 498b 
  0x000002c4d1a01934: d7c5 f877 | 49ba 106a | abce fb7f | 0000 41ff | d2e9 9dea | ffff 498b | d7c5 f877 | 49ba 106a 
  0x000002c4d1a01954: abce fb7f | 0000 41ff | d2e9 c1ea | ffff 498b | d849 8bd7 | c5f8 7749 | ba10 6aab | cefb 7f00 
  0x000002c4d1a01974: 0041 ffd2 | 4c8b c3e9 | cccd ffff | 498b d7c5 | f877 49ba | 106a abce | fb7f 0000 | 41ff d2e9 
  0x000002c4d1a01994: 39eb ffff | 498b d7c5 | f877 49ba | 106a abce | fb7f 0000 | 41ff d2e9 | e4ea ffff | 498b d7c5 
  0x000002c4d1a019b4: f877 49ba | 106a abce | fb7f 0000 | 41ff d2e9 | 20d0 ffff | 498b d7c5 | f877 49ba | 106a abce 
  0x000002c4d1a019d4: fb7f 0000 | 41ff d2e9 | e7eb ffff | 498b d7c5 | f877 49ba | 106a abce | fb7f 0000 | 41ff d2e9 
  0x000002c4d1a019f4: 86d0 ffff | 498b d849 | 8bd7 c5f8 | 7749 ba10 | 6aab cefb | 7f00 0041 | ffd2 e93b | ebff ff49 
  0x000002c4d1a01a14: 8bd8 498b | d7c5 f877 | 49ba 106a | abce fb7f | 0000 41ff | d24c 8bc3 | e939 ecff | ff49 8bd7 
  0x000002c4d1a01a34: c5f8 7749 | ba10 6aab | cefb 7f00 | 0041 ffd2 | e9ef ebff | ff48 8bfb | 498b d849 | 8bd7 c5f8 
  0x000002c4d1a01a54: 7749 ba10 | 6aab cefb | 7f00 0041 | ffd2 4c8b | c348 8bdf | e907 d3ff | ff49 8bd7 | c5f8 7749 
  0x000002c4d1a01a74: ba10 6aab | cefb 7f00 | 0041 ffd2 | e94d d3ff | ff49 63cb | e9c5 c2ff | ff49 8bf1 | 498b d7c5 
  0x000002c4d1a01a94: f877 49ba | 106a abce | fb7f 0000 | 41ff d24c | 8b44 2428 | 4c8b cee9 | e8c0 ffff | 498b d949 
  0x000002c4d1a01ab4: 8bd7 c5f8 | 7749 ba10 | 6aab cefb | 7f00 0041 | ffd2 4c8b | cbe9 82c0 | ffff 498b | f949 8bd7 
  0x000002c4d1a01ad4: c5f8 7749 | ba10 6aab | cefb 7f00 | 0041 ffd2 | 4c8b 4424 | 284c 8bcf | e958 c1ff | ff49 8bd7 
  0x000002c4d1a01af4: c5f8 7749 | ba10 6aab | cefb 7f00 | 0041 ffd2 | e99d c1ff | ffba 45ff | ffff 4c8b | 5c24 604c 
  0x000002c4d1a01b14: 895c 2438 | 4c8b 9c24 | 8000 0000 | 4c89 5c24 | 404c 8b5c | 2478 4c89 | 5c24 484c | 8b5c 2458 
  0x000002c4d1a01b34: 4c89 5c24 | 504c 8b5c | 2478 4c89 | 5c24 584c | 8b9c 2480 | 0000 004c | 895c 2460 | 4889 9c24 
  0x000002c4d1a01b54: 9800 0000 | 4489 9424 | a000 0000 | 898c 24a4 | 0000 0044 | 898c 24a8 | 0000 0048 | 899c 24b0 
  0x000002c4d1a01b74: 0000 0090 

  0x000002c4d1a01b78: ;   {runtime_call UncommonTrapBlob}
  0x000002c4d1a01b78: c5f8 77e8 

  0x000002c4d1a01b7c: ; ImmutableOopMap {[48]=Oop [56]=Oop [64]=Oop [72]=Oop [88]=Oop [96]=Oop [104]=Oop [112]=NarrowOop [152]=Oop [160]=NarrowOop [164]=NarrowOop [168]=NarrowOop [176]=Oop [280]=Oop [288]=Oop }
                      ;*ifeq {reexecute=1 rethrow=0 return_oop=0}
                      ; - (reexecute) java.util.zip.ZipFile::ensureOpen@4 (line 838)
                      ; - java.util.zip.ZipFile::getInputStream@31 (line 368)
                      ; - java.util.jar.JarFile::getManifestFromReference@130 (line 432)
                      ; - java.util.jar.JarFile::getManifest@1 (line 406)
                      ; - java.util.jar.JarFile::maybeInstantiateVerifier@31 (line 725)
                      ; - java.util.jar.JarFile::ensureInitialization@1 (line 1031)
                      ; - java.util.jar.JavaUtilJarAccessImpl::ensureInitialization@1 (line 72)
                      ; - jdk.internal.loader.URLClassPath$JarLoader$2::getManifest@10 (line 885)
                      ; - java.net.URLClassLoader::defineClass@34 (line 491)
                      ; - java.net.URLClassLoader$1::run@43 (line 427)
                      ; - java.net.URLClassLoader$1::run@1 (line 421)
                      ; - java.security.AccessController::executePrivileged@29 (line 807)
                      ; - java.security.AccessController::doPrivileged@13 (line 712)
                      ; - java.net.URLClassLoader::findClass@13 (line 420)
                      ; - org.gradle.internal.classloader.VisitableURLClassLoader$InstrumentingVisitableURLClassLoader::findClass@10 (line 189)
  0x000002c4d1a01b7c: 804d 41ff | ba45 ffff | ff4c 8b5c | 2460 4c89 | 5c24 384c | 8b9c 2480 | 0000 004c | 895c 2440 
  0x000002c4d1a01b9c: 4c8b 5c24 | 784c 895c | 2448 4c8b | 5c24 584c | 895c 2450 | 4c8b 5c24 | 784c 895c | 2458 4c8b 
  0x000002c4d1a01bbc: 9c24 8000 | 0000 4c89 | 5c24 6048 | 899c 2498 | 0000 0044 | 8994 24a0 | 0000 0089 | 8c24 a400 
  0x000002c4d1a01bdc: 0000 4489 | 8c24 a800 | 0000 4889 | 9c24 b000 | 0000 6690 

  0x000002c4d1a01bf0: ;   {runtime_call UncommonTrapBlob}
  0x000002c4d1a01bf0: c5f8 77e8 

  0x000002c4d1a01bf4: ; ImmutableOopMap {rbp=NarrowOop [48]=Oop [56]=Oop [64]=Oop [72]=Oop [88]=Oop [96]=Oop [104]=Oop [112]=NarrowOop [152]=Oop [160]=NarrowOop [164]=NarrowOop [168]=NarrowOop [176]=Oop [280]=Oop [288]=Oop }
                      ;*ifnonnull {reexecute=1 rethrow=0 return_oop=0}
                      ; - (reexecute) java.util.zip.ZipFile::ensureOpen@25 (line 841)
                      ; - java.util.zip.ZipFile::getInputStream@31 (line 368)
                      ; - java.util.jar.JarFile::getManifestFromReference@130 (line 432)
                      ; - java.util.jar.JarFile::getManifest@1 (line 406)
                      ; - java.util.jar.JarFile::maybeInstantiateVerifier@31 (line 725)
                      ; - java.util.jar.JarFile::ensureInitialization@1 (line 1031)
                      ; - java.util.jar.JavaUtilJarAccessImpl::ensureInitialization@1 (line 72)
                      ; - jdk.internal.loader.URLClassPath$JarLoader$2::getManifest@10 (line 885)
                      ; - java.net.URLClassLoader::defineClass@34 (line 491)
                      ; - java.net.URLClassLoader$1::run@43 (line 427)
                      ; - java.net.URLClassLoader$1::run@1 (line 421)
                      ; - java.security.AccessController::executePrivileged@29 (line 807)
                      ; - java.security.AccessController::doPrivileged@13 (line 712)
                      ; - java.net.URLClassLoader::findClass@13 (line 420)
                      ; - org.gradle.internal.classloader.VisitableURLClassLoader$InstrumentingVisitableURLClassLoader::findClass@10 (line 189)
  0x000002c4d1a01bf4: 084d 41ff | ba45 ffff | ff48 8bac | 2480 0000 | 004c 8b54 | 2430 4c89 | 5424 284c | 8b54 2460 
  0x000002c4d1a01c14: 4c89 5424 | 304c 8b54 | 2478 4c89 | 5424 404c | 8b54 2458 | 4c89 5424 | 484c 8b54 | 2478 4c89 
  0x000002c4d1a01c34: 5424 5048 | 899c 2490 | 0000 0089 | 8c24 9c00 | 0000 4489 | 8c24 a000 | 0000 4889 | 9c24 a800 
  0x000002c4d1a01c54: 0000 4489 | 9c24 a400 | 0000 6690 

  0x000002c4d1a01c60: ;   {runtime_call UncommonTrapBlob}
  0x000002c4d1a01c60: c5f8 77e8 

  0x000002c4d1a01c64: ; ImmutableOopMap {rbp=Oop [40]=Oop [48]=Oop [64]=Oop [80]=Oop [104]=Oop [112]=NarrowOop [144]=Oop [156]=NarrowOop [160]=NarrowOop [168]=Oop [280]=Oop [288]=Oop }
                      ;*if_icmpne {reexecute=1 rethrow=0 return_oop=0}
                      ; - (reexecute) java.util.zip.ZipFile::getInputStream@69 (line 374)
                      ; - java.util.jar.JarFile::getManifestFromReference@130 (line 432)
                      ; - java.util.jar.JarFile::getManifest@1 (line 406)
                      ; - java.util.jar.JarFile::maybeInstantiateVerifier@31 (line 725)
                      ; - java.util.jar.JarFile::ensureInitialization@1 (line 1031)
                      ; - java.util.jar.JavaUtilJarAccessImpl::ensureInitialization@1 (line 72)
                      ; - jdk.internal.loader.URLClassPath$JarLoader$2::getManifest@10 (line 885)
                      ; - java.net.URLClassLoader::defineClass@34 (line 491)
                      ; - java.net.URLClassLoader$1::run@43 (line 427)
                      ; - java.net.URLClassLoader$1::run@1 (line 421)
                      ; - java.security.AccessController::executePrivileged@29 (line 807)
                      ; - java.security.AccessController::doPrivileged@13 (line 712)
                      ; - java.net.URLClassLoader::findClass@13 (line 420)
                      ; - org.gradle.internal.classloader.VisitableURLClassLoader$InstrumentingVisitableURLClassLoader::findClass@10 (line 189)
  0x000002c4d1a01c64: 984c 41ff | 4d3b d0bd | ffff ffff | 7c08 400f | 95c5 400f | b6ed ba45 | ffff ff4c | 8b54 2460 
  0x000002c4d1a01c84: 4c89 5424 | 384c 8b94 | 2480 0000 | 004c 8954 | 2440 4c8b | 5424 784c | 8954 2448 | 4c8b 5424 
  0x000002c4d1a01ca4: 584c 8954 | 2450 4c8b | 5424 784c | 8954 2458 | 4c8b 9424 | 8000 0000 | 4c89 5424 | 6066 6690 
  0x000002c4d1a01cc4: ;   {runtime_call UncommonTrapBlob}
  0x000002c4d1a01cc4: c5f8 77e8 

  0x000002c4d1a01cc8: ; ImmutableOopMap {[48]=Oop [56]=Oop [64]=Oop [72]=Oop [88]=Oop [96]=Oop [104]=Oop [112]=NarrowOop [116]=NarrowOop [136]=Oop [144]=NarrowOop [152]=Oop [160]=NarrowOop [280]=Oop [288]=Oop }
                      ;*ifeq {reexecute=1 rethrow=0 return_oop=0}
                      ; - (reexecute) java.util.zip.ZipFile$ZipFileInputStream::<init>@44 (line 868)
                      ; - java.util.zip.ZipFile::getInputStream@88 (line 377)
                      ; - java.util.jar.JarFile::getManifestFromReference@130 (line 432)
                      ; - java.util.jar.JarFile::getManifest@1 (line 406)
                      ; - java.util.jar.JarFile::maybeInstantiateVerifier@31 (line 725)
                      ; - java.util.jar.JarFile::ensureInitialization@1 (line 1031)
                      ; - java.util.jar.JavaUtilJarAccessImpl::ensureInitialization@1 (line 72)
                      ; - jdk.internal.loader.URLClassPath$JarLoader$2::getManifest@10 (line 885)
                      ; - java.net.URLClassLoader::defineClass@34 (line 491)
                      ; - java.net.URLClassLoader$1::run@43 (line 427)
                      ; - java.net.URLClassLoader$1::run@1 (line 421)
                      ; - java.security.AccessController::executePrivileged@29 (line 807)
                      ; - java.security.AccessController::doPrivileged@13 (line 712)
                      ; - java.net.URLClassLoader::findClass@13 (line 420)
                      ; - org.gradle.internal.classloader.VisitableURLClassLoader$InstrumentingVisitableURLClassLoader::findClass@10 (line 189)
  0x000002c4d1a01cc8: 344c 41ff | 4d3b d0bd | ffff ffff | 7c08 400f | 95c5 400f | b6ed ba45 | ffff ff4c | 8b54 2460 
  0x000002c4d1a01ce8: 4c89 5424 | 384c 8b94 | 2480 0000 | 004c 8954 | 2440 4c8b | 5424 784c | 8954 2448 | 4c8b 5424 
  0x000002c4d1a01d08: 584c 8954 | 2450 4c8b | 5424 784c | 8954 2458 | 4c8b 9424 | 8000 0000 | 4c89 5424 | 6066 6690 
  0x000002c4d1a01d28: ;   {runtime_call UncommonTrapBlob}
  0x000002c4d1a01d28: c5f8 77e8 

  0x000002c4d1a01d2c: ; ImmutableOopMap {[48]=Oop [56]=Oop [64]=Oop [72]=Oop [88]=Oop [96]=Oop [104]=Oop [112]=NarrowOop [116]=NarrowOop [136]=Oop [144]=NarrowOop [152]=Oop [160]=NarrowOop [280]=Oop [288]=Oop }
                      ;*ifeq {reexecute=1 rethrow=0 return_oop=0}
                      ; - (reexecute) java.util.zip.ZipFile$ZipFileInputStream::<init>@55 (line 868)
                      ; - java.util.zip.ZipFile::getInputStream@88 (line 377)
                      ; - java.util.jar.JarFile::getManifestFromReference@130 (line 432)
                      ; - java.util.jar.JarFile::getManifest@1 (line 406)
                      ; - java.util.jar.JarFile::maybeInstantiateVerifier@31 (line 725)
                      ; - java.util.jar.JarFile::ensureInitialization@1 (line 1031)
                      ; - java.util.jar.JavaUtilJarAccessImpl::ensureInitialization@1 (line 72)
                      ; - jdk.internal.loader.URLClassPath$JarLoader$2::getManifest@10 (line 885)
                      ; - java.net.URLClassLoader::defineClass@34 (line 491)
                      ; - java.net.URLClassLoader$1::run@43 (line 427)
                      ; - java.net.URLClassLoader$1::run@1 (line 421)
                      ; - java.security.AccessController::executePrivileged@29 (line 807)
                      ; - java.security.AccessController::doPrivileged@13 (line 712)
                      ; - java.net.URLClassLoader::findClass@13 (line 420)
                      ; - org.gradle.internal.classloader.VisitableURLClassLoader$InstrumentingVisitableURLClassLoader::findClass@10 (line 189)
  0x000002c4d1a01d2c: d04b 41ff | 4d3b d8bd | ffff ffff | 7c08 400f | 95c5 400f | b6ed ba45 | ffff ff4c | 8b54 2460 
  0x000002c4d1a01d4c: 4c89 5424 | 384c 8b94 | 2480 0000 | 004c 8954 | 2440 4c8b | 5424 784c | 8954 2448 | 4c8b 5424 
  0x000002c4d1a01d6c: 584c 8954 | 2450 4c8b | 5424 784c | 8954 2458 | 4c8b 9424 | 8000 0000 | 4c89 5424 | 6066 6690 
  0x000002c4d1a01d8c: ;   {runtime_call UncommonTrapBlob}
  0x000002c4d1a01d8c: c5f8 77e8 

  0x000002c4d1a01d90: ; ImmutableOopMap {[48]=Oop [56]=Oop [64]=Oop [72]=Oop [88]=Oop [96]=Oop [104]=Oop [112]=NarrowOop [116]=NarrowOop [136]=Oop [144]=NarrowOop [152]=Oop [160]=NarrowOop [280]=Oop [288]=Oop }
                      ;*ifne {reexecute=1 rethrow=0 return_oop=0}
                      ; - (reexecute) java.util.zip.ZipFile$ZipFileInputStream::<init>@66 (line 868)
                      ; - java.util.zip.ZipFile::getInputStream@88 (line 377)
                      ; - java.util.jar.JarFile::getManifestFromReference@130 (line 432)
                      ; - java.util.jar.JarFile::getManifest@1 (line 406)
                      ; - java.util.jar.JarFile::maybeInstantiateVerifier@31 (line 725)
                      ; - java.util.jar.JarFile::ensureInitialization@1 (line 1031)
                      ; - java.util.jar.JavaUtilJarAccessImpl::ensureInitialization@1 (line 72)
                      ; - jdk.internal.loader.URLClassPath$JarLoader$2::getManifest@10 (line 885)
                      ; - java.net.URLClassLoader::defineClass@34 (line 491)
                      ; - java.net.URLClassLoader$1::run@43 (line 427)
                      ; - java.net.URLClassLoader$1::run@1 (line 421)
                      ; - java.security.AccessController::executePrivileged@29 (line 807)
                      ; - java.security.AccessController::doPrivileged@13 (line 712)
                      ; - java.net.URLClassLoader::findClass@13 (line 420)
                      ; - org.gradle.internal.classloader.VisitableURLClassLoader$InstrumentingVisitableURLClassLoader::findClass@10 (line 189)
  0x000002c4d1a01d90: 6c4b 41ff | bae4 ffff | ff48 8bac | 2480 0000 | 004c 8b54 | 2430 4c89 | 5424 284c | 8b54 2460 
  0x000002c4d1a01db0: 4c89 5424 | 304c 8b54 | 2478 4c89 | 5424 404c | 8b54 2458 | 4c89 5424 | 484c 8b54 | 2478 4c89 
  0x000002c4d1a01dd0: 5424 5044 | 898c 24c0 | 0000 0090 

  0x000002c4d1a01ddc: ;   {runtime_call UncommonTrapBlob}
  0x000002c4d1a01ddc: c5f8 77e8 

  0x000002c4d1a01de0: ; ImmutableOopMap {rbp=Oop [40]=Oop [48]=Oop [64]=Oop [80]=Oop [104]=Oop [112]=NarrowOop [116]=NarrowOop [136]=Oop [144]=NarrowOop [148]=NarrowOop [192]=NarrowOop [280]=Oop [288]=Oop }
                      ;*iaload {reexecute=0 rethrow=0 return_oop=0}
                      ; - java.util.zip.ZipFile$Source::getEntryHash@5 (line 1377)
                      ; - java.util.zip.ZipFile$Source::getEntryPos@39 (line 1787)
                      ; - java.util.zip.ZipFile::getInputStream@63 (line 372)
                      ; - java.util.jar.JarFile::getManifestFromReference@130 (line 432)
                      ; - java.util.jar.JarFile::getManifest@1 (line 406)
                      ; - java.util.jar.JarFile::maybeInstantiateVerifier@31 (line 725)
                      ; - java.util.jar.JarFile::ensureInitialization@1 (line 1031)
                      ; - java.util.jar.JavaUtilJarAccessImpl::ensureInitialization@1 (line 72)
                      ; - jdk.internal.loader.URLClassPath$JarLoader$2::getManifest@10 (line 885)
                      ; - java.net.URLClassLoader::defineClass@34 (line 491)
                      ; - java.net.URLClassLoader$1::run@43 (line 427)
                      ; - java.net.URLClassLoader$1::run@1 (line 421)
                      ; - java.security.AccessController::executePrivileged@29 (line 807)
                      ; - java.security.AccessController::doPrivileged@13 (line 712)
                      ; - java.net.URLClassLoader::findClass@13 (line 420)
                      ; - org.gradle.internal.classloader.VisitableURLClassLoader$InstrumentingVisitableURLClassLoader::findClass@10 (line 189)
  0x000002c4d1a01de0: 1c4b 41ff | bae4 ffff | ff48 8bac | 2480 0000 | 004c 8b54 | 2430 4c89 | 5424 284c | 8b54 2460 
  0x000002c4d1a01e00: 4c89 5424 | 304c 8b54 | 2478 4c89 | 5424 404c | 8b54 2458 | 4c89 5424 | 484c 8b54 | 2478 4c89 
  0x000002c4d1a01e20: 5424 5044 | 898c 24bc | 0000 0044 | 8984 24c0 | 0000 0090 

  0x000002c4d1a01e34: ;   {runtime_call UncommonTrapBlob}
  0x000002c4d1a01e34: c5f8 77e8 

  0x000002c4d1a01e38: ; ImmutableOopMap {rbp=Oop [40]=Oop [48]=Oop [64]=Oop [80]=Oop [104]=Oop [112]=NarrowOop [116]=NarrowOop [136]=Oop [144]=NarrowOop [148]=NarrowOop [188]=NarrowOop [280]=Oop [288]=Oop }
                      ;*iaload {reexecute=0 rethrow=0 return_oop=0}
                      ; - java.util.zip.ZipFile$Source::getEntryNext@7 (line 1378)
                      ; - java.util.zip.ZipFile$Source::getEntryPos@185 (line 1816)
                      ; - java.util.zip.ZipFile::getInputStream@63 (line 372)
                      ; - java.util.jar.JarFile::getManifestFromReference@130 (line 432)
                      ; - java.util.jar.JarFile::getManifest@1 (line 406)
                      ; - java.util.jar.JarFile::maybeInstantiateVerifier@31 (line 725)
                      ; - java.util.jar.JarFile::ensureInitialization@1 (line 1031)
                      ; - java.util.jar.JavaUtilJarAccessImpl::ensureInitialization@1 (line 72)
                      ; - jdk.internal.loader.URLClassPath$JarLoader$2::getManifest@10 (line 885)
                      ; - java.net.URLClassLoader::defineClass@34 (line 491)
                      ; - java.net.URLClassLoader$1::run@43 (line 427)
                      ; - java.net.URLClassLoader$1::run@1 (line 421)
                      ; - java.security.AccessController::executePrivileged@29 (line 807)
                      ; - java.security.AccessController::doPrivileged@13 (line 712)
                      ; - java.net.URLClassLoader::findClass@13 (line 420)
                      ; - org.gradle.internal.classloader.VisitableURLClassLoader$InstrumentingVisitableURLClassLoader::findClass@10 (line 189)
  0x000002c4d1a01e38: c44a 41ff | bade ffff | ff48 8bac | 2480 0000 | 004c 8b54 | 2430 4c89 | 5424 284c | 8b54 2460 
  0x000002c4d1a01e58: 4c89 5424 | 304c 8b54 | 2478 4c89 | 5424 404c | 8b54 2458 | 4c89 5424 | 484c 8b54 | 2478 4c89 
  0x000002c4d1a01e78: 5424 5048 | 8984 2490 | 0000 0090 

  0x000002c4d1a01e84: ;   {runtime_call UncommonTrapBlob}
  0x000002c4d1a01e84: c5f8 77e8 

  0x000002c4d1a01e88: ; ImmutableOopMap {rbp=Oop [40]=Oop [48]=Oop [64]=Oop [80]=Oop [104]=Oop [112]=NarrowOop [136]=Oop [144]=Oop [280]=Oop [288]=Oop }
                      ;*checkcast {reexecute=0 rethrow=0 return_oop=0}
                      ; - java.util.jar.JarFile::getManEntry@28 (line 944)
                      ; - java.util.jar.JarFile::getManifestFromReference@27 (line 414)
                      ; - java.util.jar.JarFile::getManifest@1 (line 406)
                      ; - java.util.jar.JarFile::maybeInstantiateVerifier@31 (line 725)
                      ; - java.util.jar.JarFile::ensureInitialization@1 (line 1031)
                      ; - java.util.jar.JavaUtilJarAccessImpl::ensureInitialization@1 (line 72)
                      ; - jdk.internal.loader.URLClassPath$JarLoader$2::getManifest@10 (line 885)
                      ; - java.net.URLClassLoader::defineClass@34 (line 491)
                      ; - java.net.URLClassLoader$1::run@43 (line 427)
                      ; - java.net.URLClassLoader$1::run@1 (line 421)
                      ; - java.security.AccessController::executePrivileged@29 (line 807)
                      ; - java.security.AccessController::doPrivileged@13 (line 712)
                      ; - java.net.URLClassLoader::findClass@13 (line 420)
                      ; - org.gradle.internal.classloader.VisitableURLClassLoader$InstrumentingVisitableURLClassLoader::findClass@10 (line 189)
  0x000002c4d1a01e88: 744a 41ff | 448b c590 

  0x000002c4d1a01e90: ;   {static_call}
  0x000002c4d1a01e90: c5f8 77e8 

  0x000002c4d1a01e94: ; ImmutableOopMap {[32]=Oop [40]=Oop [48]=Oop [72]=Oop [96]=Oop [104]=Oop [112]=NarrowOop [116]=NarrowOop [120]=Oop [128]=Oop [136]=Oop [144]=NarrowOop [148]=NarrowOop [280]=Oop [288]=Oop }
                      ;*invokestatic charAt {reexecute=0 rethrow=0 return_oop=0}
                      ; - java.lang.String::charAt@21 (line 1519)
                      ; - java.util.zip.ZipCoder::hash@18 (line 130)
                      ; - java.util.zip.ZipFile$Source::getEntryPos@10 (line 1781)
                      ; - java.util.zip.ZipFile::getInputStream@63 (line 372)
                      ; - java.util.jar.JarFile::getManifestFromReference@130 (line 432)
                      ; - java.util.jar.JarFile::getManifest@1 (line 406)
                      ; - java.util.jar.JarFile::maybeInstantiateVerifier@31 (line 725)
                      ; - java.util.jar.JarFile::ensureInitialization@1 (line 1031)
                      ; - java.util.jar.JavaUtilJarAccessImpl::ensureInitialization@1 (line 72)
                      ; - jdk.internal.loader.URLClassPath$JarLoader$2::getManifest@10 (line 885)
                      ; - java.net.URLClassLoader::defineClass@34 (line 491)
                      ; - java.net.URLClassLoader$1::run@43 (line 427)
                      ; - java.net.URLClassLoader$1::run@1 (line 421)
                      ; - java.security.AccessController::executePrivileged@29 (line 807)
                      ; - java.security.AccessController::doPrivileged@13 (line 712)
                      ; - java.net.URLClassLoader::findClass@13 (line 420)
                      ; - org.gradle.internal.classloader.VisitableURLClassLoader$InstrumentingVisitableURLClassLoader::findClass@10 (line 189)
  0x000002c4d1a01e94: e8fa 40ff | 448b d0e9 | 43b5 ffff | ba86 ffff | ff48 8bac | 2480 0000 | 004c 8b54 | 2430 4c89 
  0x000002c4d1a01eb4: 5424 284c | 8b54 2460 | 4c89 5424 | 304c 8b54 | 2478 4c89 | 5424 404c | 8b54 2458 | 4c89 5424 
  0x000002c4d1a01ed4: 484c 8b54 | 2478 4c89 | 5424 5044 | 8984 24bc | 0000 0044 | 898c 24c0 | 0000 0090 

  0x000002c4d1a01ef0: ;   {runtime_call UncommonTrapBlob}
  0x000002c4d1a01ef0: c5f8 77e8 

  0x000002c4d1a01ef4: ; ImmutableOopMap {rbp=Oop [40]=Oop [48]=Oop [64]=Oop [80]=Oop [104]=Oop [112]=NarrowOop [116]=NarrowOop [136]=Oop [144]=NarrowOop [148]=NarrowOop [188]=NarrowOop [280]=Oop [288]=Oop }
                      ;*irem {reexecute=0 rethrow=0 return_oop=0}
                      ; - java.util.zip.ZipFile$Source::getEntryPos@26 (line 1782)
                      ; - java.util.zip.ZipFile::getInputStream@63 (line 372)
                      ; - java.util.jar.JarFile::getManifestFromReference@130 (line 432)
                      ; - java.util.jar.JarFile::getManifest@1 (line 406)
                      ; - java.util.jar.JarFile::maybeInstantiateVerifier@31 (line 725)
                      ; - java.util.jar.JarFile::ensureInitialization@1 (line 1031)
                      ; - java.util.jar.JavaUtilJarAccessImpl::ensureInitialization@1 (line 72)
                      ; - jdk.internal.loader.URLClassPath$JarLoader$2::getManifest@10 (line 885)
                      ; - java.net.URLClassLoader::defineClass@34 (line 491)
                      ; - java.net.URLClassLoader$1::run@43 (line 427)
                      ; - java.net.URLClassLoader$1::run@1 (line 421)
                      ; - java.security.AccessController::executePrivileged@29 (line 807)
                      ; - java.security.AccessController::doPrivileged@13 (line 712)
                      ; - java.net.URLClassLoader::findClass@13 (line 420)
                      ; - org.gradle.internal.classloader.VisitableURLClassLoader$InstrumentingVisitableURLClassLoader::findClass@10 (line 189)
  0x000002c4d1a01ef4: 084a 41ff | bae4 ffff | ff48 8bac | 2480 0000 | 004c 8b54 | 2430 4c89 | 5424 284c | 8b54 2460 
  0x000002c4d1a01f14: 4c89 5424 | 304c 8b54 | 2478 4c89 | 5424 404c | 8b54 2458 | 4c89 5424 | 484c 8b54 | 2478 4c89 
  0x000002c4d1a01f34: 5424 5044 | 8984 24bc | 0000 0089 | 8c24 c000 | 0000 6690 

  0x000002c4d1a01f48: ;   {runtime_call UncommonTrapBlob}
  0x000002c4d1a01f48: c5f8 77e8 

  0x000002c4d1a01f4c: ; ImmutableOopMap {rbp=Oop [40]=Oop [48]=Oop [64]=Oop [80]=Oop [104]=Oop [112]=NarrowOop [116]=NarrowOop [136]=Oop [144]=NarrowOop [148]=NarrowOop [188]=NarrowOop [280]=Oop [288]=Oop }
                      ;*iaload {reexecute=0 rethrow=0 return_oop=0}
                      ; - java.util.zip.ZipFile$Source::getEntryPos@27 (line 1782)
                      ; - java.util.zip.ZipFile::getInputStream@63 (line 372)
                      ; - java.util.jar.JarFile::getManifestFromReference@130 (line 432)
                      ; - java.util.jar.JarFile::getManifest@1 (line 406)
                      ; - java.util.jar.JarFile::maybeInstantiateVerifier@31 (line 725)
                      ; - java.util.jar.JarFile::ensureInitialization@1 (line 1031)
                      ; - java.util.jar.JavaUtilJarAccessImpl::ensureInitialization@1 (line 72)
                      ; - jdk.internal.loader.URLClassPath$JarLoader$2::getManifest@10 (line 885)
                      ; - java.net.URLClassLoader::defineClass@34 (line 491)
                      ; - java.net.URLClassLoader$1::run@43 (line 427)
                      ; - java.net.URLClassLoader$1::run@1 (line 421)
                      ; - java.security.AccessController::executePrivileged@29 (line 807)
                      ; - java.security.AccessController::doPrivileged@13 (line 712)
                      ; - java.net.URLClassLoader::findClass@13 (line 420)
                      ; - org.gradle.internal.classloader.VisitableURLClassLoader$InstrumentingVisitableURLClassLoader::findClass@10 (line 189)
  0x000002c4d1a01f4c: b049 41ff | ba45 ffff | ff4c 8b54 | 2460 4c89 | 5424 384c | 8b94 2480 | 0000 004c | 8954 2440 
  0x000002c4d1a01f6c: 4c8b 5424 | 784c 8954 | 2448 4c8b | 5424 584c | 8954 2450 | 4c8b 5424 | 784c 8954 | 2458 4c8b 
  0x000002c4d1a01f8c: 9424 8000 | 0000 4c89 | 5424 6044 | 8984 249c | 0000 0044 | 898c 24a8 | 0000 0089 | bc24 ac00 
  0x000002c4d1a01fac: 0000 4489 | ac24 c000 | 0000 4489 | 9c24 c400 | 0000 6690 

  0x000002c4d1a01fc0: ;   {runtime_call UncommonTrapBlob}
  0x000002c4d1a01fc0: c5f8 77e8 

  0x000002c4d1a01fc4: ; ImmutableOopMap {[48]=Oop [56]=Oop [64]=Oop [72]=Oop [88]=Oop [96]=Oop [104]=Oop [112]=NarrowOop [116]=NarrowOop [136]=Oop [156]=NarrowOop [168]=NarrowOop [172]=NarrowOop [192]=NarrowOop [280]=Oop [288]=Oop }
                      ;*if_icmpne {reexecute=1 rethrow=0 return_oop=0}
                      ; - (reexecute) java.lang.String::equals@33 (line 1830)
                      ; - java.util.Objects::equals@11 (line 64)
                      ; - java.util.zip.ZipFile::getInputStream@42 (line 369)
                      ; - java.util.jar.JarFile::getManifestFromReference@130 (line 432)
                      ; - java.util.jar.JarFile::getManifest@1 (line 406)
                      ; - java.util.jar.JarFile::maybeInstantiateVerifier@31 (line 725)
                      ; - java.util.jar.JarFile::ensureInitialization@1 (line 1031)
                      ; - java.util.jar.JavaUtilJarAccessImpl::ensureInitialization@1 (line 72)
                      ; - jdk.internal.loader.URLClassPath$JarLoader$2::getManifest@10 (line 885)
                      ; - java.net.URLClassLoader::defineClass@34 (line 491)
                      ; - java.net.URLClassLoader$1::run@43 (line 427)
                      ; - java.net.URLClassLoader$1::run@1 (line 421)
                      ; - java.security.AccessController::executePrivileged@29 (line 807)
                      ; - java.security.AccessController::doPrivileged@13 (line 712)
                      ; - java.net.URLClassLoader::findClass@13 (line 420)
                      ; - org.gradle.internal.classloader.VisitableURLClassLoader$InstrumentingVisitableURLClassLoader::findClass@10 (line 189)
  0x000002c4d1a01fc4: 3849 41ff | 498b d7c5 | f877 49ba | 106a abce | fb7f 0000 | 41ff d2e9 | 32d2 ffff | ba45 ffff 
  0x000002c4d1a01fe4: ff4c 8b54 | 2460 4c89 | 5424 384c | 8b94 2480 | 0000 004c | 8954 2440 | 4c8b 5424 | 784c 8954 
  0x000002c4d1a02004: 2448 4c8b | 5424 584c | 8954 2450 | 4c8b 5424 | 784c 8954 | 2458 4c8b | 9424 8000 | 0000 4c89 
  0x000002c4d1a02024: 5424 6090 

  0x000002c4d1a02028: ;   {runtime_call UncommonTrapBlob}
  0x000002c4d1a02028: c5f8 77e8 

  0x000002c4d1a0202c: ; ImmutableOopMap {[48]=Oop [56]=Oop [64]=Oop [72]=Oop [88]=Oop [96]=Oop [104]=Oop [112]=NarrowOop [116]=NarrowOop [136]=Oop [144]=NarrowOop [148]=NarrowOop [280]=Oop [288]=Oop }
                      ;*ifle {reexecute=1 rethrow=0 return_oop=0}
                      ; - (reexecute) java.util.zip.ZipCoder::hash@11 (line 130)
                      ; - java.util.zip.ZipFile$Source::getEntryPos@10 (line 1781)
                      ; - java.util.zip.ZipFile::getInputStream@63 (line 372)
                      ; - java.util.jar.JarFile::getManifestFromReference@130 (line 432)
                      ; - java.util.jar.JarFile::getManifest@1 (line 406)
                      ; - java.util.jar.JarFile::maybeInstantiateVerifier@31 (line 725)
                      ; - java.util.jar.JarFile::ensureInitialization@1 (line 1031)
                      ; - java.util.jar.JavaUtilJarAccessImpl::ensureInitialization@1 (line 72)
                      ; - jdk.internal.loader.URLClassPath$JarLoader$2::getManifest@10 (line 885)
                      ; - java.net.URLClassLoader::defineClass@34 (line 491)
                      ; - java.net.URLClassLoader$1::run@43 (line 427)
                      ; - java.net.URLClassLoader$1::run@1 (line 421)
                      ; - java.security.AccessController::executePrivileged@29 (line 807)
                      ; - java.security.AccessController::doPrivileged@13 (line 712)
                      ; - java.net.URLClassLoader::findClass@13 (line 420)
                      ; - org.gradle.internal.classloader.VisitableURLClassLoader$InstrumentingVisitableURLClassLoader::findClass@10 (line 189)
  0x000002c4d1a0202c: d048 41ff | ba45 ffff | ff4c 8b5c | 2460 4c89 | 5c24 384c | 8b9c 2480 | 0000 004c | 895c 2440 
  0x000002c4d1a0204c: 4c8b 5c24 | 784c 895c | 2448 4c8b | 5c24 584c | 895c 2450 | 4c8b 5c24 | 784c 895c | 2458 4c8b 
  0x000002c4d1a0206c: 9c24 8000 | 0000 4c89 | 5c24 6044 | 8994 24b8 | 0000 0044 | 89ac 24bc | 0000 0090 

  0x000002c4d1a02088: ;   {runtime_call UncommonTrapBlob}
  0x000002c4d1a02088: c5f8 77e8 

  0x000002c4d1a0208c: ; ImmutableOopMap {[48]=Oop [56]=Oop [64]=Oop [72]=Oop [88]=Oop [96]=Oop [104]=Oop [112]=NarrowOop [116]=NarrowOop [136]=Oop [184]=NarrowOop [188]=NarrowOop [280]=Oop [288]=Oop }
                      ;*ifne {reexecute=1 rethrow=0 return_oop=0}
                      ; - (reexecute) java.util.zip.ZipFile$Source::getEntryPos@4 (line 1777)
                      ; - java.util.zip.ZipFile::getInputStream@63 (line 372)
                      ; - java.util.jar.JarFile::getManifestFromReference@130 (line 432)
                      ; - java.util.jar.JarFile::getManifest@1 (line 406)
                      ; - java.util.jar.JarFile::maybeInstantiateVerifier@31 (line 725)
                      ; - java.util.jar.JarFile::ensureInitialization@1 (line 1031)
                      ; - java.util.jar.JavaUtilJarAccessImpl::ensureInitialization@1 (line 72)
                      ; - jdk.internal.loader.URLClassPath$JarLoader$2::getManifest@10 (line 885)
                      ; - java.net.URLClassLoader::defineClass@34 (line 491)
                      ; - java.net.URLClassLoader$1::run@43 (line 427)
                      ; - java.net.URLClassLoader$1::run@1 (line 421)
                      ; - java.security.AccessController::executePrivileged@29 (line 807)
                      ; - java.security.AccessController::doPrivileged@13 (line 712)
                      ; - java.net.URLClassLoader::findClass@13 (line 420)
                      ; - org.gradle.internal.classloader.VisitableURLClassLoader$InstrumentingVisitableURLClassLoader::findClass@10 (line 189)
  0x000002c4d1a0208c: 7048 41ff | ba45 ffff | ff48 8bac | 2480 0000 | 004c 8b5c | 2430 4c89 | 5c24 284c | 8b5c 2460 
  0x000002c4d1a020ac: 4c89 5c24 | 304c 8b5c | 2478 4c89 | 5c24 404c | 8b5c 2458 | 4c89 5c24 | 484c 8b5c | 2478 4c89 
  0x000002c4d1a020cc: 5c24 5044 | 8994 24bc | 0000 0090 

  0x000002c4d1a020d8: ;   {runtime_call UncommonTrapBlob}
  0x000002c4d1a020d8: c5f8 77e8 

  0x000002c4d1a020dc: ; ImmutableOopMap {rbp=Oop [40]=Oop [48]=Oop [64]=Oop [80]=Oop [104]=Oop [112]=NarrowOop [116]=NarrowOop [136]=Oop [144]=NarrowOop [148]=NarrowOop [280]=Oop [288]=Oop }
                      ;*if_icmpeq {reexecute=1 rethrow=0 return_oop=0}
                      ; - (reexecute) java.util.zip.ZipCoder::hash@23 (line 130)
                      ; - java.util.zip.ZipFile$Source::getEntryPos@10 (line 1781)
                      ; - java.util.zip.ZipFile::getInputStream@63 (line 372)
                      ; - java.util.jar.JarFile::getManifestFromReference@130 (line 432)
                      ; - java.util.jar.JarFile::getManifest@1 (line 406)
                      ; - java.util.jar.JarFile::maybeInstantiateVerifier@31 (line 725)
                      ; - java.util.jar.JarFile::ensureInitialization@1 (line 1031)
                      ; - java.util.jar.JavaUtilJarAccessImpl::ensureInitialization@1 (line 72)
                      ; - jdk.internal.loader.URLClassPath$JarLoader$2::getManifest@10 (line 885)
                      ; - java.net.URLClassLoader::defineClass@34 (line 491)
                      ; - java.net.URLClassLoader$1::run@43 (line 427)
                      ; - java.net.URLClassLoader$1::run@1 (line 421)
                      ; - java.security.AccessController::executePrivileged@29 (line 807)
                      ; - java.security.AccessController::doPrivileged@13 (line 712)
                      ; - java.net.URLClassLoader::findClass@13 (line 420)
                      ; - org.gradle.internal.classloader.VisitableURLClassLoader$InstrumentingVisitableURLClassLoader::findClass@10 (line 189)
  0x000002c4d1a020dc: 2048 41ff | bac6 ffff | ff48 8bac | 2480 0000 | 004c 8b54 | 2430 4c89 | 5424 284c | 8b54 2460 
  0x000002c4d1a020fc: 4c89 5424 | 304c 8b54 | 2478 4c89 | 5424 404c | 8b54 2458 | 4c89 5424 | 484c 8b54 | 2478 4c89 
  0x000002c4d1a0211c: 5424 504c | 8b94 2490 | 0000 004c | 8994 2488 | 0000 0048 | 89bc 2490 | 0000 0090 

  0x000002c4d1a02138: ;   {runtime_call UncommonTrapBlob}
  0x000002c4d1a02138: c5f8 77e8 

  0x000002c4d1a0213c: ; ImmutableOopMap {rbp=Oop [40]=Oop [48]=Oop [64]=Oop [80]=Oop [104]=Oop [112]=NarrowOop [136]=Oop [144]=Oop [248]=Oop [280]=Oop [288]=Oop }
                      ;*invokevirtual close {reexecute=0 rethrow=0 return_oop=0}
                      ; - java.util.jar.JarFile::getManifestFromReference@152 (line 434)
                      ; - java.util.jar.JarFile::getManifest@1 (line 406)
                      ; - java.util.jar.JarFile::maybeInstantiateVerifier@31 (line 725)
                      ; - java.util.jar.JarFile::ensureInitialization@1 (line 1031)
                      ; - java.util.jar.JavaUtilJarAccessImpl::ensureInitialization@1 (line 72)
                      ; - jdk.internal.loader.URLClassPath$JarLoader$2::getManifest@10 (line 885)
                      ; - java.net.URLClassLoader::defineClass@34 (line 491)
                      ; - java.net.URLClassLoader$1::run@43 (line 427)
                      ; - java.net.URLClassLoader$1::run@1 (line 421)
                      ; - java.security.AccessController::executePrivileged@29 (line 807)
                      ; - java.security.AccessController::doPrivileged@13 (line 712)
                      ; - java.net.URLClassLoader::findClass@13 (line 420)
                      ; - org.gradle.internal.classloader.VisitableURLClassLoader$InstrumentingVisitableURLClassLoader::findClass@10 (line 189)
  0x000002c4d1a0213c: c047 41ff | baf6 ffff | ff48 8bac | 2480 0000 | 004c 8b5c | 2430 4c89 | 5c24 284c | 8b5c 2460 
  0x000002c4d1a0215c: 4c89 5c24 | 304c 8b5c | 2478 4c89 | 5c24 404c | 8b5c 2458 | 4c89 5c24 | 484c 8b5c | 2478 4c89 
  0x000002c4d1a0217c: 5c24 504c | 8b9c 2490 | 0000 004c | 899c 2488 | 0000 0048 | 89bc 2490 | 0000 004c | 8994 2498 
  0x000002c4d1a0219c: 0000 0090 

  0x000002c4d1a021a0: ;   {runtime_call UncommonTrapBlob}
  0x000002c4d1a021a0: c5f8 77e8 

  0x000002c4d1a021a4: ; ImmutableOopMap {rbp=Oop [40]=Oop [48]=Oop [64]=Oop [80]=Oop [104]=Oop [112]=NarrowOop [136]=Oop [144]=Oop [152]=Oop [280]=Oop [288]=Oop }
                      ;*monitorenter {reexecute=0 rethrow=0 return_oop=0}
                      ; - java.util.zip.ZipFile$ZipFileInputStream::close@30 (line 1010)
                      ; - java.util.jar.JarFile::getManifestFromReference@152 (line 434)
                      ; - java.util.jar.JarFile::getManifest@1 (line 406)
                      ; - java.util.jar.JarFile::maybeInstantiateVerifier@31 (line 725)
                      ; - java.util.jar.JarFile::ensureInitialization@1 (line 1031)
                      ; - java.util.jar.JavaUtilJarAccessImpl::ensureInitialization@1 (line 72)
                      ; - jdk.internal.loader.URLClassPath$JarLoader$2::getManifest@10 (line 885)
                      ; - java.net.URLClassLoader::defineClass@34 (line 491)
                      ; - java.net.URLClassLoader$1::run@43 (line 427)
                      ; - java.net.URLClassLoader$1::run@1 (line 421)
                      ; - java.security.AccessController::executePrivileged@29 (line 807)
                      ; - java.security.AccessController::doPrivileged@13 (line 712)
                      ; - java.net.URLClassLoader::findClass@13 (line 420)
                      ; - org.gradle.internal.classloader.VisitableURLClassLoader$InstrumentingVisitableURLClassLoader::findClass@10 (line 189)
  0x000002c4d1a021a4: 5847 41ff | 4889 4c24 | 5044 894c | 2448 4c89 | 5424 2848 | 8bef 488b | d14c 8d84 | 2438 0100 
  0x000002c4d1a021c4: 0066 6690 

  0x000002c4d1a021c8: ;   {runtime_call _complete_monitor_locking_Java}
  0x000002c4d1a021c8: c5f8 77e8 

  0x000002c4d1a021cc: ; ImmutableOopMap {rbp=Oop [32]=Oop [40]=Oop [48]=Oop [72]=NarrowOop [80]=Oop [96]=Oop [104]=Oop [112]=NarrowOop [120]=Oop [128]=Oop [144]=Oop [280]=Oop [288]=Oop }
                      ;*monitorenter {reexecute=0 rethrow=0 return_oop=0}
                      ; - java.util.zip.ZipFile$ZipFileInputStream::close@30 (line 1010)
                      ; - java.util.jar.JarFile::getManifestFromReference@152 (line 434)
                      ; - java.util.jar.JarFile::getManifest@1 (line 406)
                      ; - java.util.jar.JarFile::maybeInstantiateVerifier@31 (line 725)
                      ; - java.util.jar.JarFile::ensureInitialization@1 (line 1031)
                      ; - java.util.jar.JavaUtilJarAccessImpl::ensureInitialization@1 (line 72)
                      ; - jdk.internal.loader.URLClassPath$JarLoader$2::getManifest@10 (line 885)
                      ; - java.net.URLClassLoader::defineClass@34 (line 491)
                      ; - java.net.URLClassLoader$1::run@43 (line 427)
                      ; - java.net.URLClassLoader$1::run@1 (line 421)
                      ; - java.security.AccessController::executePrivileged@29 (line 807)
                      ; - java.security.AccessController::doPrivileged@13 (line 712)
                      ; - java.net.URLClassLoader::findClass@13 (line 420)
                      ; - org.gradle.internal.classloader.VisitableURLClassLoader$InstrumentingVisitableURLClassLoader::findClass@10 (line 189)
  0x000002c4d1a021cc: b0a8 4bff | 488b fd4c | 8b54 2428 | 448b 4c24 | 4848 8b4c | 2450 e981 | d7ff ffba | deff ffff 
  0x000002c4d1a021ec: 4c8b 5c24 | 604c 895c | 2438 4c8b | 9c24 8000 | 0000 4c89 | 5c24 404c | 8b5c 2478 | 4c89 5c24 
  0x000002c4d1a0220c: 484c 8b5c | 2458 4c89 | 5c24 504c | 8b5c 2478 | 4c89 5c24 | 584c 8b9c | 2480 0000 | 004c 895c 
  0x000002c4d1a0222c: 2460 4889 | bc24 9800 | 0000 4c89 | 9424 a800 | 0000 4489 | 8c24 a400 | 0000 6690 

  0x000002c4d1a02248: ;   {runtime_call UncommonTrapBlob}
  0x000002c4d1a02248: c5f8 77e8 

  0x000002c4d1a0224c: ; ImmutableOopMap {rbp=NarrowOop [48]=Oop [56]=Oop [64]=Oop [72]=Oop [88]=Oop [96]=Oop [104]=Oop [112]=NarrowOop [144]=Oop [152]=Oop [164]=NarrowOop [168]=Oop [280]=Oop [288]=Oop }
                      ;*invokeinterface remove {reexecute=0 rethrow=0 return_oop=0}
                      ; - java.util.zip.ZipFile$ZipFileInputStream::close@42 (line 1011)
                      ; - java.util.jar.JarFile::getManifestFromReference@152 (line 434)
                      ; - java.util.jar.JarFile::getManifest@1 (line 406)
                      ; - java.util.jar.JarFile::maybeInstantiateVerifier@31 (line 725)
                      ; - java.util.jar.JarFile::ensureInitialization@1 (line 1031)
                      ; - java.util.jar.JavaUtilJarAccessImpl::ensureInitialization@1 (line 72)
                      ; - jdk.internal.loader.URLClassPath$JarLoader$2::getManifest@10 (line 885)
                      ; - java.net.URLClassLoader::defineClass@34 (line 491)
                      ; - java.net.URLClassLoader$1::run@43 (line 427)
                      ; - java.net.URLClassLoader$1::run@1 (line 421)
                      ; - java.security.AccessController::executePrivileged@29 (line 807)
                      ; - java.security.AccessController::doPrivileged@13 (line 712)
                      ; - java.net.URLClassLoader::findClass@13 (line 420)
                      ; - org.gradle.internal.classloader.VisitableURLClassLoader$InstrumentingVisitableURLClassLoader::findClass@10 (line 189)
  0x000002c4d1a0224c: b046 41ff | 498b cb48 | 8d94 2438 | 0100 004d | 8bc7 c5f8 | 7749 ba60 | 8fec cefb | 7f00 0041 
  0x000002c4d1a0226c: ffd2 e9d0 | d7ff ffba | 45ff ffff | 488b ac24 | 8000 0000 | 4c8b 5424 | 304c 8954 | 2428 4c8b 
  0x000002c4d1a0228c: 5424 604c | 8954 2430 | 4c8b 5424 | 784c 8954 | 2440 4c8b | 5424 584c | 8954 2448 | 4c8b 5424 
  0x000002c4d1a022ac: 784c 8954 | 2450 8984 | 24c0 0000 | 0066 6690 

  0x000002c4d1a022bc: ;   {runtime_call UncommonTrapBlob}
  0x000002c4d1a022bc: c5f8 77e8 

  0x000002c4d1a022c0: ; ImmutableOopMap {rbp=Oop [40]=Oop [48]=Oop [64]=Oop [80]=Oop [104]=Oop [112]=NarrowOop [116]=NarrowOop [136]=Oop [144]=NarrowOop [148]=NarrowOop [280]=Oop [288]=Oop }
                      ;*ifeq {reexecute=1 rethrow=0 return_oop=0}
                      ; - (reexecute) java.lang.String::hashCode@20 (line 2344)
                      ; - java.util.zip.ZipCoder::hash@1 (line 128)
                      ; - java.util.zip.ZipFile$Source::getEntryPos@10 (line 1781)
                      ; - java.util.zip.ZipFile::getInputStream@63 (line 372)
                      ; - java.util.jar.JarFile::getManifestFromReference@130 (line 432)
                      ; - java.util.jar.JarFile::getManifest@1 (line 406)
                      ; - java.util.jar.JarFile::maybeInstantiateVerifier@31 (line 725)
                      ; - java.util.jar.JarFile::ensureInitialization@1 (line 1031)
                      ; - java.util.jar.JavaUtilJarAccessImpl::ensureInitialization@1 (line 72)
                      ; - jdk.internal.loader.URLClassPath$JarLoader$2::getManifest@10 (line 885)
                      ; - java.net.URLClassLoader::defineClass@34 (line 491)
                      ; - java.net.URLClassLoader$1::run@43 (line 427)
                      ; - java.net.URLClassLoader$1::run@1 (line 421)
                      ; - java.security.AccessController::executePrivileged@29 (line 807)
                      ; - java.security.AccessController::doPrivileged@13 (line 712)
                      ; - java.net.URLClassLoader::findClass@13 (line 420)
                      ; - org.gradle.internal.classloader.VisitableURLClassLoader$InstrumentingVisitableURLClassLoader::findClass@10 (line 189)
  0x000002c4d1a022c0: 3c46 41ff | bae4 ffff | ff4c 8b54 | 2460 4c89 | 5424 384c | 8b94 2480 | 0000 004c | 8954 2440 
  0x000002c4d1a022e0: 4c8b 5424 | 784c 8954 | 2448 4c8b | 5424 584c | 8954 2450 | 4c8b 5424 | 784c 8954 | 2458 4c8b 
  0x000002c4d1a02300: 9424 8000 | 0000 4c89 | 5424 6044 | 898c 24c8 | 0000 0090 

  0x000002c4d1a02314: ;   {runtime_call UncommonTrapBlob}
  0x000002c4d1a02314: c5f8 77e8 

  0x000002c4d1a02318: ; ImmutableOopMap {[48]=Oop [56]=Oop [64]=Oop [72]=Oop [88]=Oop [96]=Oop [104]=Oop [112]=NarrowOop [116]=NarrowOop [136]=Oop [144]=NarrowOop [148]=NarrowOop [200]=NarrowOop [280]=Oop [288]=Oop }
                      ;*iaload {reexecute=0 rethrow=0 return_oop=0}
                      ; - java.util.zip.ZipFile$Source::getEntryPos@7 (line 1379)
                      ; - java.util.zip.ZipFile$Source::getEntryPos@49 (line 1789)
                      ; - java.util.zip.ZipFile::getInputStream@63 (line 372)
                      ; - java.util.jar.JarFile::getManifestFromReference@130 (line 432)
                      ; - java.util.jar.JarFile::getManifest@1 (line 406)
                      ; - java.util.jar.JarFile::maybeInstantiateVerifier@31 (line 725)
                      ; - java.util.jar.JarFile::ensureInitialization@1 (line 1031)
                      ; - java.util.jar.JavaUtilJarAccessImpl::ensureInitialization@1 (line 72)
                      ; - jdk.internal.loader.URLClassPath$JarLoader$2::getManifest@10 (line 885)
                      ; - java.net.URLClassLoader::defineClass@34 (line 491)
                      ; - java.net.URLClassLoader$1::run@43 (line 427)
                      ; - java.net.URLClassLoader$1::run@1 (line 421)
                      ; - java.security.AccessController::executePrivileged@29 (line 807)
                      ; - java.security.AccessController::doPrivileged@13 (line 712)
                      ; - java.net.URLClassLoader::findClass@13 (line 420)
                      ; - org.gradle.internal.classloader.VisitableURLClassLoader$InstrumentingVisitableURLClassLoader::findClass@10 (line 189)
  0x000002c4d1a02318: e445 41ff | bae4 ffff | ff4c 8b54 | 2460 4c89 | 5424 384c | 8b94 2480 | 0000 004c | 8954 2440 
  0x000002c4d1a02338: 4c8b 5424 | 784c 8954 | 2448 4c8b | 5424 584c | 8954 2450 | 4c8b 5424 | 784c 8954 | 2458 4c8b 
  0x000002c4d1a02358: 9424 8000 | 0000 4c89 | 5424 6044 | 898c 24cc | 0000 0089 | 9c24 d400 | 0000 4489 | 8424 d800 
  0x000002c4d1a02378: 0000 4489 | 8424 dc00 | 0000 6690 

  0x000002c4d1a02384: ;   {runtime_call UncommonTrapBlob}
  0x000002c4d1a02384: c5f8 77e8 

  0x000002c4d1a02388: ; ImmutableOopMap {[48]=Oop [56]=Oop [64]=Oop [72]=Oop [88]=Oop [96]=Oop [104]=Oop [112]=NarrowOop [116]=NarrowOop [136]=Oop [144]=NarrowOop [148]=NarrowOop [204]=NarrowOop [216]=NarrowOop [220]=NarrowOop [280]=Oop [288]=Oop }
                      ;*baload {reexecute=0 rethrow=0 return_oop=0}
                      ; - java.util.zip.ZipUtils::SH@2 (line 203)
                      ; - java.util.zip.ZipUtils::CENNAM@5 (line 272)
                      ; - java.util.zip.ZipFile$Source::getEntryPos@79 (line 1793)
                      ; - java.util.zip.ZipFile::getInputStream@63 (line 372)
                      ; - java.util.jar.JarFile::getManifestFromReference@130 (line 432)
                      ; - java.util.jar.JarFile::getManifest@1 (line 406)
                      ; - java.util.jar.JarFile::maybeInstantiateVerifier@31 (line 725)
                      ; - java.util.jar.JarFile::ensureInitialization@1 (line 1031)
                      ; - java.util.jar.JavaUtilJarAccessImpl::ensureInitialization@1 (line 72)
                      ; - jdk.internal.loader.URLClassPath$JarLoader$2::getManifest@10 (line 885)
                      ; - java.net.URLClassLoader::defineClass@34 (line 491)
                      ; - java.net.URLClassLoader$1::run@43 (line 427)
                      ; - java.net.URLClassLoader$1::run@1 (line 421)
                      ; - java.security.AccessController::executePrivileged@29 (line 807)
                      ; - java.security.AccessController::doPrivileged@13 (line 712)
                      ; - java.net.URLClassLoader::findClass@13 (line 420)
                      ; - org.gradle.internal.classloader.VisitableURLClassLoader$InstrumentingVisitableURLClassLoader::findClass@10 (line 189)
  0x000002c4d1a02388: 7445 41ff | bae4 ffff | ff4c 8b54 | 2460 4c89 | 5424 384c | 8b94 2480 | 0000 004c | 8954 2440 
  0x000002c4d1a023a8: 4c8b 5424 | 784c 8954 | 2448 4c8b | 5424 584c | 8954 2450 | 4c8b 5424 | 784c 8954 | 2458 4c8b 
  0x000002c4d1a023c8: 9424 8000 | 0000 4c89 | 5424 6044 | 898c 24cc | 0000 0089 | 9c24 d400 | 0000 898c | 24d8 0000 
  0x000002c4d1a023e8: 0044 8984 | 24dc 0000 | 0066 6690 

  0x000002c4d1a023f4: ;   {runtime_call UncommonTrapBlob}
  0x000002c4d1a023f4: c5f8 77e8 

  0x000002c4d1a023f8: ; ImmutableOopMap {[48]=Oop [56]=Oop [64]=Oop [72]=Oop [88]=Oop [96]=Oop [104]=Oop [112]=NarrowOop [116]=NarrowOop [136]=Oop [144]=NarrowOop [148]=NarrowOop [204]=NarrowOop [220]=NarrowOop [280]=Oop [288]=Oop }
                      ;*baload {reexecute=0 rethrow=0 return_oop=0}
                      ; - java.util.zip.ZipUtils::SH@11 (line 203)
                      ; - java.util.zip.ZipUtils::CENNAM@5 (line 272)
                      ; - java.util.zip.ZipFile$Source::getEntryPos@79 (line 1793)
                      ; - java.util.zip.ZipFile::getInputStream@63 (line 372)
                      ; - java.util.jar.JarFile::getManifestFromReference@130 (line 432)
                      ; - java.util.jar.JarFile::getManifest@1 (line 406)
                      ; - java.util.jar.JarFile::maybeInstantiateVerifier@31 (line 725)
                      ; - java.util.jar.JarFile::ensureInitialization@1 (line 1031)
                      ; - java.util.jar.JavaUtilJarAccessImpl::ensureInitialization@1 (line 72)
                      ; - jdk.internal.loader.URLClassPath$JarLoader$2::getManifest@10 (line 885)
                      ; - java.net.URLClassLoader::defineClass@34 (line 491)
                      ; - java.net.URLClassLoader$1::run@43 (line 427)
                      ; - java.net.URLClassLoader$1::run@1 (line 421)
                      ; - java.security.AccessController::executePrivileged@29 (line 807)
                      ; - java.security.AccessController::doPrivileged@13 (line 712)
                      ; - java.net.URLClassLoader::findClass@13 (line 420)
                      ; - org.gradle.internal.classloader.VisitableURLClassLoader$InstrumentingVisitableURLClassLoader::findClass@10 (line 189)
  0x000002c4d1a023f8: 0445 41ff | bade ffff | ff48 8bac | 2480 0000 | 004c 8b54 | 2430 4c89 | 5424 284c | 8b54 2460 
  0x000002c4d1a02418: 4c89 5424 | 304c 8b54 | 2478 4c89 | 5424 404c | 8b54 2458 | 4c89 5424 | 484c 8b54 | 2478 4c89 
  0x000002c4d1a02438: 5424 5044 | 898c 24cc | 0000 0090 

  0x000002c4d1a02444: ;   {runtime_call UncommonTrapBlob}
  0x000002c4d1a02444: c5f8 77e8 

  0x000002c4d1a02448: ; ImmutableOopMap {rbp=Oop [40]=Oop [48]=Oop [64]=Oop [80]=Oop [104]=Oop [112]=NarrowOop [116]=NarrowOop [136]=Oop [144]=NarrowOop [148]=NarrowOop [204]=NarrowOop [280]=Oop [288]=Oop }
                      ;*invokevirtual isUTF8 {reexecute=0 rethrow=0 return_oop=0}
                      ; - java.util.zip.ZipFile$Source::zipCoderForPos@4 (line 1822)
                      ; - java.util.zip.ZipFile$Source::getEntryPos@57 (line 1792)
                      ; - java.util.zip.ZipFile::getInputStream@63 (line 372)
                      ; - java.util.jar.JarFile::getManifestFromReference@130 (line 432)
                      ; - java.util.jar.JarFile::getManifest@1 (line 406)
                      ; - java.util.jar.JarFile::maybeInstantiateVerifier@31 (line 725)
                      ; - java.util.jar.JarFile::ensureInitialization@1 (line 1031)
                      ; - java.util.jar.JavaUtilJarAccessImpl::ensureInitialization@1 (line 72)
                      ; - jdk.internal.loader.URLClassPath$JarLoader$2::getManifest@10 (line 885)
                      ; - java.net.URLClassLoader::defineClass@34 (line 491)
                      ; - java.net.URLClassLoader$1::run@43 (line 427)
                      ; - java.net.URLClassLoader$1::run@1 (line 421)
                      ; - java.security.AccessController::executePrivileged@29 (line 807)
                      ; - java.security.AccessController::doPrivileged@13 (line 712)
                      ; - java.net.URLClassLoader::findClass@13 (line 420)
                      ; - org.gradle.internal.classloader.VisitableURLClassLoader$InstrumentingVisitableURLClassLoader::findClass@10 (line 189)
  0x000002c4d1a02448: b444 41ff | 33ed eb02 | 8be8 ba45 | ffff ff4c | 8b54 2460 | 4c89 5424 | 384c 8b94 | 2480 0000 
  0x000002c4d1a02468: 004c 8954 | 2440 4c8b | 5424 784c | 8954 2448 | 4c8b 5424 | 584c 8954 | 2450 4c8b | 5424 784c 
  0x000002c4d1a02488: 8954 2458 | 4c8b 9424 | 8000 0000 | 4c89 5424 | 604c 8984 | 24d0 0000 | 0044 89b4 | 24cc 0000 
  0x000002c4d1a024a8: 0044 89ac | 24d8 0000 | 0066 6690 

  0x000002c4d1a024b4: ;   {runtime_call UncommonTrapBlob}
  0x000002c4d1a024b4: c5f8 77e8 

  0x000002c4d1a024b8: ; ImmutableOopMap {[48]=Oop [56]=Oop [64]=Oop [72]=Oop [88]=Oop [96]=Oop [104]=Oop [112]=NarrowOop [116]=NarrowOop [136]=Oop [144]=NarrowOop [148]=NarrowOop [208]=Oop [280]=Oop [288]=Oop }
                      ;*ifeq {reexecute=1 rethrow=0 return_oop=0}
                      ; - (reexecute) java.util.zip.ZipFile$Source::getEntryPos@113 (line 1800)
                      ; - java.util.zip.ZipFile::getInputStream@63 (line 372)
                      ; - java.util.jar.JarFile::getManifestFromReference@130 (line 432)
                      ; - java.util.jar.JarFile::getManifest@1 (line 406)
                      ; - java.util.jar.JarFile::maybeInstantiateVerifier@31 (line 725)
                      ; - java.util.jar.JarFile::ensureInitialization@1 (line 1031)
                      ; - java.util.jar.JavaUtilJarAccessImpl::ensureInitialization@1 (line 72)
                      ; - jdk.internal.loader.URLClassPath$JarLoader$2::getManifest@10 (line 885)
                      ; - java.net.URLClassLoader::defineClass@34 (line 491)
                      ; - java.net.URLClassLoader$1::run@43 (line 427)
                      ; - java.net.URLClassLoader$1::run@1 (line 421)
                      ; - java.security.AccessController::executePrivileged@29 (line 807)
                      ; - java.security.AccessController::doPrivileged@13 (line 712)
                      ; - java.net.URLClassLoader::findClass@13 (line 420)
                      ; - org.gradle.internal.classloader.VisitableURLClassLoader$InstrumentingVisitableURLClassLoader::findClass@10 (line 189)
  0x000002c4d1a024b8: 4444 41ff | bac6 0000 | 0048 8bac | 2480 0000 | 004c 8b54 | 2430 4c89 | 5424 284c | 8b54 2460 
  0x000002c4d1a024d8: 4c89 5424 | 304c 8b54 | 2478 4c89 | 5424 404c | 8b54 2458 | 4c89 5424 | 484c 8b54 | 2478 4c89 
  0x000002c4d1a024f8: 5424 5090 

  0x000002c4d1a024fc: ;   {runtime_call UncommonTrapBlob}
  0x000002c4d1a024fc: c5f8 77e8 

  0x000002c4d1a02500: ; ImmutableOopMap {rbp=Oop [40]=Oop [48]=Oop [64]=Oop [80]=Oop [104]=Oop [112]=NarrowOop [136]=Oop [280]=Oop [288]=Oop }
                      ;*new {reexecute=0 rethrow=0 return_oop=0}
                      ; - java.util.zip.ZipFile::getInputStream@257 (line 400)
                      ; - java.util.jar.JarFile::getManifestFromReference@130 (line 432)
                      ; - java.util.jar.JarFile::getManifest@1 (line 406)
                      ; - java.util.jar.JarFile::maybeInstantiateVerifier@31 (line 725)
                      ; - java.util.jar.JarFile::ensureInitialization@1 (line 1031)
                      ; - java.util.jar.JavaUtilJarAccessImpl::ensureInitialization@1 (line 72)
                      ; - jdk.internal.loader.URLClassPath$JarLoader$2::getManifest@10 (line 885)
                      ; - java.net.URLClassLoader::defineClass@34 (line 491)
                      ; - java.net.URLClassLoader$1::run@43 (line 427)
                      ; - java.net.URLClassLoader$1::run@1 (line 421)
                      ; - java.security.AccessController::executePrivileged@29 (line 807)
                      ; - java.security.AccessController::doPrivileged@13 (line 712)
                      ; - java.net.URLClassLoader::findClass@13 (line 420)
                      ; - org.gradle.internal.classloader.VisitableURLClassLoader$InstrumentingVisitableURLClassLoader::findClass@10 (line 189)
  0x000002c4d1a02500: fc43 41ff | 4c89 5c24 | 4844 8954 | 2428 498b | d34c 8d84 | 2440 0100 | 0066 6690 

  0x000002c4d1a0251c: ;   {runtime_call _complete_monitor_locking_Java}
  0x000002c4d1a0251c: c5f8 77e8 

  0x000002c4d1a02520: ; ImmutableOopMap {[32]=Oop [40]=NarrowOop [48]=Oop [72]=Oop [96]=Oop [104]=Oop [112]=NarrowOop [120]=Oop [128]=Oop [136]=Oop [152]=Oop [280]=Oop [288]=Oop }
                      ;*monitorenter {reexecute=0 rethrow=0 return_oop=0}
                      ; - java.util.zip.ZipFile::getInputStream@133 (line 380)
                      ; - java.util.jar.JarFile::getManifestFromReference@130 (line 432)
                      ; - java.util.jar.JarFile::getManifest@1 (line 406)
                      ; - java.util.jar.JarFile::maybeInstantiateVerifier@31 (line 725)
                      ; - java.util.jar.JarFile::ensureInitialization@1 (line 1031)
                      ; - java.util.jar.JavaUtilJarAccessImpl::ensureInitialization@1 (line 72)
                      ; - jdk.internal.loader.URLClassPath$JarLoader$2::getManifest@10 (line 885)
                      ; - java.net.URLClassLoader::defineClass@34 (line 491)
                      ; - java.net.URLClassLoader$1::run@43 (line 427)
                      ; - java.net.URLClassLoader$1::run@1 (line 421)
                      ; - java.security.AccessController::executePrivileged@29 (line 807)
                      ; - java.security.AccessController::doPrivileged@13 (line 712)
                      ; - java.net.URLClassLoader::findClass@13 (line 420)
                      ; - org.gradle.internal.classloader.VisitableURLClassLoader$InstrumentingVisitableURLClassLoader::findClass@10 (line 189)
  0x000002c4d1a02520: 5ca5 4bff | 448b 5424 | 284c 8b5c | 2448 e9b3 | daff ffba | deff ffff | 488b ac24 | 8000 0000 
  0x000002c4d1a02540: 4c8b 5c24 | 304c 895c | 2428 4c8b | 5c24 604c | 895c 2430 | 4c8b 5c24 | 784c 895c | 2440 4c8b 
  0x000002c4d1a02560: 5c24 584c | 895c 2448 | 4c8b 5c24 | 784c 895c | 2450 4489 | 9424 ac00 | 0000 4489 | 9424 b800 
  0x000002c4d1a02580: 0000 6690 

  0x000002c4d1a02584: ;   {runtime_call UncommonTrapBlob}
  0x000002c4d1a02584: c5f8 77e8 

  0x000002c4d1a02588: ; ImmutableOopMap {rbp=Oop [40]=Oop [48]=Oop [64]=Oop [80]=Oop [104]=Oop [112]=NarrowOop [136]=Oop [152]=Oop [172]=NarrowOop [184]=NarrowOop [280]=Oop [288]=Oop }
                      ;*invokeinterface add {reexecute=0 rethrow=0 return_oop=0}
                      ; - java.util.zip.ZipFile::getInputStream@137 (line 381)
                      ; - java.util.jar.JarFile::getManifestFromReference@130 (line 432)
                      ; - java.util.jar.JarFile::getManifest@1 (line 406)
                      ; - java.util.jar.JarFile::maybeInstantiateVerifier@31 (line 725)
                      ; - java.util.jar.JarFile::ensureInitialization@1 (line 1031)
                      ; - java.util.jar.JavaUtilJarAccessImpl::ensureInitialization@1 (line 72)
                      ; - jdk.internal.loader.URLClassPath$JarLoader$2::getManifest@10 (line 885)
                      ; - java.net.URLClassLoader::defineClass@34 (line 491)
                      ; - java.net.URLClassLoader$1::run@43 (line 427)
                      ; - java.net.URLClassLoader$1::run@1 (line 421)
                      ; - java.security.AccessController::executePrivileged@29 (line 807)
                      ; - java.security.AccessController::doPrivileged@13 (line 712)
                      ; - java.net.URLClassLoader::findClass@13 (line 420)
                      ; - org.gradle.internal.classloader.VisitableURLClassLoader$InstrumentingVisitableURLClassLoader::findClass@10 (line 189)
  0x000002c4d1a02588: 7443 41ff | 488b cd48 | 8d94 2440 | 0100 004d | 8bc7 c5f8 | 7749 ba60 | 8fec cefb | 7f00 0041 
  0x000002c4d1a025a8: ffd2 e919 | dbff ffba | 45ff ffff | 488b ac24 | 8000 0000 | 4c8b 5424 | 304c 8954 | 2428 4c8b 
  0x000002c4d1a025c8: 5424 604c | 8954 2430 | 4c8b 5424 | 784c 8954 | 2440 4c8b | 5424 584c | 8954 2448 | 4c8b 5424 
  0x000002c4d1a025e8: 784c 8954 | 2450 4889 | 8424 c800 | 0000 899c | 24d4 0000 | 0089 bc24 | d800 0000 

  0x000002c4d1a02604: ;   {runtime_call UncommonTrapBlob}
  0x000002c4d1a02604: c5f8 77e8 

  0x000002c4d1a02608: ; ImmutableOopMap {rbp=Oop [40]=Oop [48]=Oop [64]=Oop [80]=Oop [104]=Oop [112]=NarrowOop [116]=NarrowOop [136]=Oop [144]=NarrowOop [148]=NarrowOop [200]=Oop [280]=Oop [288]=Oop }
                      ;*if_icmpne {reexecute=1 rethrow=0 return_oop=0}
                      ; - (reexecute) java.util.zip.ZipFile$Source::getEntryPos@104 (line 1800)
                      ; - java.util.zip.ZipFile::getInputStream@63 (line 372)
                      ; - java.util.jar.JarFile::getManifestFromReference@130 (line 432)
                      ; - java.util.jar.JarFile::getManifest@1 (line 406)
                      ; - java.util.jar.JarFile::maybeInstantiateVerifier@31 (line 725)
                      ; - java.util.jar.JarFile::ensureInitialization@1 (line 1031)
                      ; - java.util.jar.JavaUtilJarAccessImpl::ensureInitialization@1 (line 72)
                      ; - jdk.internal.loader.URLClassPath$JarLoader$2::getManifest@10 (line 885)
                      ; - java.net.URLClassLoader::defineClass@34 (line 491)
                      ; - java.net.URLClassLoader$1::run@43 (line 427)
                      ; - java.net.URLClassLoader$1::run@1 (line 421)
                      ; - java.security.AccessController::executePrivileged@29 (line 807)
                      ; - java.security.AccessController::doPrivileged@13 (line 712)
                      ; - java.net.URLClassLoader::findClass@13 (line 420)
                      ; - org.gradle.internal.classloader.VisitableURLClassLoader$InstrumentingVisitableURLClassLoader::findClass@10 (line 189)
  0x000002c4d1a02608: f442 41ff | ba45 ffff | ff48 8bac | 2480 0000 | 004c 8b54 | 2430 4c89 | 5424 284c | 8b54 2460 
  0x000002c4d1a02628: 4c89 5424 | 304c 8b54 | 2478 4c89 | 5424 404c | 8b54 2458 | 4c89 5424 | 484c 8b54 | 2478 4c89 
  0x000002c4d1a02648: 5424 5044 | 89b4 24c4 | 0000 0089 | bc24 d000 | 0000 4889 | 8424 d800 | 0000 4489 | 8c24 e000 
  0x000002c4d1a02668: 0000 898c | 24e4 0000 | 0066 6690 

  0x000002c4d1a02674: ;   {runtime_call UncommonTrapBlob}
  0x000002c4d1a02674: c5f8 77e8 

  0x000002c4d1a02678: ; ImmutableOopMap {rbp=Oop [40]=Oop [48]=Oop [64]=Oop [80]=Oop [104]=Oop [112]=NarrowOop [116]=NarrowOop [136]=Oop [144]=NarrowOop [148]=NarrowOop [216]=Oop [280]=Oop [288]=Oop }
                      ;*if_icmpne {reexecute=1 rethrow=0 return_oop=0}
                      ; - (reexecute) java.lang.String::equals@33 (line 1830)
                      ; - java.util.zip.ZipFile$Source::getEntryPos@110 (line 1800)
                      ; - java.util.zip.ZipFile::getInputStream@63 (line 372)
                      ; - java.util.jar.JarFile::getManifestFromReference@130 (line 432)
                      ; - java.util.jar.JarFile::getManifest@1 (line 406)
                      ; - java.util.jar.JarFile::maybeInstantiateVerifier@31 (line 725)
                      ; - java.util.jar.JarFile::ensureInitialization@1 (line 1031)
                      ; - java.util.jar.JavaUtilJarAccessImpl::ensureInitialization@1 (line 72)
                      ; - jdk.internal.loader.URLClassPath$JarLoader$2::getManifest@10 (line 885)
                      ; - java.net.URLClassLoader::defineClass@34 (line 491)
                      ; - java.net.URLClassLoader$1::run@43 (line 427)
                      ; - java.net.URLClassLoader$1::run@1 (line 421)
                      ; - java.security.AccessController::executePrivileged@29 (line 807)
                      ; - java.security.AccessController::doPrivileged@13 (line 712)
                      ; - java.net.URLClassLoader::findClass@13 (line 420)
                      ; - org.gradle.internal.classloader.VisitableURLClassLoader$InstrumentingVisitableURLClassLoader::findClass@10 (line 189)
  0x000002c4d1a02678: 8442 41ff | bade ffff | ff4c 8b54 | 2460 4c89 | 5424 384c | 8b94 2480 | 0000 004c | 8954 2440 
  0x000002c4d1a02698: 4c8b 5424 | 784c 8954 | 2448 4c8b | 5424 584c | 8954 2450 | 4c8b 5424 | 784c 8954 | 2458 4c8b 
  0x000002c4d1a026b8: 9424 8000 | 0000 4c89 | 5424 6048 | 899c 2490 | 0000 0090 

  0x000002c4d1a026cc: ;   {runtime_call UncommonTrapBlob}
  0x000002c4d1a026cc: c5f8 77e8 

  0x000002c4d1a026d0: ; ImmutableOopMap {rbp=NarrowOop [48]=Oop [56]=Oop [64]=Oop [72]=Oop [88]=Oop [96]=Oop [104]=Oop [112]=NarrowOop [144]=Oop [280]=Oop [288]=Oop }
                      ;*checkcast {reexecute=0 rethrow=0 return_oop=0}
                      ; - java.util.jar.JarFile::getManifestFromReference@14 (line 410)
                      ; - java.util.jar.JarFile::getManifest@1 (line 406)
                      ; - java.util.jar.JarFile::maybeInstantiateVerifier@31 (line 725)
                      ; - java.util.jar.JarFile::ensureInitialization@1 (line 1031)
                      ; - java.util.jar.JavaUtilJarAccessImpl::ensureInitialization@1 (line 72)
                      ; - jdk.internal.loader.URLClassPath$JarLoader$2::getManifest@10 (line 885)
                      ; - java.net.URLClassLoader::defineClass@34 (line 491)
                      ; - java.net.URLClassLoader$1::run@43 (line 427)
                      ; - java.net.URLClassLoader$1::run@1 (line 421)
                      ; - java.security.AccessController::executePrivileged@29 (line 807)
                      ; - java.security.AccessController::doPrivileged@13 (line 712)
                      ; - java.net.URLClassLoader::findClass@13 (line 420)
                      ; - org.gradle.internal.classloader.VisitableURLClassLoader$InstrumentingVisitableURLClassLoader::findClass@10 (line 189)
  0x000002c4d1a026d0: 2c42 41ff | baf6 ffff | ff48 8bac | 2480 0000 | 0066 6690 

  0x000002c4d1a026e4: ;   {runtime_call UncommonTrapBlob}
  0x000002c4d1a026e4: c5f8 77e8 

  0x000002c4d1a026e8: ; ImmutableOopMap {rbp=Oop [40]=Oop }
                      ;*invokevirtual enterClassLoadingScope {reexecute=0 rethrow=0 return_oop=0}
                      ; - org.gradle.internal.classloader.VisitableURLClassLoader$InstrumentingVisitableURLClassLoader::findClass@5 (line 186)
  0x000002c4d1a026e8: 1442 41ff | baf6 ffff | ff48 8bac | 2480 0000 | 0066 6690 

  0x000002c4d1a026fc: ;   {runtime_call UncommonTrapBlob}
  0x000002c4d1a026fc: c5f8 77e8 

  0x000002c4d1a02700: ; ImmutableOopMap {rbp=Oop [40]=Oop }
                      ;*invokevirtual get {reexecute=0 rethrow=0 return_oop=0}
                      ; - org.gradle.internal.classloader.TransformErrorHandler::getLastErrorAndClear@4 (line 126)
                      ; - org.gradle.internal.classloader.TransformErrorHandler::enterClassLoadingScope@1 (line 68)
                      ; - org.gradle.internal.classloader.VisitableURLClassLoader$InstrumentingVisitableURLClassLoader::findClass@5 (line 186)
  0x000002c4d1a02700: fc41 41ff | baf6 ffff | ff66 6690 

  0x000002c4d1a0270c: ;   {runtime_call UncommonTrapBlob}
  0x000002c4d1a0270c: c5f8 77e8 

  0x000002c4d1a02710: ; ImmutableOopMap {[40]=Oop [128]=Oop }
                      ;*invokevirtual remove {reexecute=0 rethrow=0 return_oop=0}
                      ; - org.gradle.internal.classloader.TransformErrorHandler::getLastErrorAndClear@15 (line 127)
                      ; - org.gradle.internal.classloader.TransformErrorHandler::enterClassLoadingScope@1 (line 68)
                      ; - org.gradle.internal.classloader.VisitableURLClassLoader$InstrumentingVisitableURLClassLoader::findClass@5 (line 186)
  0x000002c4d1a02710: ec41 41ff | baf6 ffff | ff66 6690 

  0x000002c4d1a0271c: ;   {runtime_call UncommonTrapBlob}
  0x000002c4d1a0271c: c5f8 77e8 

  0x000002c4d1a02720: ; ImmutableOopMap {[40]=Oop [128]=Oop }
                      ;*arraylength {reexecute=0 rethrow=0 return_oop=0}
                      ; - java.lang.ThreadLocal$ThreadLocalMap::remove@6 (line 509)
                      ; - java.lang.ThreadLocal::remove@14 (line 242)
                      ; - org.gradle.internal.classloader.TransformErrorHandler::getLastErrorAndClear@15 (line 127)
                      ; - org.gradle.internal.classloader.TransformErrorHandler::enterClassLoadingScope@1 (line 68)
                      ; - org.gradle.internal.classloader.VisitableURLClassLoader$InstrumentingVisitableURLClassLoader::findClass@5 (line 186)
  0x000002c4d1a02720: dc41 41ff | baf6 ffff | ff48 895c | 2428 4c89 | 6c24 3090 

  0x000002c4d1a02734: ;   {runtime_call UncommonTrapBlob}
  0x000002c4d1a02734: c5f8 77e8 

  0x000002c4d1a02738: ; ImmutableOopMap {[40]=Oop [48]=Oop [128]=Oop }
                      ;*invokevirtual replace {reexecute=0 rethrow=0 return_oop=0}
                      ; - java.net.URLClassLoader$1::run@8 (line 423)
                      ; - java.net.URLClassLoader$1::run@1 (line 421)
                      ; - java.security.AccessController::executePrivileged@29 (line 807)
                      ; - java.security.AccessController::doPrivileged@13 (line 712)
                      ; - java.net.URLClassLoader::findClass@13 (line 420)
                      ; - org.gradle.internal.classloader.VisitableURLClassLoader$InstrumentingVisitableURLClassLoader::findClass@10 (line 189)
  0x000002c4d1a02738: c441 41ff | baf6 ffff | ff48 895c | 2428 4c89 | 6c24 3090 

  0x000002c4d1a0274c: ;   {runtime_call UncommonTrapBlob}
  0x000002c4d1a0274c: c5f8 77e8 

  0x000002c4d1a02750: ; ImmutableOopMap {[40]=Oop [48]=Oop [128]=Oop }
                      ;*arraylength {reexecute=0 rethrow=0 return_oop=0}
                      ; - java.lang.StringLatin1::replace@8 (line 304)
                      ; - java.lang.String::replace@18 (line 2808)
                      ; - java.net.URLClassLoader$1::run@8 (line 423)
                      ; - java.net.URLClassLoader$1::run@1 (line 421)
                      ; - java.security.AccessController::executePrivileged@29 (line 807)
                      ; - java.security.AccessController::doPrivileged@13 (line 712)
                      ; - java.net.URLClassLoader::findClass@13 (line 420)
                      ; - org.gradle.internal.classloader.VisitableURLClassLoader$InstrumentingVisitableURLClassLoader::findClass@10 (line 189)
  0x000002c4d1a02750: ac41 41ff | baf6 ffff | ff48 8bac | 2480 0000 | 0066 6690 

  0x000002c4d1a02764: ;   {runtime_call UncommonTrapBlob}
  0x000002c4d1a02764: c5f8 77e8 

  0x000002c4d1a02768: ; ImmutableOopMap {rbp=Oop [40]=Oop }
                      ;*arraylength {reexecute=0 rethrow=0 return_oop=0}
                      ; - java.lang.ThreadLocal$ThreadLocalMap::getEntry@8 (line 434)
                      ; - java.lang.ThreadLocal::get@16 (line 165)
                      ; - org.gradle.internal.classloader.TransformErrorHandler::getLastErrorAndClear@4 (line 126)
                      ; - org.gradle.internal.classloader.TransformErrorHandler::enterClassLoadingScope@1 (line 68)
                      ; - org.gradle.internal.classloader.VisitableURLClassLoader$InstrumentingVisitableURLClassLoader::findClass@5 (line 186)
  0x000002c4d1a02768: 9441 41ff | baf6 ffff | ff66 6690 

  0x000002c4d1a02774: ;   {runtime_call UncommonTrapBlob}
  0x000002c4d1a02774: c5f8 77e8 

  0x000002c4d1a02778: ; ImmutableOopMap {[40]=Oop [128]=Oop }
                      ;*arraylength {reexecute=0 rethrow=0 return_oop=0}
                      ; - java.lang.ThreadLocal$ThreadLocalMap::expungeStaleEntry@6 (line 606)
                      ; - java.lang.ThreadLocal$ThreadLocalMap::remove@46 (line 516)
                      ; - java.lang.ThreadLocal::remove@14 (line 242)
                      ; - org.gradle.internal.classloader.TransformErrorHandler::getLastErrorAndClear@15 (line 127)
                      ; - org.gradle.internal.classloader.TransformErrorHandler::enterClassLoadingScope@1 (line 68)
                      ; - org.gradle.internal.classloader.VisitableURLClassLoader$InstrumentingVisitableURLClassLoader::findClass@5 (line 186)
  0x000002c4d1a02778: 8441 41ff | baf4 ffff | ff4c 8b54 | 2448 4c89 | 5424 3044 | 8b54 2450 | 4489 5424 | 3844 8b54 
  0x000002c4d1a02798: 2454 4489 | 5424 3c44 | 8974 2440 | 4c89 6c24 | 5066 6690 

  0x000002c4d1a027ac: ;   {runtime_call UncommonTrapBlob}
  0x000002c4d1a027ac: c5f8 77e8 

  0x000002c4d1a027b0: ; ImmutableOopMap {[40]=Oop [48]=Oop [60]=NarrowOop [64]=NarrowOop [80]=Oop [96]=NarrowOop [128]=Oop }
                      ;*checkcast {reexecute=0 rethrow=0 return_oop=0}
                      ; - java.lang.ThreadLocal$ThreadLocalMap::expungeStaleEntry@51 (line 619)
                      ; - java.lang.ThreadLocal$ThreadLocalMap::remove@46 (line 516)
                      ; - java.lang.ThreadLocal::remove@14 (line 242)
                      ; - org.gradle.internal.classloader.TransformErrorHandler::getLastErrorAndClear@15 (line 127)
                      ; - org.gradle.internal.classloader.TransformErrorHandler::enterClassLoadingScope@1 (line 68)
                      ; - org.gradle.internal.classloader.VisitableURLClassLoader$InstrumentingVisitableURLClassLoader::findClass@5 (line 186)
  0x000002c4d1a027b0: 4c41 41ff | baf6 ffff | ff48 8bac | 2480 0000 | 0066 6690 

  0x000002c4d1a027c4: ;   {runtime_call UncommonTrapBlob}
  0x000002c4d1a027c4: c5f8 77e8 

  0x000002c4d1a027c8: ; ImmutableOopMap {rbp=Oop [40]=Oop }
                      ;*arraylength {reexecute=0 rethrow=0 return_oop=0}
                      ; - java.lang.ThreadLocal$ThreadLocalMap::getEntryAfterMiss@8 (line 453)
                      ; - java.lang.ThreadLocal$ThreadLocalMap::getEntry@38 (line 439)
                      ; - java.lang.ThreadLocal::get@16 (line 165)
                      ; - org.gradle.internal.classloader.TransformErrorHandler::getLastErrorAndClear@4 (line 126)
                      ; - org.gradle.internal.classloader.TransformErrorHandler::enterClassLoadingScope@1 (line 68)
                      ; - org.gradle.internal.classloader.VisitableURLClassLoader$InstrumentingVisitableURLClassLoader::findClass@5 (line 186)
  0x000002c4d1a027c8: 3441 41ff | baf6 ffff | ff4c 8954 | 2420 4c8b | 5424 304c | 8954 2428 | 4c8b 5424 | 604c 8954 
  0x000002c4d1a027e8: 2430 4889 | 4424 5090 

  0x000002c4d1a027f0: ;   {runtime_call UncommonTrapBlob}
  0x000002c4d1a027f0: c5f8 77e8 

  0x000002c4d1a027f4: ; ImmutableOopMap {[32]=Oop [40]=Oop [48]=Oop [128]=Oop }
                      ;*arraylength {reexecute=0 rethrow=0 return_oop=0}
                      ; - java.lang.String::length@4 (line 1481)
                      ; - java.lang.String::lastIndexOf@3 (line 2451)
                      ; - java.net.URLClassLoader::defineClass@7 (line 486)
                      ; - java.net.URLClassLoader$1::run@43 (line 427)
                      ; - java.net.URLClassLoader$1::run@1 (line 421)
                      ; - java.security.AccessController::executePrivileged@29 (line 807)
                      ; - java.security.AccessController::doPrivileged@13 (line 712)
                      ; - java.net.URLClassLoader::findClass@13 (line 420)
                      ; - org.gradle.internal.classloader.VisitableURLClassLoader$InstrumentingVisitableURLClassLoader::findClass@10 (line 189)
  0x000002c4d1a027f4: 0841 41ff | baf6 ffff | ff4c 8b54 | 2430 4c89 | 5424 284c | 8b54 2440 | 4c89 5424 | 3066 6690 
  0x000002c4d1a02814: ;   {runtime_call UncommonTrapBlob}
  0x000002c4d1a02814: c5f8 77e8 

  0x000002c4d1a02818: ; ImmutableOopMap {[40]=Oop [48]=Oop [96]=Oop [120]=Oop [128]=Oop }
                      ;*arraylength {reexecute=0 rethrow=0 return_oop=0}
                      ; - java.net.URLClassLoader::defineClass@217 (line 524)
                      ; - java.net.URLClassLoader$1::run@43 (line 427)
                      ; - java.net.URLClassLoader$1::run@1 (line 421)
                      ; - java.security.AccessController::executePrivileged@29 (line 807)
                      ; - java.security.AccessController::doPrivileged@13 (line 712)
                      ; - java.net.URLClassLoader::findClass@13 (line 420)
                      ; - org.gradle.internal.classloader.VisitableURLClassLoader$InstrumentingVisitableURLClassLoader::findClass@10 (line 189)
  0x000002c4d1a02818: e440 41ff | baf6 ffff | ff4c 8b54 | 2430 4c89 | 5424 284c | 8b54 2460 | 4c89 5424 | 484c 8b54 
  0x000002c4d1a02838: 2458 4c89 | 5424 5090 

  0x000002c4d1a02840: ;   {runtime_call UncommonTrapBlob}
  0x000002c4d1a02840: c5f8 77e8 

  0x000002c4d1a02844: ; ImmutableOopMap {[40]=Oop [72]=Oop [120]=Oop [128]=Oop [280]=Oop }
                      ;*arraylength {reexecute=0 rethrow=0 return_oop=0}
                      ; - java.lang.String::length@4 (line 1481)
                      ; - java.lang.String::substring@1 (line 2708)
                      ; - java.net.URLClassLoader::defineClass@28 (line 489)
                      ; - java.net.URLClassLoader$1::run@43 (line 427)
                      ; - java.net.URLClassLoader$1::run@1 (line 421)
                      ; - java.security.AccessController::executePrivileged@29 (line 807)
                      ; - java.security.AccessController::doPrivileged@13 (line 712)
                      ; - java.net.URLClassLoader::findClass@13 (line 420)
                      ; - org.gradle.internal.classloader.VisitableURLClassLoader$InstrumentingVisitableURLClassLoader::findClass@10 (line 189)
  0x000002c4d1a02844: b840 41ff | baf6 ffff | ff4c 8b54 | 2478 4c89 | 5424 284c | 8b54 2460 | 4c89 5424 | 384c 8b54 
  0x000002c4d1a02864: 2458 4c89 | 5424 5044 | 895c 2458 

  0x000002c4d1a02870: ;   {runtime_call UncommonTrapBlob}
  0x000002c4d1a02870: c5f8 77e8 

  0x000002c4d1a02874: ; ImmutableOopMap {rbp=Oop [40]=Oop [48]=Oop [56]=Oop [128]=Oop }
                      ;*getfield csu {reexecute=1 rethrow=0 return_oop=0}
                      ; - (reexecute) jdk.internal.loader.URLClassPath$JarLoader$2::getCodeSourceURL@4 (line 879)
                      ; - java.net.URLClassLoader::defineClass@13 (line 487)
                      ; - java.net.URLClassLoader$1::run@43 (line 427)
                      ; - java.net.URLClassLoader$1::run@1 (line 421)
                      ; - java.security.AccessController::executePrivileged@29 (line 807)
                      ; - java.security.AccessController::doPrivileged@13 (line 712)
                      ; - java.net.URLClassLoader::findClass@13 (line 420)
                      ; - org.gradle.internal.classloader.VisitableURLClassLoader$InstrumentingVisitableURLClassLoader::findClass@10 (line 189)
  0x000002c4d1a02874: 8840 41ff | baf6 ffff | ff4c 8b54 | 2430 4c89 | 5424 284c | 8b54 2460 | 4c89 5424 | 304c 8b54 
  0x000002c4d1a02894: 2458 4c89 | 5424 4848 | 897c 2460 

  0x000002c4d1a028a0: ;   {runtime_call UncommonTrapBlob}
  0x000002c4d1a028a0: c5f8 77e8 

  0x000002c4d1a028a4: ; ImmutableOopMap {[40]=Oop [48]=Oop [96]=Oop [120]=Oop [128]=Oop [280]=Oop [288]=Oop }
                      ;*getfield jar {reexecute=1 rethrow=0 return_oop=0}
                      ; - (reexecute) jdk.internal.loader.URLClassPath$JarLoader$2::getManifest@7 (line 885)
                      ; - java.net.URLClassLoader::defineClass@34 (line 491)
                      ; - java.net.URLClassLoader$1::run@43 (line 427)
                      ; - java.net.URLClassLoader$1::run@1 (line 421)
                      ; - java.security.AccessController::executePrivileged@29 (line 807)
                      ; - java.security.AccessController::doPrivileged@13 (line 712)
                      ; - java.net.URLClassLoader::findClass@13 (line 420)
                      ; - org.gradle.internal.classloader.VisitableURLClassLoader$InstrumentingVisitableURLClassLoader::findClass@10 (line 189)
  0x000002c4d1a028a4: 5840 41ff | baf6 ffff | ff4c 8b54 | 2430 4c89 | 5424 284c | 8b54 2460 | 4c89 5424 | 304c 8b54 
  0x000002c4d1a028c4: 2458 4c89 | 5424 4848 | 897c 2460 

  0x000002c4d1a028d0: ;   {runtime_call UncommonTrapBlob}
  0x000002c4d1a028d0: c5f8 77e8 

  0x000002c4d1a028d4: ; ImmutableOopMap {[40]=Oop [48]=Oop [96]=Oop [120]=Oop [128]=Oop [280]=Oop [288]=Oop }
                      ;*invokevirtual ensureInitialization {reexecute=0 rethrow=0 return_oop=0}
                      ; - java.util.jar.JavaUtilJarAccessImpl::ensureInitialization@1 (line 72)
                      ; - jdk.internal.loader.URLClassPath$JarLoader$2::getManifest@10 (line 885)
                      ; - java.net.URLClassLoader::defineClass@34 (line 491)
                      ; - java.net.URLClassLoader$1::run@43 (line 427)
                      ; - java.net.URLClassLoader$1::run@1 (line 421)
                      ; - java.security.AccessController::executePrivileged@29 (line 807)
                      ; - java.security.AccessController::doPrivileged@13 (line 712)
                      ; - java.net.URLClassLoader::findClass@13 (line 420)
                      ; - org.gradle.internal.classloader.VisitableURLClassLoader$InstrumentingVisitableURLClassLoader::findClass@10 (line 189)
  0x000002c4d1a028d4: 2840 41ff | baf6 ffff | ff4c 8b54 | 2430 4c89 | 5424 284c | 8b54 2460 | 4c89 5424 | 304c 8b54 
  0x000002c4d1a028f4: 2458 4c89 | 5424 4848 | 897c 2460 

  0x000002c4d1a02900: ;   {runtime_call UncommonTrapBlob}
  0x000002c4d1a02900: c5f8 77e8 

  0x000002c4d1a02904: ; ImmutableOopMap {[40]=Oop [48]=Oop [96]=Oop [120]=Oop [128]=Oop [280]=Oop [288]=Oop }
                      ;*getfield jar {reexecute=1 rethrow=0 return_oop=0}
                      ; - (reexecute) jdk.internal.loader.URLClassPath$JarLoader$2::getManifest@19 (line 886)
                      ; - java.net.URLClassLoader::defineClass@34 (line 491)
                      ; - java.net.URLClassLoader$1::run@43 (line 427)
                      ; - java.net.URLClassLoader$1::run@1 (line 421)
                      ; - java.security.AccessController::executePrivileged@29 (line 807)
                      ; - java.security.AccessController::doPrivileged@13 (line 712)
                      ; - java.net.URLClassLoader::findClass@13 (line 420)
                      ; - org.gradle.internal.classloader.VisitableURLClassLoader$InstrumentingVisitableURLClassLoader::findClass@10 (line 189)
  0x000002c4d1a02904: f83f 41ff | baf6 ffff | ff4c 8b54 | 2430 4c89 | 5424 284c | 8b54 2460 | 4c89 5424 | 304c 8b54 
  0x000002c4d1a02924: 2458 4c89 | 5424 4848 | 897c 2460 

  0x000002c4d1a02930: ;   {runtime_call UncommonTrapBlob}
  0x000002c4d1a02930: c5f8 77e8 

  0x000002c4d1a02934: ; ImmutableOopMap {[40]=Oop [48]=Oop [96]=Oop [120]=Oop [128]=Oop [280]=Oop [288]=Oop }
                      ;*invokevirtual getManifest {reexecute=0 rethrow=0 return_oop=0}
                      ; - jdk.internal.loader.URLClassPath$JarLoader$2::getManifest@22 (line 886)
                      ; - java.net.URLClassLoader::defineClass@34 (line 491)
                      ; - java.net.URLClassLoader$1::run@43 (line 427)
                      ; - java.net.URLClassLoader$1::run@1 (line 421)
                      ; - java.security.AccessController::executePrivileged@29 (line 807)
                      ; - java.security.AccessController::doPrivileged@13 (line 712)
                      ; - java.net.URLClassLoader::findClass@13 (line 420)
                      ; - org.gradle.internal.classloader.VisitableURLClassLoader$InstrumentingVisitableURLClassLoader::findClass@10 (line 189)
  0x000002c4d1a02934: c83f 41ff | ba45 ffff | ff4c 894c | 2430 4889 | 4c24 3889 | 5c24 4890 

  0x000002c4d1a0294c: ;   {runtime_call UncommonTrapBlob}
  0x000002c4d1a0294c: c5f8 77e8 

  0x000002c4d1a02950: ; ImmutableOopMap {[40]=Oop [48]=Oop [56]=Oop [72]=NarrowOop [84]=NarrowOop [128]=Oop }
                      ;*ifnull {reexecute=1 rethrow=0 return_oop=0}
                      ; - (reexecute) java.lang.ThreadLocal::remove@9 (line 241)
                      ; - org.gradle.internal.classloader.TransformErrorHandler::getLastErrorAndClear@15 (line 127)
                      ; - org.gradle.internal.classloader.TransformErrorHandler::enterClassLoadingScope@1 (line 68)
                      ; - org.gradle.internal.classloader.VisitableURLClassLoader$InstrumentingVisitableURLClassLoader::findClass@5 (line 186)
  0x000002c4d1a02950: ac3f 41ff | baf6 ffff | ff48 8bac | 2480 0000 | 0066 6690 

  0x000002c4d1a02964: ;   {runtime_call UncommonTrapBlob}
  0x000002c4d1a02964: c5f8 77e8 

  0x000002c4d1a02968: ; ImmutableOopMap {rbp=Oop [40]=Oop }
                      ;*arraylength {reexecute=0 rethrow=0 return_oop=0}
                      ; - java.lang.ThreadLocal$ThreadLocalMap::set@6 (line 481)
                      ; - java.lang.ThreadLocal::setInitialValue@22 (line 199)
                      ; - java.lang.ThreadLocal::get@34 (line 172)
                      ; - org.gradle.internal.classloader.TransformErrorHandler::getLastErrorAndClear@4 (line 126)
                      ; - org.gradle.internal.classloader.TransformErrorHandler::enterClassLoadingScope@1 (line 68)
                      ; - org.gradle.internal.classloader.VisitableURLClassLoader$InstrumentingVisitableURLClassLoader::findClass@5 (line 186)
  0x000002c4d1a02968: 943f 41ff | ba45 ffff | ff48 8bac | 2480 0000 | 004c 8b54 | 2430 4c89 | 5424 284c | 8b54 2460 
  0x000002c4d1a02988: 4c89 5424 | 304c 8b54 | 2478 4c89 | 5424 404c | 8b54 2458 | 4c89 5424 | 484c 8b54 | 2478 4c89 
  0x000002c4d1a029a8: 5424 5048 | 897c 2478 | 4489 9c24 | 8400 0000 

  0x000002c4d1a029b8: ;   {runtime_call UncommonTrapBlob}
  0x000002c4d1a029b8: c5f8 77e8 

  0x000002c4d1a029bc: ; ImmutableOopMap {rbp=Oop [40]=Oop [48]=Oop [64]=Oop [80]=Oop [120]=Oop [132]=NarrowOop [280]=Oop [288]=Oop }
                      ;*ifnonnull {reexecute=1 rethrow=0 return_oop=0}
                      ; - (reexecute) jdk.internal.access.SharedSecrets::javaUtilJarAccess@5 (line 104)
                      ; - jdk.internal.loader.URLClassPath$JarLoader$2::getManifest@0 (line 885)
                      ; - java.net.URLClassLoader::defineClass@34 (line 491)
                      ; - java.net.URLClassLoader$1::run@43 (line 427)
                      ; - java.net.URLClassLoader$1::run@1 (line 421)
                      ; - java.security.AccessController::executePrivileged@29 (line 807)
                      ; - java.security.AccessController::doPrivileged@13 (line 712)
                      ; - java.net.URLClassLoader::findClass@13 (line 420)
                      ; - org.gradle.internal.classloader.VisitableURLClassLoader$InstrumentingVisitableURLClassLoader::findClass@10 (line 189)
  0x000002c4d1a029bc: 403f 41ff | baf6 ffff | ff66 6690 

  0x000002c4d1a029c8: ;   {runtime_call UncommonTrapBlob}
  0x000002c4d1a029c8: c5f8 77e8 

  0x000002c4d1a029cc: ; ImmutableOopMap {[40]=Oop [128]=Oop }
                      ;*arraylength {reexecute=0 rethrow=0 return_oop=0}
                      ; - java.lang.ThreadLocal$ThreadLocalMap::cleanSomeSlots@10 (line 667)
                      ; - java.lang.ThreadLocal$ThreadLocalMap::set@113 (line 500)
                      ; - java.lang.ThreadLocal::setInitialValue@22 (line 199)
                      ; - java.lang.ThreadLocal::get@34 (line 172)
                      ; - org.gradle.internal.classloader.TransformErrorHandler::getLastErrorAndClear@4 (line 126)
                      ; - org.gradle.internal.classloader.TransformErrorHandler::enterClassLoadingScope@1 (line 68)
                      ; - org.gradle.internal.classloader.VisitableURLClassLoader$InstrumentingVisitableURLClassLoader::findClass@5 (line 186)
  0x000002c4d1a029cc: 303f 41ff | eb0a eb08 | eb06 eb04 | eb02 eb00 | 488b d0e9 | 2095 ffff | ba45 ffff | ff4c 8b54 
  0x000002c4d1a029ec: 2460 4c89 | 5424 384c | 8b94 2480 | 0000 004c | 8954 2440 | 4c8b 5424 | 784c 8954 | 2448 4c8b 
  0x000002c4d1a02a0c: 5424 584c | 8954 2450 | 4c8b 5424 | 784c 8954 | 2458 4c8b | 9424 8000 | 0000 4c89 | 5424 6048 
  0x000002c4d1a02a2c: 899c 2490 | 0000 0044 | 8984 2498 | 0000 0090 

  0x000002c4d1a02a3c: ;   {runtime_call UncommonTrapBlob}
  0x000002c4d1a02a3c: c5f8 77e8 

  0x000002c4d1a02a40: ; ImmutableOopMap {rbp=NarrowOop [48]=Oop [56]=Oop [64]=Oop [72]=Oop [88]=Oop [96]=Oop [104]=Oop [112]=NarrowOop [144]=Oop [152]=NarrowOop [280]=Oop [288]=Oop }
                      ;*ifnull {reexecute=1 rethrow=0 return_oop=0}
                      ; - (reexecute) java.lang.ref.SoftReference::get@6 (line 113)
                      ; - java.util.jar.JarFile::getManifestFromReference@11 (line 410)
                      ; - java.util.jar.JarFile::getManifest@1 (line 406)
                      ; - java.util.jar.JarFile::maybeInstantiateVerifier@31 (line 725)
                      ; - java.util.jar.JarFile::ensureInitialization@1 (line 1031)
                      ; - java.util.jar.JavaUtilJarAccessImpl::ensureInitialization@1 (line 72)
                      ; - jdk.internal.loader.URLClassPath$JarLoader$2::getManifest@10 (line 885)
                      ; - java.net.URLClassLoader::defineClass@34 (line 491)
                      ; - java.net.URLClassLoader$1::run@43 (line 427)
                      ; - java.net.URLClassLoader$1::run@1 (line 421)
                      ; - java.security.AccessController::executePrivileged@29 (line 807)
                      ; - java.security.AccessController::doPrivileged@13 (line 712)
                      ; - java.net.URLClassLoader::findClass@13 (line 420)
                      ; - org.gradle.internal.classloader.VisitableURLClassLoader$InstrumentingVisitableURLClassLoader::findClass@10 (line 189)
  0x000002c4d1a02a40: bc3e 41ff | baf4 ffff | ff66 6690 

  0x000002c4d1a02a4c: ;   {runtime_call UncommonTrapBlob}
  0x000002c4d1a02a4c: c5f8 77e8 

  0x000002c4d1a02a50: ; ImmutableOopMap {[128]=Oop }
                      ;*checkcast {reexecute=0 rethrow=0 return_oop=0}
                      ; - java.net.URLClassLoader::findClass@28 (line 442)
                      ; - org.gradle.internal.classloader.VisitableURLClassLoader$InstrumentingVisitableURLClassLoader::findClass@10 (line 189)
  0x000002c4d1a02a50: ac3e 41ff | baf6 ffff | ff48 8bac | 2480 0000 | 004c 8b5c | 2430 4c89 | 5c24 284c | 8b5c 2460 
  0x000002c4d1a02a70: 4c89 5c24 | 304c 8b5c | 2478 4c89 | 5c24 404c | 8b5c 2458 | 4c89 5c24 | 484c 8b5c | 2478 4c89 
  0x000002c4d1a02a90: 5c24 5048 | 899c 2490 | 0000 0044 | 8994 2498 | 0000 0090 

  0x000002c4d1a02aa4: ;   {runtime_call UncommonTrapBlob}
  0x000002c4d1a02aa4: c5f8 77e8 

  0x000002c4d1a02aa8: ; ImmutableOopMap {rbp=Oop [40]=Oop [48]=Oop [64]=Oop [80]=Oop [104]=Oop [112]=NarrowOop [144]=Oop [152]=NarrowOop [280]=Oop [288]=Oop }
                      ;*getfield zsrc {reexecute=1 rethrow=0 return_oop=0}
                      ; - (reexecute) java.util.zip.ZipFile::getInputStream@11 (line 365)
                      ; - java.util.jar.JarFile::getManifestFromReference@130 (line 432)
                      ; - java.util.jar.JarFile::getManifest@1 (line 406)
                      ; - java.util.jar.JarFile::maybeInstantiateVerifier@31 (line 725)
                      ; - java.util.jar.JarFile::ensureInitialization@1 (line 1031)
                      ; - java.util.jar.JavaUtilJarAccessImpl::ensureInitialization@1 (line 72)
                      ; - jdk.internal.loader.URLClassPath$JarLoader$2::getManifest@10 (line 885)
                      ; - java.net.URLClassLoader::defineClass@34 (line 491)
                      ; - java.net.URLClassLoader$1::run@43 (line 427)
                      ; - java.net.URLClassLoader$1::run@1 (line 421)
                      ; - java.security.AccessController::executePrivileged@29 (line 807)
                      ; - java.security.AccessController::doPrivileged@13 (line 712)
                      ; - java.net.URLClassLoader::findClass@13 (line 420)
                      ; - org.gradle.internal.classloader.VisitableURLClassLoader$InstrumentingVisitableURLClassLoader::findClass@10 (line 189)
  0x000002c4d1a02aa8: 543e 41ff | baf6 ffff | ff48 8bac | 2480 0000 | 004c 8b5c | 2430 4c89 | 5c24 284c | 8b5c 2460 
  0x000002c4d1a02ac8: 4c89 5c24 | 304c 8b5c | 2478 4c89 | 5c24 404c | 8b5c 2458 | 4c89 5c24 | 484c 8b5c | 2478 4c89 
  0x000002c4d1a02ae8: 5c24 5048 | 899c 2490 | 0000 0044 | 8994 2498 | 0000 0089 | 8c24 9c00 | 0000 4489 | 8c24 a000 
  0x000002c4d1a02b08: 0000 4889 | 9c24 a800 | 0000 6690 

  0x000002c4d1a02b14: ;   {runtime_call UncommonTrapBlob}
  0x000002c4d1a02b14: c5f8 77e8 

  0x000002c4d1a02b18: ; ImmutableOopMap {rbp=Oop [40]=Oop [48]=Oop [64]=Oop [80]=Oop [104]=Oop [112]=NarrowOop [144]=Oop [152]=NarrowOop [156]=NarrowOop [160]=NarrowOop [168]=Oop [280]=Oop [288]=Oop }
                      ;*getfield zsrc {reexecute=1 rethrow=0 return_oop=0}
                      ; - (reexecute) java.util.zip.ZipFile::ensureOpen@22 (line 841)
                      ; - java.util.zip.ZipFile::getInputStream@31 (line 368)
                      ; - java.util.jar.JarFile::getManifestFromReference@130 (line 432)
                      ; - java.util.jar.JarFile::getManifest@1 (line 406)
                      ; - java.util.jar.JarFile::maybeInstantiateVerifier@31 (line 725)
                      ; - java.util.jar.JarFile::ensureInitialization@1 (line 1031)
                      ; - java.util.jar.JavaUtilJarAccessImpl::ensureInitialization@1 (line 72)
                      ; - jdk.internal.loader.URLClassPath$JarLoader$2::getManifest@10 (line 885)
                      ; - java.net.URLClassLoader::defineClass@34 (line 491)
                      ; - java.net.URLClassLoader$1::run@43 (line 427)
                      ; - java.net.URLClassLoader$1::run@1 (line 421)
                      ; - java.security.AccessController::executePrivileged@29 (line 807)
                      ; - java.security.AccessController::doPrivileged@13 (line 712)
                      ; - java.net.URLClassLoader::findClass@13 (line 420)
                      ; - org.gradle.internal.classloader.VisitableURLClassLoader$InstrumentingVisitableURLClassLoader::findClass@10 (line 189)
  0x000002c4d1a02b18: e43d 41ff | baf6 ffff | ff48 8bac | 2480 0000 | 004c 8b54 | 2430 4c89 | 5424 284c | 8b54 2460 
  0x000002c4d1a02b38: 4c89 5424 | 304c 8b54 | 2478 4c89 | 5424 404c | 8b54 2458 | 4c89 5424 | 484c 8b54 | 2478 4c89 
  0x000002c4d1a02b58: 5424 5048 | 899c 2490 | 0000 0044 | 899c 2498 | 0000 0044 | 898c 249c | 0000 0048 | 899c 24a0 
  0x000002c4d1a02b78: 0000 004c | 8984 24b0 | 0000 0090 

  0x000002c4d1a02b84: ;   {runtime_call UncommonTrapBlob}
  0x000002c4d1a02b84: c5f8 77e8 

  0x000002c4d1a02b88: ; ImmutableOopMap {rbp=Oop [40]=Oop [48]=Oop [64]=Oop [80]=Oop [104]=Oop [112]=NarrowOop [144]=Oop [156]=NarrowOop [160]=Oop [176]=Oop [280]=Oop [288]=Oop }
                      ;*getfield cen {reexecute=1 rethrow=0 return_oop=0}
                      ; - (reexecute) java.util.zip.ZipFile::getInputStream@84 (line 377)
                      ; - java.util.jar.JarFile::getManifestFromReference@130 (line 432)
                      ; - java.util.jar.JarFile::getManifest@1 (line 406)
                      ; - java.util.jar.JarFile::maybeInstantiateVerifier@31 (line 725)
                      ; - java.util.jar.JarFile::ensureInitialization@1 (line 1031)
                      ; - java.util.jar.JavaUtilJarAccessImpl::ensureInitialization@1 (line 72)
                      ; - jdk.internal.loader.URLClassPath$JarLoader$2::getManifest@10 (line 885)
                      ; - java.net.URLClassLoader::defineClass@34 (line 491)
                      ; - java.net.URLClassLoader$1::run@43 (line 427)
                      ; - java.net.URLClassLoader$1::run@1 (line 421)
                      ; - java.security.AccessController::executePrivileged@29 (line 807)
                      ; - java.security.AccessController::doPrivileged@13 (line 712)
                      ; - java.net.URLClassLoader::findClass@13 (line 420)
                      ; - org.gradle.internal.classloader.VisitableURLClassLoader$InstrumentingVisitableURLClassLoader::findClass@10 (line 189)
  0x000002c4d1a02b88: 743d 41ff | baf6 ffff | ff48 8bac | 2480 0000 | 004c 8b54 | 2430 4c89 | 5424 284c | 8b54 2460 
  0x000002c4d1a02ba8: 4c89 5424 | 304c 8b54 | 2478 4c89 | 5424 404c | 8b54 2458 | 4c89 5424 | 484c 8b54 | 2478 4c89 
  0x000002c4d1a02bc8: 5424 504c | 8984 24a8 | 0000 004c | 8984 24b0 | 0000 0090 

  0x000002c4d1a02bdc: ;   {runtime_call UncommonTrapBlob}
  0x000002c4d1a02bdc: c5f8 77e8 

  0x000002c4d1a02be0: ; ImmutableOopMap {rbp=Oop [40]=Oop [48]=Oop [64]=Oop [80]=Oop [104]=Oop [112]=NarrowOop [116]=NarrowOop [144]=NarrowOop [152]=Oop [168]=Oop [176]=Oop [280]=Oop [288]=Oop }
                      ;*getfield zsrc {reexecute=1 rethrow=0 return_oop=0}
                      ; - (reexecute) java.util.zip.ZipFile$ZipFileInputStream::<init>@84 (line 873)
                      ; - java.util.zip.ZipFile::getInputStream@88 (line 377)
                      ; - java.util.jar.JarFile::getManifestFromReference@130 (line 432)
                      ; - java.util.jar.JarFile::getManifest@1 (line 406)
                      ; - java.util.jar.JarFile::maybeInstantiateVerifier@31 (line 725)
                      ; - java.util.jar.JarFile::ensureInitialization@1 (line 1031)
                      ; - java.util.jar.JavaUtilJarAccessImpl::ensureInitialization@1 (line 72)
                      ; - jdk.internal.loader.URLClassPath$JarLoader$2::getManifest@10 (line 885)
                      ; - java.net.URLClassLoader::defineClass@34 (line 491)
                      ; - java.net.URLClassLoader$1::run@43 (line 427)
                      ; - java.net.URLClassLoader$1::run@1 (line 421)
                      ; - java.security.AccessController::executePrivileged@29 (line 807)
                      ; - java.security.AccessController::doPrivileged@13 (line 712)
                      ; - java.net.URLClassLoader::findClass@13 (line 420)
                      ; - org.gradle.internal.classloader.VisitableURLClassLoader$InstrumentingVisitableURLClassLoader::findClass@10 (line 189)
  0x000002c4d1a02be0: 1c3d 41ff | baf6 ffff | ff48 8bac | 2480 0000 | 004c 8b54 | 2430 4c89 | 5424 284c | 8b54 2460 
  0x000002c4d1a02c00: 4c89 5424 | 304c 8b54 | 2478 4c89 | 5424 404c | 8b54 2458 | 4c89 5424 | 484c 8b54 | 2478 4c89 
  0x000002c4d1a02c20: 5424 504c | 8984 24a8 | 0000 004c | 8984 24b0 | 0000 0090 

  0x000002c4d1a02c34: ;   {runtime_call UncommonTrapBlob}
  0x000002c4d1a02c34: c5f8 77e8 

  0x000002c4d1a02c38: ; ImmutableOopMap {rbp=Oop [40]=Oop [48]=Oop [64]=Oop [80]=Oop [104]=Oop [112]=NarrowOop [116]=NarrowOop [144]=NarrowOop [152]=Oop [168]=Oop [176]=Oop [280]=Oop [288]=Oop }
                      ;*getfield locpos {reexecute=1 rethrow=0 return_oop=0}
                      ; - (reexecute) java.util.zip.ZipFile$ZipFileInputStream::<init>@87 (line 873)
                      ; - java.util.zip.ZipFile::getInputStream@88 (line 377)
                      ; - java.util.jar.JarFile::getManifestFromReference@130 (line 432)
                      ; - java.util.jar.JarFile::getManifest@1 (line 406)
                      ; - java.util.jar.JarFile::maybeInstantiateVerifier@31 (line 725)
                      ; - java.util.jar.JarFile::ensureInitialization@1 (line 1031)
                      ; - java.util.jar.JavaUtilJarAccessImpl::ensureInitialization@1 (line 72)
                      ; - jdk.internal.loader.URLClassPath$JarLoader$2::getManifest@10 (line 885)
                      ; - java.net.URLClassLoader::defineClass@34 (line 491)
                      ; - java.net.URLClassLoader$1::run@43 (line 427)
                      ; - java.net.URLClassLoader$1::run@1 (line 421)
                      ; - java.security.AccessController::executePrivileged@29 (line 807)
                      ; - java.security.AccessController::doPrivileged@13 (line 712)
                      ; - java.net.URLClassLoader::findClass@13 (line 420)
                      ; - org.gradle.internal.classloader.VisitableURLClassLoader$InstrumentingVisitableURLClassLoader::findClass@10 (line 189)
  0x000002c4d1a02c38: c43c 41ff | baf6 ffff | ff48 8bac | 2480 0000 | 004c 8b54 | 2430 4c89 | 5424 284c | 8b54 2460 
  0x000002c4d1a02c58: 4c89 5424 | 304c 8b54 | 2478 4c89 | 5424 404c | 8b54 2458 | 4c89 5424 | 484c 8b54 | 2478 4c89 
  0x000002c4d1a02c78: 5424 5044 | 8984 24a4 | 0000 0090 

  0x000002c4d1a02c84: ;   {runtime_call UncommonTrapBlob}
  0x000002c4d1a02c84: c5f8 77e8 

  0x000002c4d1a02c88: ; ImmutableOopMap {rbp=Oop [40]=Oop [48]=Oop [64]=Oop [80]=Oop [104]=Oop [112]=NarrowOop [116]=NarrowOop [136]=Oop [144]=NarrowOop [152]=Oop [280]=Oop [288]=Oop }
                      ;*baload {reexecute=0 rethrow=0 return_oop=0}
                      ; - java.util.zip.ZipUtils::SH@2 (line 203)
                      ; - java.util.zip.ZipUtils::CENHOW@5 (line 267)
                      ; - java.util.zip.ZipFile::getInputStream@98 (line 378)
                      ; - java.util.jar.JarFile::getManifestFromReference@130 (line 432)
                      ; - java.util.jar.JarFile::getManifest@1 (line 406)
                      ; - java.util.jar.JarFile::maybeInstantiateVerifier@31 (line 725)
                      ; - java.util.jar.JarFile::ensureInitialization@1 (line 1031)
                      ; - java.util.jar.JavaUtilJarAccessImpl::ensureInitialization@1 (line 72)
                      ; - jdk.internal.loader.URLClassPath$JarLoader$2::getManifest@10 (line 885)
                      ; - java.net.URLClassLoader::defineClass@34 (line 491)
                      ; - java.net.URLClassLoader$1::run@43 (line 427)
                      ; - java.net.URLClassLoader$1::run@1 (line 421)
                      ; - java.security.AccessController::executePrivileged@29 (line 807)
                      ; - java.security.AccessController::doPrivileged@13 (line 712)
                      ; - java.net.URLClassLoader::findClass@13 (line 420)
                      ; - org.gradle.internal.classloader.VisitableURLClassLoader$InstrumentingVisitableURLClassLoader::findClass@10 (line 189)
  0x000002c4d1a02c88: 743c 41ff | baf6 ffff | ff48 8bac | 2480 0000 | 004c 8b54 | 2430 4c89 | 5424 284c | 8b54 2460 
  0x000002c4d1a02ca8: 4c89 5424 | 304c 8b54 | 2478 4c89 | 5424 404c | 8b54 2458 | 4c89 5424 | 484c 8b54 | 2478 4c89 
  0x000002c4d1a02cc8: 5424 504c | 8b94 24a0 | 0000 004c | 8994 2498 | 0000 0090 

  0x000002c4d1a02cdc: ;   {runtime_call UncommonTrapBlob}
  0x000002c4d1a02cdc: c5f8 77e8 

  0x000002c4d1a02ce0: ; ImmutableOopMap {rbp=Oop [40]=Oop [48]=Oop [64]=Oop [80]=Oop [104]=Oop [112]=NarrowOop [136]=Oop [152]=Oop [280]=Oop [288]=Oop }
                      ;*monitorenter {reexecute=0 rethrow=0 return_oop=0}
                      ; - java.util.zip.ZipFile::getInputStream@226 (line 395)
                      ; - java.util.jar.JarFile::getManifestFromReference@130 (line 432)
                      ; - java.util.jar.JarFile::getManifest@1 (line 406)
                      ; - java.util.jar.JarFile::maybeInstantiateVerifier@31 (line 725)
                      ; - java.util.jar.JarFile::ensureInitialization@1 (line 1031)
                      ; - java.util.jar.JavaUtilJarAccessImpl::ensureInitialization@1 (line 72)
                      ; - jdk.internal.loader.URLClassPath$JarLoader$2::getManifest@10 (line 885)
                      ; - java.net.URLClassLoader::defineClass@34 (line 491)
                      ; - java.net.URLClassLoader$1::run@43 (line 427)
                      ; - java.net.URLClassLoader$1::run@1 (line 421)
                      ; - java.security.AccessController::executePrivileged@29 (line 807)
                      ; - java.security.AccessController::doPrivileged@13 (line 712)
                      ; - java.net.URLClassLoader::findClass@13 (line 420)
                      ; - org.gradle.internal.classloader.VisitableURLClassLoader$InstrumentingVisitableURLClassLoader::findClass@10 (line 189)
  0x000002c4d1a02ce0: 1c3c 41ff | baf6 ffff | ff48 8bac | 2480 0000 | 004c 8b5c | 2430 4c89 | 5c24 284c | 8b5c 2460 
  0x000002c4d1a02d00: 4c89 5c24 | 304c 8b5c | 2478 4c89 | 5c24 404c | 8b5c 2458 | 4c89 5c24 | 484c 8b5c | 2478 4c89 
  0x000002c4d1a02d20: 5c24 504c | 8994 24b8 | 0000 0090 

  0x000002c4d1a02d2c: ;   {runtime_call UncommonTrapBlob}
  0x000002c4d1a02d2c: c5f8 77e8 

  0x000002c4d1a02d30: ; ImmutableOopMap {rbp=Oop [40]=Oop [48]=Oop [64]=Oop [80]=Oop [104]=Oop [112]=NarrowOop [136]=Oop [160]=Oop [184]=Oop [280]=Oop [288]=Oop }
                      ;*invokeinterface put {reexecute=0 rethrow=0 return_oop=0}
                      ; - java.util.Collections$SetFromMap::add@8 (line 5686)
                      ; - java.util.zip.ZipFile::getInputStream@231 (line 396)
                      ; - java.util.jar.JarFile::getManifestFromReference@130 (line 432)
                      ; - java.util.jar.JarFile::getManifest@1 (line 406)
                      ; - java.util.jar.JarFile::maybeInstantiateVerifier@31 (line 725)
                      ; - java.util.jar.JarFile::ensureInitialization@1 (line 1031)
                      ; - java.util.jar.JavaUtilJarAccessImpl::ensureInitialization@1 (line 72)
                      ; - jdk.internal.loader.URLClassPath$JarLoader$2::getManifest@10 (line 885)
                      ; - java.net.URLClassLoader::defineClass@34 (line 491)
                      ; - java.net.URLClassLoader$1::run@43 (line 427)
                      ; - java.net.URLClassLoader$1::run@1 (line 421)
                      ; - java.security.AccessController::executePrivileged@29 (line 807)
                      ; - java.security.AccessController::doPrivileged@13 (line 712)
                      ; - java.net.URLClassLoader::findClass@13 (line 420)
                      ; - org.gradle.internal.classloader.VisitableURLClassLoader$InstrumentingVisitableURLClassLoader::findClass@10 (line 189)
  0x000002c4d1a02d30: cc3b 41ff | baf6 ffff | ff48 8bac | 2480 0000 | 004c 8b54 | 2430 4c89 | 5424 284c | 8b54 2460 
  0x000002c4d1a02d50: 4c89 5424 | 304c 8b54 | 2478 4c89 | 5424 404c | 8b54 2458 | 4c89 5424 | 484c 8b54 | 2478 4c89 
  0x000002c4d1a02d70: 5424 5090 

  0x000002c4d1a02d74: ;   {runtime_call UncommonTrapBlob}
  0x000002c4d1a02d74: c5f8 77e8 

  0x000002c4d1a02d78: ; ImmutableOopMap {rbp=Oop [40]=Oop [48]=Oop [64]=Oop [80]=Oop [104]=Oop [112]=NarrowOop [116]=NarrowOop [136]=Oop [144]=Oop [280]=Oop [288]=Oop }
                      ;*arraylength {reexecute=0 rethrow=0 return_oop=0}
                      ; - java.util.jar.JarFile::getBytes@125 (line 820)
                      ; - java.util.jar.JarFile::getManifestFromReference@44 (line 419)
                      ; - java.util.jar.JarFile::getManifest@1 (line 406)
                      ; - java.util.jar.JarFile::maybeInstantiateVerifier@31 (line 725)
                      ; - java.util.jar.JarFile::ensureInitialization@1 (line 1031)
                      ; - java.util.jar.JavaUtilJarAccessImpl::ensureInitialization@1 (line 72)
                      ; - jdk.internal.loader.URLClassPath$JarLoader$2::getManifest@10 (line 885)
                      ; - java.net.URLClassLoader::defineClass@34 (line 491)
                      ; - java.net.URLClassLoader$1::run@43 (line 427)
                      ; - java.net.URLClassLoader$1::run@1 (line 421)
                      ; - java.security.AccessController::executePrivileged@29 (line 807)
                      ; - java.security.AccessController::doPrivileged@13 (line 712)
                      ; - java.net.URLClassLoader::findClass@13 (line 420)
                      ; - org.gradle.internal.classloader.VisitableURLClassLoader$InstrumentingVisitableURLClassLoader::findClass@10 (line 189)
  0x000002c4d1a02d78: 843b 41ff | baf6 ffff | ff48 8bac | 2480 0000 | 004c 8b54 | 2430 4c89 | 5424 284c | 8b54 2460 
  0x000002c4d1a02d98: 4c89 5424 | 304c 8b54 | 2478 4c89 | 5424 404c | 8b54 2458 | 4c89 5424 | 484c 8b54 | 2478 4c89 
  0x000002c4d1a02db8: 5424 5090 

  0x000002c4d1a02dbc: ;   {runtime_call UncommonTrapBlob}
  0x000002c4d1a02dbc: c5f8 77e8 

  0x000002c4d1a02dc0: ; ImmutableOopMap {rbp=Oop [40]=Oop [48]=Oop [64]=Oop [80]=Oop [104]=Oop [112]=NarrowOop [116]=NarrowOop [136]=Oop [144]=NarrowOop [148]=NarrowOop [280]=Oop [288]=Oop }
                      ;*iaload {reexecute=0 rethrow=0 return_oop=0}
                      ; - java.util.zip.ZipFile$Source::getEntryHash@5 (line 1377)
                      ; - java.util.zip.ZipFile$Source::getEntryPos@39 (line 1787)
                      ; - java.util.zip.ZipFile::getInputStream@63 (line 372)
                      ; - java.util.jar.JarFile::getManifestFromReference@130 (line 432)
                      ; - java.util.jar.JarFile::getManifest@1 (line 406)
                      ; - java.util.jar.JarFile::maybeInstantiateVerifier@31 (line 725)
                      ; - java.util.jar.JarFile::ensureInitialization@1 (line 1031)
                      ; - java.util.jar.JavaUtilJarAccessImpl::ensureInitialization@1 (line 72)
                      ; - jdk.internal.loader.URLClassPath$JarLoader$2::getManifest@10 (line 885)
                      ; - java.net.URLClassLoader::defineClass@34 (line 491)
                      ; - java.net.URLClassLoader$1::run@43 (line 427)
                      ; - java.net.URLClassLoader$1::run@1 (line 421)
                      ; - java.security.AccessController::executePrivileged@29 (line 807)
                      ; - java.security.AccessController::doPrivileged@13 (line 712)
                      ; - java.net.URLClassLoader::findClass@13 (line 420)
                      ; - org.gradle.internal.classloader.VisitableURLClassLoader$InstrumentingVisitableURLClassLoader::findClass@10 (line 189)
  0x000002c4d1a02dc0: 3c3b 41ff | baf6 ffff | ff48 8bac | 2480 0000 | 004c 8b54 | 2430 4c89 | 5424 284c | 8b54 2460 
  0x000002c4d1a02de0: 4c89 5424 | 304c 8b54 | 2478 4c89 | 5424 404c | 8b54 2458 | 4c89 5424 | 484c 8b54 | 2478 4c89 
  0x000002c4d1a02e00: 5424 5044 | 8984 24bc | 0000 0090 

  0x000002c4d1a02e0c: ;   {runtime_call UncommonTrapBlob}
  0x000002c4d1a02e0c: c5f8 77e8 

  0x000002c4d1a02e10: ; ImmutableOopMap {rbp=Oop [40]=Oop [48]=Oop [64]=Oop [80]=Oop [104]=Oop [112]=NarrowOop [116]=NarrowOop [136]=Oop [144]=NarrowOop [148]=NarrowOop [280]=Oop [288]=Oop }
                      ;*iaload {reexecute=0 rethrow=0 return_oop=0}
                      ; - java.util.zip.ZipFile$Source::getEntryNext@7 (line 1378)
                      ; - java.util.zip.ZipFile$Source::getEntryPos@185 (line 1816)
                      ; - java.util.zip.ZipFile::getInputStream@63 (line 372)
                      ; - java.util.jar.JarFile::getManifestFromReference@130 (line 432)
                      ; - java.util.jar.JarFile::getManifest@1 (line 406)
                      ; - java.util.jar.JarFile::maybeInstantiateVerifier@31 (line 725)
                      ; - java.util.jar.JarFile::ensureInitialization@1 (line 1031)
                      ; - java.util.jar.JavaUtilJarAccessImpl::ensureInitialization@1 (line 72)
                      ; - jdk.internal.loader.URLClassPath$JarLoader$2::getManifest@10 (line 885)
                      ; - java.net.URLClassLoader::defineClass@34 (line 491)
                      ; - java.net.URLClassLoader$1::run@43 (line 427)
                      ; - java.net.URLClassLoader$1::run@1 (line 421)
                      ; - java.security.AccessController::executePrivileged@29 (line 807)
                      ; - java.security.AccessController::doPrivileged@13 (line 712)
                      ; - java.net.URLClassLoader::findClass@13 (line 420)
                      ; - org.gradle.internal.classloader.VisitableURLClassLoader$InstrumentingVisitableURLClassLoader::findClass@10 (line 189)
  0x000002c4d1a02e10: ec3a 41ff | baf4 ffff | ff48 8bac | 2480 0000 | 004c 8b54 | 2430 4c89 | 5424 284c | 8b54 2460 
  0x000002c4d1a02e30: 4c89 5424 | 304c 8b54 | 2478 4c89 | 5424 404c | 8b54 2458 | 4c89 5424 | 484c 8b54 | 2478 4c89 
  0x000002c4d1a02e50: 5424 5090 

  0x000002c4d1a02e54: ;   {runtime_call UncommonTrapBlob}
  0x000002c4d1a02e54: c5f8 77e8 

  0x000002c4d1a02e58: ; ImmutableOopMap {rbp=Oop [40]=Oop [48]=Oop [64]=Oop [80]=Oop [104]=Oop [112]=NarrowOop [136]=Oop [280]=Oop [288]=Oop }
                      ;*checkcast {reexecute=0 rethrow=0 return_oop=0}
                      ; - java.util.jar.JarFile::getManEntry@28 (line 944)
                      ; - java.util.jar.JarFile::getManifestFromReference@27 (line 414)
                      ; - java.util.jar.JarFile::getManifest@1 (line 406)
                      ; - java.util.jar.JarFile::maybeInstantiateVerifier@31 (line 725)
                      ; - java.util.jar.JarFile::ensureInitialization@1 (line 1031)
                      ; - java.util.jar.JavaUtilJarAccessImpl::ensureInitialization@1 (line 72)
                      ; - jdk.internal.loader.URLClassPath$JarLoader$2::getManifest@10 (line 885)
                      ; - java.net.URLClassLoader::defineClass@34 (line 491)
                      ; - java.net.URLClassLoader$1::run@43 (line 427)
                      ; - java.net.URLClassLoader$1::run@1 (line 421)
                      ; - java.security.AccessController::executePrivileged@29 (line 807)
                      ; - java.security.AccessController::doPrivileged@13 (line 712)
                      ; - java.net.URLClassLoader::findClass@13 (line 420)
                      ; - org.gradle.internal.classloader.VisitableURLClassLoader$InstrumentingVisitableURLClassLoader::findClass@10 (line 189)
  0x000002c4d1a02e58: a43a 41ff | baf6 ffff | ff48 8bac | 2480 0000 | 004c 8b54 | 2430 4c89 | 5424 284c | 8b54 2460 
  0x000002c4d1a02e78: 4c89 5424 | 304c 8b54 | 2478 4c89 | 5424 404c | 8b54 2458 | 4c89 5424 | 484c 8b54 | 2478 4c89 
  0x000002c4d1a02e98: 5424 5044 | 89ac 2494 | 0000 0090 

  0x000002c4d1a02ea4: ;   {runtime_call UncommonTrapBlob}
  0x000002c4d1a02ea4: c5f8 77e8 

  0x000002c4d1a02ea8: ; ImmutableOopMap {rbp=Oop [40]=Oop [48]=Oop [64]=Oop [80]=Oop [104]=Oop [112]=NarrowOop [116]=NarrowOop [136]=Oop [148]=NarrowOop [280]=Oop [288]=Oop }
                      ;*invokevirtual getEntryPos {reexecute=0 rethrow=0 return_oop=0}
                      ; - java.util.zip.ZipFile::getInputStream@63 (line 372)
                      ; - java.util.jar.JarFile::getManifestFromReference@130 (line 432)
                      ; - java.util.jar.JarFile::getManifest@1 (line 406)
                      ; - java.util.jar.JarFile::maybeInstantiateVerifier@31 (line 725)
                      ; - java.util.jar.JarFile::ensureInitialization@1 (line 1031)
                      ; - java.util.jar.JavaUtilJarAccessImpl::ensureInitialization@1 (line 72)
                      ; - jdk.internal.loader.URLClassPath$JarLoader$2::getManifest@10 (line 885)
                      ; - java.net.URLClassLoader::defineClass@34 (line 491)
                      ; - java.net.URLClassLoader$1::run@43 (line 427)
                      ; - java.net.URLClassLoader$1::run@1 (line 421)
                      ; - java.security.AccessController::executePrivileged@29 (line 807)
                      ; - java.security.AccessController::doPrivileged@13 (line 712)
                      ; - java.net.URLClassLoader::findClass@13 (line 420)
                      ; - org.gradle.internal.classloader.VisitableURLClassLoader$InstrumentingVisitableURLClassLoader::findClass@10 (line 189)
  0x000002c4d1a02ea8: 543a 41ff | baf6 ffff | ff48 8bac | 2480 0000 | 004c 8b5c | 2430 4c89 | 5c24 284c | 8b5c 2460 
  0x000002c4d1a02ec8: 4c89 5c24 | 304c 8b5c | 2478 4c89 | 5c24 404c | 8b5c 2458 | 4c89 5c24 | 484c 8b5c | 2478 4c89 
  0x000002c4d1a02ee8: 5c24 5044 | 8994 24b0 | 0000 0044 | 898c 24b4 | 0000 0090 

  0x000002c4d1a02efc: ;   {runtime_call UncommonTrapBlob}
  0x000002c4d1a02efc: c5f8 77e8 

  0x000002c4d1a02f00: ; ImmutableOopMap {rbp=Oop [40]=Oop [48]=Oop [64]=Oop [80]=Oop [104]=Oop [112]=NarrowOop [116]=NarrowOop [136]=Oop [176]=NarrowOop [180]=NarrowOop [280]=Oop [288]=Oop }
                      ;*invokevirtual hashCode {reexecute=0 rethrow=0 return_oop=0}
                      ; - java.util.zip.ZipCoder::hash@1 (line 128)
                      ; - java.util.zip.ZipFile$Source::getEntryPos@10 (line 1781)
                      ; - java.util.zip.ZipFile::getInputStream@63 (line 372)
                      ; - java.util.jar.JarFile::getManifestFromReference@130 (line 432)
                      ; - java.util.jar.JarFile::getManifest@1 (line 406)
                      ; - java.util.jar.JarFile::maybeInstantiateVerifier@31 (line 725)
                      ; - java.util.jar.JarFile::ensureInitialization@1 (line 1031)
                      ; - java.util.jar.JavaUtilJarAccessImpl::ensureInitialization@1 (line 72)
                      ; - jdk.internal.loader.URLClassPath$JarLoader$2::getManifest@10 (line 885)
                      ; - java.net.URLClassLoader::defineClass@34 (line 491)
                      ; - java.net.URLClassLoader$1::run@43 (line 427)
                      ; - java.net.URLClassLoader$1::run@1 (line 421)
                      ; - java.security.AccessController::executePrivileged@29 (line 807)
                      ; - java.security.AccessController::doPrivileged@13 (line 712)
                      ; - java.net.URLClassLoader::findClass@13 (line 420)
                      ; - org.gradle.internal.classloader.VisitableURLClassLoader$InstrumentingVisitableURLClassLoader::findClass@10 (line 189)
  0x000002c4d1a02f00: fc39 41ff | baf6 ffff | ff48 8bac | 2480 0000 | 004c 8b54 | 2430 4c89 | 5424 284c | 8b54 2460 
  0x000002c4d1a02f20: 4c89 5424 | 304c 8b54 | 2478 4c89 | 5424 404c | 8b54 2458 | 4c89 5424 | 484c 8b54 | 2478 4c89 
  0x000002c4d1a02f40: 5424 5090 

  0x000002c4d1a02f44: ;   {runtime_call UncommonTrapBlob}
  0x000002c4d1a02f44: c5f8 77e8 

  0x000002c4d1a02f48: ; ImmutableOopMap {rbp=Oop [40]=Oop [48]=Oop [64]=Oop [80]=Oop [104]=Oop [112]=NarrowOop [116]=NarrowOop [136]=Oop [144]=NarrowOop [148]=NarrowOop [280]=Oop [288]=Oop }
                      ;*arraylength {reexecute=0 rethrow=0 return_oop=0}
                      ; - java.lang.String::length@4 (line 1481)
                      ; - java.util.zip.ZipCoder::hash@6 (line 129)
                      ; - java.util.zip.ZipFile$Source::getEntryPos@10 (line 1781)
                      ; - java.util.zip.ZipFile::getInputStream@63 (line 372)
                      ; - java.util.jar.JarFile::getManifestFromReference@130 (line 432)
                      ; - java.util.jar.JarFile::getManifest@1 (line 406)
                      ; - java.util.jar.JarFile::maybeInstantiateVerifier@31 (line 725)
                      ; - java.util.jar.JarFile::ensureInitialization@1 (line 1031)
                      ; - java.util.jar.JavaUtilJarAccessImpl::ensureInitialization@1 (line 72)
                      ; - jdk.internal.loader.URLClassPath$JarLoader$2::getManifest@10 (line 885)
                      ; - java.net.URLClassLoader::defineClass@34 (line 491)
                      ; - java.net.URLClassLoader$1::run@43 (line 427)
                      ; - java.net.URLClassLoader$1::run@1 (line 421)
                      ; - java.security.AccessController::executePrivileged@29 (line 807)
                      ; - java.security.AccessController::doPrivileged@13 (line 712)
                      ; - java.net.URLClassLoader::findClass@13 (line 420)
                      ; - org.gradle.internal.classloader.VisitableURLClassLoader$InstrumentingVisitableURLClassLoader::findClass@10 (line 189)
  0x000002c4d1a02f48: b439 41ff | baf6 ffff | ff48 8bac | 2480 0000 | 004c 8b54 | 2430 4c89 | 5424 284c | 8b54 2460 
  0x000002c4d1a02f68: 4c89 5424 | 304c 8b54 | 2478 4c89 | 5424 404c | 8b54 2458 | 4c89 5424 | 484c 8b54 | 2478 4c89 
  0x000002c4d1a02f88: 5424 5089 | 8c24 bc00 | 0000 6690 

  0x000002c4d1a02f94: ;   {runtime_call UncommonTrapBlob}
  0x000002c4d1a02f94: c5f8 77e8 

  0x000002c4d1a02f98: ; ImmutableOopMap {rbp=Oop [40]=Oop [48]=Oop [64]=Oop [80]=Oop [104]=Oop [112]=NarrowOop [116]=NarrowOop [136]=Oop [144]=NarrowOop [148]=NarrowOop [280]=Oop [288]=Oop }
                      ;*iaload {reexecute=0 rethrow=0 return_oop=0}
                      ; - java.util.zip.ZipFile$Source::getEntryPos@27 (line 1782)
                      ; - java.util.zip.ZipFile::getInputStream@63 (line 372)
                      ; - java.util.jar.JarFile::getManifestFromReference@130 (line 432)
                      ; - java.util.jar.JarFile::getManifest@1 (line 406)
                      ; - java.util.jar.JarFile::maybeInstantiateVerifier@31 (line 725)
                      ; - java.util.jar.JarFile::ensureInitialization@1 (line 1031)
                      ; - java.util.jar.JavaUtilJarAccessImpl::ensureInitialization@1 (line 72)
                      ; - jdk.internal.loader.URLClassPath$JarLoader$2::getManifest@10 (line 885)
                      ; - java.net.URLClassLoader::defineClass@34 (line 491)
                      ; - java.net.URLClassLoader$1::run@43 (line 427)
                      ; - java.net.URLClassLoader$1::run@1 (line 421)
                      ; - java.security.AccessController::executePrivileged@29 (line 807)
                      ; - java.security.AccessController::doPrivileged@13 (line 712)
                      ; - java.net.URLClassLoader::findClass@13 (line 420)
                      ; - org.gradle.internal.classloader.VisitableURLClassLoader$InstrumentingVisitableURLClassLoader::findClass@10 (line 189)
  0x000002c4d1a02f98: 6439 41ff | ba45 ffff | ff48 8bac | 2480 0000 | 004c 8b54 | 2430 4c89 | 5424 284c | 8b54 2460 
  0x000002c4d1a02fb8: 4c89 5424 | 304c 8b54 | 2478 4c89 | 5424 404c | 8b54 2458 | 4c89 5424 | 484c 8b54 | 2478 4c89 
  0x000002c4d1a02fd8: 5424 5044 | 8984 2494 | 0000 0089 | 8c24 a000 | 0000 4489 | ac24 b800 | 0000 89bc | 24bc 0000 
  0x000002c4d1a02ff8: 0066 6690 

  0x000002c4d1a02ffc: ;   {runtime_call UncommonTrapBlob}
  0x000002c4d1a02ffc: c5f8 77e8 

  0x000002c4d1a03000: ; ImmutableOopMap {rbp=Oop [40]=Oop [48]=Oop [64]=Oop [80]=Oop [104]=Oop [112]=NarrowOop [116]=NarrowOop [136]=Oop [148]=NarrowOop [160]=NarrowOop [184]=NarrowOop [188]=NarrowOop [280]=Oop [288]=Oop }
                      ;*ifnull {reexecute=1 rethrow=0 return_oop=0}
                      ; - (reexecute) java.util.Objects::equals@6 (line 64)
                      ; - java.util.zip.ZipFile::getInputStream@42 (line 369)
                      ; - java.util.jar.JarFile::getManifestFromReference@130 (line 432)
                      ; - java.util.jar.JarFile::getManifest@1 (line 406)
                      ; - java.util.jar.JarFile::maybeInstantiateVerifier@31 (line 725)
                      ; - java.util.jar.JarFile::ensureInitialization@1 (line 1031)
                      ; - java.util.jar.JavaUtilJarAccessImpl::ensureInitialization@1 (line 72)
                      ; - jdk.internal.loader.URLClassPath$JarLoader$2::getManifest@10 (line 885)
                      ; - java.net.URLClassLoader::defineClass@34 (line 491)
                      ; - java.net.URLClassLoader$1::run@43 (line 427)
                      ; - java.net.URLClassLoader$1::run@1 (line 421)
                      ; - java.security.AccessController::executePrivileged@29 (line 807)
                      ; - java.security.AccessController::doPrivileged@13 (line 712)
                      ; - java.net.URLClassLoader::findClass@13 (line 420)
                      ; - org.gradle.internal.classloader.VisitableURLClassLoader$InstrumentingVisitableURLClassLoader::findClass@10 (line 189)
  0x000002c4d1a03000: fc38 41ff | baf6 ffff | ff48 8bac | 2480 0000 | 004c 8b5c | 2430 4c89 | 5c24 284c | 8b5c 2460 
  0x000002c4d1a03020: 4c89 5c24 | 304c 8b5c | 2478 4c89 | 5c24 404c | 8b5c 2458 | 4c89 5c24 | 484c 8b5c | 2478 4c89 
  0x000002c4d1a03040: 5c24 504c | 8b9c 2490 | 0000 004c | 899c 2488 | 0000 0048 | 89bc 2490 | 0000 004c | 8994 2498 
  0x000002c4d1a03060: 0000 0090 

  0x000002c4d1a03064: ;   {runtime_call UncommonTrapBlob}
  0x000002c4d1a03064: c5f8 77e8 

  0x000002c4d1a03068: ; ImmutableOopMap {rbp=Oop [40]=Oop [48]=Oop [64]=Oop [80]=Oop [104]=Oop [112]=NarrowOop [136]=Oop [144]=Oop [152]=Oop [280]=Oop [288]=Oop }
                      ;*getfield res {reexecute=1 rethrow=0 return_oop=0}
                      ; - (reexecute) java.util.zip.ZipFile$ZipFileInputStream::close@22 (line 1010)
                      ; - java.util.jar.JarFile::getManifestFromReference@152 (line 434)
                      ; - java.util.jar.JarFile::getManifest@1 (line 406)
                      ; - java.util.jar.JarFile::maybeInstantiateVerifier@31 (line 725)
                      ; - java.util.jar.JarFile::ensureInitialization@1 (line 1031)
                      ; - java.util.jar.JavaUtilJarAccessImpl::ensureInitialization@1 (line 72)
                      ; - jdk.internal.loader.URLClassPath$JarLoader$2::getManifest@10 (line 885)
                      ; - java.net.URLClassLoader::defineClass@34 (line 491)
                      ; - java.net.URLClassLoader$1::run@43 (line 427)
                      ; - java.net.URLClassLoader$1::run@1 (line 421)
                      ; - java.security.AccessController::executePrivileged@29 (line 807)
                      ; - java.security.AccessController::doPrivileged@13 (line 712)
                      ; - java.net.URLClassLoader::findClass@13 (line 420)
                      ; - org.gradle.internal.classloader.VisitableURLClassLoader$InstrumentingVisitableURLClassLoader::findClass@10 (line 189)
  0x000002c4d1a03068: 9438 41ff | baf6 ffff | ff48 8bac | 2480 0000 | 004c 8b5c | 2430 4c89 | 5c24 284c | 8b5c 2460 
  0x000002c4d1a03088: 4c89 5c24 | 304c 8b5c | 2478 4c89 | 5c24 404c | 8b5c 2458 | 4c89 5c24 | 484c 8b5c | 2478 4c89 
  0x000002c4d1a030a8: 5c24 504c | 8b9c 2490 | 0000 004c | 899c 2488 | 0000 0048 | 89bc 2490 | 0000 004c | 8994 2498 
  0x000002c4d1a030c8: 0000 0090 

  0x000002c4d1a030cc: ;   {runtime_call UncommonTrapBlob}
  0x000002c4d1a030cc: c5f8 77e8 

  0x000002c4d1a030d0: ; ImmutableOopMap {rbp=Oop [40]=Oop [48]=Oop [64]=Oop [80]=Oop [104]=Oop [112]=NarrowOop [136]=Oop [144]=Oop [152]=Oop [280]=Oop [288]=Oop }
                      ;*getfield istreams {reexecute=1 rethrow=0 return_oop=0}
                      ; - (reexecute) java.util.zip.ZipFile$ZipFileInputStream::close@25 (line 1010)
                      ; - java.util.jar.JarFile::getManifestFromReference@152 (line 434)
                      ; - java.util.jar.JarFile::getManifest@1 (line 406)
                      ; - java.util.jar.JarFile::maybeInstantiateVerifier@31 (line 725)
                      ; - java.util.jar.JarFile::ensureInitialization@1 (line 1031)
                      ; - java.util.jar.JavaUtilJarAccessImpl::ensureInitialization@1 (line 72)
                      ; - jdk.internal.loader.URLClassPath$JarLoader$2::getManifest@10 (line 885)
                      ; - java.net.URLClassLoader::defineClass@34 (line 491)
                      ; - java.net.URLClassLoader$1::run@43 (line 427)
                      ; - java.net.URLClassLoader$1::run@1 (line 421)
                      ; - java.security.AccessController::executePrivileged@29 (line 807)
                      ; - java.security.AccessController::doPrivileged@13 (line 712)
                      ; - java.net.URLClassLoader::findClass@13 (line 420)
                      ; - org.gradle.internal.classloader.VisitableURLClassLoader$InstrumentingVisitableURLClassLoader::findClass@10 (line 189)
  0x000002c4d1a030d0: 2c38 41ff | baf6 ffff | ff48 8bac | 2480 0000 | 004c 8b5c | 2430 4c89 | 5c24 284c | 8b5c 2460 
  0x000002c4d1a030f0: 4c89 5c24 | 304c 8b5c | 2478 4c89 | 5c24 404c | 8b5c 2458 | 4c89 5c24 | 484c 8b5c | 2478 4c89 
  0x000002c4d1a03110: 5c24 504c | 8b9c 2490 | 0000 004c | 899c 2488 | 0000 0048 | 89bc 2490 | 0000 004c | 8994 2498 
  0x000002c4d1a03130: 0000 0044 | 898c 24a4 | 0000 0090 

  0x000002c4d1a0313c: ;   {runtime_call UncommonTrapBlob}
  0x000002c4d1a0313c: c5f8 77e8 

  0x000002c4d1a03140: ; ImmutableOopMap {rbp=Oop [40]=Oop [48]=Oop [64]=Oop [80]=Oop [104]=Oop [112]=NarrowOop [136]=Oop [144]=Oop [152]=Oop [164]=NarrowOop [280]=Oop [288]=Oop }
                      ;*getfield res {reexecute=1 rethrow=0 return_oop=0}
                      ; - (reexecute) java.util.zip.ZipFile$ZipFileInputStream::close@35 (line 1011)
                      ; - java.util.jar.JarFile::getManifestFromReference@152 (line 434)
                      ; - java.util.jar.JarFile::getManifest@1 (line 406)
                      ; - java.util.jar.JarFile::maybeInstantiateVerifier@31 (line 725)
                      ; - java.util.jar.JarFile::ensureInitialization@1 (line 1031)
                      ; - java.util.jar.JavaUtilJarAccessImpl::ensureInitialization@1 (line 72)
                      ; - jdk.internal.loader.URLClassPath$JarLoader$2::getManifest@10 (line 885)
                      ; - java.net.URLClassLoader::defineClass@34 (line 491)
                      ; - java.net.URLClassLoader$1::run@43 (line 427)
                      ; - java.net.URLClassLoader$1::run@1 (line 421)
                      ; - java.security.AccessController::executePrivileged@29 (line 807)
                      ; - java.security.AccessController::doPrivileged@13 (line 712)
                      ; - java.net.URLClassLoader::findClass@13 (line 420)
                      ; - org.gradle.internal.classloader.VisitableURLClassLoader$InstrumentingVisitableURLClassLoader::findClass@10 (line 189)
  0x000002c4d1a03140: bc37 41ff | baf6 ffff | ff48 8bac | 2480 0000 | 004c 8b5c | 2430 4c89 | 5c24 284c | 8b5c 2460 
  0x000002c4d1a03160: 4c89 5c24 | 304c 8b5c | 2478 4c89 | 5c24 404c | 8b5c 2458 | 4c89 5c24 | 484c 8b5c | 2478 4c89 
  0x000002c4d1a03180: 5c24 504c | 8b9c 2490 | 0000 004c | 899c 2488 | 0000 0048 | 89bc 2490 | 0000 004c | 8994 2498 
  0x000002c4d1a031a0: 0000 0044 | 898c 24a4 | 0000 0090 

  0x000002c4d1a031ac: ;   {runtime_call UncommonTrapBlob}
  0x000002c4d1a031ac: c5f8 77e8 

  0x000002c4d1a031b0: ; ImmutableOopMap {rbp=Oop [40]=Oop [48]=Oop [64]=Oop [80]=Oop [104]=Oop [112]=NarrowOop [136]=Oop [144]=Oop [152]=Oop [164]=NarrowOop [280]=Oop [288]=Oop }
                      ;*getfield istreams {reexecute=1 rethrow=0 return_oop=0}
                      ; - (reexecute) java.util.zip.ZipFile$ZipFileInputStream::close@38 (line 1011)
                      ; - java.util.jar.JarFile::getManifestFromReference@152 (line 434)
                      ; - java.util.jar.JarFile::getManifest@1 (line 406)
                      ; - java.util.jar.JarFile::maybeInstantiateVerifier@31 (line 725)
                      ; - java.util.jar.JarFile::ensureInitialization@1 (line 1031)
                      ; - java.util.jar.JavaUtilJarAccessImpl::ensureInitialization@1 (line 72)
                      ; - jdk.internal.loader.URLClassPath$JarLoader$2::getManifest@10 (line 885)
                      ; - java.net.URLClassLoader::defineClass@34 (line 491)
                      ; - java.net.URLClassLoader$1::run@43 (line 427)
                      ; - java.net.URLClassLoader$1::run@1 (line 421)
                      ; - java.security.AccessController::executePrivileged@29 (line 807)
                      ; - java.security.AccessController::doPrivileged@13 (line 712)
                      ; - java.net.URLClassLoader::findClass@13 (line 420)
                      ; - org.gradle.internal.classloader.VisitableURLClassLoader$InstrumentingVisitableURLClassLoader::findClass@10 (line 189)
  0x000002c4d1a031b0: 4c37 41ff | baf6 ffff | ff48 8bac | 2480 0000 | 004c 8b5c | 2430 4c89 | 5c24 284c | 8b5c 2460 
  0x000002c4d1a031d0: 4c89 5c24 | 304c 8b5c | 2478 4c89 | 5c24 404c | 8b5c 2458 | 4c89 5c24 | 484c 8b5c | 2478 4c89 
  0x000002c4d1a031f0: 5c24 504c | 8b9c 2490 | 0000 004c | 899c 2488 | 0000 0048 | 89bc 2490 | 0000 004c | 8994 24a0 
  0x000002c4d1a03210: 0000 0044 | 898c 249c | 0000 0090 

  0x000002c4d1a0321c: ;   {runtime_call UncommonTrapBlob}
  0x000002c4d1a0321c: c5f8 77e8 

  0x000002c4d1a03220: ; ImmutableOopMap {rbp=Oop [40]=Oop [48]=Oop [64]=Oop [80]=Oop [104]=Oop [112]=NarrowOop [136]=Oop [144]=Oop [156]=NarrowOop [160]=Oop [280]=Oop [288]=Oop }
                      ;*invokeinterface remove {reexecute=0 rethrow=0 return_oop=0}
                      ; - java.util.zip.ZipFile$ZipFileInputStream::close@42 (line 1011)
                      ; - java.util.jar.JarFile::getManifestFromReference@152 (line 434)
                      ; - java.util.jar.JarFile::getManifest@1 (line 406)
                      ; - java.util.jar.JarFile::maybeInstantiateVerifier@31 (line 725)
                      ; - java.util.jar.JarFile::ensureInitialization@1 (line 1031)
                      ; - java.util.jar.JavaUtilJarAccessImpl::ensureInitialization@1 (line 72)
                      ; - jdk.internal.loader.URLClassPath$JarLoader$2::getManifest@10 (line 885)
                      ; - java.net.URLClassLoader::defineClass@34 (line 491)
                      ; - java.net.URLClassLoader$1::run@43 (line 427)
                      ; - java.net.URLClassLoader$1::run@1 (line 421)
                      ; - java.security.AccessController::executePrivileged@29 (line 807)
                      ; - java.security.AccessController::doPrivileged@13 (line 712)
                      ; - java.net.URLClassLoader::findClass@13 (line 420)
                      ; - org.gradle.internal.classloader.VisitableURLClassLoader$InstrumentingVisitableURLClassLoader::findClass@10 (line 189)
  0x000002c4d1a03220: dc36 41ff | baf6 ffff | ff48 8bac | 2480 0000 | 004c 8b54 | 2430 4c89 | 5424 284c | 8b54 2460 
  0x000002c4d1a03240: 4c89 5424 | 304c 8b54 | 2478 4c89 | 5424 404c | 8b54 2458 | 4c89 5424 | 484c 8b54 | 2478 4c89 
  0x000002c4d1a03260: 5424 5090 

  0x000002c4d1a03264: ;   {runtime_call UncommonTrapBlob}
  0x000002c4d1a03264: c5f8 77e8 

  0x000002c4d1a03268: ; ImmutableOopMap {rbp=Oop [40]=Oop [48]=Oop [64]=Oop [80]=Oop [104]=Oop [112]=NarrowOop [116]=NarrowOop [136]=Oop [144]=NarrowOop [148]=NarrowOop [280]=Oop [288]=Oop }
                      ;*invokevirtual isUTF8 {reexecute=0 rethrow=0 return_oop=0}
                      ; - java.util.zip.ZipFile$Source::zipCoderForPos@4 (line 1822)
                      ; - java.util.zip.ZipFile$Source::getEntryPos@57 (line 1792)
                      ; - java.util.zip.ZipFile::getInputStream@63 (line 372)
                      ; - java.util.jar.JarFile::getManifestFromReference@130 (line 432)
                      ; - java.util.jar.JarFile::getManifest@1 (line 406)
                      ; - java.util.jar.JarFile::maybeInstantiateVerifier@31 (line 725)
                      ; - java.util.jar.JarFile::ensureInitialization@1 (line 1031)
                      ; - java.util.jar.JavaUtilJarAccessImpl::ensureInitialization@1 (line 72)
                      ; - jdk.internal.loader.URLClassPath$JarLoader$2::getManifest@10 (line 885)
                      ; - java.net.URLClassLoader::defineClass@34 (line 491)
                      ; - java.net.URLClassLoader$1::run@43 (line 427)
                      ; - java.net.URLClassLoader$1::run@1 (line 421)
                      ; - java.security.AccessController::executePrivileged@29 (line 807)
                      ; - java.security.AccessController::doPrivileged@13 (line 712)
                      ; - java.net.URLClassLoader::findClass@13 (line 420)
                      ; - org.gradle.internal.classloader.VisitableURLClassLoader$InstrumentingVisitableURLClassLoader::findClass@10 (line 189)
  0x000002c4d1a03268: 9436 41ff | baf6 ffff | ff4c 8b54 | 2460 4c89 | 5424 384c | 8b94 2480 | 0000 004c | 8954 2440 
  0x000002c4d1a03288: 4c8b 5424 | 784c 8954 | 2448 4c8b | 5424 584c | 8954 2450 | 4c8b 5424 | 784c 8954 | 2458 4c8b 
  0x000002c4d1a032a8: 9424 8000 | 0000 4c89 | 5424 6044 | 898c 24cc | 0000 0044 | 8984 24d0 | 0000 0089 | 9c24 d400 
  0x000002c4d1a032c8: 0000 6690 

  0x000002c4d1a032cc: ;   {runtime_call UncommonTrapBlob}
  0x000002c4d1a032cc: c5f8 77e8 

  0x000002c4d1a032d0: ; ImmutableOopMap {[48]=Oop [56]=Oop [64]=Oop [72]=Oop [88]=Oop [96]=Oop [104]=Oop [112]=NarrowOop [116]=NarrowOop [136]=Oop [144]=NarrowOop [148]=NarrowOop [204]=NarrowOop [208]=NarrowOop [280]=Oop [288]=Oop }
                      ;*baload {reexecute=0 rethrow=0 return_oop=0}
                      ; - java.util.zip.ZipUtils::SH@2 (line 203)
                      ; - java.util.zip.ZipUtils::CENNAM@5 (line 272)
                      ; - java.util.zip.ZipFile$Source::getEntryPos@79 (line 1793)
                      ; - java.util.zip.ZipFile::getInputStream@63 (line 372)
                      ; - java.util.jar.JarFile::getManifestFromReference@130 (line 432)
                      ; - java.util.jar.JarFile::getManifest@1 (line 406)
                      ; - java.util.jar.JarFile::maybeInstantiateVerifier@31 (line 725)
                      ; - java.util.jar.JarFile::ensureInitialization@1 (line 1031)
                      ; - java.util.jar.JavaUtilJarAccessImpl::ensureInitialization@1 (line 72)
                      ; - jdk.internal.loader.URLClassPath$JarLoader$2::getManifest@10 (line 885)
                      ; - java.net.URLClassLoader::defineClass@34 (line 491)
                      ; - java.net.URLClassLoader$1::run@43 (line 427)
                      ; - java.net.URLClassLoader$1::run@1 (line 421)
                      ; - java.security.AccessController::executePrivileged@29 (line 807)
                      ; - java.security.AccessController::doPrivileged@13 (line 712)
                      ; - java.net.URLClassLoader::findClass@13 (line 420)
                      ; - org.gradle.internal.classloader.VisitableURLClassLoader$InstrumentingVisitableURLClassLoader::findClass@10 (line 189)
  0x000002c4d1a032d0: 2c36 41ff | baf6 ffff | ff48 8bac | 2480 0000 | 004c 8b54 | 2430 4c89 | 5424 284c | 8b54 2460 
  0x000002c4d1a032f0: 4c89 5424 | 304c 8b54 | 2478 4c89 | 5424 404c | 8b54 2458 | 4c89 5424 | 484c 8b54 | 2478 4c89 
  0x000002c4d1a03310: 5424 5090 

  0x000002c4d1a03314: ;   {runtime_call UncommonTrapBlob}
  0x000002c4d1a03314: c5f8 77e8 

  0x000002c4d1a03318: ; ImmutableOopMap {rbp=Oop [40]=Oop [48]=Oop [64]=Oop [80]=Oop [104]=Oop [112]=NarrowOop [116]=NarrowOop [136]=Oop [144]=NarrowOop [148]=NarrowOop [280]=Oop [288]=Oop }
                      ;*invokevirtual length {reexecute=0 rethrow=0 return_oop=0}
                      ; - java.util.zip.ZipFile$Source::getEntryPos@89 (line 1798)
                      ; - java.util.zip.ZipFile::getInputStream@63 (line 372)
                      ; - java.util.jar.JarFile::getManifestFromReference@130 (line 432)
                      ; - java.util.jar.JarFile::getManifest@1 (line 406)
                      ; - java.util.jar.JarFile::maybeInstantiateVerifier@31 (line 725)
                      ; - java.util.jar.JarFile::ensureInitialization@1 (line 1031)
                      ; - java.util.jar.JavaUtilJarAccessImpl::ensureInitialization@1 (line 72)
                      ; - jdk.internal.loader.URLClassPath$JarLoader$2::getManifest@10 (line 885)
                      ; - java.net.URLClassLoader::defineClass@34 (line 491)
                      ; - java.net.URLClassLoader$1::run@43 (line 427)
                      ; - java.net.URLClassLoader$1::run@1 (line 421)
                      ; - java.security.AccessController::executePrivileged@29 (line 807)
                      ; - java.security.AccessController::doPrivileged@13 (line 712)
                      ; - java.net.URLClassLoader::findClass@13 (line 420)
                      ; - org.gradle.internal.classloader.VisitableURLClassLoader$InstrumentingVisitableURLClassLoader::findClass@10 (line 189)
  0x000002c4d1a03318: e435 41ff | baf6 ffff | ff48 8bac | 2480 0000 | 004c 8b54 | 2430 4c89 | 5424 284c | 8b54 2460 
  0x000002c4d1a03338: 4c89 5424 | 304c 8b54 | 2478 4c89 | 5424 404c | 8b54 2458 | 4c89 5424 | 484c 8b54 | 2478 4c89 
  0x000002c4d1a03358: 5424 5048 | 8984 24c8 | 0000 0090 

  0x000002c4d1a03364: ;   {runtime_call UncommonTrapBlob}
  0x000002c4d1a03364: c5f8 77e8 

  0x000002c4d1a03368: ; ImmutableOopMap {rbp=Oop [40]=Oop [48]=Oop [64]=Oop [80]=Oop [104]=Oop [112]=NarrowOop [116]=NarrowOop [136]=Oop [144]=NarrowOop [148]=NarrowOop [200]=Oop [280]=Oop [288]=Oop }
                      ;*arraylength {reexecute=0 rethrow=0 return_oop=0}
                      ; - java.lang.String::length@4 (line 1481)
                      ; - java.util.zip.ZipFile$Source::getEntryPos@89 (line 1798)
                      ; - java.util.zip.ZipFile::getInputStream@63 (line 372)
                      ; - java.util.jar.JarFile::getManifestFromReference@130 (line 432)
                      ; - java.util.jar.JarFile::getManifest@1 (line 406)
                      ; - java.util.jar.JarFile::maybeInstantiateVerifier@31 (line 725)
                      ; - java.util.jar.JarFile::ensureInitialization@1 (line 1031)
                      ; - java.util.jar.JavaUtilJarAccessImpl::ensureInitialization@1 (line 72)
                      ; - jdk.internal.loader.URLClassPath$JarLoader$2::getManifest@10 (line 885)
                      ; - java.net.URLClassLoader::defineClass@34 (line 491)
                      ; - java.net.URLClassLoader$1::run@43 (line 427)
                      ; - java.net.URLClassLoader$1::run@1 (line 421)
                      ; - java.security.AccessController::executePrivileged@29 (line 807)
                      ; - java.security.AccessController::doPrivileged@13 (line 712)
                      ; - java.net.URLClassLoader::findClass@13 (line 420)
                      ; - org.gradle.internal.classloader.VisitableURLClassLoader$InstrumentingVisitableURLClassLoader::findClass@10 (line 189)
  0x000002c4d1a03368: 9435 41ff | baf6 ffff | ff48 8bac | 2480 0000 | 004c 8b54 | 2430 4c89 | 5424 284c | 8b54 2460 
  0x000002c4d1a03388: 4c89 5424 | 304c 8b54 | 2478 4c89 | 5424 404c | 8b54 2458 | 4c89 5424 | 484c 8b54 | 2478 4c89 
  0x000002c4d1a033a8: 5424 5048 | 8984 24c8 | 0000 0089 | 9c24 c400 | 0000 6690 

  0x000002c4d1a033bc: ;   {runtime_call UncommonTrapBlob}
  0x000002c4d1a033bc: c5f8 77e8 

  0x000002c4d1a033c0: ; ImmutableOopMap {rbp=Oop [40]=Oop [48]=Oop [64]=Oop [80]=Oop [104]=Oop [112]=NarrowOop [116]=NarrowOop [136]=Oop [144]=NarrowOop [148]=NarrowOop [200]=Oop [280]=Oop [288]=Oop }
                      ;*arraylength {reexecute=0 rethrow=0 return_oop=0}
                      ; - java.lang.String::length@4 (line 1481)
                      ; - java.util.zip.ZipFile$Source::getEntryPos@95 (line 1799)
                      ; - java.util.zip.ZipFile::getInputStream@63 (line 372)
                      ; - java.util.jar.JarFile::getManifestFromReference@130 (line 432)
                      ; - java.util.jar.JarFile::getManifest@1 (line 406)
                      ; - java.util.jar.JarFile::maybeInstantiateVerifier@31 (line 725)
                      ; - java.util.jar.JarFile::ensureInitialization@1 (line 1031)
                      ; - java.util.jar.JavaUtilJarAccessImpl::ensureInitialization@1 (line 72)
                      ; - jdk.internal.loader.URLClassPath$JarLoader$2::getManifest@10 (line 885)
                      ; - java.net.URLClassLoader::defineClass@34 (line 491)
                      ; - java.net.URLClassLoader$1::run@43 (line 427)
                      ; - java.net.URLClassLoader$1::run@1 (line 421)
                      ; - java.security.AccessController::executePrivileged@29 (line 807)
                      ; - java.security.AccessController::doPrivileged@13 (line 712)
                      ; - java.net.URLClassLoader::findClass@13 (line 420)
                      ; - org.gradle.internal.classloader.VisitableURLClassLoader$InstrumentingVisitableURLClassLoader::findClass@10 (line 189)
  0x000002c4d1a033c0: 3c35 41ff | baf6 ffff | ff48 8bac | 2480 0000 | 004c 8b54 | 2430 4c89 | 5424 284c | 8b54 2460 
  0x000002c4d1a033e0: 4c89 5424 | 304c 8b54 | 2478 4c89 | 5424 404c | 8b54 2458 | 4c89 5424 | 484c 8b54 | 2478 4c89 
  0x000002c4d1a03400: 5424 504c | 8b94 2498 | 0000 004c | 8994 2490 | 0000 0090 

  0x000002c4d1a03414: ;   {runtime_call UncommonTrapBlob}
  0x000002c4d1a03414: c5f8 77e8 

  0x000002c4d1a03418: ; ImmutableOopMap {rbp=Oop [40]=Oop [48]=Oop [64]=Oop [80]=Oop [104]=Oop [112]=NarrowOop [136]=Oop [144]=Oop [280]=Oop [288]=Oop }
                      ;*monitorenter {reexecute=0 rethrow=0 return_oop=0}
                      ; - java.util.zip.ZipFile::getInputStream@133 (line 380)
                      ; - java.util.jar.JarFile::getManifestFromReference@130 (line 432)
                      ; - java.util.jar.JarFile::getManifest@1 (line 406)
                      ; - java.util.jar.JarFile::maybeInstantiateVerifier@31 (line 725)
                      ; - java.util.jar.JarFile::ensureInitialization@1 (line 1031)
                      ; - java.util.jar.JavaUtilJarAccessImpl::ensureInitialization@1 (line 72)
                      ; - jdk.internal.loader.URLClassPath$JarLoader$2::getManifest@10 (line 885)
                      ; - java.net.URLClassLoader::defineClass@34 (line 491)
                      ; - java.net.URLClassLoader$1::run@43 (line 427)
                      ; - java.net.URLClassLoader$1::run@1 (line 421)
                      ; - java.security.AccessController::executePrivileged@29 (line 807)
                      ; - java.security.AccessController::doPrivileged@13 (line 712)
                      ; - java.net.URLClassLoader::findClass@13 (line 420)
                      ; - org.gradle.internal.classloader.VisitableURLClassLoader$InstrumentingVisitableURLClassLoader::findClass@10 (line 189)
  0x000002c4d1a03418: e434 41ff | baf6 ffff | ff48 8bac | 2480 0000 | 004c 8b54 | 2430 4c89 | 5424 284c | 8b54 2460 
  0x000002c4d1a03438: 4c89 5424 | 304c 8b54 | 2478 4c89 | 5424 404c | 8b54 2458 | 4c89 5424 | 484c 8b54 | 2478 4c89 
  0x000002c4d1a03458: 5424 504c | 899c 24b8 | 0000 0090 

  0x000002c4d1a03464: ;   {runtime_call UncommonTrapBlob}
  0x000002c4d1a03464: c5f8 77e8 

  0x000002c4d1a03468: ; ImmutableOopMap {rbp=Oop [40]=Oop [48]=Oop [64]=Oop [80]=Oop [104]=Oop [112]=NarrowOop [136]=Oop [152]=Oop [184]=Oop [280]=Oop [288]=Oop }
                      ;*invokeinterface put {reexecute=0 rethrow=0 return_oop=0}
                      ; - java.util.Collections$SetFromMap::add@8 (line 5686)
                      ; - java.util.zip.ZipFile::getInputStream@137 (line 381)
                      ; - java.util.jar.JarFile::getManifestFromReference@130 (line 432)
                      ; - java.util.jar.JarFile::getManifest@1 (line 406)
                      ; - java.util.jar.JarFile::maybeInstantiateVerifier@31 (line 725)
                      ; - java.util.jar.JarFile::ensureInitialization@1 (line 1031)
                      ; - java.util.jar.JavaUtilJarAccessImpl::ensureInitialization@1 (line 72)
                      ; - jdk.internal.loader.URLClassPath$JarLoader$2::getManifest@10 (line 885)
                      ; - java.net.URLClassLoader::defineClass@34 (line 491)
                      ; - java.net.URLClassLoader$1::run@43 (line 427)
                      ; - java.net.URLClassLoader$1::run@1 (line 421)
                      ; - java.security.AccessController::executePrivileged@29 (line 807)
                      ; - java.security.AccessController::doPrivileged@13 (line 712)
                      ; - java.net.URLClassLoader::findClass@13 (line 420)
                      ; - org.gradle.internal.classloader.VisitableURLClassLoader$InstrumentingVisitableURLClassLoader::findClass@10 (line 189)
  0x000002c4d1a03468: 9434 41ff | 488b d8e9 | f805 0000 | 488b d8e9 | f005 0000 | 488b d8e9 | e805 0000 | 488b d8e9 
  0x000002c4d1a03488: 6501 0000 | 488b 9424 | b000 0000 | 4c8b c090 

  0x000002c4d1a03498: ;   {optimized virtual_call}
  0x000002c4d1a03498: c5f8 77e8 

  0x000002c4d1a0349c: ; ImmutableOopMap {[32]=Oop [40]=Oop [48]=Oop [96]=Oop [104]=Oop [112]=NarrowOop [120]=Oop [128]=Oop [136]=Oop [176]=Oop [280]=Oop [288]=Oop }
                      ;*invokevirtual addSuppressed {reexecute=0 rethrow=0 return_oop=0}
                      ; - java.util.jar.JarFile::getBytes@213 (line 801)
                      ; - java.util.jar.JarFile::getManifestFromReference@44 (line 419)
                      ; - java.util.jar.JarFile::getManifest@1 (line 406)
                      ; - java.util.jar.JarFile::maybeInstantiateVerifier@31 (line 725)
                      ; - java.util.jar.JarFile::ensureInitialization@1 (line 1031)
                      ; - java.util.jar.JavaUtilJarAccessImpl::ensureInitialization@1 (line 72)
                      ; - jdk.internal.loader.URLClassPath$JarLoader$2::getManifest@10 (line 885)
                      ; - java.net.URLClassLoader::defineClass@34 (line 491)
                      ; - java.net.URLClassLoader$1::run@43 (line 427)
                      ; - java.net.URLClassLoader$1::run@1 (line 421)
                      ; - java.security.AccessController::executePrivileged@29 (line 807)
                      ; - java.security.AccessController::doPrivileged@13 (line 712)
                      ; - java.net.URLClassLoader::findClass@13 (line 420)
                      ; - org.gradle.internal.classloader.VisitableURLClassLoader$InstrumentingVisitableURLClassLoader::findClass@10 (line 189)
  0x000002c4d1a0349c: e0de 40ff | e9d3 0400 | 0048 8b94 | 24a8 0000 | 004c 8bc0 

  0x000002c4d1a034b0: ;   {optimized virtual_call}
  0x000002c4d1a034b0: c5f8 77e8 

  0x000002c4d1a034b4: ; ImmutableOopMap {[32]=Oop [48]=Oop [96]=Oop [104]=Oop [112]=NarrowOop [120]=Oop [128]=Oop [168]=Oop [280]=Oop [288]=Oop }
                      ;*invokevirtual addSuppressed {reexecute=0 rethrow=0 return_oop=0}
                      ; - java.util.jar.JarFile::getManifestFromReference@177 (line 432)
                      ; - java.util.jar.JarFile::getManifest@1 (line 406)
                      ; - java.util.jar.JarFile::maybeInstantiateVerifier@31 (line 725)
                      ; - java.util.jar.JarFile::ensureInitialization@1 (line 1031)
                      ; - java.util.jar.JavaUtilJarAccessImpl::ensureInitialization@1 (line 72)
                      ; - jdk.internal.loader.URLClassPath$JarLoader$2::getManifest@10 (line 885)
                      ; - java.net.URLClassLoader::defineClass@34 (line 491)
                      ; - java.net.URLClassLoader$1::run@43 (line 427)
                      ; - java.net.URLClassLoader$1::run@1 (line 421)
                      ; - java.security.AccessController::executePrivileged@29 (line 807)
                      ; - java.security.AccessController::doPrivileged@13 (line 712)
                      ; - java.net.URLClassLoader::findClass@13 (line 420)
                      ; - org.gradle.internal.classloader.VisitableURLClassLoader$InstrumentingVisitableURLClassLoader::findClass@10 (line 189)
  0x000002c4d1a034b4: c8de 40ff | e9a7 0500 | 0048 8984 | 24b0 0000 | 00e9 8b04 | 0000 488b | d8e9 9a05 | 0000 e968 
  0x000002c4d1a034d4: 0500 00e9 | 6305 0000 | 4889 8424 | a800 0000 | e95e 0500 | 00e9 5105 | 0000 488b | d8e9 7605 
  0x000002c4d1a034f4: 0000 4c8b | d0e9 cc03 | 0000 488b | d8e9 6605 | 0000 488b | d8e9 5e05 | 0000 488b | d8e9 5605 
  0x000002c4d1a03514: 0000 488b | d8e9 4e05 | 0000 488b | d8e9 4605 | 0000 488b | d8e9 3e05 | 0000 488b | d8e9 3605 
  0x000002c4d1a03534: 0000 488b | d8e9 2e05 | 0000 488b | d8e9 2605 | 0000 488b | d8e9 1e05 | 0000 488b | d8e9 1605 
  0x000002c4d1a03554: 0000 488b | d8e9 0e05 | 0000 488b | d8e9 0605 | 0000 488b | d8e9 fe04 | 0000 488b | d8e9 f604 
  0x000002c4d1a03574: 0000 488b | d8e9 ee04 | 0000 488b | d8e9 e604 | 0000 488b | d8e9 de04 | 0000 488b | d8e9 d604 
  0x000002c4d1a03594: 0000 488b | d8e9 ce04 | 0000 488b | d8e9 c604 | 0000 488b | d8e9 e905 | 0000 488b | d8e9 b604 
  0x000002c4d1a035b4: 0000 488b | d844 8b50 | 0849 bb00 | 0000 e1c4 | 0200 004d | 03da 4d8b 

  0x000002c4d1a035cc: ;   {metadata('java/lang/IllegalArgumentException')}
  0x000002c4d1a035cc: 5350 49bb | 7015 06e1 | c402 0000 | 4d3b d30f | 84e4 9eff | ffe9 8604 | 0000 488b | d8e9 de01 
  0x000002c4d1a035ec: 0000 488b | d848 8d84 | 2440 0100 | 0048 8138 | 0000 0000 | 0f84 8500 | 0000 4c8b | 5500 49f7 
  0x000002c4d1a0360c: c202 0000 | 0074 6f49 | 81ba 8600 | 0000 0000 | 0000 7409 | 49ff 8a86 | 0000 00eb | 5149 8b82 
  0x000002c4d1a0362c: 9600 0000 | 490b 828e | 0000 0075 | 0a49 c742 | 3e00 0000 | 00eb 4849 | 81ba 9e00 | 0000 0000 
  0x000002c4d1a0364c: 0000 7425 | 4833 c049 | c742 3e00 | 0000 00f0 | 8304 2400 | 4981 ba9e | 0000 0000 | 0000 0075 
  0x000002c4d1a0366c: 0df0 4d0f | b17a 3e75 | 0583 c801 | eb11 f7c0 | 0000 0000 | eb09 4c8b | 10f0 4c0f | b155 000f 
  0x000002c4d1a0368c: 84db 0300 | 0048 8bcd | 488d 9424 | 4001 0000 | 4d8b c7c5 | f877 49ba | 608f ecce | fb7f 0000 
  0x000002c4d1a036ac: 41ff d2e9 | b803 0000 | 488b d8e9 | b003 0000 | 488b d8e9 | a803 0000 | 488b d84c | 8b5c 2448 
  0x000002c4d1a036cc: 488d 8424 | 3801 0000 | 4881 3800 | 0000 000f | 8483 0000 | 004d 8b13 | 49f7 c202 | 0000 0074 
  0x000002c4d1a036ec: 6f49 81ba | 8600 0000 | 0000 0000 | 7409 49ff | 8a86 0000 | 00eb 5149 | 8b82 9600 | 0000 490b 
  0x000002c4d1a0370c: 828e 0000 | 0075 0a49 | c742 3e00 | 0000 00eb | 4749 81ba | 9e00 0000 | 0000 0000 | 7425 4833 
  0x000002c4d1a0372c: c049 c742 | 3e00 0000 | 00f0 8304 | 2400 4981 | ba9e 0000 | 0000 0000 | 0075 0df0 | 4d0f b17a 
  0x000002c4d1a0374c: 3e75 0583 | c801 eb10 | f7c0 0000 | 0000 eb08 | 4c8b 10f0 | 4d0f b113 | 0f84 0203 | 0000 498b 
  0x000002c4d1a0376c: cb48 8d94 | 2438 0100 | 004d 8bc7 | c5f8 7749 | ba60 8fec | cefb 7f00 | 0041 ffd2 | e9df 0200 
  0x000002c4d1a0378c: 0048 8bd8 | 448b 5808 | e92a 0500 | 0048 8bd8 | e9cb 0200 | 0048 8bd8 | e9c3 0200 | 0048 8bd8 
  0x000002c4d1a037ac: e9bb 0200 | 0048 8bd8 | e9b3 0200 | 0048 8bd8 | e9ab 0200 | 0048 8bd8 | e9a3 0200 | 0048 8bd8 
  0x000002c4d1a037cc: 488d 8424 | 4001 0000 | 4881 3800 | 0000 000f | 8485 0000 | 004c 8b55 | 0049 f7c2 | 0200 0000 
  0x000002c4d1a037ec: 746f 4981 | ba86 0000 | 0000 0000 | 0074 0949 | ff8a 8600 | 0000 eb51 | 498b 8296 | 0000 0049 
  0x000002c4d1a0380c: 0b82 8e00 | 0000 750a | 49c7 423e | 0000 0000 | eb48 4981 | ba9e 0000 | 0000 0000 | 0074 2548 
  0x000002c4d1a0382c: 33c0 49c7 | 423e 0000 | 0000 f083 | 0424 0049 | 81ba 9e00 | 0000 0000 | 0000 750d | f04d 0fb1 
  0x000002c4d1a0384c: 7a3e 7505 | 83c8 01eb | 11f7 c000 | 0000 00eb | 094c 8b10 | f04c 0fb1 | 5500 0f84 | 0002 0000 
  0x000002c4d1a0386c: 488b cd48 | 8d94 2440 | 0100 004d | 8bc7 c5f8 | 7749 ba60 | 8fec cefb | 7f00 0041 | ffd2 e9dd 
  0x000002c4d1a0388c: 0100 0048 | 8bd8 e9d5 | 0100 0048 | 8bd8 e9cd | 0100 0048 | 8bd8 e9c5 | 0100 0048 | 8bd8 e9bd 
  0x000002c4d1a038ac: 0100 0048 | 8bd8 e9b5 | 0100 0048 | 8bd8 e9ad | 0100 0048 | 8bd8 e9a5 | 0100 004c | 8bd0 498b 
  0x000002c4d1a038cc: da45 8b52 | 0849 bb00 | 0000 e1c4 | 0200 004d | 03da e95f | 0500 0048 | 8bd8 e96e | 0500 0048 
  0x000002c4d1a038ec: 8bd8 e979 | 0100 0048 | 8bd8 e971 | 0100 0048 | 8bd8 e969 | 0100 0048 | 8bd8 e961 | 0100 0048 
  0x000002c4d1a0390c: 8bd8 e959 | 0100 0048 | 8bd8 e951 | 0100 0048 | 8bd8 e949 | 0100 0048 | 8bd8 e941 | 0100 0048 
  0x000002c4d1a0392c: 8bd8 e939 | 0100 0048 | 8bd8 e931 | 0100 0048 | 8bd8 e929 | 0100 0048 | 8984 24b0 | 0000 00eb 
  0x000002c4d1a0394c: 0848 8984 | 24b0 0000 | 004c 8b94 | 2490 0000 | 004d 85d2 | 7416 498b | d290 c5f8 | 7748 b8ff 
  0x000002c4d1a0396c: ffff ffff 

  0x000002c4d1a03970: ;   {virtual_call}
  0x000002c4d1a03970: ffff ffe8 

  0x000002c4d1a03974: ; ImmutableOopMap {[32]=Oop [40]=Oop [48]=Oop [96]=Oop [104]=Oop [112]=NarrowOop [120]=Oop [128]=Oop [136]=Oop [176]=Oop [280]=Oop [288]=Oop }
                      ;*invokevirtual close {reexecute=0 rethrow=0 return_oop=0}
                      ; - java.util.jar.JarFile::getBytes@202 (line 801)
                      ; - java.util.jar.JarFile::getManifestFromReference@44 (line 419)
                      ; - java.util.jar.JarFile::getManifest@1 (line 406)
                      ; - java.util.jar.JarFile::maybeInstantiateVerifier@31 (line 725)
                      ; - java.util.jar.JarFile::ensureInitialization@1 (line 1031)
                      ; - java.util.jar.JavaUtilJarAccessImpl::ensureInitialization@1 (line 72)
                      ; - jdk.internal.loader.URLClassPath$JarLoader$2::getManifest@10 (line 885)
                      ; - java.net.URLClassLoader::defineClass@34 (line 491)
                      ; - java.net.URLClassLoader$1::run@43 (line 427)
                      ; - java.net.URLClassLoader$1::run@1 (line 421)
                      ; - java.security.AccessController::executePrivileged@29 (line 807)
                      ; - java.security.AccessController::doPrivileged@13 (line 712)
                      ; - java.net.URLClassLoader::findClass@13 (line 420)
                      ; - org.gradle.internal.classloader.VisitableURLClassLoader$InstrumentingVisitableURLClassLoader::findClass@10 (line 189)
  0x000002c4d1a03974: 08dd 40ff | 488b 9c24 | b000 0000 | e9e7 0000 | 004c 8bd0 | e93a 0100 | 0048 8bd8 | e9d7 0000 
  0x000002c4d1a03994: 0048 8bd8 | e9b7 0300 | 0048 8bd8 | e9af 0300 | 0048 8bd8 | e9a7 0300 | 0048 8bd8 | 448b 5808 
  0x000002c4d1a039b4: 4c8b 5424 | 404c 8954 | 2460 e900 | 0300 0048 | 8944 2438 | 488b 6c24 

  0x000002c4d1a039cc: ;   {oop(a 'java/lang/ThreadLocal'{0x0000000080c513d0})}
  0x000002c4d1a039cc: 5848 bad0 | 13c5 8000 

  0x000002c4d1a039d4: ;   {oop(a 'java/lang/Boolean'{0x00000000805bf6b0} = false)}
  0x000002c4d1a039d4: 0000 0049 | b8b0 f65b | 8000 0000 | 0066 6690 

  0x000002c4d1a039e4: ;   {optimized virtual_call}
  0x000002c4d1a039e4: c5f8 77e8 

  0x000002c4d1a039e8: ; ImmutableOopMap {[32]=Oop [40]=Oop [48]=Oop [56]=Oop [96]=Oop [120]=Oop [128]=Oop [280]=Oop [288]=Oop }
                      ;*invokevirtual set {reexecute=0 rethrow=0 return_oop=0}
                      ; - java.util.jar.JarFile::ensureInitialization@68 (line 1041)
                      ; - java.util.jar.JavaUtilJarAccessImpl::ensureInitialization@1 (line 72)
                      ; - jdk.internal.loader.URLClassPath$JarLoader$2::getManifest@10 (line 885)
                      ; - java.net.URLClassLoader::defineClass@34 (line 491)
                      ; - java.net.URLClassLoader$1::run@43 (line 427)
                      ; - java.net.URLClassLoader$1::run@1 (line 421)
                      ; - java.security.AccessController::executePrivileged@29 (line 807)
                      ; - java.security.AccessController::doPrivileged@13 (line 712)
                      ; - java.net.URLClassLoader::findClass@13 (line 420)
                      ; - org.gradle.internal.classloader.VisitableURLClassLoader$InstrumentingVisitableURLClassLoader::findClass@10 (line 189)
  0x000002c4d1a039e8: 94d9 40ff | 4c8b 5424 | 3849 8bda | e99e 0100 | 0048 8bd8 | e996 0100 | 0048 8bd8 | e98e 0100 
  0x000002c4d1a03a08: 0048 8bd8 | e948 0400 | 004c 8bd0 | eb03 4c8b | d049 8bda | 458b 5a08 | 4c8b 5424 | 204c 8954 
  0x000002c4d1a03a28: 2478 4c8b | 5424 284c | 8954 2460 | e98a 0200 | 00eb 04eb | 02eb 0048 | 8984 24a8 | 0000 0048 
  0x000002c4d1a03a48: 8b94 24f8 | 0000 0066 | 6690 c5f8 | 7748 b8ff | ffff ffff 

  0x000002c4d1a03a5c: ;   {virtual_call}
  0x000002c4d1a03a5c: ffff ffe8 

  0x000002c4d1a03a60: ; ImmutableOopMap {[32]=Oop [48]=Oop [96]=Oop [104]=Oop [112]=NarrowOop [120]=Oop [128]=Oop [168]=Oop [280]=Oop [288]=Oop }
                      ;*invokevirtual close {reexecute=0 rethrow=0 return_oop=0}
                      ; - java.util.jar.JarFile::getManifestFromReference@165 (line 432)
                      ; - java.util.jar.JarFile::getManifest@1 (line 406)
                      ; - java.util.jar.JarFile::maybeInstantiateVerifier@31 (line 725)
                      ; - java.util.jar.JarFile::ensureInitialization@1 (line 1031)
                      ; - java.util.jar.JavaUtilJarAccessImpl::ensureInitialization@1 (line 72)
                      ; - jdk.internal.loader.URLClassPath$JarLoader$2::getManifest@10 (line 885)
                      ; - java.net.URLClassLoader::defineClass@34 (line 491)
                      ; - java.net.URLClassLoader$1::run@43 (line 427)
                      ; - java.net.URLClassLoader$1::run@1 (line 421)
                      ; - java.security.AccessController::executePrivileged@29 (line 807)
                      ; - java.security.AccessController::doPrivileged@13 (line 712)
                      ; - java.net.URLClassLoader::findClass@13 (line 420)
                      ; - org.gradle.internal.classloader.VisitableURLClassLoader$InstrumentingVisitableURLClassLoader::findClass@10 (line 189)
  0x000002c4d1a03a60: 1cdc 40ff | 488b 9c24 | a800 0000 | 448b 5308 | e9fe 0000 | 004c 8bd0 | eb03 4c8b | d04c 8b5c 
  0x000002c4d1a03a80: 2420 4c89 | 5c24 7849 | 8bda e9c5 | 0200 0048 | 8bd8 448b | 5808 49ba | 0000 00e1 | c402 0000 
  0x000002c4d1a03aa0: 4d03 d34d 

  0x000002c4d1a03aa4: ;   {metadata('java/lang/IllegalArgumentException')}
  0x000002c4d1a03aa4: 8b52 5049 | b870 1506 | e1c4 0200 | 004d 3bd0 | 0f85 0902 | 0000 4533 | c9eb 6b4c | 8bd0 eb03 
  0x000002c4d1a03ac4: 4c8b d04c | 8b5c 2420 | 4c89 5c24 | 7849 8bda | e97b 0200 | 0048 8bd8 | 448b 5808 | 4889 6c24 
  0x000002c4d1a03ae4: 784c 8b54 | 2420 4c89 | 5424 60e9 | cf01 0000 | 4c8b d0e9 | ae01 0000 | 488b d844 | 8b58 0849 
  0x000002c4d1a03b04: ba00 0000 | e1c4 0200 | 004d 03d3 | 4d8b 5250 

  0x000002c4d1a03b14: ;   {metadata('java/lang/IllegalArgumentException')}
  0x000002c4d1a03b14: 49b8 7015 | 06e1 c402 | 0000 4d3b | d00f 859c | 0100 004c | 8bcd 488b | 9424 8000 | 0000 4c8b 
  0x000002c4d1a03b34: 8424 2001 | 0000 488b | bc24 1801 | 0000 6690 

  0x000002c4d1a03b44: ;   {optimized virtual_call}
  0x000002c4d1a03b44: c5f8 77e8 

  0x000002c4d1a03b48: ; ImmutableOopMap {[48]=Oop [96]=Oop [120]=Oop [128]=Oop [280]=Oop [288]=Oop }
                      ;*invokevirtual getAndVerifyPackage {reexecute=0 rethrow=0 return_oop=1}
                      ; - java.net.URLClassLoader::defineClass@97 (line 502)
                      ; - java.net.URLClassLoader$1::run@43 (line 427)
                      ; - java.net.URLClassLoader$1::run@1 (line 421)
                      ; - java.security.AccessController::executePrivileged@29 (line 807)
                      ; - java.security.AccessController::doPrivileged@13 (line 712)
                      ; - java.net.URLClassLoader::findClass@13 (line 420)
                      ; - org.gradle.internal.classloader.VisitableURLClassLoader$InstrumentingVisitableURLClassLoader::findClass@10 (line 189)
  0x000002c4d1a03b48: 34d8 40ff | 4885 c00f | 85c0 81ff | ffba fd00 | 0000 4c8b | 5424 304c | 8954 2428 

  0x000002c4d1a03b64: ;   {runtime_call UncommonTrapBlob}
  0x000002c4d1a03b64: c5f8 77e8 

  0x000002c4d1a03b68: ; ImmutableOopMap {[40]=Oop [96]=Oop [120]=Oop [128]=Oop [288]=Oop }
                      ;*new {reexecute=0 rethrow=0 return_oop=0}
                      ; - java.net.URLClassLoader::defineClass@103 (line 504)
                      ; - java.net.URLClassLoader$1::run@43 (line 427)
                      ; - java.net.URLClassLoader$1::run@1 (line 421)
                      ; - java.security.AccessController::executePrivileged@29 (line 807)
                      ; - java.security.AccessController::doPrivileged@13 (line 712)
                      ; - java.net.URLClassLoader::findClass@13 (line 420)
                      ; - org.gradle.internal.classloader.VisitableURLClassLoader$InstrumentingVisitableURLClassLoader::findClass@10 (line 189)
  0x000002c4d1a03b68: 942d 41ff | 488b d844 | 8b50 0849 | bb00 0000 | e1c4 0200 | 004d 03da | 4d8b 5348 

  0x000002c4d1a03b84: ;   {metadata('java/io/IOException')}
  0x000002c4d1a03b84: 49bb 7843 | 04e2 c402 | 0000 4d3b | d30f 8405 | 0300 004c | 8b5c 2420 | 488d 8424 | 3001 0000 
  0x000002c4d1a03ba4: 4881 3800 | 0000 000f | 8483 0000 | 004d 8b13 | 49f7 c202 | 0000 0074 | 6f49 81ba | 8600 0000 
  0x000002c4d1a03bc4: 0000 0000 | 7409 49ff | 8a86 0000 | 00eb 5149 | 8b82 9600 | 0000 490b | 828e 0000 | 0075 0a49 
  0x000002c4d1a03be4: c742 3e00 | 0000 00eb | 4749 81ba | 9e00 0000 | 0000 0000 | 7425 4833 | c049 c742 | 3e00 0000 
  0x000002c4d1a03c04: 00f0 8304 | 2400 4981 | ba9e 0000 | 0000 0000 | 0075 0df0 | 4d0f b17a | 3e75 0583 | c801 eb10 
  0x000002c4d1a03c24: f7c0 0000 | 0000 eb08 | 4c8b 10f0 | 4d0f b113 | 0f84 8500 | 0000 488b | 4c24 2048 | 8d94 2430 
  0x000002c4d1a03c44: 0100 004d | 8bc7 c5f8 | 7749 ba60 | 8fec cefb | 7f00 0041 | ffd2 eb63 | 488b d844 | 8b58 08eb 
  0x000002c4d1a03c64: 5e48 8bd8 | 448b 5808 | eb55 488b | d844 8b58 | 084c 8b54 | 2440 4c89 | 5424 60eb | 4248 8bd8 
  0x000002c4d1a03c84: 448b 5808 | 4c8b 5424 | 404c 8954 | 2460 eb2f | 488b d844 | 8b58 084c | 8b54 2440 | 4c89 5424 
  0x000002c4d1a03ca4: 60eb 1c4c | 8bd0 498b | da45 8b5a | 08eb 1048 | 8bd8 448b | 5808 eb07 | 488b d844 | 8b5b 0849 
  0x000002c4d1a03cc4: ba00 0000 | e1c4 0200 | 004d 03d3 | 4d8b 5a48 

  0x000002c4d1a03cd4: ;   {metadata('java/io/IOException')}
  0x000002c4d1a03cd4: 49b8 7843 | 04e2 c402 | 0000 4d3b | d80f 848f | 0100 004d 

  0x000002c4d1a03ce8: ;   {metadata('java/lang/ClassFormatError')}
  0x000002c4d1a03ce8: 8b52 5049 | bbc8 bc17 | e2c4 0200 | 004d 3bd3 | 755a 488b | eb48 8b54 | 2460 c5f8 | 7748 b8ff 
  0x000002c4d1a03d08: ffff ffff 

  0x000002c4d1a03d0c: ;   {virtual_call}
  0x000002c4d1a03d0c: ffff ffe8 

  0x000002c4d1a03d10: ; ImmutableOopMap {rbp=Oop [48]=Oop [96]=Oop [120]=Oop [128]=Oop }
                      ;*invokevirtual getDataError {reexecute=0 rethrow=0 return_oop=1}
                      ; - java.net.URLClassLoader$1::run@63 (line 431)
                      ; - java.net.URLClassLoader$1::run@1 (line 421)
                      ; - java.security.AccessController::executePrivileged@29 (line 807)
                      ; - java.security.AccessController::doPrivileged@13 (line 712)
                      ; - java.net.URLClassLoader::findClass@13 (line 420)
                      ; - org.gradle.internal.classloader.VisitableURLClassLoader$InstrumentingVisitableURLClassLoader::findClass@10 (line 189)
  0x000002c4d1a03d10: 6cd9 40ff | 4885 c00f | 84b7 81ff | ff48 8b54 | 2460 c5f8 | 7748 b8ff | ffff ffff 

  0x000002c4d1a03d2c: ;   {virtual_call}
  0x000002c4d1a03d2c: ffff ffe8 

  0x000002c4d1a03d30: ; ImmutableOopMap {rbp=Oop [48]=Oop [120]=Oop [128]=Oop }
                      ;*invokevirtual getDataError {reexecute=0 rethrow=0 return_oop=1}
                      ; - java.net.URLClassLoader$1::run@71 (line 432)
                      ; - java.net.URLClassLoader$1::run@1 (line 421)
                      ; - java.security.AccessController::executePrivileged@29 (line 807)
                      ; - java.security.AccessController::doPrivileged@13 (line 712)
                      ; - java.net.URLClassLoader::findClass@13 (line 420)
                      ; - org.gradle.internal.classloader.VisitableURLClassLoader$InstrumentingVisitableURLClassLoader::findClass@10 (line 189)
  0x000002c4d1a03d30: 4cd9 40ff | 4c8b 5c24 | 304c 895c | 2420 488b | d54c 8bc0 

  0x000002c4d1a03d44: ;   {optimized virtual_call}
  0x000002c4d1a03d44: c5f8 77e8 

  0x000002c4d1a03d48: ; ImmutableOopMap {rbp=Oop [32]=Oop [120]=Oop [128]=Oop }
                      ;*invokevirtual addSuppressed {reexecute=0 rethrow=0 return_oop=0}
                      ; - java.net.URLClassLoader$1::run@74 (line 432)
                      ; - java.net.URLClassLoader$1::run@1 (line 421)
                      ; - java.security.AccessController::executePrivileged@29 (line 807)
                      ; - java.security.AccessController::doPrivileged@13 (line 712)
                      ; - java.net.URLClassLoader::findClass@13 (line 420)
                      ; - org.gradle.internal.classloader.VisitableURLClassLoader$InstrumentingVisitableURLClassLoader::findClass@10 (line 189)
  0x000002c4d1a03d48: 34d6 40ff | e983 81ff | ff48 8bd8 | 448b 5308 | eb11 488b | d844 8b50 | 084c 8b5c | 2420 4c89 
  0x000002c4d1a03d68: ;   {metadata('java/lang/RuntimeException')}
  0x000002c4d1a03d68: 5c24 7849 | bb10 1306 | e1c4 0200 | 0049 b800 | 0000 e1c4 | 0200 004d | 03c2 4d8b | 5048 4d3b 
  0x000002c4d1a03d88: d375 0848 | 8beb e941 | 81ff ff4d 

  0x000002c4d1a03d94: ;   {metadata('java/lang/Exception')}
  0x000002c4d1a03d94: 8b50 4049 | bbc8 0402 | e1c4 0200 | 004d 3bd3 | 0f85 8700 | 0000 4c8b | d34c 8954 | 2428 498b 
  0x000002c4d1a03db4: 8708 0100 | 004c 8bd0 | 4983 c228 | 4d3b 9718 | 0100 000f | 8394 0000 | 004d 8997 | 0801 0000 
  0x000002c4d1a03dd4: 410f 0d8a | c000 0000 | 48c7 0001 

  0x000002c4d1a03de0: ;   {metadata('java/security/PrivilegedActionException')}
  0x000002c4d1a03de0: 0000 00c7 | 4008 88a6 | 0401 4489 | 600c 4c89 | 6010 4c89 | 6018 4c89 | 6020 488b | e848 8bd5 
  0x000002c4d1a03e00: 4c8b 4424 | 2866 6690 

  0x000002c4d1a03e08: ;   {optimized virtual_call}
  0x000002c4d1a03e08: c5f8 77e8 

  0x000002c4d1a03e0c: ; ImmutableOopMap {rbp=Oop [120]=Oop [128]=Oop }
                      ;*invokespecial <init> {reexecute=0 rethrow=0 return_oop=0}
                      ; - java.security.AccessController::wrapException@5 (line 828)
                      ; - java.security.AccessController::doPrivileged@22 (line 716)
                      ; - java.net.URLClassLoader::findClass@13 (line 420)
                      ; - org.gradle.internal.classloader.VisitableURLClassLoader$InstrumentingVisitableURLClassLoader::findClass@10 (line 189)
  0x000002c4d1a03e0c: 70d5 40ff | 488b d590 

  0x000002c4d1a03e14: ;   {optimized virtual_call}
  0x000002c4d1a03e14: c5f8 77e8 

  0x000002c4d1a03e18: ; ImmutableOopMap {[128]=Oop }
                      ;*invokevirtual getException {reexecute=0 rethrow=0 return_oop=1}
                      ; - java.net.URLClassLoader::findClass@25 (line 442)
                      ; - org.gradle.internal.classloader.VisitableURLClassLoader$InstrumentingVisitableURLClassLoader::findClass@10 (line 189)
  0x000002c4d1a03e18: 64d5 40ff 

  0x000002c4d1a03e1c: ; implicit exception: dispatches to 0x000002c4d1a02a44
  0x000002c4d1a03e1c: 448b 5808 

  0x000002c4d1a03e20: ;   {metadata('java/lang/ClassNotFoundException')}
  0x000002c4d1a03e20: 4181 fb00 | 2802 0075 | 5f48 8be8 | e9a3 80ff | ff44 8b53 | 0849 bb00 | 0000 e1c4 | 0200 004d 
  0x000002c4d1a03e40: ;   {metadata('java/security/PrivilegedActionException')}
  0x000002c4d1a03e40: 03da 49ba | 88a6 04e2 | c402 0000 | 4d3b da75 | 0848 8bd3 | ebbd 488b | d848 8beb | e973 80ff 
  0x000002c4d1a03e60: ;   {metadata('java/security/PrivilegedActionException')}
  0x000002c4d1a03e60: ff48 ba88 | a604 e2c4 | 0200 0090 

  0x000002c4d1a03e6c: ;   {runtime_call _new_instance_Java}
  0x000002c4d1a03e6c: c5f8 77e8 

  0x000002c4d1a03e70: ; ImmutableOopMap {[40]=Oop [120]=Oop [128]=Oop }
                      ;*new {reexecute=0 rethrow=0 return_oop=1}
                      ; - java.security.AccessController::wrapException@0 (line 828)
                      ; - java.security.AccessController::doPrivileged@22 (line 716)
                      ; - java.net.URLClassLoader::findClass@13 (line 420)
                      ; - org.gradle.internal.classloader.VisitableURLClassLoader$InstrumentingVisitableURLClassLoader::findClass@10 (line 189)
  0x000002c4d1a03e70: 8cc2 4bff | eb84 488b | ebba 2f00 | 0000 6690 

  0x000002c4d1a03e80: ;   {runtime_call UncommonTrapBlob}
  0x000002c4d1a03e80: c5f8 77e8 

  0x000002c4d1a03e84: ; ImmutableOopMap {rbp=Oop [48]=Oop [120]=Oop [128]=Oop }
                      ;*new {reexecute=0 rethrow=0 return_oop=0}
                      ; - java.net.URLClassLoader$1::run@48 (line 429)
                      ; - java.net.URLClassLoader$1::run@1 (line 421)
                      ; - java.security.AccessController::executePrivileged@29 (line 807)
                      ; - java.security.AccessController::doPrivileged@13 (line 712)
                      ; - java.net.URLClassLoader::findClass@13 (line 420)
                      ; - org.gradle.internal.classloader.VisitableURLClassLoader$InstrumentingVisitableURLClassLoader::findClass@10 (line 189)
  0x000002c4d1a03e84: 782a 41ff | bade ffff | ff48 8944 | 2420 6690 

  0x000002c4d1a03e94: ;   {runtime_call UncommonTrapBlob}
  0x000002c4d1a03e94: c5f8 77e8 

  0x000002c4d1a03e98: ; ImmutableOopMap {[32]=Oop [128]=Oop }
                      ;*checkcast {reexecute=0 rethrow=0 return_oop=0}
                      ; - java.net.URLClassLoader::findClass@28 (line 442)
                      ; - org.gradle.internal.classloader.VisitableURLClassLoader$InstrumentingVisitableURLClassLoader::findClass@10 (line 189)
  0x000002c4d1a03e98: 642a 41ff | 488b ebba | df01 0000 | 4c8b 5424 | 604c 8954 | 2438 4c8b | 9424 8000 | 0000 4c89 
  0x000002c4d1a03eb8: 5424 404c | 8b54 2478 | 4c89 5424 | 484c 8b54 | 2458 4c89 | 5424 504c | 8b54 2478 | 4c89 5424 
  0x000002c4d1a03ed8: 584c 8b94 | 2480 0000 | 004c 8954 | 2460 6690 

  0x000002c4d1a03ee8: ;   {runtime_call UncommonTrapBlob}
  0x000002c4d1a03ee8: c5f8 77e8 

  0x000002c4d1a03eec: ; ImmutableOopMap {rbp=Oop [48]=Oop [56]=Oop [64]=Oop [72]=Oop [88]=Oop [96]=Oop [104]=Oop [112]=NarrowOop [280]=Oop [288]=Oop }
                      ;*new {reexecute=0 rethrow=0 return_oop=0}
                      ; - java.util.jar.JarFile::ensureInitialization@8 (line 1033)
                      ; - java.util.jar.JavaUtilJarAccessImpl::ensureInitialization@1 (line 72)
                      ; - jdk.internal.loader.URLClassPath$JarLoader$2::getManifest@10 (line 885)
                      ; - java.net.URLClassLoader::defineClass@34 (line 491)
                      ; - java.net.URLClassLoader$1::run@43 (line 427)
                      ; - java.net.URLClassLoader$1::run@1 (line 421)
                      ; - java.security.AccessController::executePrivileged@29 (line 807)
                      ; - java.security.AccessController::doPrivileged@13 (line 712)
                      ; - java.net.URLClassLoader::findClass@13 (line 420)
                      ; - org.gradle.internal.classloader.VisitableURLClassLoader$InstrumentingVisitableURLClassLoader::findClass@10 (line 189)
  0x000002c4d1a03eec: 102a 41ff 

  0x000002c4d1a03ef0: ;   {internal_word}
  0x000002c4d1a03ef0: 49ba 6abe | 9fd1 c402 | 0000 4d89 | 9760 0300 

  0x000002c4d1a03f00: ;   {runtime_call SafepointBlob}
  0x000002c4d1a03f00: 00e9 fa3a | 41ff f4f4 | f4f4 f4f4 | f4f4 f4f4 | f4f4 f4f4 | f4f4 f4f4 | f4f4 f4f4 | f4f4 f4f4 
[Stub Code]
  0x000002c4d1a03f20: ;   {no_reloc}
  0x000002c4d1a03f20: 48bb 0000 | 0000 0000 

  0x000002c4d1a03f28: ;   {runtime_call}
  0x000002c4d1a03f28: 0000 e9fb 

  0x000002c4d1a03f2c: ;   {static_stub}
  0x000002c4d1a03f2c: ffff ff48 | bb00 0000 | 0000 0000 

  0x000002c4d1a03f38: ;   {runtime_call}
  0x000002c4d1a03f38: 00e9 fbff 

  0x000002c4d1a03f3c: ;   {static_stub}
  0x000002c4d1a03f3c: ffff 48bb | 0000 0000 | 0000 0000 

  0x000002c4d1a03f48: ;   {runtime_call}
  0x000002c4d1a03f48: e9fb ffff 

  0x000002c4d1a03f4c: ;   {static_stub}
  0x000002c4d1a03f4c: ff48 bb00 | 0000 0000 

  0x000002c4d1a03f54: ;   {runtime_call}
  0x000002c4d1a03f54: 0000 00e9 | fbff ffff 

  0x000002c4d1a03f5c: ;   {static_stub}
  0x000002c4d1a03f5c: 48bb 0000 | 0000 0000 

  0x000002c4d1a03f64: ;   {runtime_call}
  0x000002c4d1a03f64: 0000 e9fb 

  0x000002c4d1a03f68: ;   {static_stub}
  0x000002c4d1a03f68: ffff ff48 | bb10 6719 | e1c4 0200 

  0x000002c4d1a03f74: ;   {runtime_call I2C/C2I adapters}
  0x000002c4d1a03f74: 00e9 df1d 

  0x000002c4d1a03f78: ;   {static_stub}
  0x000002c4d1a03f78: 41ff 48bb | 0000 0000 | 0000 0000 

  0x000002c4d1a03f84: ;   {runtime_call}
  0x000002c4d1a03f84: e9fb ffff 

  0x000002c4d1a03f88: ;   {static_stub}
  0x000002c4d1a03f88: ff48 bb00 | 0000 0000 

  0x000002c4d1a03f90: ;   {runtime_call}
  0x000002c4d1a03f90: 0000 00e9 | fbff ffff 

  0x000002c4d1a03f98: ;   {static_stub}
  0x000002c4d1a03f98: 48bb 0000 | 0000 0000 

  0x000002c4d1a03fa0: ;   {runtime_call}
  0x000002c4d1a03fa0: 0000 e9fb 

  0x000002c4d1a03fa4: ;   {static_stub}
  0x000002c4d1a03fa4: ffff ff48 | bb00 0000 | 0000 0000 

  0x000002c4d1a03fb0: ;   {runtime_call}
  0x000002c4d1a03fb0: 00e9 fbff 

  0x000002c4d1a03fb4: ;   {static_stub}
  0x000002c4d1a03fb4: ffff 48bb | 0000 0000 | 0000 0000 

  0x000002c4d1a03fc0: ;   {runtime_call}
  0x000002c4d1a03fc0: e9fb ffff 

  0x000002c4d1a03fc4: ;   {static_stub}
  0x000002c4d1a03fc4: ff48 bba0 | c53f fec4 

  0x000002c4d1a03fcc: ;   {runtime_call I2C/C2I adapters}
  0x000002c4d1a03fcc: 0200 00e9 | 851d 41ff 

  0x000002c4d1a03fd4: ;   {static_stub}
  0x000002c4d1a03fd4: 48bb 0000 | 0000 0000 

  0x000002c4d1a03fdc: ;   {runtime_call}
  0x000002c4d1a03fdc: 0000 e9fb 

  0x000002c4d1a03fe0: ;   {static_stub}
  0x000002c4d1a03fe0: ffff ff48 | bb90 c63f | fec4 0200 

  0x000002c4d1a03fec: ;   {runtime_call I2C/C2I adapters}
  0x000002c4d1a03fec: 00e9 6b26 

  0x000002c4d1a03ff0: ;   {static_stub}
  0x000002c4d1a03ff0: 41ff 48bb | 0000 0000 | 0000 0000 

  0x000002c4d1a03ffc: ;   {runtime_call}
  0x000002c4d1a03ffc: e9fb ffff 

  0x000002c4d1a04000: ;   {static_stub}
  0x000002c4d1a04000: ff48 bb00 | 0000 0000 

  0x000002c4d1a04008: ;   {runtime_call}
  0x000002c4d1a04008: 0000 00e9 | fbff ffff 

  0x000002c4d1a04010: ;   {static_stub}
  0x000002c4d1a04010: 48bb 0000 | 0000 0000 

  0x000002c4d1a04018: ;   {runtime_call}
  0x000002c4d1a04018: 0000 e9fb 

  0x000002c4d1a0401c: ;   {static_stub}
  0x000002c4d1a0401c: ffff ff48 | bb00 0000 | 0000 0000 

  0x000002c4d1a04028: ;   {runtime_call}
  0x000002c4d1a04028: 00e9 fbff 

  0x000002c4d1a0402c: ;   {static_stub}
  0x000002c4d1a0402c: ffff 48bb | 0000 0000 | 0000 0000 

  0x000002c4d1a04038: ;   {runtime_call}
  0x000002c4d1a04038: e9fb ffff 

  0x000002c4d1a0403c: ;   {static_stub}
  0x000002c4d1a0403c: ff48 bb00 | 0000 0000 

  0x000002c4d1a04044: ;   {runtime_call}
  0x000002c4d1a04044: 0000 00e9 | fbff ffff 

  0x000002c4d1a0404c: ;   {static_stub}
  0x000002c4d1a0404c: 48bb 0000 | 0000 0000 

  0x000002c4d1a04054: ;   {runtime_call}
  0x000002c4d1a04054: 0000 e9fb 

  0x000002c4d1a04058: ;   {static_stub}
  0x000002c4d1a04058: ffff ff48 | bb00 0000 | 0000 0000 

  0x000002c4d1a04064: ;   {runtime_call}
  0x000002c4d1a04064: 00e9 fbff 

  0x000002c4d1a04068: ;   {static_stub}
  0x000002c4d1a04068: ffff 48bb | 0000 0000 | 0000 0000 

  0x000002c4d1a04074: ;   {runtime_call}
  0x000002c4d1a04074: e9fb ffff 

  0x000002c4d1a04078: ;   {static_stub}
  0x000002c4d1a04078: ff48 bb00 | 0000 0000 

  0x000002c4d1a04080: ;   {runtime_call}
  0x000002c4d1a04080: 0000 00e9 | fbff ffff 

  0x000002c4d1a04088: ;   {static_stub}
  0x000002c4d1a04088: 48bb 0000 | 0000 0000 

  0x000002c4d1a04090: ;   {runtime_call}
  0x000002c4d1a04090: 0000 e9fb 

  0x000002c4d1a04094: ;   {static_stub}
  0x000002c4d1a04094: ffff ff48 | bb00 0000 | 0000 0000 

  0x000002c4d1a040a0: ;   {runtime_call}
  0x000002c4d1a040a0: 00e9 fbff 

  0x000002c4d1a040a4: ;   {static_stub}
  0x000002c4d1a040a4: ffff 48bb | 0000 0000 | 0000 0000 

  0x000002c4d1a040b0: ;   {runtime_call}
  0x000002c4d1a040b0: e9fb ffff 

  0x000002c4d1a040b4: ;   {static_stub}
  0x000002c4d1a040b4: ff48 bb00 | 0000 0000 

  0x000002c4d1a040bc: ;   {runtime_call}
  0x000002c4d1a040bc: 0000 00e9 | fbff ffff 

  0x000002c4d1a040c4: ;   {static_stub}
  0x000002c4d1a040c4: 48bb 0000 | 0000 0000 

  0x000002c4d1a040cc: ;   {runtime_call}
  0x000002c4d1a040cc: 0000 e9fb 

  0x000002c4d1a040d0: ;   {static_stub}
  0x000002c4d1a040d0: ffff ff48 | bb00 0000 | 0000 0000 

  0x000002c4d1a040dc: ;   {runtime_call}
  0x000002c4d1a040dc: 00e9 fbff 

  0x000002c4d1a040e0: ;   {static_stub}
  0x000002c4d1a040e0: ffff 48bb | 0000 0000 | 0000 0000 

  0x000002c4d1a040ec: ;   {runtime_call}
  0x000002c4d1a040ec: e9fb ffff 

  0x000002c4d1a040f0: ;   {static_stub}
  0x000002c4d1a040f0: ff48 bb00 | 0000 0000 

  0x000002c4d1a040f8: ;   {runtime_call}
  0x000002c4d1a040f8: 0000 00e9 | fbff ffff 

  0x000002c4d1a04100: ;   {static_stub}
  0x000002c4d1a04100: 48bb 0000 | 0000 0000 

  0x000002c4d1a04108: ;   {runtime_call}
  0x000002c4d1a04108: 0000 e9fb 

  0x000002c4d1a0410c: ;   {static_stub}
  0x000002c4d1a0410c: ffff ff48 | bb00 0000 | 0000 0000 

  0x000002c4d1a04118: ;   {runtime_call}
  0x000002c4d1a04118: 00e9 fbff 

  0x000002c4d1a0411c: ;   {static_stub}
  0x000002c4d1a0411c: ffff 48bb | 0000 0000 | 0000 0000 

  0x000002c4d1a04128: ;   {runtime_call}
  0x000002c4d1a04128: e9fb ffff 

  0x000002c4d1a0412c: ;   {static_stub}
  0x000002c4d1a0412c: ff48 bb00 | 0000 0000 

  0x000002c4d1a04134: ;   {runtime_call}
  0x000002c4d1a04134: 0000 00e9 | fbff ffff 

  0x000002c4d1a0413c: ;   {static_stub}
  0x000002c4d1a0413c: 48bb 0000 | 0000 0000 

  0x000002c4d1a04144: ;   {runtime_call}
  0x000002c4d1a04144: 0000 e9fb 

  0x000002c4d1a04148: ;   {static_stub}
  0x000002c4d1a04148: ffff ff48 | bb00 0000 | 0000 0000 

  0x000002c4d1a04154: ;   {runtime_call}
  0x000002c4d1a04154: 00e9 fbff 

  0x000002c4d1a04158: ;   {static_stub}
  0x000002c4d1a04158: ffff 48bb | 0000 0000 | 0000 0000 

  0x000002c4d1a04164: ;   {runtime_call}
  0x000002c4d1a04164: e9fb ffff 

  0x000002c4d1a04168: ;   {static_stub}
  0x000002c4d1a04168: ff48 bb00 | 0000 0000 

  0x000002c4d1a04170: ;   {runtime_call}
  0x000002c4d1a04170: 0000 00e9 | fbff ffff 

  0x000002c4d1a04178: ;   {static_stub}
  0x000002c4d1a04178: 48bb 0000 | 0000 0000 

  0x000002c4d1a04180: ;   {runtime_call}
  0x000002c4d1a04180: 0000 e9fb 

  0x000002c4d1a04184: ;   {static_stub}
  0x000002c4d1a04184: ffff ff48 | bb00 0000 | 0000 0000 

  0x000002c4d1a04190: ;   {runtime_call}
  0x000002c4d1a04190: 00e9 fbff 

  0x000002c4d1a04194: ;   {static_stub}
  0x000002c4d1a04194: ffff 48bb | 0000 0000 | 0000 0000 

  0x000002c4d1a041a0: ;   {runtime_call}
  0x000002c4d1a041a0: e9fb ffff 

  0x000002c4d1a041a4: ;   {static_stub}
  0x000002c4d1a041a4: ff48 bb00 | 0000 0000 

  0x000002c4d1a041ac: ;   {runtime_call}
  0x000002c4d1a041ac: 0000 00e9 | fbff ffff 

  0x000002c4d1a041b4: ;   {static_stub}
  0x000002c4d1a041b4: 48bb 0000 | 0000 0000 

  0x000002c4d1a041bc: ;   {runtime_call}
  0x000002c4d1a041bc: 0000 e9fb 

  0x000002c4d1a041c0: ;   {static_stub}
  0x000002c4d1a041c0: ffff ff48 | bb00 0000 | 0000 0000 

  0x000002c4d1a041cc: ;   {runtime_call}
  0x000002c4d1a041cc: 00e9 fbff 

  0x000002c4d1a041d0: ;   {static_stub}
  0x000002c4d1a041d0: ffff 48bb | 0000 0000 | 0000 0000 

  0x000002c4d1a041dc: ;   {runtime_call}
  0x000002c4d1a041dc: e9fb ffff 

  0x000002c4d1a041e0: ;   {static_stub}
  0x000002c4d1a041e0: ff48 bb00 | 0000 0000 

  0x000002c4d1a041e8: ;   {runtime_call}
  0x000002c4d1a041e8: 0000 00e9 | fbff ffff 

  0x000002c4d1a041f0: ;   {static_stub}
  0x000002c4d1a041f0: 48bb 0000 | 0000 0000 

  0x000002c4d1a041f8: ;   {runtime_call}
  0x000002c4d1a041f8: 0000 e9fb 

  0x000002c4d1a041fc: ;   {static_stub}
  0x000002c4d1a041fc: ffff ff48 | bb00 0000 | 0000 0000 

  0x000002c4d1a04208: ;   {runtime_call}
  0x000002c4d1a04208: 00e9 fbff 

  0x000002c4d1a0420c: ;   {static_stub}
  0x000002c4d1a0420c: ffff 48bb | 0000 0000 | 0000 0000 

  0x000002c4d1a04218: ;   {runtime_call}
  0x000002c4d1a04218: e9fb ffff 

  0x000002c4d1a0421c: ;   {static_stub}
  0x000002c4d1a0421c: ff48 bb00 | 0000 0000 

  0x000002c4d1a04224: ;   {runtime_call}
  0x000002c4d1a04224: 0000 00e9 | fbff ffff 

  0x000002c4d1a0422c: ;   {static_stub}
  0x000002c4d1a0422c: 48bb 0000 | 0000 0000 

  0x000002c4d1a04234: ;   {runtime_call}
  0x000002c4d1a04234: 0000 e9fb 

  0x000002c4d1a04238: ;   {static_stub}
  0x000002c4d1a04238: ffff ff48 | bb00 0000 | 0000 0000 

  0x000002c4d1a04244: ;   {runtime_call}
  0x000002c4d1a04244: 00e9 fbff 

  0x000002c4d1a04248: ;   {static_stub}
  0x000002c4d1a04248: ffff 48bb | 0000 0000 | 0000 0000 

  0x000002c4d1a04254: ;   {runtime_call}
  0x000002c4d1a04254: e9fb ffff 

  0x000002c4d1a04258: ;   {static_stub}
  0x000002c4d1a04258: ff48 bb00 | 0000 0000 

  0x000002c4d1a04260: ;   {runtime_call}
  0x000002c4d1a04260: 0000 00e9 | fbff ffff 

  0x000002c4d1a04268: ;   {static_stub}
  0x000002c4d1a04268: 48bb 0000 | 0000 0000 

  0x000002c4d1a04270: ;   {runtime_call}
  0x000002c4d1a04270: 0000 e9fb 

  0x000002c4d1a04274: ;   {static_stub}
  0x000002c4d1a04274: ffff ff48 | bb00 0000 | 0000 0000 

  0x000002c4d1a04280: ;   {runtime_call}
  0x000002c4d1a04280: 00e9 fbff 

  0x000002c4d1a04284: ;   {static_stub}
  0x000002c4d1a04284: ffff 48bb | 0000 0000 | 0000 0000 

  0x000002c4d1a04290: ;   {runtime_call}
  0x000002c4d1a04290: e9fb ffff 

  0x000002c4d1a04294: ;   {static_stub}
  0x000002c4d1a04294: ff48 bb00 | 0000 0000 

  0x000002c4d1a0429c: ;   {runtime_call}
  0x000002c4d1a0429c: 0000 00e9 | fbff ffff 

  0x000002c4d1a042a4: ;   {static_stub}
  0x000002c4d1a042a4: 48bb 0000 | 0000 0000 

  0x000002c4d1a042ac: ;   {runtime_call}
  0x000002c4d1a042ac: 0000 e9fb 

  0x000002c4d1a042b0: ;   {static_stub}
  0x000002c4d1a042b0: ffff ff48 | bb00 0000 | 0000 0000 

  0x000002c4d1a042bc: ;   {runtime_call}
  0x000002c4d1a042bc: 00e9 fbff 

  0x000002c4d1a042c0: ;   {static_stub}
  0x000002c4d1a042c0: ffff 48bb | 0000 0000 | 0000 0000 

  0x000002c4d1a042cc: ;   {runtime_call}
  0x000002c4d1a042cc: e9fb ffff 

  0x000002c4d1a042d0: ;   {static_stub}
  0x000002c4d1a042d0: ff48 bb00 | 0000 0000 

  0x000002c4d1a042d8: ;   {runtime_call}
  0x000002c4d1a042d8: 0000 00e9 | fbff ffff 

  0x000002c4d1a042e0: ;   {static_stub}
  0x000002c4d1a042e0: 48bb 0000 | 0000 0000 

  0x000002c4d1a042e8: ;   {runtime_call}
  0x000002c4d1a042e8: 0000 e9fb 

  0x000002c4d1a042ec: ;   {runtime_call ExceptionBlob}
  0x000002c4d1a042ec: ffff ffe9 | 8c12 4bff 
[Deopt Handler Code]
  0x000002c4d1a042f4: e800 0000 | 0048 832c 

  0x000002c4d1a042fc: ;   {runtime_call DeoptimizationBlob}
  0x000002c4d1a042fc: 2405 e99d | 2941 fff4 | f4f4 f4f4 
[/MachCode]


---------------  P R O C E S S  ---------------

Threads class SMR info:
_java_thread_list=0x000002c48464f000, length=193, elements={
0x000002c4c1d36cc0, 0x000002c4e0692090, 0x000002c4e0692660, 0x000002c4e06b1770,
0x000002c4e06b2040, 0x000002c4e06b4a10, 0x000002c4e06b53d0, 0x000002c4e06b6860,
0x000002c4e06c9280, 0x000002c4e06cd350, 0x000002c4e07c6380, 0x000002c4e07c9110,
0x000002c4e07c5e70, 0x000002c4e07c86f0, 0x000002c4e07c6890, 0x000002c4e07c7cd0,
0x000002c4e07c6da0, 0x000002c4e07c77c0, 0x000002c4e07c72b0, 0x000002c4e07c81e0,
0x000002c4e07c9620, 0x000002c482bdf730, 0x000002c482bde2f0, 0x000002c482bdfc40,
0x000002c482bdf220, 0x000002c482be1080, 0x000002c482be0150, 0x000002c482bde800,
0x000002c482be24c0, 0x000002c482be0660, 0x000002c482be1fb0, 0x000002c482be1590,
0x000002c482be1aa0, 0x000002c482bded10, 0x000002c482be3900, 0x000002c482be2ee0,
0x000002c482be5250, 0x000002c482be29d0, 0x000002c482be33f0, 0x000002c482be4320,
0x000002c482be5c70, 0x000002c482be4830, 0x000002c482be4d40, 0x000002c482be5760,
0x000002c486858e70, 0x000002c486859890, 0x000002c486859da0, 0x000002c486856b00,
0x000002c486857520, 0x000002c486859380, 0x000002c4868565f0, 0x000002c48685a2b0,
0x000002c48685a7c0, 0x000002c486857010, 0x000002c48685acd0, 0x000002c48685b1e0,
0x000002c486857f40, 0x000002c486857a30, 0x000002c48685b6f0, 0x000002c48685bc00,
0x000002c486858450, 0x000002c48685c110, 0x000002c486858960, 0x000002c48685c620,
0x000002c48685cb30, 0x000002c48685d040, 0x000002c48685d550, 0x000002c48685da60,
0x000002c48685df70, 0x000002c484224ad0, 0x000002c484222c70, 0x000002c484222250,
0x000002c484221320, 0x000002c484222760, 0x000002c484221d40, 0x000002c484223180,
0x000002c4e0974480, 0x000002c484225a00, 0x000002c4842245c0, 0x000002c484225f10,
0x000002c484226930, 0x000002c484226e40, 0x000002c484226420, 0x000002c484227350,
0x000002c484223ba0, 0x000002c484227860, 0x000002c4842240b0, 0x000002c484227d70,
0x000002c484228280, 0x000002c484228790, 0x000002c484228ca0, 0x000002c486a9b920,
0x000002c486a9be30, 0x000002c486a9a9f0, 0x000002c486a9c340, 0x000002c486a990a0,
0x000002c486a98b90, 0x000002c486a9c850, 0x000002c486a9af00, 0x000002c486a9b410,
0x000002c486a9cd60, 0x000002c486a995b0, 0x000002c486a99fd0, 0x000002c486a9d270,
0x000002c486a99ac0, 0x000002c486a9dc90, 0x000002c486a9d780, 0x000002c486a9a4e0,
0x000002c486a9f5e0, 0x000002c486a9e1a0, 0x000002c486a9e6b0, 0x000002c486aa0510,
0x000002c486a9faf0, 0x000002c486a9ebc0, 0x000002c486a9f0d0, 0x000002c486aa0000,
0x000002c4857eb2e0, 0x000002c4857eadd0, 0x000002c4857eb7f0, 0x000002c4857ebd00,
0x000002c4857ec210, 0x000002c4857e9ea0, 0x000002c4857e8a60, 0x000002c4857ec720,
0x000002c4857e8f70, 0x000002c4857e9480, 0x000002c4857ecc30, 0x000002c4857ed140,
0x000002c4857e9990, 0x000002c4857ed650, 0x000002c4857edb60, 0x000002c4857ea3b0,
0x000002c4857ea8c0, 0x000002c4857ee580, 0x000002c4857ee070, 0x000002c4857eea90,
0x000002c4857eefa0, 0x000002c4857ef4b0, 0x000002c4857ef9c0, 0x000002c4857f03e0,
0x000002c481c208b0, 0x000002c481c217e0, 0x000002c481c21cf0, 0x000002c481c1e540,
0x000002c481c20dc0, 0x000002c481c203a0, 0x000002c481c22200, 0x000002c481c212d0,
0x000002c481c1ea50, 0x000002c481c22710, 0x000002c481c1f470, 0x000002c481c1ef60,
0x000002c481c23130, 0x000002c481c23640, 0x000002c481c1f980, 0x000002c481c22c20,
0x000002c481c1fe90, 0x000002c481c24a80, 0x000002c481c24570, 0x000002c481c24f90,
0x000002c481c23b50, 0x000002c481c25ec0, 0x000002c481c254a0, 0x000002c481c259b0,
0x000002c481c24060, 0x000002c4857ded90, 0x000002c4857dca20, 0x000002c4857de370,
0x000002c4857dcf30, 0x000002c4857dc510, 0x000002c4857de880, 0x000002c4857df2a0,
0x000002c4857dd440, 0x000002c4857dc000, 0x000002c4857dd950, 0x000002c4857dde60,
0x000002c4857dbaf0, 0x000002c4857e1100, 0x000002c4857e2f60, 0x000002c4857e1b20,
0x000002c4857df7b0, 0x000002c4857e3470, 0x000002c4857dfcc0, 0x000002c4857e0bf0,
0x000002c4857e06e0, 0x000002c4857e2030, 0x000002c4857e2540, 0x000002c48195aae0,
0x000002c4857e2a50, 0x000002c4e07c8c00, 0x000002c484224fe0, 0x000002c4868f8e00,
0x000002c4868f79c0
}

Java Threads: ( => current thread )
  0x000002c4c1d36cc0 JavaThread "main" [_thread_blocked, id=25132, stack(0x000000d9fb300000,0x000000d9fb400000)]
  0x000002c4e0692090 JavaThread "Reference Handler" daemon [_thread_blocked, id=14176, stack(0x000000d9fba00000,0x000000d9fbb00000)]
  0x000002c4e0692660 JavaThread "Finalizer" daemon [_thread_blocked, id=23008, stack(0x000000d9fbb00000,0x000000d9fbc00000)]
  0x000002c4e06b1770 JavaThread "Signal Dispatcher" daemon [_thread_blocked, id=6064, stack(0x000000d9fbc00000,0x000000d9fbd00000)]
  0x000002c4e06b2040 JavaThread "Attach Listener" daemon [_thread_blocked, id=3244, stack(0x000000d9fbd00000,0x000000d9fbe00000)]
  0x000002c4e06b4a10 JavaThread "Service Thread" daemon [_thread_blocked, id=8216, stack(0x000000d9fbe00000,0x000000d9fbf00000)]
  0x000002c4e06b53d0 JavaThread "Monitor Deflation Thread" daemon [_thread_blocked, id=12968, stack(0x000000d9fbf00000,0x000000d9fc000000)]
  0x000002c4e06b6860 JavaThread "C2 CompilerThread0" daemon [_thread_blocked, id=26600, stack(0x000000d9fc000000,0x000000d9fc100000)]
  0x000002c4e06c9280 JavaThread "C1 CompilerThread0" daemon [_thread_blocked, id=19864, stack(0x000000d9fc100000,0x000000d9fc200000)]
  0x000002c4e06cd350 JavaThread "Sweeper thread" daemon [_thread_blocked, id=23972, stack(0x000000d9fc200000,0x000000d9fc300000)]
  0x000002c4e07c6380 JavaThread "Common-Cleaner" daemon [_thread_blocked, id=27352, stack(0x000000d9fc300000,0x000000d9fc400000)]
  0x000002c4e07c9110 JavaThread "Notification Thread" daemon [_thread_blocked, id=18756, stack(0x000000d9fc400000,0x000000d9fc500000)]
  0x000002c4e07c5e70 JavaThread "Daemon health stats" [_thread_blocked, id=13272, stack(0x000000d9fc700000,0x000000d9fc800000)]
  0x000002c4e07c86f0 JavaThread "Incoming local TCP Connector on port 60298" [_thread_in_native, id=15776, stack(0x000000d9fcd00000,0x000000d9fce00000)]
  0x000002c4e07c6890 JavaThread "Daemon periodic checks" [_thread_blocked, id=27260, stack(0x000000d9fce00000,0x000000d9fcf00000)]
  0x000002c4e07c7cd0 JavaThread "Daemon" [_thread_blocked, id=1668, stack(0x000000d9fcf00000,0x000000d9fd000000)]
  0x000002c4e07c6da0 JavaThread "Handler for socket connection from /127.0.0.1:60298 to /127.0.0.1:60299" [_thread_in_native, id=23568, stack(0x000000d9fd000000,0x000000d9fd100000)]
  0x000002c4e07c77c0 JavaThread "Cancel handler" [_thread_blocked, id=22784, stack(0x000000d9fd100000,0x000000d9fd200000)]
=>0x000002c4e07c72b0 JavaThread "Daemon worker" [_thread_in_vm, id=21160, stack(0x000000d9fd200000,0x000000d9fd300000)]
  0x000002c4e07c81e0 JavaThread "Asynchronous log dispatcher for DefaultDaemonConnection: socket connection from /127.0.0.1:60298 to /127.0.0.1:60299" [_thread_blocked, id=3312, stack(0x000000d9fd300000,0x000000d9fd400000)]
  0x000002c4e07c9620 JavaThread "Stdin handler" [_thread_blocked, id=20428, stack(0x000000d9fd400000,0x000000d9fd500000)]
  0x000002c482bdf730 JavaThread "Daemon client event forwarder" [_thread_blocked, id=21728, stack(0x000000d9fd500000,0x000000d9fd600000)]
  0x000002c482bde2f0 JavaThread "Cache worker for journal cache (C:\Users\Nandhitha_R\.gradle\caches\journal-1)" [_thread_blocked, id=27112, stack(0x000000d9fd600000,0x000000d9fd700000)]
  0x000002c482bdfc40 JavaThread "File lock request listener" [_thread_in_native, id=23188, stack(0x000000d9fd700000,0x000000d9fd800000)]
  0x000002c482bdf220 JavaThread "Cache worker for file hash cache (C:\Users\Nandhitha_R\.gradle\caches\9.0.0\fileHashes)" [_thread_blocked, id=6932, stack(0x000000d9fd800000,0x000000d9fd900000)]
  0x000002c482be1080 JavaThread "Cache worker for file hash cache (D:\apps\caltims mobile app\frontend\android\.gradle\9.0.0\fileHashes)" [_thread_blocked, id=26996, stack(0x000000d9fe000000,0x000000d9fe100000)]
  0x000002c482be0150 JavaThread "Cache worker for Build Output Cleanup Cache (D:\apps\caltims mobile app\frontend\android\.gradle\buildOutputCleanup)" [_thread_blocked, id=26236, stack(0x000000d9fe100000,0x000000d9fe200000)]
  0x000002c482bde800 JavaThread "File watcher server" daemon [_thread_in_native, id=4012, stack(0x000000d9fe200000,0x000000d9fe300000)]
  0x000002c482be24c0 JavaThread "File watcher consumer" daemon [_thread_blocked, id=26544, stack(0x000000d9fe300000,0x000000d9fe400000)]
  0x000002c482be0660 JavaThread "Cache worker for checksums cache (D:\apps\caltims mobile app\frontend\android\.gradle\9.0.0\checksums)" [_thread_blocked, id=1304, stack(0x000000d9fe400000,0x000000d9fe500000)]
  0x000002c482be1fb0 JavaThread "Cache worker for file content cache (C:\Users\Nandhitha_R\.gradle\caches\9.0.0\fileContent)" [_thread_blocked, id=15444, stack(0x000000d9fe500000,0x000000d9fe600000)]
  0x000002c482be1590 JavaThread "Cache worker for cache directory md-supplier (C:\Users\Nandhitha_R\.gradle\caches\9.0.0\md-supplier)" [_thread_blocked, id=3820, stack(0x000000d9fe600000,0x000000d9fe700000)]
  0x000002c482be1aa0 JavaThread "Cache worker for cache directory md-rule (C:\Users\Nandhitha_R\.gradle\caches\9.0.0\md-rule)" [_thread_blocked, id=19836, stack(0x000000d9fe700000,0x000000d9fe800000)]
  0x000002c482bded10 JavaThread "jar transforms" [_thread_blocked, id=824, stack(0x000000d9fe800000,0x000000d9fe900000)]
  0x000002c482be3900 JavaThread "Cache worker for Build Output Cleanup Cache (D:\apps\caltims mobile app\frontend\node_modules\@react-native\gradle-plugin\.gradle\buildOutputCleanup)" [_thread_blocked, id=8120, stack(0x000000d9fe900000,0x000000d9fea00000)]
  0x000002c482be2ee0 JavaThread "Unconstrained build operations" [_thread_blocked, id=25556, stack(0x000000d9fd900000,0x000000d9fda00000)]
  0x000002c482be5250 JavaThread "Unconstrained build operations Thread 2" [_thread_blocked, id=25648, stack(0x000000d9fea00000,0x000000d9feb00000)]
  0x000002c482be29d0 JavaThread "Unconstrained build operations Thread 3" [_thread_blocked, id=4792, stack(0x000000d9feb00000,0x000000d9fec00000)]
  0x000002c482be33f0 JavaThread "Unconstrained build operations Thread 4" [_thread_blocked, id=4020, stack(0x000000d9fec00000,0x000000d9fed00000)]
  0x000002c482be4320 JavaThread "Unconstrained build operations Thread 5" [_thread_blocked, id=23576, stack(0x000000d9fed00000,0x000000d9fee00000)]
  0x000002c482be5c70 JavaThread "Unconstrained build operations Thread 6" [_thread_blocked, id=27256, stack(0x000000d9fee00000,0x000000d9fef00000)]
  0x000002c482be4830 JavaThread "Unconstrained build operations Thread 7" [_thread_blocked, id=26452, stack(0x000000d9ff000000,0x000000d9ff100000)]
  0x000002c482be4d40 JavaThread "Unconstrained build operations Thread 8" [_thread_blocked, id=25776, stack(0x000000d9ff100000,0x000000d9ff200000)]
  0x000002c482be5760 JavaThread "Unconstrained build operations Thread 9" [_thread_blocked, id=16916, stack(0x000000d9ff200000,0x000000d9ff300000)]
  0x000002c486858e70 JavaThread "Unconstrained build operations Thread 10" [_thread_blocked, id=8452, stack(0x000000d9ff300000,0x000000d9ff400000)]
  0x000002c486859890 JavaThread "Unconstrained build operations Thread 11" [_thread_blocked, id=9992, stack(0x000000d9ff400000,0x000000d9ff500000)]
  0x000002c486859da0 JavaThread "Unconstrained build operations Thread 12" [_thread_blocked, id=17504, stack(0x000000d9ff500000,0x000000d9ff600000)]
  0x000002c486856b00 JavaThread "Unconstrained build operations Thread 13" [_thread_blocked, id=17916, stack(0x000000d9ff600000,0x000000d9ff700000)]
  0x000002c486857520 JavaThread "Unconstrained build operations Thread 14" [_thread_blocked, id=24356, stack(0x000000d9ff700000,0x000000d9ff800000)]
  0x000002c486859380 JavaThread "Unconstrained build operations Thread 15" [_thread_blocked, id=16680, stack(0x000000d9ff800000,0x000000d9ff900000)]
  0x000002c4868565f0 JavaThread "Unconstrained build operations Thread 16" [_thread_blocked, id=2408, stack(0x000000d9ff900000,0x000000d9ffa00000)]
  0x000002c48685a2b0 JavaThread "Unconstrained build operations Thread 17" [_thread_blocked, id=27560, stack(0x000000d9ffa00000,0x000000d9ffb00000)]
  0x000002c48685a7c0 JavaThread "Unconstrained build operations Thread 18" [_thread_blocked, id=7036, stack(0x000000d9ffb00000,0x000000d9ffc00000)]
  0x000002c486857010 JavaThread "Unconstrained build operations Thread 19" [_thread_blocked, id=27484, stack(0x000000d9ffc00000,0x000000d9ffd00000)]
  0x000002c48685acd0 JavaThread "Unconstrained build operations Thread 20" [_thread_blocked, id=19232, stack(0x000000d9ffd00000,0x000000d9ffe00000)]
  0x000002c48685b1e0 JavaThread "Unconstrained build operations Thread 21" [_thread_blocked, id=25432, stack(0x000000d9ffe00000,0x000000d9fff00000)]
  0x000002c486857f40 JavaThread "Unconstrained build operations Thread 22" [_thread_blocked, id=8272, stack(0x000000d9fff00000,0x000000da00000000)]
  0x000002c486857a30 JavaThread "Unconstrained build operations Thread 23" [_thread_blocked, id=3040, stack(0x000000d980000000,0x000000d980100000)]
  0x000002c48685b6f0 JavaThread "Unconstrained build operations Thread 24" [_thread_blocked, id=21044, stack(0x000000d980100000,0x000000d980200000)]
  0x000002c48685bc00 JavaThread "Unconstrained build operations Thread 25" [_thread_blocked, id=14504, stack(0x000000d980200000,0x000000d980300000)]
  0x000002c486858450 JavaThread "Unconstrained build operations Thread 26" [_thread_blocked, id=26020, stack(0x000000d980300000,0x000000d980400000)]
  0x000002c48685c110 JavaThread "Unconstrained build operations Thread 27" [_thread_blocked, id=18060, stack(0x000000d980400000,0x000000d980500000)]
  0x000002c486858960 JavaThread "Unconstrained build operations Thread 28" [_thread_blocked, id=10808, stack(0x000000d980500000,0x000000d980600000)]
  0x000002c48685c620 JavaThread "Unconstrained build operations Thread 29" [_thread_blocked, id=23768, stack(0x000000d980600000,0x000000d980700000)]
  0x000002c48685cb30 JavaThread "Unconstrained build operations Thread 30" [_thread_blocked, id=20124, stack(0x000000d980700000,0x000000d980800000)]
  0x000002c48685d040 JavaThread "Unconstrained build operations Thread 31" [_thread_blocked, id=27172, stack(0x000000d980800000,0x000000d980900000)]
  0x000002c48685d550 JavaThread "Unconstrained build operations Thread 32" [_thread_blocked, id=13412, stack(0x000000d980900000,0x000000d980a00000)]
  0x000002c48685da60 JavaThread "Unconstrained build operations Thread 33" [_thread_blocked, id=14416, stack(0x000000d980a00000,0x000000d980b00000)]
  0x000002c48685df70 JavaThread "Unconstrained build operations Thread 34" [_thread_blocked, id=14712, stack(0x000000d980b00000,0x000000d980c00000)]
  0x000002c484224ad0 JavaThread "Unconstrained build operations Thread 35" [_thread_blocked, id=13988, stack(0x000000d980c00000,0x000000d980d00000)]
  0x000002c484222c70 JavaThread "Unconstrained build operations Thread 36" [_thread_blocked, id=25944, stack(0x000000d980d00000,0x000000d980e00000)]
  0x000002c484222250 JavaThread "Unconstrained build operations Thread 37" [_thread_blocked, id=16776, stack(0x000000d980e00000,0x000000d980f00000)]
  0x000002c484221320 JavaThread "Unconstrained build operations Thread 38" [_thread_blocked, id=26596, stack(0x000000d980f00000,0x000000d981000000)]
  0x000002c484222760 JavaThread "Unconstrained build operations Thread 39" [_thread_blocked, id=25784, stack(0x000000d981000000,0x000000d981100000)]
  0x000002c484221d40 JavaThread "build event listener" [_thread_blocked, id=17932, stack(0x000000d981200000,0x000000d981300000)]
  0x000002c484223180 JavaThread "Memory manager" [_thread_blocked, id=10852, stack(0x000000d981100000,0x000000d981200000)]
  0x000002c4e0974480 JavaThread "C2 CompilerThread1" daemon [_thread_blocked, id=6968, stack(0x000000d981300000,0x000000d981400000)]
  0x000002c484225a00 JavaThread "ForkJoinPool.commonPool-worker-1" daemon [_thread_blocked, id=13692, stack(0x000000d981500000,0x000000d981600000)]
  0x000002c4842245c0 JavaThread "ForkJoinPool.commonPool-worker-2" daemon [_thread_blocked, id=26424, stack(0x000000d981600000,0x000000d981700000)]
  0x000002c484225f10 JavaThread "ForkJoinPool.commonPool-worker-3" daemon [_thread_blocked, id=11508, stack(0x000000d981700000,0x000000d981800000)]
  0x000002c484226930 JavaThread "ForkJoinPool.commonPool-worker-4" daemon [_thread_blocked, id=2252, stack(0x000000d981800000,0x000000d981900000)]
  0x000002c484226e40 JavaThread "ForkJoinPool.commonPool-worker-5" daemon [_thread_blocked, id=12328, stack(0x000000d981900000,0x000000d981a00000)]
  0x000002c484226420 JavaThread "ForkJoinPool.commonPool-worker-6" daemon [_thread_blocked, id=5276, stack(0x000000d981a00000,0x000000d981b00000)]
  0x000002c484227350 JavaThread "ForkJoinPool.commonPool-worker-7" daemon [_thread_blocked, id=14972, stack(0x000000d981b00000,0x000000d981c00000)]
  0x000002c484223ba0 JavaThread "ForkJoinPool.commonPool-worker-8" daemon [_thread_blocked, id=24864, stack(0x000000d981c00000,0x000000d981d00000)]
  0x000002c484227860 JavaThread "ForkJoinPool.commonPool-worker-9" daemon [_thread_blocked, id=25884, stack(0x000000d981d00000,0x000000d981e00000)]
  0x000002c4842240b0 JavaThread "ForkJoinPool.commonPool-worker-10" daemon [_thread_blocked, id=26136, stack(0x000000d981e00000,0x000000d981f00000)]
  0x000002c484227d70 JavaThread "ForkJoinPool.commonPool-worker-11" daemon [_thread_blocked, id=14760, stack(0x000000d981f00000,0x000000d982000000)]
  0x000002c484228280 JavaThread "Exec process" daemon [_thread_blocked, id=12040, stack(0x000000d982000000,0x000000d982100000)]
  0x000002c484228790 JavaThread "Exec process Thread 2" daemon [_thread_blocked, id=4092, stack(0x000000d982100000,0x000000d982200000)]
  0x000002c484228ca0 JavaThread "Exec process Thread 3" daemon [_thread_blocked, id=20236, stack(0x000000d982200000,0x000000d982300000)]
  0x000002c486a9b920 JavaThread "included builds" [_thread_blocked, id=19796, stack(0x000000d982300000,0x000000d982400000)]
  0x000002c486a9be30 JavaThread "Execution worker" [_thread_blocked, id=19500, stack(0x000000d982400000,0x000000d982500000)]
  0x000002c486a9a9f0 JavaThread "Execution worker Thread 2" [_thread_blocked, id=11816, stack(0x000000d982500000,0x000000d982600000)]
  0x000002c486a9c340 JavaThread "Execution worker Thread 3" [_thread_blocked, id=14100, stack(0x000000d982600000,0x000000d982700000)]
  0x000002c486a990a0 JavaThread "Execution worker Thread 4" [_thread_blocked, id=23296, stack(0x000000d982700000,0x000000d982800000)]
  0x000002c486a98b90 JavaThread "Execution worker Thread 5" [_thread_blocked, id=8156, stack(0x000000d982800000,0x000000d982900000)]
  0x000002c486a9c850 JavaThread "Execution worker Thread 6" [_thread_blocked, id=14768, stack(0x000000d982900000,0x000000d982a00000)]
  0x000002c486a9af00 JavaThread "Execution worker Thread 7" [_thread_blocked, id=21692, stack(0x000000d982a00000,0x000000d982b00000)]
  0x000002c486a9b410 JavaThread "Execution worker Thread 8" [_thread_blocked, id=6788, stack(0x000000d982b00000,0x000000d982c00000)]
  0x000002c486a9cd60 JavaThread "Execution worker Thread 9" [_thread_blocked, id=12028, stack(0x000000d982c00000,0x000000d982d00000)]
  0x000002c486a995b0 JavaThread "Execution worker Thread 10" [_thread_blocked, id=18680, stack(0x000000d982d00000,0x000000d982e00000)]
  0x000002c486a99fd0 JavaThread "Execution worker Thread 11" [_thread_blocked, id=16232, stack(0x000000d982e00000,0x000000d982f00000)]
  0x000002c486a9d270 JavaThread "Cache worker for execution history cache (D:\apps\caltims mobile app\frontend\node_modules\@react-native\gradle-plugin\.gradle\9.0.0\executionHistory)" [_thread_blocked, id=192, stack(0x000000d982f00000,0x000000d983000000)]
  0x000002c486a99ac0 JavaThread "Unconstrained build operations Thread 40" [_thread_blocked, id=12624, stack(0x000000d983000000,0x000000d983100000)]
  0x000002c486a9dc90 JavaThread "Unconstrained build operations Thread 41" [_thread_blocked, id=26216, stack(0x000000d983100000,0x000000d983200000)]
  0x000002c486a9d780 JavaThread "Unconstrained build operations Thread 42" [_thread_blocked, id=20424, stack(0x000000d983200000,0x000000d983300000)]
  0x000002c486a9a4e0 JavaThread "Unconstrained build operations Thread 43" [_thread_blocked, id=1020, stack(0x000000d983300000,0x000000d983400000)]
  0x000002c486a9f5e0 JavaThread "Unconstrained build operations Thread 44" [_thread_blocked, id=15324, stack(0x000000d983400000,0x000000d983500000)]
  0x000002c486a9e1a0 JavaThread "Unconstrained build operations Thread 45" [_thread_blocked, id=2944, stack(0x000000d983500000,0x000000d983600000)]
  0x000002c486a9e6b0 JavaThread "Unconstrained build operations Thread 46" [_thread_blocked, id=23828, stack(0x000000d983600000,0x000000d983700000)]
  0x000002c486aa0510 JavaThread "Unconstrained build operations Thread 47" [_thread_blocked, id=18992, stack(0x000000d983700000,0x000000d983800000)]
  0x000002c486a9faf0 JavaThread "Unconstrained build operations Thread 48" [_thread_blocked, id=13592, stack(0x000000d983800000,0x000000d983900000)]
  0x000002c486a9ebc0 JavaThread "Unconstrained build operations Thread 49" [_thread_blocked, id=3012, stack(0x000000d983900000,0x000000d983a00000)]
  0x000002c486a9f0d0 JavaThread "Unconstrained build operations Thread 50" [_thread_blocked, id=13860, stack(0x000000d983a00000,0x000000d983b00000)]
  0x000002c486aa0000 JavaThread "Unconstrained build operations Thread 51" [_thread_blocked, id=24364, stack(0x000000d983b00000,0x000000d983c00000)]
  0x000002c4857eb2e0 JavaThread "Unconstrained build operations Thread 52" [_thread_blocked, id=27120, stack(0x000000d983c00000,0x000000d983d00000)]
  0x000002c4857eadd0 JavaThread "Unconstrained build operations Thread 53" [_thread_blocked, id=27556, stack(0x000000d983d00000,0x000000d983e00000)]
  0x000002c4857eb7f0 JavaThread "Unconstrained build operations Thread 54" [_thread_blocked, id=14532, stack(0x000000d983e00000,0x000000d983f00000)]
  0x000002c4857ebd00 JavaThread "Unconstrained build operations Thread 55" [_thread_blocked, id=7212, stack(0x000000d983f00000,0x000000d984000000)]
  0x000002c4857ec210 JavaThread "Unconstrained build operations Thread 56" [_thread_blocked, id=9880, stack(0x000000d984000000,0x000000d984100000)]
  0x000002c4857e9ea0 JavaThread "Unconstrained build operations Thread 57" [_thread_blocked, id=14660, stack(0x000000d984100000,0x000000d984200000)]
  0x000002c4857e8a60 JavaThread "Unconstrained build operations Thread 58" [_thread_blocked, id=3116, stack(0x000000d984200000,0x000000d984300000)]
  0x000002c4857ec720 JavaThread "Unconstrained build operations Thread 59" [_thread_blocked, id=7368, stack(0x000000d984300000,0x000000d984400000)]
  0x000002c4857e8f70 JavaThread "Unconstrained build operations Thread 60" [_thread_blocked, id=12440, stack(0x000000d984400000,0x000000d984500000)]
  0x000002c4857e9480 JavaThread "Unconstrained build operations Thread 61" [_thread_blocked, id=11856, stack(0x000000d984500000,0x000000d984600000)]
  0x000002c4857ecc30 JavaThread "Unconstrained build operations Thread 62" [_thread_blocked, id=27136, stack(0x000000d984600000,0x000000d984700000)]
  0x000002c4857ed140 JavaThread "Unconstrained build operations Thread 63" [_thread_blocked, id=24352, stack(0x000000d984700000,0x000000d984800000)]
  0x000002c4857e9990 JavaThread "Unconstrained build operations Thread 64" [_thread_blocked, id=27088, stack(0x000000d984800000,0x000000d984900000)]
  0x000002c4857ed650 JavaThread "Unconstrained build operations Thread 65" [_thread_blocked, id=21516, stack(0x000000d984900000,0x000000d984a00000)]
  0x000002c4857edb60 JavaThread "Unconstrained build operations Thread 66" [_thread_blocked, id=11488, stack(0x000000d984a00000,0x000000d984b00000)]
  0x000002c4857ea3b0 JavaThread "Unconstrained build operations Thread 67" [_thread_blocked, id=5096, stack(0x000000d984b00000,0x000000d984c00000)]
  0x000002c4857ea8c0 JavaThread "Unconstrained build operations Thread 68" [_thread_blocked, id=18684, stack(0x000000d984c00000,0x000000d984d00000)]
  0x000002c4857ee580 JavaThread "Unconstrained build operations Thread 69" [_thread_blocked, id=18920, stack(0x000000d984d00000,0x000000d984e00000)]
  0x000002c4857ee070 JavaThread "Unconstrained build operations Thread 70" [_thread_blocked, id=26924, stack(0x000000d984e00000,0x000000d984f00000)]
  0x000002c4857eea90 JavaThread "Unconstrained build operations Thread 71" [_thread_blocked, id=14476, stack(0x000000d984f00000,0x000000d985000000)]
  0x000002c4857eefa0 JavaThread "Unconstrained build operations Thread 72" [_thread_blocked, id=23636, stack(0x000000d985000000,0x000000d985100000)]
  0x000002c4857ef4b0 JavaThread "Unconstrained build operations Thread 73" [_thread_blocked, id=10960, stack(0x000000d985100000,0x000000d985200000)]
  0x000002c4857ef9c0 JavaThread "Unconstrained build operations Thread 74" [_thread_blocked, id=3744, stack(0x000000d985200000,0x000000d985300000)]
  0x000002c4857f03e0 JavaThread "Unconstrained build operations Thread 75" [_thread_blocked, id=4208, stack(0x000000d985300000,0x000000d985400000)]
  0x000002c481c208b0 JavaThread "Unconstrained build operations Thread 76" [_thread_blocked, id=23492, stack(0x000000d985400000,0x000000d985500000)]
  0x000002c481c217e0 JavaThread "Unconstrained build operations Thread 77" [_thread_blocked, id=16288, stack(0x000000d985500000,0x000000d985600000)]
  0x000002c481c21cf0 JavaThread "Unconstrained build operations Thread 78" [_thread_blocked, id=16364, stack(0x000000d985600000,0x000000d985700000)]
  0x000002c481c1e540 JavaThread "Unconstrained build operations Thread 79" [_thread_blocked, id=18092, stack(0x000000d985700000,0x000000d985800000)]
  0x000002c481c20dc0 JavaThread "Unconstrained build operations Thread 80" [_thread_blocked, id=3252, stack(0x000000d985800000,0x000000d985900000)]
  0x000002c481c203a0 JavaThread "Unconstrained build operations Thread 81" [_thread_blocked, id=11232, stack(0x000000d985900000,0x000000d985a00000)]
  0x000002c481c22200 JavaThread "Unconstrained build operations Thread 82" [_thread_blocked, id=15280, stack(0x000000d985a00000,0x000000d985b00000)]
  0x000002c481c212d0 JavaThread "Unconstrained build operations Thread 83" [_thread_blocked, id=23600, stack(0x000000d985b00000,0x000000d985c00000)]
  0x000002c481c1ea50 JavaThread "Unconstrained build operations Thread 84" [_thread_blocked, id=1616, stack(0x000000d985c00000,0x000000d985d00000)]
  0x000002c481c22710 JavaThread "Unconstrained build operations Thread 85" [_thread_blocked, id=9408, stack(0x000000d985d00000,0x000000d985e00000)]
  0x000002c481c1f470 JavaThread "Unconstrained build operations Thread 86" [_thread_blocked, id=24236, stack(0x000000d985e00000,0x000000d985f00000)]
  0x000002c481c1ef60 JavaThread "Unconstrained build operations Thread 87" [_thread_blocked, id=21436, stack(0x000000d985f00000,0x000000d986000000)]
  0x000002c481c23130 JavaThread "Unconstrained build operations Thread 88" [_thread_blocked, id=19680, stack(0x000000d986000000,0x000000d986100000)]
  0x000002c481c23640 JavaThread "Unconstrained build operations Thread 89" [_thread_blocked, id=18800, stack(0x000000d986100000,0x000000d986200000)]
  0x000002c481c1f980 JavaThread "Unconstrained build operations Thread 90" [_thread_blocked, id=3844, stack(0x000000d986200000,0x000000d986300000)]
  0x000002c481c22c20 JavaThread "Unconstrained build operations Thread 91" [_thread_blocked, id=23020, stack(0x000000d986300000,0x000000d986400000)]
  0x000002c481c1fe90 JavaThread "Unconstrained build operations Thread 92" [_thread_blocked, id=20324, stack(0x000000d986400000,0x000000d986500000)]
  0x000002c481c24a80 JavaThread "Unconstrained build operations Thread 93" [_thread_blocked, id=24860, stack(0x000000d986500000,0x000000d986600000)]
  0x000002c481c24570 JavaThread "Unconstrained build operations Thread 94" [_thread_blocked, id=12904, stack(0x000000d986600000,0x000000d986700000)]
  0x000002c481c24f90 JavaThread "Unconstrained build operations Thread 95" [_thread_blocked, id=14784, stack(0x000000d986700000,0x000000d986800000)]
  0x000002c481c23b50 JavaThread "Unconstrained build operations Thread 96" [_thread_blocked, id=23468, stack(0x000000d986800000,0x000000d986900000)]
  0x000002c481c25ec0 JavaThread "Unconstrained build operations Thread 97" [_thread_blocked, id=18276, stack(0x000000d986900000,0x000000d986a00000)]
  0x000002c481c254a0 JavaThread "Unconstrained build operations Thread 98" [_thread_blocked, id=12856, stack(0x000000d986a00000,0x000000d986b00000)]
  0x000002c481c259b0 JavaThread "Unconstrained build operations Thread 99" [_thread_blocked, id=27044, stack(0x000000d986b00000,0x000000d986c00000)]
  0x000002c481c24060 JavaThread "Unconstrained build operations Thread 100" [_thread_blocked, id=6912, stack(0x000000d986c00000,0x000000d986d00000)]
  0x000002c4857ded90 JavaThread "Unconstrained build operations Thread 101" [_thread_blocked, id=18860, stack(0x000000d986d00000,0x000000d986e00000)]
  0x000002c4857dca20 JavaThread "Unconstrained build operations Thread 102" [_thread_blocked, id=25100, stack(0x000000d986e00000,0x000000d986f00000)]
  0x000002c4857de370 JavaThread "Unconstrained build operations Thread 103" [_thread_blocked, id=27368, stack(0x000000d986f00000,0x000000d987000000)]
  0x000002c4857dcf30 JavaThread "Unconstrained build operations Thread 104" [_thread_blocked, id=13164, stack(0x000000d987000000,0x000000d987100000)]
  0x000002c4857dc510 JavaThread "Unconstrained build operations Thread 105" [_thread_blocked, id=25464, stack(0x000000d987100000,0x000000d987200000)]
  0x000002c4857de880 JavaThread "Unconstrained build operations Thread 106" [_thread_blocked, id=10436, stack(0x000000d987200000,0x000000d987300000)]
  0x000002c4857df2a0 JavaThread "Unconstrained build operations Thread 107" [_thread_blocked, id=10288, stack(0x000000d987300000,0x000000d987400000)]
  0x000002c4857dd440 JavaThread "Unconstrained build operations Thread 108" [_thread_blocked, id=25048, stack(0x000000d987400000,0x000000d987500000)]
  0x000002c4857dc000 JavaThread "Unconstrained build operations Thread 109" [_thread_blocked, id=944, stack(0x000000d987500000,0x000000d987600000)]
  0x000002c4857dd950 JavaThread "Unconstrained build operations Thread 110" [_thread_blocked, id=4648, stack(0x000000d987600000,0x000000d987700000)]
  0x000002c4857dde60 JavaThread "Unconstrained build operations Thread 111" [_thread_blocked, id=11872, stack(0x000000d987700000,0x000000d987800000)]
  0x000002c4857dbaf0 JavaThread "Unconstrained build operations Thread 112" [_thread_blocked, id=13976, stack(0x000000d987800000,0x000000d987900000)]
  0x000002c4857e1100 JavaThread "jar transforms Thread 2" [_thread_blocked, id=24948, stack(0x000000d987900000,0x000000d987a00000)]
  0x000002c4857e2f60 JavaThread "jar transforms Thread 3" [_thread_blocked, id=1844, stack(0x000000d987a00000,0x000000d987b00000)]
  0x000002c4857e1b20 JavaThread "Unconstrained build operations Thread 113" [_thread_blocked, id=26884, stack(0x000000d987b00000,0x000000d987c00000)]
  0x000002c4857df7b0 JavaThread "Unconstrained build operations Thread 114" [_thread_blocked, id=26352, stack(0x000000d987c00000,0x000000d987d00000)]
  0x000002c4857e3470 JavaThread "Unconstrained build operations Thread 115" [_thread_blocked, id=26488, stack(0x000000d987d00000,0x000000d987e00000)]
  0x000002c4857dfcc0 JavaThread "Unconstrained build operations Thread 116" [_thread_blocked, id=5764, stack(0x000000d987e00000,0x000000d987f00000)]
  0x000002c4857e0bf0 JavaThread "Unconstrained build operations Thread 117" [_thread_blocked, id=5480, stack(0x000000d987f00000,0x000000d988000000)]
  0x000002c4857e06e0 JavaThread "Unconstrained build operations Thread 118" [_thread_blocked, id=14648, stack(0x000000d988000000,0x000000d988100000)]
  0x000002c4857e2030 JavaThread "Unconstrained build operations Thread 119" [_thread_blocked, id=25052, stack(0x000000d988100000,0x000000d988200000)]
  0x000002c4857e2540 JavaThread "Unconstrained build operations Thread 120" [_thread_blocked, id=26976, stack(0x000000d988200000,0x000000d988300000)]
  0x000002c48195aae0 JavaThread "C2 CompilerThread2" daemon [_thread_blocked, id=3108, stack(0x000000d981400000,0x000000d981500000)]
  0x000002c4857e2a50 JavaThread "jar transforms Thread 4" [_thread_blocked, id=24072, stack(0x000000d988300000,0x000000d988400000)]
  0x000002c4e07c8c00 JavaThread "jar transforms Thread 5" [_thread_blocked, id=24628, stack(0x000000d988400000,0x000000d988500000)]
  0x000002c484224fe0 JavaThread "jar transforms Thread 6" [_thread_blocked, id=26180, stack(0x000000d988500000,0x000000d988600000)]
  0x000002c4868f8e00 JavaThread "build event listener" [_thread_blocked, id=21392, stack(0x000000d988600000,0x000000d988700000)]
  0x000002c4868f79c0 JavaThread "Problems report writer" [_thread_blocked, id=7824, stack(0x000000d988700000,0x000000d988800000)]

Other Threads:
  0x000002c4e068a3c0 VMThread "VM Thread" [stack: 0x000000d9fb900000,0x000000d9fba00000] [id=12796] _threads_hazard_ptr=0x000002c48464f000
  0x000002c4e087dc30 WatcherThread [stack: 0x000000d9fc500000,0x000000d9fc600000] [id=21144]
  0x000002c4c1d91b40 GCTaskThread "GC Thread#0" [stack: 0x000000d9fb400000,0x000000d9fb500000] [id=19072]
  0x000002c4e0a6fc80 GCTaskThread "GC Thread#1" [stack: 0x000000d9fc800000,0x000000d9fc900000] [id=1524]
  0x000002c4e09f43a0 GCTaskThread "GC Thread#2" [stack: 0x000000d9fc900000,0x000000d9fca00000] [id=6652]
  0x000002c4801b3800 GCTaskThread "GC Thread#3" [stack: 0x000000d9fca00000,0x000000d9fcb00000] [id=26700]
  0x000002c4806177c0 GCTaskThread "GC Thread#4" [stack: 0x000000d9fcb00000,0x000000d9fcc00000] [id=20584]
  0x000002c480617a80 GCTaskThread "GC Thread#5" [stack: 0x000000d9fcc00000,0x000000d9fcd00000] [id=19948]
  0x000002c484688920 GCTaskThread "GC Thread#6" [stack: 0x000000d9fda00000,0x000000d9fdb00000] [id=10996]
  0x000002c4832c8a60 GCTaskThread "GC Thread#7" [stack: 0x000000d9fdb00000,0x000000d9fdc00000] [id=3760]
  0x000002c482ce02e0 GCTaskThread "GC Thread#8" [stack: 0x000000d9fdc00000,0x000000d9fdd00000] [id=9612]
  0x000002c4833bb4b0 GCTaskThread "GC Thread#9" [stack: 0x000000d9fdd00000,0x000000d9fde00000] [id=19160]
  0x000002c4bfaeecf0 ConcurrentGCThread "G1 Main Marker" [stack: 0x000000d9fb500000,0x000000d9fb600000] [id=20476]
  0x000002c4c1da5e20 ConcurrentGCThread "G1 Conc#0" [stack: 0x000000d9fb600000,0x000000d9fb700000] [id=15284]
  0x000002c482ed0100 ConcurrentGCThread "G1 Conc#1" [stack: 0x000000d9fde00000,0x000000d9fdf00000] [id=11332]
  0x000002c482f28460 ConcurrentGCThread "G1 Conc#2" [stack: 0x000000d9fdf00000,0x000000d9fe000000] [id=11328]
  0x000002c4e0543f10 ConcurrentGCThread "G1 Refine#0" [stack: 0x000000d9fb700000,0x000000d9fb800000] [id=25028]
  0x000002c4e0545600 ConcurrentGCThread "G1 Service" [stack: 0x000000d9fb800000,0x000000d9fb900000] [id=23888]

Threads with active compile tasks:

VM state: synchronizing (normal execution)

VM Mutex/Monitor currently owned by a thread:  ([mutex/lock_event])
[0x000002c4bfa3c1a0] Metaspace_lock - owner thread: 0x000002c4e07c72b0
[0x000002c4bfa3c110] Threads_lock - owner thread: 0x000002c4e068a3c0

Heap address: 0x0000000080000000, size: 2048 MB, Compressed Oops mode: 32-bit

CDS archive(s) mapped at: [0x000002c4e1000000-0x000002c4e1bb0000-0x000002c4e1bb0000), size 12255232, SharedBaseAddress: 0x000002c4e1000000, ArchiveRelocationMode: 1.
Compressed class space mapped at: 0x000002c4e2000000-0x000002c4fc000000, reserved size: 436207616
Narrow klass base: 0x000002c4e1000000, Narrow klass shift: 0, Narrow klass range: 0x100000000

GC Precious Log:
 CPUs: 12 total, 12 available
 Memory: 16068M
 Large Page Support: Disabled
 NUMA Support: Disabled
 Compressed Oops: Enabled (32-bit)
 Heap Region Size: 1M
 Heap Min Capacity: 8M
 Heap Initial Capacity: 252M
 Heap Max Capacity: 2G
 Pre-touch: Disabled
 Parallel Workers: 10
 Concurrent Workers: 3
 Concurrent Refinement Workers: 10
 Periodic GC: Disabled

Heap:
 garbage-first heap   total 273408K, used 204586K [0x0000000080000000, 0x0000000100000000)
  region size 1024K, 93 young (95232K), 5 survivors (5120K)
 Metaspace       used 93083K, committed 94208K, reserved 557056K
  class space    used 13061K, committed 13632K, reserved 425984K

Heap Regions: E=young(eden), S=young(survivor), O=old, HS=humongous(starts), HC=humongous(continues), CS=collection set, F=free, OA=open archive, CA=closed archive, TAMS=top-at-mark-start (previous, next)
|   0|0x0000000080000000, 0x0000000080100000, 0x0000000080100000|100%|HS|  |TAMS 0x0000000080100000, 0x0000000080000000| Complete 
|   1|0x0000000080100000, 0x0000000080200000, 0x0000000080200000|100%|HC|  |TAMS 0x0000000080200000, 0x0000000080100000| Complete 
|   2|0x0000000080200000, 0x0000000080300000, 0x0000000080300000|100%|HC|  |TAMS 0x0000000080300000, 0x0000000080200000| Complete 
|   3|0x0000000080300000, 0x0000000080400000, 0x0000000080400000|100%| O|  |TAMS 0x0000000080400000, 0x0000000080300000| Untracked 
|   4|0x0000000080400000, 0x0000000080500000, 0x0000000080500000|100%| O|  |TAMS 0x0000000080500000, 0x0000000080400000| Untracked 
|   5|0x0000000080500000, 0x0000000080600000, 0x0000000080600000|100%| O|  |TAMS 0x0000000080600000, 0x0000000080500000| Untracked 
|   6|0x0000000080600000, 0x0000000080700000, 0x0000000080700000|100%|HS|  |TAMS 0x0000000080700000, 0x0000000080600000| Complete 
|   7|0x0000000080700000, 0x0000000080800000, 0x0000000080800000|100%| O|  |TAMS 0x0000000080800000, 0x0000000080700000| Untracked 
|   8|0x0000000080800000, 0x0000000080900000, 0x0000000080900000|100%| O|  |TAMS 0x0000000080900000, 0x0000000080800000| Untracked 
|   9|0x0000000080900000, 0x0000000080a00000, 0x0000000080a00000|100%| O|  |TAMS 0x0000000080a00000, 0x0000000080900000| Untracked 
|  10|0x0000000080a00000, 0x0000000080b00000, 0x0000000080b00000|100%| O|  |TAMS 0x0000000080b00000, 0x0000000080a00000| Untracked 
|  11|0x0000000080b00000, 0x0000000080c00000, 0x0000000080c00000|100%| O|  |TAMS 0x0000000080c00000, 0x0000000080b00000| Untracked 
|  12|0x0000000080c00000, 0x0000000080ca8600, 0x0000000080d00000| 65%| O|  |TAMS 0x0000000080ca8600, 0x0000000080c00000| Untracked 
|  13|0x0000000080d00000, 0x0000000080e00000, 0x0000000080e00000|100%| O|  |TAMS 0x0000000080e00000, 0x0000000080d00000| Untracked 
|  14|0x0000000080e00000, 0x0000000080f00000, 0x0000000080f00000|100%| O|  |TAMS 0x0000000080f00000, 0x0000000080e00000| Untracked 
|  15|0x0000000080f00000, 0x0000000081000000, 0x0000000081000000|100%| O|  |TAMS 0x0000000081000000, 0x0000000080f00000| Untracked 
|  16|0x0000000081000000, 0x0000000081100000, 0x0000000081100000|100%| O|  |TAMS 0x0000000081100000, 0x0000000081000000| Untracked 
|  17|0x0000000081100000, 0x0000000081200000, 0x0000000081200000|100%| O|  |TAMS 0x0000000081200000, 0x0000000081100000| Untracked 
|  18|0x0000000081200000, 0x0000000081300000, 0x0000000081300000|100%| O|  |TAMS 0x0000000081300000, 0x0000000081200000| Untracked 
|  19|0x0000000081300000, 0x0000000081400000, 0x0000000081400000|100%| O|  |TAMS 0x0000000081400000, 0x0000000081300000| Untracked 
|  20|0x0000000081400000, 0x0000000081500000, 0x0000000081500000|100%| O|  |TAMS 0x0000000081500000, 0x0000000081400000| Untracked 
|  21|0x0000000081500000, 0x0000000081600000, 0x0000000081600000|100%| O|  |TAMS 0x0000000081600000, 0x0000000081500000| Untracked 
|  22|0x0000000081600000, 0x0000000081700000, 0x0000000081700000|100%| O|  |TAMS 0x0000000081700000, 0x0000000081600000| Untracked 
|  23|0x0000000081700000, 0x0000000081800000, 0x0000000081800000|100%| O|  |TAMS 0x0000000081800000, 0x0000000081700000| Untracked 
|  24|0x0000000081800000, 0x0000000081900000, 0x0000000081900000|100%| O|  |TAMS 0x0000000081900000, 0x0000000081800000| Untracked 
|  25|0x0000000081900000, 0x0000000081a00000, 0x0000000081a00000|100%| O|  |TAMS 0x0000000081a00000, 0x0000000081900000| Untracked 
|  26|0x0000000081a00000, 0x0000000081b00000, 0x0000000081b00000|100%| O|  |TAMS 0x0000000081b00000, 0x0000000081a00000| Untracked 
|  27|0x0000000081b00000, 0x0000000081c00000, 0x0000000081c00000|100%| O|  |TAMS 0x0000000081c00000, 0x0000000081b00000| Untracked 
|  28|0x0000000081c00000, 0x0000000081d00000, 0x0000000081d00000|100%| O|  |TAMS 0x0000000081d00000, 0x0000000081c00000| Untracked 
|  29|0x0000000081d00000, 0x0000000081e00000, 0x0000000081e00000|100%| O|  |TAMS 0x0000000081e00000, 0x0000000081d00000| Untracked 
|  30|0x0000000081e00000, 0x0000000081f00000, 0x0000000081f00000|100%| O|  |TAMS 0x0000000081f00000, 0x0000000081e00000| Untracked 
|  31|0x0000000081f00000, 0x0000000082000000, 0x0000000082000000|100%| O|  |TAMS 0x0000000082000000, 0x0000000081f00000| Untracked 
|  32|0x0000000082000000, 0x0000000082100000, 0x0000000082100000|100%| O|  |TAMS 0x0000000082100000, 0x0000000082000000| Untracked 
|  33|0x0000000082100000, 0x0000000082200000, 0x0000000082200000|100%| O|  |TAMS 0x0000000082200000, 0x0000000082100000| Untracked 
|  34|0x0000000082200000, 0x0000000082300000, 0x0000000082300000|100%| O|  |TAMS 0x0000000082300000, 0x0000000082200000| Untracked 
|  35|0x0000000082300000, 0x0000000082400000, 0x0000000082400000|100%| O|  |TAMS 0x0000000082400000, 0x0000000082300000| Untracked 
|  36|0x0000000082400000, 0x00000000824bba00, 0x0000000082500000| 73%| O|  |TAMS 0x0000000082400000, 0x0000000082400000| Untracked 
|  37|0x0000000082500000, 0x0000000082600000, 0x0000000082600000|100%| O|  |TAMS 0x0000000082600000, 0x0000000082500000| Untracked 
|  38|0x0000000082600000, 0x0000000082700000, 0x0000000082700000|100%| O|  |TAMS 0x0000000082700000, 0x0000000082600000| Untracked 
|  39|0x0000000082700000, 0x0000000082800000, 0x0000000082800000|100%| O|  |TAMS 0x0000000082800000, 0x0000000082700000| Untracked 
|  40|0x0000000082800000, 0x0000000082900000, 0x0000000082900000|100%| O|  |TAMS 0x0000000082900000, 0x0000000082800000| Untracked 
|  41|0x0000000082900000, 0x0000000082a00000, 0x0000000082a00000|100%| O|  |TAMS 0x0000000082a00000, 0x0000000082900000| Untracked 
|  42|0x0000000082a00000, 0x0000000082b00000, 0x0000000082b00000|100%| O|  |TAMS 0x0000000082b00000, 0x0000000082a00000| Untracked 
|  43|0x0000000082b00000, 0x0000000082c00000, 0x0000000082c00000|100%|HS|  |TAMS 0x0000000082c00000, 0x0000000082b00000| Complete 
|  44|0x0000000082c00000, 0x0000000082d00000, 0x0000000082d00000|100%|HC|  |TAMS 0x0000000082d00000, 0x0000000082c00000| Complete 
|  45|0x0000000082d00000, 0x0000000082e00000, 0x0000000082e00000|100%|HC|  |TAMS 0x0000000082e00000, 0x0000000082d00000| Complete 
|  46|0x0000000082e00000, 0x0000000082f00000, 0x0000000082f00000|100%| O|  |TAMS 0x0000000082e00000, 0x0000000082e00000| Untracked 
|  47|0x0000000082f00000, 0x0000000083000000, 0x0000000083000000|100%| O|  |TAMS 0x0000000083000000, 0x0000000082f00000| Untracked 
|  48|0x0000000083000000, 0x0000000083100000, 0x0000000083100000|100%| O|  |TAMS 0x0000000083000000, 0x0000000083000000| Untracked 
|  49|0x0000000083100000, 0x0000000083200000, 0x0000000083200000|100%|HS|  |TAMS 0x0000000083200000, 0x0000000083100000| Complete 
|  50|0x0000000083200000, 0x0000000083300000, 0x0000000083300000|100%|HC|  |TAMS 0x0000000083300000, 0x0000000083200000| Complete 
|  51|0x0000000083300000, 0x0000000083400000, 0x0000000083400000|100%|HC|  |TAMS 0x0000000083400000, 0x0000000083300000| Complete 
|  52|0x0000000083400000, 0x0000000083500000, 0x0000000083500000|100%| O|  |TAMS 0x0000000083400000, 0x0000000083400000| Untracked 
|  53|0x0000000083500000, 0x0000000083600000, 0x0000000083600000|100%| O|  |TAMS 0x0000000083600000, 0x0000000083500000| Untracked 
|  54|0x0000000083600000, 0x0000000083700000, 0x0000000083700000|100%| O|  |TAMS 0x0000000083700000, 0x0000000083600000| Untracked 
|  55|0x0000000083700000, 0x0000000083800000, 0x0000000083800000|100%| O|  |TAMS 0x0000000083800000, 0x0000000083700000| Untracked 
|  56|0x0000000083800000, 0x0000000083900000, 0x0000000083900000|100%| O|  |TAMS 0x0000000083900000, 0x0000000083800000| Untracked 
|  57|0x0000000083900000, 0x0000000083a00000, 0x0000000083a00000|100%| O|  |TAMS 0x0000000083a00000, 0x0000000083900000| Untracked 
|  58|0x0000000083a00000, 0x0000000083b00000, 0x0000000083b00000|100%| O|  |TAMS 0x0000000083b00000, 0x0000000083a00000| Untracked 
|  59|0x0000000083b00000, 0x0000000083c00000, 0x0000000083c00000|100%| O|  |TAMS 0x0000000083c00000, 0x0000000083b00000| Untracked 
|  60|0x0000000083c00000, 0x0000000083d00000, 0x0000000083d00000|100%| O|  |TAMS 0x0000000083d00000, 0x0000000083c00000| Untracked 
|  61|0x0000000083d00000, 0x0000000083e00000, 0x0000000083e00000|100%| O|  |TAMS 0x0000000083e00000, 0x0000000083d00000| Untracked 
|  62|0x0000000083e00000, 0x0000000083f00000, 0x0000000083f00000|100%| O|  |TAMS 0x0000000083f00000, 0x0000000083e00000| Untracked 
|  63|0x0000000083f00000, 0x0000000084000000, 0x0000000084000000|100%| O|  |TAMS 0x0000000084000000, 0x0000000083f00000| Untracked 
|  64|0x0000000084000000, 0x0000000084100000, 0x0000000084100000|100%|HS|  |TAMS 0x0000000084000000, 0x0000000084000000| Complete 
|  65|0x0000000084100000, 0x0000000084200000, 0x0000000084200000|100%|HS|  |TAMS 0x0000000084100000, 0x0000000084100000| Complete 
|  66|0x0000000084200000, 0x0000000084300000, 0x0000000084300000|100%|HS|  |TAMS 0x0000000084200000, 0x0000000084200000| Complete 
|  67|0x0000000084300000, 0x0000000084400000, 0x0000000084400000|100%| O|  |TAMS 0x0000000084400000, 0x0000000084300000| Untracked 
|  68|0x0000000084400000, 0x0000000084500000, 0x0000000084500000|100%| O|  |TAMS 0x0000000084500000, 0x0000000084400000| Untracked 
|  69|0x0000000084500000, 0x0000000084600000, 0x0000000084600000|100%| O|  |TAMS 0x0000000084600000, 0x0000000084500000| Untracked 
|  70|0x0000000084600000, 0x0000000084700000, 0x0000000084700000|100%| O|  |TAMS 0x0000000084700000, 0x0000000084600000| Untracked 
|  71|0x0000000084700000, 0x0000000084800000, 0x0000000084800000|100%| O|  |TAMS 0x0000000084800000, 0x0000000084700000| Untracked 
|  72|0x0000000084800000, 0x0000000084900000, 0x0000000084900000|100%| O|  |TAMS 0x0000000084900000, 0x0000000084800000| Untracked 
|  73|0x0000000084900000, 0x0000000084a00000, 0x0000000084a00000|100%| O|  |TAMS 0x0000000084a00000, 0x0000000084900000| Untracked 
|  74|0x0000000084a00000, 0x0000000084b00000, 0x0000000084b00000|100%| O|  |TAMS 0x0000000084a4ec00, 0x0000000084a00000| Untracked 
|  75|0x0000000084b00000, 0x0000000084c00000, 0x0000000084c00000|100%| O|  |TAMS 0x0000000084b00000, 0x0000000084b00000| Untracked 
|  76|0x0000000084c00000, 0x0000000084d00000, 0x0000000084d00000|100%| O|  |TAMS 0x0000000084c00000, 0x0000000084c00000| Untracked 
|  77|0x0000000084d00000, 0x0000000084e00000, 0x0000000084e00000|100%| O|  |TAMS 0x0000000084d00000, 0x0000000084d00000| Untracked 
|  78|0x0000000084e00000, 0x0000000084f00000, 0x0000000084f00000|100%| O|  |TAMS 0x0000000084e00000, 0x0000000084e00000| Untracked 
|  79|0x0000000084f00000, 0x0000000085000000, 0x0000000085000000|100%| O|  |TAMS 0x0000000084f00000, 0x0000000084f00000| Untracked 
|  80|0x0000000085000000, 0x0000000085100000, 0x0000000085100000|100%| O|  |TAMS 0x0000000085000000, 0x0000000085000000| Untracked 
|  81|0x0000000085100000, 0x0000000085200000, 0x0000000085200000|100%| O|  |TAMS 0x0000000085100000, 0x0000000085100000| Untracked 
|  82|0x0000000085200000, 0x0000000085300000, 0x0000000085300000|100%| O|  |TAMS 0x0000000085200000, 0x0000000085200000| Untracked 
|  83|0x0000000085300000, 0x0000000085400000, 0x0000000085400000|100%| O|  |TAMS 0x0000000085300000, 0x0000000085300000| Untracked 
|  84|0x0000000085400000, 0x0000000085500000, 0x0000000085500000|100%| O|  |TAMS 0x0000000085400000, 0x0000000085400000| Untracked 
|  85|0x0000000085500000, 0x0000000085600000, 0x0000000085600000|100%|HS|  |TAMS 0x0000000085500000, 0x0000000085500000| Complete 
|  86|0x0000000085600000, 0x0000000085700000, 0x0000000085700000|100%|HS|  |TAMS 0x0000000085600000, 0x0000000085600000| Complete 
|  87|0x0000000085700000, 0x0000000085800000, 0x0000000085800000|100%|HS|  |TAMS 0x0000000085700000, 0x0000000085700000| Complete 
|  88|0x0000000085800000, 0x0000000085900000, 0x0000000085900000|100%|HS|  |TAMS 0x0000000085800000, 0x0000000085800000| Complete 
|  89|0x0000000085900000, 0x0000000085a00000, 0x0000000085a00000|100%|HC|  |TAMS 0x0000000085900000, 0x0000000085900000| Complete 
|  90|0x0000000085a00000, 0x0000000085b00000, 0x0000000085b00000|100%|HC|  |TAMS 0x0000000085a00000, 0x0000000085a00000| Complete 
|  91|0x0000000085b00000, 0x0000000085c00000, 0x0000000085c00000|100%| O|  |TAMS 0x0000000085b00000, 0x0000000085b00000| Untracked 
|  92|0x0000000085c00000, 0x0000000085d00000, 0x0000000085d00000|100%|HS|  |TAMS 0x0000000085c00000, 0x0000000085c00000| Complete 
|  93|0x0000000085d00000, 0x0000000085e00000, 0x0000000085e00000|100%| O|  |TAMS 0x0000000085d00000, 0x0000000085d00000| Untracked 
|  94|0x0000000085e00000, 0x0000000085f00000, 0x0000000085f00000|100%| O|  |TAMS 0x0000000085e00000, 0x0000000085e00000| Untracked 
|  95|0x0000000085f00000, 0x0000000086000000, 0x0000000086000000|100%| O|  |TAMS 0x0000000085f00000, 0x0000000085f00000| Untracked 
|  96|0x0000000086000000, 0x0000000086100000, 0x0000000086100000|100%| O|  |TAMS 0x0000000086000000, 0x0000000086000000| Untracked 
|  97|0x0000000086100000, 0x0000000086200000, 0x0000000086200000|100%| O|  |TAMS 0x0000000086100000, 0x0000000086100000| Untracked 
|  98|0x0000000086200000, 0x0000000086300000, 0x0000000086300000|100%| O|  |TAMS 0x0000000086200000, 0x0000000086200000| Untracked 
|  99|0x0000000086300000, 0x0000000086400000, 0x0000000086400000|100%| O|  |TAMS 0x0000000086300000, 0x0000000086300000| Untracked 
| 100|0x0000000086400000, 0x0000000086500000, 0x0000000086500000|100%| O|  |TAMS 0x0000000086400000, 0x0000000086400000| Untracked 
| 101|0x0000000086500000, 0x0000000086600000, 0x0000000086600000|100%| O|  |TAMS 0x0000000086500000, 0x0000000086500000| Untracked 
| 102|0x0000000086600000, 0x0000000086700000, 0x0000000086700000|100%| O|  |TAMS 0x0000000086600000, 0x0000000086600000| Untracked 
| 103|0x0000000086700000, 0x0000000086800000, 0x0000000086800000|100%| O|  |TAMS 0x0000000086700000, 0x0000000086700000| Untracked 
| 104|0x0000000086800000, 0x0000000086900000, 0x0000000086900000|100%| O|  |TAMS 0x0000000086800000, 0x0000000086800000| Untracked 
| 105|0x0000000086900000, 0x0000000086a00000, 0x0000000086a00000|100%| O|  |TAMS 0x0000000086900000, 0x0000000086900000| Untracked 
| 106|0x0000000086a00000, 0x0000000086b00000, 0x0000000086b00000|100%| O|  |TAMS 0x0000000086a00000, 0x0000000086a00000| Untracked 
| 107|0x0000000086b00000, 0x0000000086c00000, 0x0000000086c00000|100%| O|  |TAMS 0x0000000086b00000, 0x0000000086b00000| Untracked 
| 108|0x0000000086c00000, 0x0000000086c96000, 0x0000000086d00000| 58%| O|  |TAMS 0x0000000086c00000, 0x0000000086c00000| Untracked 
| 109|0x0000000086d00000, 0x0000000086e00000, 0x0000000086e00000|100%|HS|  |TAMS 0x0000000086d00000, 0x0000000086d00000| Complete 
| 110|0x0000000086e00000, 0x0000000086e00000, 0x0000000086f00000|  0%| F|  |TAMS 0x0000000086e00000, 0x0000000086e00000| Untracked 
| 111|0x0000000086f00000, 0x0000000086f00000, 0x0000000087000000|  0%| F|  |TAMS 0x0000000086f00000, 0x0000000086f00000| Untracked 
| 112|0x0000000087000000, 0x0000000087000000, 0x0000000087100000|  0%| F|  |TAMS 0x0000000087000000, 0x0000000087000000| Untracked 
| 113|0x0000000087100000, 0x0000000087100000, 0x0000000087200000|  0%| F|  |TAMS 0x0000000087100000, 0x0000000087100000| Untracked 
| 114|0x0000000087200000, 0x0000000087200000, 0x0000000087300000|  0%| F|  |TAMS 0x0000000087200000, 0x0000000087200000| Untracked 
| 115|0x0000000087300000, 0x0000000087300000, 0x0000000087400000|  0%| F|  |TAMS 0x0000000087300000, 0x0000000087300000| Untracked 
| 116|0x0000000087400000, 0x0000000087400000, 0x0000000087500000|  0%| F|  |TAMS 0x0000000087400000, 0x0000000087400000| Untracked 
| 117|0x0000000087500000, 0x0000000087500000, 0x0000000087600000|  0%| F|  |TAMS 0x0000000087500000, 0x0000000087500000| Untracked 
| 118|0x0000000087600000, 0x0000000087600000, 0x0000000087700000|  0%| F|  |TAMS 0x0000000087600000, 0x0000000087600000| Untracked 
| 119|0x0000000087700000, 0x0000000087700000, 0x0000000087800000|  0%| F|  |TAMS 0x0000000087700000, 0x0000000087700000| Untracked 
| 120|0x0000000087800000, 0x0000000087800000, 0x0000000087900000|  0%| F|  |TAMS 0x0000000087800000, 0x0000000087800000| Untracked 
| 121|0x0000000087900000, 0x0000000087900000, 0x0000000087a00000|  0%| F|  |TAMS 0x0000000087900000, 0x0000000087900000| Untracked 
| 122|0x0000000087a00000, 0x0000000087a00000, 0x0000000087b00000|  0%| F|  |TAMS 0x0000000087a00000, 0x0000000087a00000| Untracked 
| 123|0x0000000087b00000, 0x0000000087b00000, 0x0000000087c00000|  0%| F|  |TAMS 0x0000000087b00000, 0x0000000087b00000| Untracked 
| 124|0x0000000087c00000, 0x0000000087c00000, 0x0000000087d00000|  0%| F|  |TAMS 0x0000000087c00000, 0x0000000087c00000| Untracked 
| 125|0x0000000087d00000, 0x0000000087d00000, 0x0000000087e00000|  0%| F|  |TAMS 0x0000000087d00000, 0x0000000087d00000| Untracked 
| 126|0x0000000087e00000, 0x0000000087e00000, 0x0000000087f00000|  0%| F|  |TAMS 0x0000000087e00000, 0x0000000087e00000| Untracked 
| 127|0x0000000087f00000, 0x0000000087f00000, 0x0000000088000000|  0%| F|  |TAMS 0x0000000087f00000, 0x0000000087f00000| Untracked 
| 128|0x0000000088000000, 0x0000000088000000, 0x0000000088100000|  0%| F|  |TAMS 0x0000000088000000, 0x0000000088000000| Untracked 
| 129|0x0000000088100000, 0x0000000088100000, 0x0000000088200000|  0%| F|  |TAMS 0x0000000088100000, 0x0000000088100000| Untracked 
| 130|0x0000000088200000, 0x0000000088200000, 0x0000000088300000|  0%| F|  |TAMS 0x0000000088200000, 0x0000000088200000| Untracked 
| 131|0x0000000088300000, 0x0000000088300000, 0x0000000088400000|  0%| F|  |TAMS 0x0000000088300000, 0x0000000088300000| Untracked 
| 132|0x0000000088400000, 0x0000000088400000, 0x0000000088500000|  0%| F|  |TAMS 0x0000000088400000, 0x0000000088400000| Untracked 
| 133|0x0000000088500000, 0x0000000088500000, 0x0000000088600000|  0%| F|  |TAMS 0x0000000088500000, 0x0000000088500000| Untracked 
| 134|0x0000000088600000, 0x0000000088600000, 0x0000000088700000|  0%| F|  |TAMS 0x0000000088600000, 0x0000000088600000| Untracked 
| 135|0x0000000088700000, 0x0000000088700000, 0x0000000088800000|  0%| F|  |TAMS 0x0000000088700000, 0x0000000088700000| Untracked 
| 136|0x0000000088800000, 0x0000000088800000, 0x0000000088900000|  0%| F|  |TAMS 0x0000000088800000, 0x0000000088800000| Untracked 
| 137|0x0000000088900000, 0x0000000088900000, 0x0000000088a00000|  0%| F|  |TAMS 0x0000000088900000, 0x0000000088900000| Untracked 
| 138|0x0000000088a00000, 0x0000000088a00000, 0x0000000088b00000|  0%| F|  |TAMS 0x0000000088a00000, 0x0000000088a00000| Untracked 
| 139|0x0000000088b00000, 0x0000000088b00000, 0x0000000088c00000|  0%| F|  |TAMS 0x0000000088b00000, 0x0000000088b00000| Untracked 
| 140|0x0000000088c00000, 0x0000000088c00000, 0x0000000088d00000|  0%| F|  |TAMS 0x0000000088c00000, 0x0000000088c00000| Untracked 
| 141|0x0000000088d00000, 0x0000000088d00000, 0x0000000088e00000|  0%| F|  |TAMS 0x0000000088d00000, 0x0000000088d00000| Untracked 
| 142|0x0000000088e00000, 0x0000000088e00000, 0x0000000088f00000|  0%| F|  |TAMS 0x0000000088e00000, 0x0000000088e00000| Untracked 
| 143|0x0000000088f00000, 0x0000000088f00000, 0x0000000089000000|  0%| F|  |TAMS 0x0000000088f00000, 0x0000000088f00000| Untracked 
| 144|0x0000000089000000, 0x0000000089000000, 0x0000000089100000|  0%| F|  |TAMS 0x0000000089000000, 0x0000000089000000| Untracked 
| 145|0x0000000089100000, 0x0000000089100000, 0x0000000089200000|  0%| F|  |TAMS 0x0000000089100000, 0x0000000089100000| Untracked 
| 146|0x0000000089200000, 0x0000000089200000, 0x0000000089300000|  0%| F|  |TAMS 0x0000000089200000, 0x0000000089200000| Untracked 
| 147|0x0000000089300000, 0x0000000089300000, 0x0000000089400000|  0%| F|  |TAMS 0x0000000089300000, 0x0000000089300000| Untracked 
| 148|0x0000000089400000, 0x0000000089400000, 0x0000000089500000|  0%| F|  |TAMS 0x0000000089400000, 0x0000000089400000| Untracked 
| 149|0x0000000089500000, 0x0000000089500000, 0x0000000089600000|  0%| F|  |TAMS 0x0000000089500000, 0x0000000089500000| Untracked 
| 150|0x0000000089600000, 0x0000000089600000, 0x0000000089700000|  0%| F|  |TAMS 0x0000000089600000, 0x0000000089600000| Untracked 
| 151|0x0000000089700000, 0x0000000089700000, 0x0000000089800000|  0%| F|  |TAMS 0x0000000089700000, 0x0000000089700000| Untracked 
| 152|0x0000000089800000, 0x0000000089800000, 0x0000000089900000|  0%| F|  |TAMS 0x0000000089800000, 0x0000000089800000| Untracked 
| 153|0x0000000089900000, 0x0000000089900000, 0x0000000089a00000|  0%| F|  |TAMS 0x0000000089900000, 0x0000000089900000| Untracked 
| 154|0x0000000089a00000, 0x0000000089a00000, 0x0000000089b00000|  0%| F|  |TAMS 0x0000000089a00000, 0x0000000089a00000| Untracked 
| 155|0x0000000089b00000, 0x0000000089b00000, 0x0000000089c00000|  0%| F|  |TAMS 0x0000000089b00000, 0x0000000089b00000| Untracked 
| 156|0x0000000089c00000, 0x0000000089c00000, 0x0000000089d00000|  0%| F|  |TAMS 0x0000000089c00000, 0x0000000089c00000| Untracked 
| 157|0x0000000089d00000, 0x0000000089d00000, 0x0000000089e00000|  0%| F|  |TAMS 0x0000000089d00000, 0x0000000089d00000| Untracked 
| 158|0x0000000089e00000, 0x0000000089e00000, 0x0000000089f00000|  0%| F|  |TAMS 0x0000000089e00000, 0x0000000089e00000| Untracked 
| 159|0x0000000089f00000, 0x0000000089f00000, 0x000000008a000000|  0%| F|  |TAMS 0x0000000089f00000, 0x0000000089f00000| Untracked 
| 160|0x000000008a000000, 0x000000008a0d0828, 0x000000008a100000| 81%| S|CS|TAMS 0x000000008a000000, 0x000000008a000000| Complete 
| 161|0x000000008a100000, 0x000000008a200000, 0x000000008a200000|100%| S|CS|TAMS 0x000000008a100000, 0x000000008a100000| Complete 
| 162|0x000000008a200000, 0x000000008a300000, 0x000000008a300000|100%| S|CS|TAMS 0x000000008a200000, 0x000000008a200000| Complete 
| 163|0x000000008a300000, 0x000000008a400000, 0x000000008a400000|100%| S|CS|TAMS 0x000000008a300000, 0x000000008a300000| Complete 
| 164|0x000000008a400000, 0x000000008a500000, 0x000000008a500000|100%| S|CS|TAMS 0x000000008a400000, 0x000000008a400000| Complete 
| 165|0x000000008a500000, 0x000000008a500000, 0x000000008a600000|  0%| F|  |TAMS 0x000000008a500000, 0x000000008a500000| Untracked 
| 166|0x000000008a600000, 0x000000008a600000, 0x000000008a700000|  0%| F|  |TAMS 0x000000008a600000, 0x000000008a600000| Untracked 
| 167|0x000000008a700000, 0x000000008a700000, 0x000000008a800000|  0%| F|  |TAMS 0x000000008a700000, 0x000000008a700000| Untracked 
| 168|0x000000008a800000, 0x000000008a800000, 0x000000008a900000|  0%| F|  |TAMS 0x000000008a800000, 0x000000008a800000| Untracked 
| 169|0x000000008a900000, 0x000000008a900000, 0x000000008aa00000|  0%| F|  |TAMS 0x000000008a900000, 0x000000008a900000| Untracked 
| 170|0x000000008aa00000, 0x000000008aa00000, 0x000000008ab00000|  0%| F|  |TAMS 0x000000008aa00000, 0x000000008aa00000| Untracked 
| 171|0x000000008ab00000, 0x000000008ab00000, 0x000000008ac00000|  0%| F|  |TAMS 0x000000008ab00000, 0x000000008ab00000| Untracked 
| 172|0x000000008ac00000, 0x000000008ac00000, 0x000000008ad00000|  0%| F|  |TAMS 0x000000008ac00000, 0x000000008ac00000| Untracked 
| 173|0x000000008ad00000, 0x000000008ad00000, 0x000000008ae00000|  0%| F|  |TAMS 0x000000008ad00000, 0x000000008ad00000| Untracked 
| 174|0x000000008ae00000, 0x000000008ae00000, 0x000000008af00000|  0%| F|  |TAMS 0x000000008ae00000, 0x000000008ae00000| Untracked 
| 175|0x000000008af00000, 0x000000008af00000, 0x000000008b000000|  0%| F|  |TAMS 0x000000008af00000, 0x000000008af00000| Untracked 
| 176|0x000000008b000000, 0x000000008b000000, 0x000000008b100000|  0%| F|  |TAMS 0x000000008b000000, 0x000000008b000000| Untracked 
| 177|0x000000008b100000, 0x000000008b100000, 0x000000008b200000|  0%| F|  |TAMS 0x000000008b100000, 0x000000008b100000| Untracked 
| 178|0x000000008b200000, 0x000000008b200000, 0x000000008b300000|  0%| F|  |TAMS 0x000000008b200000, 0x000000008b200000| Untracked 
| 179|0x000000008b300000, 0x000000008b300a60, 0x000000008b400000|  0%| E|  |TAMS 0x000000008b300000, 0x000000008b300000| Complete 
| 180|0x000000008b400000, 0x000000008b500000, 0x000000008b500000|100%| E|CS|TAMS 0x000000008b400000, 0x000000008b400000| Complete 
| 181|0x000000008b500000, 0x000000008b600000, 0x000000008b600000|100%| E|CS|TAMS 0x000000008b500000, 0x000000008b500000| Complete 
| 182|0x000000008b600000, 0x000000008b700000, 0x000000008b700000|100%| E|CS|TAMS 0x000000008b600000, 0x000000008b600000| Complete 
| 183|0x000000008b700000, 0x000000008b800000, 0x000000008b800000|100%| E|CS|TAMS 0x000000008b700000, 0x000000008b700000| Complete 
| 184|0x000000008b800000, 0x000000008b900000, 0x000000008b900000|100%| E|  |TAMS 0x000000008b800000, 0x000000008b800000| Complete 
| 185|0x000000008b900000, 0x000000008ba00000, 0x000000008ba00000|100%| E|CS|TAMS 0x000000008b900000, 0x000000008b900000| Complete 
| 186|0x000000008ba00000, 0x000000008bb00000, 0x000000008bb00000|100%| E|CS|TAMS 0x000000008ba00000, 0x000000008ba00000| Complete 
| 187|0x000000008bb00000, 0x000000008bc00000, 0x000000008bc00000|100%| E|CS|TAMS 0x000000008bb00000, 0x000000008bb00000| Complete 
| 188|0x000000008bc00000, 0x000000008bd00000, 0x000000008bd00000|100%| E|CS|TAMS 0x000000008bc00000, 0x000000008bc00000| Complete 
| 189|0x000000008bd00000, 0x000000008be00000, 0x000000008be00000|100%| E|CS|TAMS 0x000000008bd00000, 0x000000008bd00000| Complete 
| 190|0x000000008be00000, 0x000000008bf00000, 0x000000008bf00000|100%| E|CS|TAMS 0x000000008be00000, 0x000000008be00000| Complete 
| 191|0x000000008bf00000, 0x000000008c000000, 0x000000008c000000|100%| E|CS|TAMS 0x000000008bf00000, 0x000000008bf00000| Complete 
| 192|0x000000008c000000, 0x000000008c100000, 0x000000008c100000|100%| E|CS|TAMS 0x000000008c000000, 0x000000008c000000| Complete 
| 193|0x000000008c100000, 0x000000008c200000, 0x000000008c200000|100%| E|CS|TAMS 0x000000008c100000, 0x000000008c100000| Complete 
| 194|0x000000008c200000, 0x000000008c300000, 0x000000008c300000|100%| E|CS|TAMS 0x000000008c200000, 0x000000008c200000| Complete 
| 195|0x000000008c300000, 0x000000008c400000, 0x000000008c400000|100%| E|CS|TAMS 0x000000008c300000, 0x000000008c300000| Complete 
| 196|0x000000008c400000, 0x000000008c500000, 0x000000008c500000|100%| E|CS|TAMS 0x000000008c400000, 0x000000008c400000| Complete 
| 197|0x000000008c500000, 0x000000008c600000, 0x000000008c600000|100%| E|CS|TAMS 0x000000008c500000, 0x000000008c500000| Complete 
| 198|0x000000008c600000, 0x000000008c700000, 0x000000008c700000|100%| E|CS|TAMS 0x000000008c600000, 0x000000008c600000| Complete 
| 199|0x000000008c700000, 0x000000008c800000, 0x000000008c800000|100%| E|CS|TAMS 0x000000008c700000, 0x000000008c700000| Complete 
| 200|0x000000008c800000, 0x000000008c900000, 0x000000008c900000|100%| E|CS|TAMS 0x000000008c800000, 0x000000008c800000| Complete 
| 201|0x000000008c900000, 0x000000008ca00000, 0x000000008ca00000|100%| E|CS|TAMS 0x000000008c900000, 0x000000008c900000| Complete 
| 202|0x000000008ca00000, 0x000000008cb00000, 0x000000008cb00000|100%| E|CS|TAMS 0x000000008ca00000, 0x000000008ca00000| Complete 
| 203|0x000000008cb00000, 0x000000008cc00000, 0x000000008cc00000|100%| E|CS|TAMS 0x000000008cb00000, 0x000000008cb00000| Complete 
| 204|0x000000008cc00000, 0x000000008cd00000, 0x000000008cd00000|100%| E|CS|TAMS 0x000000008cc00000, 0x000000008cc00000| Complete 
| 205|0x000000008cd00000, 0x000000008ce00000, 0x000000008ce00000|100%| E|CS|TAMS 0x000000008cd00000, 0x000000008cd00000| Complete 
| 206|0x000000008ce00000, 0x000000008cf00000, 0x000000008cf00000|100%| E|CS|TAMS 0x000000008ce00000, 0x000000008ce00000| Complete 
| 207|0x000000008cf00000, 0x000000008d000000, 0x000000008d000000|100%| E|CS|TAMS 0x000000008cf00000, 0x000000008cf00000| Complete 
| 208|0x000000008d000000, 0x000000008d100000, 0x000000008d100000|100%| E|CS|TAMS 0x000000008d000000, 0x000000008d000000| Complete 
| 209|0x000000008d100000, 0x000000008d200000, 0x000000008d200000|100%| E|CS|TAMS 0x000000008d100000, 0x000000008d100000| Complete 
| 210|0x000000008d200000, 0x000000008d300000, 0x000000008d300000|100%| E|CS|TAMS 0x000000008d200000, 0x000000008d200000| Complete 
| 211|0x000000008d300000, 0x000000008d400000, 0x000000008d400000|100%| E|CS|TAMS 0x000000008d300000, 0x000000008d300000| Complete 
| 212|0x000000008d400000, 0x000000008d500000, 0x000000008d500000|100%| E|CS|TAMS 0x000000008d400000, 0x000000008d400000| Complete 
| 213|0x000000008d500000, 0x000000008d600000, 0x000000008d600000|100%| E|CS|TAMS 0x000000008d500000, 0x000000008d500000| Complete 
| 214|0x000000008d600000, 0x000000008d700000, 0x000000008d700000|100%| E|CS|TAMS 0x000000008d600000, 0x000000008d600000| Complete 
| 215|0x000000008d700000, 0x000000008d800000, 0x000000008d800000|100%| E|CS|TAMS 0x000000008d700000, 0x000000008d700000| Complete 
| 216|0x000000008d800000, 0x000000008d900000, 0x000000008d900000|100%| E|CS|TAMS 0x000000008d800000, 0x000000008d800000| Complete 
| 217|0x000000008d900000, 0x000000008da00000, 0x000000008da00000|100%| E|CS|TAMS 0x000000008d900000, 0x000000008d900000| Complete 
| 218|0x000000008da00000, 0x000000008db00000, 0x000000008db00000|100%| E|CS|TAMS 0x000000008da00000, 0x000000008da00000| Complete 
| 219|0x000000008db00000, 0x000000008dc00000, 0x000000008dc00000|100%| E|CS|TAMS 0x000000008db00000, 0x000000008db00000| Complete 
| 220|0x000000008dc00000, 0x000000008dd00000, 0x000000008dd00000|100%| E|CS|TAMS 0x000000008dc00000, 0x000000008dc00000| Complete 
| 221|0x000000008dd00000, 0x000000008de00000, 0x000000008de00000|100%| E|CS|TAMS 0x000000008dd00000, 0x000000008dd00000| Complete 
| 222|0x000000008de00000, 0x000000008df00000, 0x000000008df00000|100%| E|CS|TAMS 0x000000008de00000, 0x000000008de00000| Complete 
| 223|0x000000008df00000, 0x000000008e000000, 0x000000008e000000|100%| E|CS|TAMS 0x000000008df00000, 0x000000008df00000| Complete 
| 224|0x000000008e000000, 0x000000008e100000, 0x000000008e100000|100%| E|CS|TAMS 0x000000008e000000, 0x000000008e000000| Complete 
| 225|0x000000008e100000, 0x000000008e200000, 0x000000008e200000|100%| E|CS|TAMS 0x000000008e100000, 0x000000008e100000| Complete 
| 226|0x000000008e200000, 0x000000008e300000, 0x000000008e300000|100%| E|CS|TAMS 0x000000008e200000, 0x000000008e200000| Complete 
| 227|0x000000008e300000, 0x000000008e400000, 0x000000008e400000|100%| E|CS|TAMS 0x000000008e300000, 0x000000008e300000| Complete 
| 228|0x000000008e400000, 0x000000008e500000, 0x000000008e500000|100%| E|CS|TAMS 0x000000008e400000, 0x000000008e400000| Complete 
| 229|0x000000008e500000, 0x000000008e600000, 0x000000008e600000|100%| E|CS|TAMS 0x000000008e500000, 0x000000008e500000| Complete 
| 230|0x000000008e600000, 0x000000008e700000, 0x000000008e700000|100%| E|CS|TAMS 0x000000008e600000, 0x000000008e600000| Complete 
| 231|0x000000008e700000, 0x000000008e800000, 0x000000008e800000|100%| E|CS|TAMS 0x000000008e700000, 0x000000008e700000| Complete 
| 232|0x000000008e800000, 0x000000008e900000, 0x000000008e900000|100%| E|CS|TAMS 0x000000008e800000, 0x000000008e800000| Complete 
| 233|0x000000008e900000, 0x000000008ea00000, 0x000000008ea00000|100%| E|CS|TAMS 0x000000008e900000, 0x000000008e900000| Complete 
| 234|0x000000008ea00000, 0x000000008eb00000, 0x000000008eb00000|100%| E|CS|TAMS 0x000000008ea00000, 0x000000008ea00000| Complete 
| 235|0x000000008eb00000, 0x000000008ec00000, 0x000000008ec00000|100%| E|CS|TAMS 0x000000008eb00000, 0x000000008eb00000| Complete 
| 236|0x000000008ec00000, 0x000000008ed00000, 0x000000008ed00000|100%| E|CS|TAMS 0x000000008ec00000, 0x000000008ec00000| Complete 
| 237|0x000000008ed00000, 0x000000008ee00000, 0x000000008ee00000|100%| E|CS|TAMS 0x000000008ed00000, 0x000000008ed00000| Complete 
| 238|0x000000008ee00000, 0x000000008ef00000, 0x000000008ef00000|100%| E|CS|TAMS 0x000000008ee00000, 0x000000008ee00000| Complete 
| 239|0x000000008ef00000, 0x000000008f000000, 0x000000008f000000|100%| E|CS|TAMS 0x000000008ef00000, 0x000000008ef00000| Complete 
| 240|0x000000008f000000, 0x000000008f100000, 0x000000008f100000|100%| E|CS|TAMS 0x000000008f000000, 0x000000008f000000| Complete 
| 241|0x000000008f100000, 0x000000008f200000, 0x000000008f200000|100%| E|CS|TAMS 0x000000008f100000, 0x000000008f100000| Complete 
| 242|0x000000008f200000, 0x000000008f300000, 0x000000008f300000|100%| E|CS|TAMS 0x000000008f200000, 0x000000008f200000| Complete 
| 243|0x000000008f300000, 0x000000008f400000, 0x000000008f400000|100%| E|CS|TAMS 0x000000008f300000, 0x000000008f300000| Complete 
| 244|0x000000008f400000, 0x000000008f500000, 0x000000008f500000|100%| E|CS|TAMS 0x000000008f400000, 0x000000008f400000| Complete 
| 245|0x000000008f500000, 0x000000008f600000, 0x000000008f600000|100%| E|CS|TAMS 0x000000008f500000, 0x000000008f500000| Complete 
| 246|0x000000008f600000, 0x000000008f700000, 0x000000008f700000|100%| E|CS|TAMS 0x000000008f600000, 0x000000008f600000| Complete 
| 247|0x000000008f700000, 0x000000008f800000, 0x000000008f800000|100%| E|CS|TAMS 0x000000008f700000, 0x000000008f700000| Complete 
| 248|0x000000008f800000, 0x000000008f900000, 0x000000008f900000|100%| E|CS|TAMS 0x000000008f800000, 0x000000008f800000| Complete 
| 249|0x000000008f900000, 0x000000008fa00000, 0x000000008fa00000|100%| E|CS|TAMS 0x000000008f900000, 0x000000008f900000| Complete 
| 250|0x000000008fa00000, 0x000000008fb00000, 0x000000008fb00000|100%| E|CS|TAMS 0x000000008fa00000, 0x000000008fa00000| Complete 
| 251|0x000000008fb00000, 0x000000008fc00000, 0x000000008fc00000|100%| E|CS|TAMS 0x000000008fb00000, 0x000000008fb00000| Complete 
| 252|0x000000008fc00000, 0x000000008fd00000, 0x000000008fd00000|100%| E|CS|TAMS 0x000000008fc00000, 0x000000008fc00000| Complete 
| 253|0x000000008fd00000, 0x000000008fe00000, 0x000000008fe00000|100%| E|CS|TAMS 0x000000008fd00000, 0x000000008fd00000| Complete 
| 254|0x000000008fe00000, 0x000000008ff00000, 0x000000008ff00000|100%| E|CS|TAMS 0x000000008fe00000, 0x000000008fe00000| Complete 
| 255|0x000000008ff00000, 0x0000000090000000, 0x0000000090000000|100%| E|CS|TAMS 0x000000008ff00000, 0x000000008ff00000| Complete 
| 256|0x0000000090000000, 0x0000000090100000, 0x0000000090100000|100%| E|CS|TAMS 0x0000000090000000, 0x0000000090000000| Complete 
| 257|0x0000000090100000, 0x0000000090200000, 0x0000000090200000|100%| E|CS|TAMS 0x0000000090100000, 0x0000000090100000| Complete 
| 258|0x0000000090200000, 0x0000000090300000, 0x0000000090300000|100%| E|CS|TAMS 0x0000000090200000, 0x0000000090200000| Complete 
| 259|0x0000000090300000, 0x0000000090400000, 0x0000000090400000|100%| E|CS|TAMS 0x0000000090300000, 0x0000000090300000| Complete 
| 260|0x0000000090400000, 0x0000000090500000, 0x0000000090500000|100%| E|CS|TAMS 0x0000000090400000, 0x0000000090400000| Complete 
| 261|0x0000000090500000, 0x0000000090600000, 0x0000000090600000|100%| E|CS|TAMS 0x0000000090500000, 0x0000000090500000| Complete 
| 262|0x0000000090600000, 0x0000000090700000, 0x0000000090700000|100%| E|CS|TAMS 0x0000000090600000, 0x0000000090600000| Complete 
| 275|0x0000000091300000, 0x0000000091400000, 0x0000000091400000|100%| E|CS|TAMS 0x0000000091300000, 0x0000000091300000| Complete 
| 276|0x0000000091400000, 0x0000000091500000, 0x0000000091500000|100%| E|CS|TAMS 0x0000000091400000, 0x0000000091400000| Complete 
| 277|0x0000000091500000, 0x0000000091600000, 0x0000000091600000|100%| E|CS|TAMS 0x0000000091500000, 0x0000000091500000| Complete 
| 278|0x0000000091600000, 0x0000000091700000, 0x0000000091700000|100%| E|CS|TAMS 0x0000000091600000, 0x0000000091600000| Complete 

Card table byte_map: [0x000002c4d91f0000,0x000002c4d95f0000] _byte_map_base: 0x000002c4d8df0000

Marking Bits (Prev, Next): (CMBitMap*) 0x000002c4c1d91f00, (CMBitMap*) 0x000002c4c1d91f40
 Prev Bits: [0x000002c4d99f0000, 0x000002c4db9f0000)
 Next Bits: [0x000002c4db9f0000, 0x000002c4dd9f0000)

Polling page: 0x000002c4bfc40000

Metaspace:

Usage:
  Non-class:     78.15 MB used.
      Class:     12.76 MB used.
       Both:     90.90 MB used.

Virtual space:
  Non-class space:      128.00 MB reserved,      78.69 MB ( 61%) committed,  2 nodes.
      Class space:      416.00 MB reserved,      13.31 MB (  3%) committed,  1 nodes.
             Both:      544.00 MB reserved,      92.00 MB ( 17%) committed. 

Chunk freelists:
   Non-Class:  1.30 MB
       Class:  2.66 MB
        Both:  3.96 MB

MaxMetaspaceSize: 512.00 MB
CompressedClassSpaceSize: 416.00 MB
Initial GC threshold: 21.00 MB
Current GC threshold: 118.75 MB
CDS: on
MetaspaceReclaimPolicy: balanced
 - commit_granule_bytes: 65536.
 - commit_granule_words: 8192.
 - virtual_space_node_default_size: 8388608.
 - enlarge_chunks_in_place: 1.
 - new_chunks_are_fully_committed: 0.
 - uncommit_free_chunks: 1.
 - use_allocation_guard: 0.
 - handle_deallocations: 1.


Internal statistics:

num_allocs_failed_limit: 6.
num_arena_births: 1694.
num_arena_deaths: 0.
num_vsnodes_births: 3.
num_vsnodes_deaths: 0.
num_space_committed: 1472.
num_space_uncommitted: 0.
num_chunks_returned_to_freelist: 6.
num_chunks_taken_from_freelist: 5935.
num_chunk_merges: 6.
num_chunk_splits: 3817.
num_chunks_enlarged: 2381.
num_inconsistent_stats: 0.

CodeHeap 'non-profiled nmethods': size=120000Kb used=7500Kb max_used=7500Kb free=112499Kb
 bounds [0x000002c4d1360000, 0x000002c4d1ac0000, 0x000002c4d8890000]
CodeHeap 'profiled nmethods': size=120000Kb used=21402Kb max_used=21402Kb free=98598Kb
 bounds [0x000002c4c9890000, 0x000002c4cad80000, 0x000002c4d0dc0000]
CodeHeap 'non-nmethods': size=5760Kb used=1735Kb max_used=1799Kb free=4024Kb
 bounds [0x000002c4d0dc0000, 0x000002c4d1030000, 0x000002c4d1360000]
 total_blobs=11962 nmethods=11131 adapters=743
 compilation: enabled
              stopped_count=0, restarted_count=0
 full_count=0

Compilation events (20 events):
Event: 28.906 Thread 0x000002c4e06c9280 12627       1       com.android.tools.build.jetifier.core.pom.PomDependency::getArtifactId (5 bytes)
Event: 28.906 Thread 0x000002c4e06c9280 nmethod 12627 0x000002c4d1aa8a10 code [0x000002c4d1aa8ba0, 0x000002c4d1aa8c78]
Event: 28.906 Thread 0x000002c4e06c9280 12628       1       com.android.tools.build.jetifier.core.pom.PomDependency::getVersion (5 bytes)
Event: 28.906 Thread 0x000002c4e06c9280 nmethod 12628 0x000002c4d1aa8d10 code [0x000002c4d1aa8ea0, 0x000002c4d1aa8f78]
Event: 28.913 Thread 0x000002c4e06c9280 12629       3       kotlin.text.StringsKt__StringsKt::indexOf$default (26 bytes)
Event: 28.913 Thread 0x000002c4e06c9280 nmethod 12629 0x000002c4cad72710 code [0x000002c4cad728c0, 0x000002c4cad72a48]
Event: 28.913 Thread 0x000002c4e06c9280 12630       3       kotlin.text.StringsKt__StringsKt::indexOf (48 bytes)
Event: 28.915 Thread 0x000002c4e06c9280 nmethod 12630 0x000002c4cad72b10 code [0x000002c4cad72da0, 0x000002c4cad73928]
Event: 28.915 Thread 0x000002c4e06c9280 12631       3       kotlin.jvm.internal.Intrinsics::checkExpressionValueIsNotNull (38 bytes)
Event: 28.916 Thread 0x000002c4e06c9280 nmethod 12631 0x000002c4cad73c90 code [0x000002c4cad73f00, 0x000002c4cad747d8]
Event: 28.916 Thread 0x000002c4e06c9280 12632       3       com.android.tools.build.jetifier.core.type.JavaType::<init> (73 bytes)
Event: 28.917 Thread 0x000002c4e06c9280 nmethod 12632 0x000002c4cad74b90 code [0x000002c4cad74e80, 0x000002c4cad75c78]
Event: 28.917 Thread 0x000002c4e06c9280 12636       3       com.android.tools.build.jetifier.core.type.JavaType::hashCode (17 bytes)
Event: 28.918 Thread 0x000002c4e06c9280 nmethod 12636 0x000002c4cad76190 code [0x000002c4cad76340, 0x000002c4cad76508]
Event: 28.918 Thread 0x000002c4e06c9280 12633       3       kotlin.text.StringsKt__StringsKt::contains$default (15 bytes)
Event: 28.918 Thread 0x000002c4e06c9280 nmethod 12633 0x000002c4cad76610 code [0x000002c4cad767c0, 0x000002c4cad76928]
Event: 28.918 Thread 0x000002c4e06c9280 12634       3       kotlin.text.StringsKt__StringsKt::contains (24 bytes)
Event: 28.919 Thread 0x000002c4e06c9280 nmethod 12634 0x000002c4cad76a10 code [0x000002c4cad76c40, 0x000002c4cad77308]
Event: 28.922 Thread 0x000002c4e06c9280 12637       3       com.android.tools.build.jetifier.core.type.JavaType::hasInnerType (16 bytes)
Event: 28.922 Thread 0x000002c4e06c9280 nmethod 12637 0x000002c4cad77590 code [0x000002c4cad77740, 0x000002c4cad77908]

GC Heap History (20 events):
Event: 17.645 GC heap before
{Heap before GC invocations=27 (full 0):
 garbage-first heap   total 132096K, used 101977K [0x0000000080000000, 0x0000000100000000)
  region size 1024K, 43 young (44032K), 6 survivors (6144K)
 Metaspace       used 65434K, committed 66368K, reserved 491520K
  class space    used 9379K, committed 9792K, reserved 425984K
}
Event: 17.653 GC heap after
{Heap after GC invocations=28 (full 0):
 garbage-first heap   total 132096K, used 68161K [0x0000000080000000, 0x0000000100000000)
  region size 1024K, 5 young (5120K), 5 survivors (5120K)
 Metaspace       used 65434K, committed 66368K, reserved 491520K
  class space    used 9379K, committed 9792K, reserved 425984K
}
Event: 18.835 GC heap before
{Heap before GC invocations=28 (full 0):
 garbage-first heap   total 132096K, used 102977K [0x0000000080000000, 0x0000000100000000)
  region size 1024K, 39 young (39936K), 5 survivors (5120K)
 Metaspace       used 68251K, committed 69184K, reserved 491520K
  class space    used 9851K, committed 10304K, reserved 425984K
}
Event: 18.845 GC heap after
{Heap after GC invocations=29 (full 0):
 garbage-first heap   total 132096K, used 70442K [0x0000000080000000, 0x0000000100000000)
  region size 1024K, 3 young (3072K), 3 survivors (3072K)
 Metaspace       used 68251K, committed 69184K, reserved 491520K
  class space    used 9851K, committed 10304K, reserved 425984K
}
Event: 20.183 GC heap before
{Heap before GC invocations=30 (full 0):
 garbage-first heap   total 132096K, used 103210K [0x0000000080000000, 0x0000000100000000)
  region size 1024K, 36 young (36864K), 3 survivors (3072K)
 Metaspace       used 70668K, committed 71616K, reserved 491520K
  class space    used 10288K, committed 10752K, reserved 425984K
}
Event: 20.190 GC heap after
{Heap after GC invocations=31 (full 0):
 garbage-first heap   total 132096K, used 74755K [0x0000000080000000, 0x0000000100000000)
  region size 1024K, 5 young (5120K), 5 survivors (5120K)
 Metaspace       used 70668K, committed 71616K, reserved 491520K
  class space    used 10288K, committed 10752K, reserved 425984K
}
Event: 20.199 GC heap before
{Heap before GC invocations=31 (full 0):
 garbage-first heap   total 132096K, used 75779K [0x0000000080000000, 0x0000000100000000)
  region size 1024K, 6 young (6144K), 5 survivors (5120K)
 Metaspace       used 70680K, committed 71616K, reserved 491520K
  class space    used 10288K, committed 10752K, reserved 425984K
}
Event: 20.205 GC heap after
{Heap after GC invocations=32 (full 0):
 garbage-first heap   total 132096K, used 72622K [0x0000000080000000, 0x0000000100000000)
  region size 1024K, 1 young (1024K), 1 survivors (1024K)
 Metaspace       used 70680K, committed 71616K, reserved 491520K
  class space    used 10288K, committed 10752K, reserved 425984K
}
Event: 20.851 GC heap before
{Heap before GC invocations=32 (full 0):
 garbage-first heap   total 132096K, used 103342K [0x0000000080000000, 0x0000000100000000)
  region size 1024K, 32 young (32768K), 1 survivors (1024K)
 Metaspace       used 71893K, committed 72960K, reserved 491520K
  class space    used 10453K, committed 10944K, reserved 425984K
}
Event: 20.859 GC heap after
{Heap after GC invocations=33 (full 0):
 garbage-first heap   total 285696K, used 77200K [0x0000000080000000, 0x0000000100000000)
  region size 1024K, 4 young (4096K), 4 survivors (4096K)
 Metaspace       used 71893K, committed 72960K, reserved 491520K
  class space    used 10453K, committed 10944K, reserved 425984K
}
Event: 23.090 GC heap before
{Heap before GC invocations=34 (full 0):
 garbage-first heap   total 273408K, used 208272K [0x0000000080000000, 0x0000000100000000)
  region size 1024K, 133 young (136192K), 4 survivors (4096K)
 Metaspace       used 73754K, committed 74816K, reserved 491520K
  class space    used 10585K, committed 11072K, reserved 425984K
}
Event: 23.103 GC heap after
{Heap after GC invocations=35 (full 0):
 garbage-first heap   total 273408K, used 85970K [0x0000000080000000, 0x0000000100000000)
  region size 1024K, 13 young (13312K), 13 survivors (13312K)
 Metaspace       used 73754K, committed 74816K, reserved 491520K
  class space    used 10585K, committed 11072K, reserved 425984K
}
Event: 23.108 GC heap before
{Heap before GC invocations=35 (full 0):
 garbage-first heap   total 273408K, used 86994K [0x0000000080000000, 0x0000000100000000)
  region size 1024K, 14 young (14336K), 13 survivors (13312K)
 Metaspace       used 73759K, committed 74816K, reserved 491520K
  class space    used 10585K, committed 11072K, reserved 425984K
}
Event: 23.117 GC heap after
{Heap after GC invocations=36 (full 0):
 garbage-first heap   total 273408K, used 84356K [0x0000000080000000, 0x0000000100000000)
  region size 1024K, 2 young (2048K), 2 survivors (2048K)
 Metaspace       used 73759K, committed 74816K, reserved 491520K
  class space    used 10585K, committed 11072K, reserved 425984K
}
Event: 23.945 GC heap before
{Heap before GC invocations=36 (full 0):
 garbage-first heap   total 273408K, used 209284K [0x0000000080000000, 0x0000000100000000)
  region size 1024K, 118 young (120832K), 2 survivors (2048K)
 Metaspace       used 74238K, committed 75264K, reserved 491520K
  class space    used 10644K, committed 11136K, reserved 425984K
}
Event: 23.952 GC heap after
{Heap after GC invocations=37 (full 0):
 garbage-first heap   total 273408K, used 97600K [0x0000000080000000, 0x0000000100000000)
  region size 1024K, 10 young (10240K), 10 survivors (10240K)
 Metaspace       used 74238K, committed 75264K, reserved 491520K
  class space    used 10644K, committed 11136K, reserved 425984K
}
Event: 25.298 GC heap before
{Heap before GC invocations=37 (full 0):
 garbage-first heap   total 273408K, used 212288K [0x0000000080000000, 0x0000000100000000)
  region size 1024K, 117 young (119808K), 10 survivors (10240K)
 Metaspace       used 82044K, committed 83136K, reserved 557056K
  class space    used 11583K, committed 12096K, reserved 425984K
}
Event: 25.306 GC heap after
{Heap after GC invocations=38 (full 0):
 garbage-first heap   total 273408K, used 107213K [0x0000000080000000, 0x0000000100000000)
  region size 1024K, 8 young (8192K), 8 survivors (8192K)
 Metaspace       used 82044K, committed 83136K, reserved 557056K
  class space    used 11583K, committed 12096K, reserved 425984K
}
Event: 27.212 GC heap before
{Heap before GC invocations=38 (full 0):
 garbage-first heap   total 273408K, used 214733K [0x0000000080000000, 0x0000000100000000)
  region size 1024K, 110 young (112640K), 8 survivors (8192K)
 Metaspace       used 88879K, committed 89984K, reserved 557056K
  class space    used 12523K, committed 13056K, reserved 425984K
}
Event: 27.219 GC heap after
{Heap after GC invocations=39 (full 0):
 garbage-first heap   total 273408K, used 115498K [0x0000000080000000, 0x0000000100000000)
  region size 1024K, 5 young (5120K), 5 survivors (5120K)
 Metaspace       used 88879K, committed 89984K, reserved 557056K
  class space    used 12523K, committed 13056K, reserved 425984K
}

Dll operation events (15 events):
Event: 0.014 Loaded shared library C:\Program Files\Eclipse Adoptium\jdk-17.0.18.8-hotspot\bin\java.dll
Event: 0.037 Loaded shared library C:\Program Files\Eclipse Adoptium\jdk-17.0.18.8-hotspot\bin\jsvml.dll
Event: 0.091 Loaded shared library C:\Program Files\Eclipse Adoptium\jdk-17.0.18.8-hotspot\bin\zip.dll
Event: 0.094 Loaded shared library C:\Program Files\Eclipse Adoptium\jdk-17.0.18.8-hotspot\bin\instrument.dll
Event: 0.099 Loaded shared library C:\Program Files\Eclipse Adoptium\jdk-17.0.18.8-hotspot\bin\net.dll
Event: 0.101 Loaded shared library C:\Program Files\Eclipse Adoptium\jdk-17.0.18.8-hotspot\bin\nio.dll
Event: 0.104 Loaded shared library C:\Program Files\Eclipse Adoptium\jdk-17.0.18.8-hotspot\bin\zip.dll
Event: 0.439 Loaded shared library C:\Program Files\Eclipse Adoptium\jdk-17.0.18.8-hotspot\bin\jimage.dll
Event: 0.941 Loaded shared library C:\Program Files\Eclipse Adoptium\jdk-17.0.18.8-hotspot\bin\verify.dll
Event: 1.012 Loaded shared library C:\Users\Nandhitha_R\.gradle\native\1def1411415f61bf3af743bc5b6707747c0891f09f0c88961ee8f79bc544acac\windows-amd64\native-platform.dll
Event: 1.042 Loaded shared library C:\Users\Nandhitha_R\.gradle\native\0.2.8\x86_64-windows-gnu\gradle-fileevents.dll
Event: 2.547 Loaded shared library C:\Program Files\Eclipse Adoptium\jdk-17.0.18.8-hotspot\bin\management.dll
Event: 2.552 Loaded shared library C:\Program Files\Eclipse Adoptium\jdk-17.0.18.8-hotspot\bin\management_ext.dll
Event: 2.832 Loaded shared library C:\Program Files\Eclipse Adoptium\jdk-17.0.18.8-hotspot\bin\extnet.dll
Event: 3.102 Loaded shared library C:\Program Files\Eclipse Adoptium\jdk-17.0.18.8-hotspot\bin\sunmscapi.dll

Deoptimization events (20 events):
Event: 28.855 Thread 0x000002c4e07c72b0 DEOPT PACKING pc=0x000002c4cad5f4cb sp=0x000000d9fd2f4250
Event: 28.855 Thread 0x000002c4e07c72b0 DEOPT UNPACKING pc=0x000002c4d0e17143 sp=0x000000d9fd2f3700 mode 0
Event: 28.855 Thread 0x000002c4e07c72b0 DEOPT PACKING pc=0x000002c4cad5f4cb sp=0x000000d9fd2f4250
Event: 28.855 Thread 0x000002c4e07c72b0 DEOPT UNPACKING pc=0x000002c4d0e17143 sp=0x000000d9fd2f3700 mode 0
Event: 28.855 Thread 0x000002c4e07c72b0 DEOPT PACKING pc=0x000002c4cad5f4cb sp=0x000000d9fd2f4250
Event: 28.855 Thread 0x000002c4e07c72b0 DEOPT UNPACKING pc=0x000002c4d0e17143 sp=0x000000d9fd2f3700 mode 0
Event: 28.855 Thread 0x000002c4e07c72b0 DEOPT PACKING pc=0x000002c4cad5f4cb sp=0x000000d9fd2f4250
Event: 28.855 Thread 0x000002c4e07c72b0 DEOPT UNPACKING pc=0x000002c4d0e17143 sp=0x000000d9fd2f3700 mode 0
Event: 28.855 Thread 0x000002c4e07c72b0 DEOPT PACKING pc=0x000002c4cad5f4cb sp=0x000000d9fd2f4250
Event: 28.855 Thread 0x000002c4e07c72b0 DEOPT UNPACKING pc=0x000002c4d0e17143 sp=0x000000d9fd2f3700 mode 0
Event: 28.856 Thread 0x000002c4e07c72b0 DEOPT PACKING pc=0x000002c4cad5f4cb sp=0x000000d9fd2f4250
Event: 28.856 Thread 0x000002c4e07c72b0 DEOPT UNPACKING pc=0x000002c4d0e17143 sp=0x000000d9fd2f3700 mode 0
Event: 28.856 Thread 0x000002c4e07c72b0 DEOPT PACKING pc=0x000002c4cad5f4cb sp=0x000000d9fd2f4250
Event: 28.856 Thread 0x000002c4e07c72b0 DEOPT UNPACKING pc=0x000002c4d0e17143 sp=0x000000d9fd2f3700 mode 0
Event: 28.856 Thread 0x000002c4e07c72b0 DEOPT PACKING pc=0x000002c4cad5f4cb sp=0x000000d9fd2f4250
Event: 28.856 Thread 0x000002c4e07c72b0 DEOPT UNPACKING pc=0x000002c4d0e17143 sp=0x000000d9fd2f3700 mode 0
Event: 28.858 Thread 0x000002c4e07c72b0 Uncommon trap: trap_request=0xffffff45 fr.pc=0x000002c4d18d6cd4 relative=0x00000000000001b4
Event: 28.858 Thread 0x000002c4e07c72b0 Uncommon trap: reason=unstable_if action=reinterpret pc=0x000002c4d18d6cd4 method=com.google.gson.stream.JsonReader.nextNonWhitespace(Z)I @ 279 c2
Event: 28.858 Thread 0x000002c4e07c72b0 DEOPT PACKING pc=0x000002c4d18d6cd4 sp=0x000000d9fd2f4090
Event: 28.858 Thread 0x000002c4e07c72b0 DEOPT UNPACKING pc=0x000002c4d0e169a3 sp=0x000000d9fd2f4010 mode 2

Classes loaded (20 events):
Event: 27.565 Loading class java/beans/IntrospectionException
Event: 27.566 Loading class java/beans/IntrospectionException done
Event: 27.976 Loading class java/lang/StringBeanInfo
Event: 27.976 Loading class java/lang/StringBeanInfo done
Event: 27.977 Loading class java/lang/StringBeanInfo
Event: 27.977 Loading class java/lang/StringBeanInfo done
Event: 27.977 Loading class java/lang/StringCustomizer
Event: 27.977 Loading class java/lang/StringCustomizer done
Event: 27.977 Loading class java/lang/StringCustomizer
Event: 27.977 Loading class java/lang/StringCustomizer done
Event: 27.993 Loading class java/lang/BooleanBeanInfo
Event: 27.993 Loading class java/lang/BooleanBeanInfo done
Event: 27.994 Loading class java/lang/BooleanBeanInfo
Event: 27.994 Loading class java/lang/BooleanBeanInfo done
Event: 27.994 Loading class java/lang/BooleanCustomizer
Event: 27.994 Loading class java/lang/BooleanCustomizer done
Event: 27.995 Loading class java/lang/BooleanCustomizer
Event: 27.995 Loading class java/lang/BooleanCustomizer done
Event: 27.995 Loading class jdk/internal/ValueBased
Event: 27.995 Loading class jdk/internal/ValueBased done

Classes unloaded (0 events):
No events

Classes redefined (0 events):
No events

Internal exceptions (20 events):
Event: 27.716 Thread 0x000002c4e07c72b0 Exception <a 'java/lang/ClassNotFoundException'{0x000000008eda7cc8}: build_cyt4sxq6og4cl1enqv4ivv4ah$_run_closure2$_closure5BeanInfo> (0x000000008eda7cc8) 
thrown [s\src\hotspot\share\classfile\systemDictionary.cpp, line 256]
Event: 27.725 Thread 0x000002c4e07c72b0 Exception <a 'java/lang/ClassNotFoundException'{0x000000008edb88f8}: build_cyt4sxq6og4cl1enqv4ivv4ah$_run_closure2$_closure5Customizer> (0x000000008edb88f8) 
thrown [s\src\hotspot\share\classfile\systemDictionary.cpp, line 256]
Event: 27.732 Thread 0x000002c4e07c72b0 Exception <a 'java/lang/ClassNotFoundException'{0x000000008eddf2c8}: build_cyt4sxq6og4cl1enqv4ivv4ah$_run_closure2BeanInfo> (0x000000008eddf2c8) 
thrown [s\src\hotspot\share\classfile\systemDictionary.cpp, line 256]
Event: 27.734 Thread 0x000002c4e07c72b0 Exception <a 'java/lang/ClassNotFoundException'{0x000000008edefdc0}: build_cyt4sxq6og4cl1enqv4ivv4ah$_run_closure2Customizer> (0x000000008edefdc0) 
thrown [s\src\hotspot\share\classfile\systemDictionary.cpp, line 256]
Event: 27.777 Thread 0x000002c4e07c72b0 Implicit null exception at 0x000002c4d1a55849 to 0x000002c4d1a57b60
Event: 27.901 Thread 0x000002c4e07c72b0 Exception <a 'java/lang/ClassNotFoundException'{0x000000008e5338d0}: com/android/build/gradle/internal/dsl/BuildType$AgpDecorated_DecoratedBeanInfo> (0x000000008e5338d0) 
thrown [s\src\hotspot\share\classfile\systemDictionary.cpp, line 256]
Event: 27.903 Thread 0x000002c4e07c72b0 Exception <a 'java/lang/ClassNotFoundException'{0x000000008e555658}: com/android/build/gradle/internal/dsl/BuildType$AgpDecoratedBeanInfo> (0x000000008e555658) 
thrown [s\src\hotspot\share\classfile\systemDictionary.cpp, line 256]
Event: 27.904 Thread 0x000002c4e07c72b0 Exception <a 'java/lang/ClassNotFoundException'{0x000000008e56b5d8}: com/android/build/gradle/internal/dsl/BuildTypeBeanInfo> (0x000000008e56b5d8) 
thrown [s\src\hotspot\share\classfile\systemDictionary.cpp, line 256]
Event: 27.905 Thread 0x000002c4e07c72b0 Exception <a 'java/lang/ClassNotFoundException'{0x000000008e581548}: com/android/builder/core/AbstractBuildTypeBeanInfo> (0x000000008e581548) 
thrown [s\src\hotspot\share\classfile\systemDictionary.cpp, line 256]
Event: 27.907 Thread 0x000002c4e07c72b0 Exception <a 'java/lang/ClassNotFoundException'{0x000000008e597210}: com/android/builder/core/AbstractBuildTypeCustomizer> (0x000000008e597210) 
thrown [s\src\hotspot\share\classfile\systemDictionary.cpp, line 256]
Event: 27.910 Thread 0x000002c4e07c72b0 Exception <a 'java/lang/ClassNotFoundException'{0x000000008e5cac18}: com/android/build/gradle/internal/dsl/BuildTypeCustomizer> (0x000000008e5cac18) 
thrown [s\src\hotspot\share\classfile\systemDictionary.cpp, line 256]
Event: 27.917 Thread 0x000002c4e07c72b0 Exception <a 'java/lang/ClassNotFoundException'{0x000000008e48b000}: com/android/build/gradle/internal/dsl/BuildType$AgpDecoratedCustomizer> (0x000000008e48b000) 
thrown [s\src\hotspot\share\classfile\systemDictionary.cpp, line 256]
Event: 27.921 Thread 0x000002c4e07c72b0 Exception <a 'java/lang/ClassNotFoundException'{0x000000008e4e7c50}: com/android/build/gradle/internal/dsl/BuildType$AgpDecorated_DecoratedCustomizer> (0x000000008e4e7c50) 
thrown [s\src\hotspot\share\classfile\systemDictionary.cpp, line 256]
Event: 27.950 Thread 0x000002c4e07c72b0 Exception <a 'java/lang/ClassNotFoundException'{0x000000008e209838}: build_cyt4sxq6og4cl1enqv4ivv4ah$_run_closure2$_closure6BeanInfo> (0x000000008e209838) 
thrown [s\src\hotspot\share\classfile\systemDictionary.cpp, line 256]
Event: 27.951 Thread 0x000002c4e07c72b0 Exception <a 'java/lang/ClassNotFoundException'{0x000000008e21a468}: build_cyt4sxq6og4cl1enqv4ivv4ah$_run_closure2$_closure6Customizer> (0x000000008e21a468) 
thrown [s\src\hotspot\share\classfile\systemDictionary.cpp, line 256]
Event: 27.977 Thread 0x000002c4e07c72b0 Exception <a 'java/lang/ClassNotFoundException'{0x000000008e28a8d0}: java/lang/StringBeanInfo> (0x000000008e28a8d0) 
thrown [s\src\hotspot\share\classfile\systemDictionary.cpp, line 256]
Event: 27.977 Thread 0x000002c4e07c72b0 Exception <a 'java/lang/ClassNotFoundException'{0x000000008e296a20}: java/lang/StringCustomizer> (0x000000008e296a20) 
thrown [s\src\hotspot\share\classfile\systemDictionary.cpp, line 256]
Event: 27.989 Thread 0x000002c4e07c72b0 Exception <a 'java/lang/NoSuchMethodError'{0x000000008e2d2db8}: 'int java.lang.invoke.Invokers$Holder.linkToCallSite(java.lang.Object, java.lang.Object)'> (0x000000008e2d2db8) 
thrown [s\src\hotspot\share\interpreter\linkResolver.cpp, line 759]
Event: 27.994 Thread 0x000002c4e07c72b0 Exception <a 'java/lang/ClassNotFoundException'{0x000000008e2f1cf8}: java/lang/BooleanBeanInfo> (0x000000008e2f1cf8) 
thrown [s\src\hotspot\share\classfile\systemDictionary.cpp, line 256]
Event: 27.995 Thread 0x000002c4e07c72b0 Exception <a 'java/lang/ClassNotFoundException'{0x000000008e2fde50}: java/lang/BooleanCustomizer> (0x000000008e2fde50) 
thrown [s\src\hotspot\share\classfile\systemDictionary.cpp, line 256]

VM Operations (20 events):
Event: 24.630 Executing VM operation: HandshakeAllThreads
Event: 24.630 Executing VM operation: HandshakeAllThreads done
Event: 24.630 Executing VM operation: HandshakeAllThreads
Event: 24.630 Executing VM operation: HandshakeAllThreads done
Event: 24.645 Executing VM operation: ICBufferFull
Event: 24.645 Executing VM operation: ICBufferFull done
Event: 25.298 Executing VM operation: G1CollectForAllocation
Event: 25.306 Executing VM operation: G1CollectForAllocation done
Event: 26.320 Executing VM operation: Cleanup
Event: 26.321 Executing VM operation: Cleanup done
Event: 26.812 Executing VM operation: HandshakeAllThreads
Event: 26.812 Executing VM operation: HandshakeAllThreads done
Event: 27.211 Executing VM operation: G1CollectForAllocation
Event: 27.219 Executing VM operation: G1CollectForAllocation done
Event: 27.982 Executing VM operation: HandshakeAllThreads
Event: 27.983 Executing VM operation: HandshakeAllThreads done
Event: 28.476 Executing VM operation: HandshakeAllThreads
Event: 28.477 Executing VM operation: HandshakeAllThreads done
Event: 28.477 Executing VM operation: Cleanup
Event: 28.477 Executing VM operation: Cleanup done

Memory protections (0 events):
No events

Nmethod flushes (20 events):
Event: 20.982 Thread 0x000002c4e06cd350 flushing  nmethod 0x000002c4ca7f0210
Event: 20.982 Thread 0x000002c4e06cd350 flushing  nmethod 0x000002c4ca819210
Event: 20.983 Thread 0x000002c4e06cd350 flushing  nmethod 0x000002c4ca8e7290
Event: 20.983 Thread 0x000002c4e06cd350 flushing  nmethod 0x000002c4ca8ef810
Event: 20.983 Thread 0x000002c4e06cd350 flushing  nmethod 0x000002c4ca8f4510
Event: 24.631 Thread 0x000002c4e06cd350 flushing  nmethod 0x000002c4d140ea90
Event: 24.633 Thread 0x000002c4e06cd350 flushing  nmethod 0x000002c4d1789d90
Event: 24.633 Thread 0x000002c4e06cd350 flushing  nmethod 0x000002c4d18c9990
Event: 24.634 Thread 0x000002c4e06cd350 flushing  nmethod 0x000002c4c997c290
Event: 24.635 Thread 0x000002c4e06cd350 flushing  nmethod 0x000002c4c99d6290
Event: 24.635 Thread 0x000002c4e06cd350 flushing  nmethod 0x000002c4c99db010
Event: 24.636 Thread 0x000002c4e06cd350 flushing  nmethod 0x000002c4c9b6ad10
Event: 24.636 Thread 0x000002c4e06cd350 flushing  nmethod 0x000002c4c9bc6a10
Event: 24.636 Thread 0x000002c4e06cd350 flushing  nmethod 0x000002c4c9c57d10
Event: 24.637 Thread 0x000002c4e06cd350 flushing  nmethod 0x000002c4c9cee490
Event: 24.638 Thread 0x000002c4e06cd350 flushing  nmethod 0x000002c4c9ede510
Event: 24.638 Thread 0x000002c4e06cd350 flushing  nmethod 0x000002c4c9f57610
Event: 24.638 Thread 0x000002c4e06cd350 flushing  nmethod 0x000002c4c9f5a390
Event: 24.643 Thread 0x000002c4e06cd350 flushing  nmethod 0x000002c4ca51d490
Event: 24.646 Thread 0x000002c4e06cd350 flushing  nmethod 0x000002c4ca8e8c10

Events (20 events):
Event: 20.255 Thread 0x000002c4e07c72b0 Thread added: 0x000002c4857dd950
Event: 20.256 Thread 0x000002c4e07c72b0 Thread added: 0x000002c4857dde60
Event: 20.258 Thread 0x000002c4e07c72b0 Thread added: 0x000002c4857dbaf0
Event: 20.408 Thread 0x000002c4e07c72b0 Thread added: 0x000002c4857e1100
Event: 20.793 Thread 0x000002c4e07c72b0 Thread added: 0x000002c4857e2f60
Event: 22.138 Thread 0x000002c486a9cd60 Thread added: 0x000002c4857e1b20
Event: 22.139 Thread 0x000002c486a9cd60 Thread added: 0x000002c4857df7b0
Event: 22.139 Thread 0x000002c486a9cd60 Thread added: 0x000002c4857e3470
Event: 22.140 Thread 0x000002c486a9cd60 Thread added: 0x000002c4857dfcc0
Event: 22.140 Thread 0x000002c486a9cd60 Thread added: 0x000002c4857e0bf0
Event: 22.140 Thread 0x000002c486a9cd60 Thread added: 0x000002c4857e06e0
Event: 22.141 Thread 0x000002c486a9cd60 Thread added: 0x000002c4857e2030
Event: 22.141 Thread 0x000002c486a9cd60 Thread added: 0x000002c4857e2540
Event: 22.611 Thread 0x000002c48195b580 Thread exited: 0x000002c48195b580
Event: 22.690 Thread 0x000002c4e06c9280 Thread added: 0x000002c48195aae0
Event: 23.608 Thread 0x000002c4e07c72b0 Thread added: 0x000002c4857e2a50
Event: 23.758 Thread 0x000002c4e07c72b0 Thread added: 0x000002c4e07c8c00
Event: 23.772 Thread 0x000002c4e07c72b0 Thread added: 0x000002c484224fe0
Event: 26.144 Thread 0x000002c4e07c72b0 Thread added: 0x000002c4868f8e00
Event: 27.432 Thread 0x000002c4e07c72b0 Thread added: 0x000002c4868f79c0


Dynamic libraries:
0x00007ff6b3470000 - 0x00007ff6b347e000 	C:\Program Files\Eclipse Adoptium\jdk-17.0.18.8-hotspot\bin\java.exe
0x00007ffc71a60000 - 0x00007ffc71cc7000 	C:\Windows\SYSTEM32\ntdll.dll
0x00007ffc70190000 - 0x00007ffc70259000 	C:\Windows\System32\KERNEL32.DLL
0x00007ffc6f3f0000 - 0x00007ffc6f7e4000 	C:\Windows\System32\KERNELBASE.dll
0x00007ffc6f2a0000 - 0x00007ffc6f3eb000 	C:\Windows\System32\ucrtbase.dll
0x00007ffc2d900000 - 0x00007ffc2d918000 	C:\Program Files\Eclipse Adoptium\jdk-17.0.18.8-hotspot\bin\jli.dll
0x00007ffc2d010000 - 0x00007ffc2d02e000 	C:\Program Files\Eclipse Adoptium\jdk-17.0.18.8-hotspot\bin\VCRUNTIME140.dll
0x00007ffc71010000 - 0x00007ffc711d5000 	C:\Windows\System32\USER32.dll
0x00007ffc6ed20000 - 0x00007ffc6ed47000 	C:\Windows\System32\win32u.dll
0x00007ffc51ff0000 - 0x00007ffc52283000 	C:\Windows\WinSxS\amd64_microsoft.windows.common-controls_6595b64144ccf1df_6.0.26100.8115_none_3e075c82e3354f9c\COMCTL32.dll
0x00007ffc70600000 - 0x00007ffc7062b000 	C:\Windows\System32\GDI32.dll
0x00007ffc6ee10000 - 0x00007ffc6ef3b000 	C:\Windows\System32\gdi32full.dll
0x00007ffc70270000 - 0x00007ffc70319000 	C:\Windows\System32\msvcrt.dll
0x00007ffc6f160000 - 0x00007ffc6f203000 	C:\Windows\System32\msvcp_win.dll
0x00007ffc70f40000 - 0x00007ffc70f72000 	C:\Windows\System32\IMM32.DLL
0x00007ffc69220000 - 0x00007ffc6922c000 	C:\Program Files\Eclipse Adoptium\jdk-17.0.18.8-hotspot\bin\vcruntime140_1.dll
0x00007ffc26670000 - 0x00007ffc266fd000 	C:\Program Files\Eclipse Adoptium\jdk-17.0.18.8-hotspot\bin\msvcp140.dll
0x00007ffbce7e0000 - 0x00007ffbcf44b000 	C:\Program Files\Eclipse Adoptium\jdk-17.0.18.8-hotspot\bin\server\jvm.dll
0x00007ffc70320000 - 0x00007ffc703d6000 	C:\Windows\System32\ADVAPI32.dll
0x00007ffc711e0000 - 0x00007ffc71287000 	C:\Windows\System32\sechost.dll
0x00007ffc704e0000 - 0x00007ffc705f8000 	C:\Windows\System32\RPCRT4.dll
0x00007ffc708c0000 - 0x00007ffc70940000 	C:\Windows\System32\WS2_32.dll
0x00007ffc6e190000 - 0x00007ffc6e1ee000 	C:\Windows\SYSTEM32\POWRPROF.dll
0x00007ffc5aed0000 - 0x00007ffc5aedb000 	C:\Windows\SYSTEM32\VERSION.dll
0x00007ffc6b2f0000 - 0x00007ffc6b326000 	C:\Windows\SYSTEM32\WINMM.dll
0x00007ffc6e170000 - 0x00007ffc6e184000 	C:\Windows\SYSTEM32\UMPDC.dll
0x00007ffc6d090000 - 0x00007ffc6d0ab000 	C:\Windows\SYSTEM32\kernel.appcore.dll
0x00007ffc61e70000 - 0x00007ffc61e7a000 	C:\Program Files\Eclipse Adoptium\jdk-17.0.18.8-hotspot\bin\jimage.dll
0x00007ffc6c300000 - 0x00007ffc6c542000 	C:\Windows\SYSTEM32\DBGHELP.DLL
0x00007ffc70a00000 - 0x00007ffc70d82000 	C:\Windows\System32\combase.dll
0x00007ffc70680000 - 0x00007ffc70758000 	C:\Windows\System32\OLEAUT32.dll
0x00007ffc4c2d0000 - 0x00007ffc4c30b000 	C:\Windows\SYSTEM32\dbgcore.DLL
0x00007ffc6f0b0000 - 0x00007ffc6f155000 	C:\Windows\System32\bcryptPrimitives.dll
0x00007ffc58f30000 - 0x00007ffc58f3e000 	C:\Program Files\Eclipse Adoptium\jdk-17.0.18.8-hotspot\bin\instrument.dll
0x00007ffc2a150000 - 0x00007ffc2a175000 	C:\Program Files\Eclipse Adoptium\jdk-17.0.18.8-hotspot\bin\java.dll
0x00007ffc037c0000 - 0x00007ffc03897000 	C:\Program Files\Eclipse Adoptium\jdk-17.0.18.8-hotspot\bin\jsvml.dll
0x00007ffc712b0000 - 0x00007ffc71a17000 	C:\Windows\System32\SHELL32.dll
0x00007ffc6ef40000 - 0x00007ffc6f0aa000 	C:\Windows\System32\wintypes.dll
0x00007ffc6e330000 - 0x00007ffc6eb98000 	C:\Windows\System32\windows.storage.dll
0x00007ffc703e0000 - 0x00007ffc704d8000 	C:\Windows\System32\SHCORE.dll
0x00007ffc70120000 - 0x00007ffc70186000 	C:\Windows\System32\shlwapi.dll
0x00007ffc6e250000 - 0x00007ffc6e279000 	C:\Windows\SYSTEM32\profapi.dll
0x00007ffc29ea0000 - 0x00007ffc29eb8000 	C:\Program Files\Eclipse Adoptium\jdk-17.0.18.8-hotspot\bin\zip.dll
0x00007ffc290e0000 - 0x00007ffc290fa000 	C:\Program Files\Eclipse Adoptium\jdk-17.0.18.8-hotspot\bin\net.dll
0x00007ffc64710000 - 0x00007ffc6483d000 	C:\Windows\SYSTEM32\WINHTTP.dll
0x00007ffc6d630000 - 0x00007ffc6d69c000 	C:\Windows\system32\mswsock.dll
0x00007ffc290c0000 - 0x00007ffc290d6000 	C:\Program Files\Eclipse Adoptium\jdk-17.0.18.8-hotspot\bin\nio.dll
0x00007ffc4c0a0000 - 0x00007ffc4c0b0000 	C:\Program Files\Eclipse Adoptium\jdk-17.0.18.8-hotspot\bin\verify.dll
0x00007ffc2a120000 - 0x00007ffc2a147000 	C:\Users\Nandhitha_R\.gradle\native\1def1411415f61bf3af743bc5b6707747c0891f09f0c88961ee8f79bc544acac\windows-amd64\native-platform.dll
0x00007ffbf1370000 - 0x00007ffbf13e7000 	C:\Users\Nandhitha_R\.gradle\native\0.2.8\x86_64-windows-gnu\gradle-fileevents.dll
0x00007ffc32fb0000 - 0x00007ffc32fba000 	C:\Program Files\Eclipse Adoptium\jdk-17.0.18.8-hotspot\bin\management.dll
0x00007ffc31780000 - 0x00007ffc3178c000 	C:\Program Files\Eclipse Adoptium\jdk-17.0.18.8-hotspot\bin\management_ext.dll
0x00007ffc70260000 - 0x00007ffc70268000 	C:\Windows\System32\PSAPI.DLL
0x00007ffc6ca10000 - 0x00007ffc6ca42000 	C:\Windows\SYSTEM32\IPHLPAPI.DLL
0x00007ffc70d90000 - 0x00007ffc70d9a000 	C:\Windows\System32\NSI.dll
0x00007ffc68960000 - 0x00007ffc6897d000 	C:\Windows\SYSTEM32\dhcpcsvc6.DLL
0x00007ffc68890000 - 0x00007ffc688b5000 	C:\Windows\SYSTEM32\dhcpcsvc.DLL
0x00007ffc6ca50000 - 0x00007ffc6cb82000 	C:\Windows\SYSTEM32\DNSAPI.dll
0x00007ffc2dd30000 - 0x00007ffc2dd39000 	C:\Program Files\Eclipse Adoptium\jdk-17.0.18.8-hotspot\bin\extnet.dll
0x00007ffc6d920000 - 0x00007ffc6d93b000 	C:\Windows\SYSTEM32\CRYPTSP.dll
0x00007ffc6cff0000 - 0x00007ffc6d029000 	C:\Windows\system32\rsaenh.dll
0x00007ffc6d6e0000 - 0x00007ffc6d713000 	C:\Windows\SYSTEM32\USERENV.dll
0x00007ffc6e220000 - 0x00007ffc6e24a000 	C:\Windows\SYSTEM32\bcrypt.dll
0x00007ffc6d910000 - 0x00007ffc6d91c000 	C:\Windows\SYSTEM32\CRYPTBASE.dll
0x00007ffc2d1a0000 - 0x00007ffc2d1ae000 	C:\Program Files\Eclipse Adoptium\jdk-17.0.18.8-hotspot\bin\sunmscapi.dll
0x00007ffc6eba0000 - 0x00007ffc6ed17000 	C:\Windows\System32\CRYPT32.dll
0x00007ffc6db30000 - 0x00007ffc6db60000 	C:\Windows\SYSTEM32\ncrypt.dll
0x00007ffc6dae0000 - 0x00007ffc6db1f000 	C:\Windows\SYSTEM32\NTASN1.dll
0x00007ffc3d570000 - 0x00007ffc3d578000 	C:\Windows\system32\wshunix.dll

dbghelp: loaded successfully - version: 4.0.5 - missing functions: none
symbol engine: initialized successfully - sym options: 0x614 - pdb path: .;C:\Program Files\Eclipse Adoptium\jdk-17.0.18.8-hotspot\bin;C:\Windows\SYSTEM32;C:\Windows\WinSxS\amd64_microsoft.windows.common-controls_6595b64144ccf1df_6.0.26100.8115_none_3e075c82e3354f9c;C:\Program Files\Eclipse Adoptium\jdk-17.0.18.8-hotspot\bin\server;C:\Users\Nandhitha_R\.gradle\native\1def1411415f61bf3af743bc5b6707747c0891f09f0c88961ee8f79bc544acac\windows-amd64;C:\Users\Nandhitha_R\.gradle\native\0.2.8\x86_64-windows-gnu

VM Arguments:
jvm_args: --add-opens=java.base/java.lang=ALL-UNNAMED --add-opens=java.base/java.lang.invoke=ALL-UNNAMED --add-opens=java.base/java.util=ALL-UNNAMED --add-opens=java.prefs/java.util.prefs=ALL-UNNAMED --add-exports=jdk.compiler/com.sun.tools.javac.api=ALL-UNNAMED --add-exports=jdk.compiler/com.sun.tools.javac.util=ALL-UNNAMED --add-opens=java.base/java.util=ALL-UNNAMED --add-opens=java.prefs/java.util.prefs=ALL-UNNAMED --add-opens=java.base/java.nio.charset=ALL-UNNAMED --add-opens=java.base/java.net=ALL-UNNAMED --add-opens=java.base/java.util.concurrent=ALL-UNNAMED --add-opens=java.base/java.util.concurrent.atomic=ALL-UNNAMED --add-opens=java.xml/javax.xml.namespace=ALL-UNNAMED -XX:MaxMetaspaceSize=512m -Xmx2048m -Dfile.encoding=windows-1252 -Duser.country=IN -Duser.language=en -Duser.variant -javaagent:C:\Users\Nandhitha_R\.gradle\wrapper\dists\gradle-9.0.0-bin\d6wjpkvcgsg3oed0qlfss3wgl\gradle-9.0.0\lib\agents\gradle-instrumentation-agent-9.0.0.jar 
java_command: org.gradle.launcher.daemon.bootstrap.GradleDaemon 9.0.0
java_class_path (initial): C:\Users\Nandhitha_R\.gradle\wrapper\dists\gradle-9.0.0-bin\d6wjpkvcgsg3oed0qlfss3wgl\gradle-9.0.0\lib\gradle-daemon-main-9.0.0.jar
Launcher Type: SUN_STANDARD

[Global flags]
     intx CICompilerCount                          = 4                                         {product} {ergonomic}
   size_t CompressedClassSpaceSize                 = 436207616                                 {product} {ergonomic}
     uint ConcGCThreads                            = 3                                         {product} {ergonomic}
     uint G1ConcRefinementThreads                  = 10                                        {product} {ergonomic}
   size_t G1HeapRegionSize                         = 1048576                                   {product} {ergonomic}
    uintx GCDrainStackTargetSize                   = 64                                        {product} {ergonomic}
   size_t InitialHeapSize                          = 264241152                                 {product} {ergonomic}
   size_t MarkStackSize                            = 4194304                                   {product} {ergonomic}
   size_t MaxHeapSize                              = 2147483648                                {product} {command line}
   size_t MaxMetaspaceSize                         = 536870912                                 {product} {command line}
   size_t MaxNewSize                               = 1287651328                                {product} {ergonomic}
   size_t MinHeapDeltaBytes                        = 1048576                                   {product} {ergonomic}
   size_t MinHeapSize                              = 8388608                                   {product} {ergonomic}
    uintx NonNMethodCodeHeapSize                   = 5839372                                {pd product} {ergonomic}
    uintx NonProfiledCodeHeapSize                  = 122909434                              {pd product} {ergonomic}
    uintx ProfiledCodeHeapSize                     = 122909434                              {pd product} {ergonomic}
    uintx ReservedCodeCacheSize                    = 251658240                              {pd product} {ergonomic}
     bool SegmentedCodeCache                       = true                                      {product} {ergonomic}
   size_t SoftMaxHeapSize                          = 2147483648                             {manageable} {ergonomic}
     bool UseCompressedClassPointers               = true                           {product lp64_product} {ergonomic}
     bool UseCompressedOops                        = true                           {product lp64_product} {ergonomic}
     bool UseG1GC                                  = true                                      {product} {ergonomic}
     bool UseLargePagesIndividualAllocation        = false                                  {pd product} {ergonomic}

Logging:
Log output configuration:
 #0: stdout all=warning uptime,level,tags
 #1: stderr all=off uptime,level,tags

Environment Variables:
JAVA_HOME=C:\Program Files\Eclipse Adoptium\jdk-17.0.18.8-hotspot
PATH=D:\apps\caltims mobile app\frontend\node_modules\.bin;D:\apps\caltims mobile app\frontend\node_modules\.bin;D:\apps\caltims mobile app\node_modules\.bin;D:\apps\node_modules\.bin;D:\node_modules\.bin;C:\Users\Nandhitha_R\AppData\Roaming\npm\node_modules\npm\node_modules\@npmcli\run-script\lib\node-gyp-bin;C:\Program Files\Eclipse Adoptium\jdk-17.0.18.8-hotspot\bin;C:\Program Files\Python312\Scripts\;C:\Program Files\Python312\;C:\Windows\System32;C:\Program Files\Git\cmd;C:\Program Files\Eclipse Adoptium\jdk-17.0.18.8-hotspot\bin;C:\Program Files\nodejs\;C:\Users\Nandhitha_R\AppData\Local\Android\Sdk\platform-tools;C:\Users\Nandhitha_R\AppData\Local\Android\Sdk\emulator;C:\Program Files\Eclipse Adoptium\jdk-17.0.18.8-hotspot\bin;C:\Users\Nandhitha_R\AppData\Local\Programs\Python\Python312;C:\Program Files\MongoDB\Server\7.0\bin;C:\Users\Nandhitha_R\AppData\Local\Programs\Python\Launcher\;C:\Users\Nandhitha_R\AppData\Roaming\npm;C:\Users\Nandhitha_R\AppData\Local\Programs\Microsoft VS Code\bin;D:\Program Files\Antigravity\bin;c:\Users\Nandhitha_R\.trae\extensions\vscjava.vscode-java-debug-0.59.0-universal\bundled\scripts\noConfigScripts
USERNAME=Nandhitha_R
LANG=en_US.UTF-8
OS=Windows_NT
PROCESSOR_IDENTIFIER=Intel64 Family 6 Model 154 Stepping 4, GenuineIntel
TMP=C:\Users\NANDHI~1\AppData\Local\Temp
TEMP=C:\Users\NANDHI~1\AppData\Local\Temp



Periodic native trim disabled


---------------  S Y S T E M  ---------------

OS:
 Windows 11 , 64 bit Build 26100 (10.0.26100.8246)
OS uptime: 2 days 5:43 hours
Hyper-V role detected

CPU: total 12 (initial active 12) (6 cores per cpu, 2 threads per core) family 6 model 154 stepping 4 microcode 0x43b, cx8, cmov, fxsr, ht, mmx, 3dnowpref, sse, sse2, sse3, ssse3, sse4.1, sse4.2, popcnt, lzcnt, tsc, tscinvbit, avx, avx2, aes, erms, clmul, bmi1, bmi2, adx, sha, fma, vzeroupper, clflush, clflushopt, clwb, hv
Processor Information for all 12 processors :
  Max Mhz: 1300, Current Mhz: 1300, Mhz Limit: 1300

Memory: 4k page, system-wide physical 16068M (1507M free)
TotalPageFile size 23699M (AvailPageFile size 1M)
current process WorkingSet (physical memory assigned to process): 556M, peak: 562M
current process commit charge ("private bytes"): 612M, peak: 619M

vm_info: OpenJDK 64-Bit Server VM (17.0.18+8) for windows-amd64 JRE (17.0.18+8), built on Jan 20 2026 22:28:22 by "admin" with MS VC++ 17.12 (VS2022)

END.
