#
# There is insufficient memory for the Java Runtime Environment to continue.
# Native memory allocation (malloc) failed to allocate 863856 bytes. Error detail: Chunk::new
# Possible reasons:
#   The system is out of physical RAM or swap space
#   This process is running with CompressedOops enabled, and the Java Heap may be blocking the growth of the native heap
# Possible solutions:
#   Reduce memory load on the system
#   Increase physical memory or swap space
#   Check if swap backing store is full
#   Decrease Java heap size (-Xmx/-Xms)
#   Decrease number of Java threads
#   Decrease Java thread stack sizes (-Xss)
#   Set larger code cache with -XX:ReservedCodeCacheSize=
#   JVM is running with Unscaled Compressed Oops mode in which the Java heap is
#     placed in the first 4GB address space. The Java Heap base address is the
#     maximum limit for the native heap growth. Please use -XX:HeapBaseMinAddress
#     to set the Java Heap base and to place the Java Heap above 4GB virtual address.
# This output file may be truncated or incomplete.
#
#  Out of Memory Error (arena.cpp:191), pid=3720, tid=9796
#
# JRE version: OpenJDK Runtime Environment Temurin-17.0.18+8 (17.0.18+8) (build 17.0.18+8)
# Java VM: OpenJDK 64-Bit Server VM Temurin-17.0.18+8 (17.0.18+8, mixed mode, sharing, tiered, compressed oops, compressed class ptrs, g1 gc, windows-amd64)
# No core dump will be written. Minidumps are not enabled by default on client versions of Windows
#

---------------  S U M M A R Y ------------

Command Line: --add-opens=java.base/java.lang=ALL-UNNAMED --add-opens=java.base/java.lang.invoke=ALL-UNNAMED --add-opens=java.base/java.util=ALL-UNNAMED --add-opens=java.prefs/java.util.prefs=ALL-UNNAMED --add-exports=jdk.compiler/com.sun.tools.javac.api=ALL-UNNAMED --add-exports=jdk.compiler/com.sun.tools.javac.util=ALL-UNNAMED --add-opens=java.base/java.util=ALL-UNNAMED --add-opens=java.prefs/java.util.prefs=ALL-UNNAMED --add-opens=java.base/java.nio.charset=ALL-UNNAMED --add-opens=java.base/java.net=ALL-UNNAMED --add-opens=java.base/java.util.concurrent=ALL-UNNAMED --add-opens=java.base/java.util.concurrent.atomic=ALL-UNNAMED --add-opens=java.xml/javax.xml.namespace=ALL-UNNAMED -XX:MaxMetaspaceSize=512m -Xmx2048m -Dfile.encoding=windows-1252 -Duser.country=IN -Duser.language=en -Duser.variant -javaagent:C:\Users\Nandhitha_R\.gradle\wrapper\dists\gradle-9.0.0-bin\d6wjpkvcgsg3oed0qlfss3wgl\gradle-9.0.0\lib\agents\gradle-instrumentation-agent-9.0.0.jar org.gradle.launcher.daemon.bootstrap.GradleDaemon 9.0.0

Host: 12th Gen Intel(R) Core(TM) i5-1235U, 12 cores, 15G,  Windows 11 , 64 bit Build 26100 (10.0.26100.8246)
Time: Sun May  3 22:45:01 2026 India Standard Time elapsed time: 50.835585 seconds (0d 0h 0m 50s)

---------------  T H R E A D  ---------------

Current thread (0x0000021626edf020):  JavaThread "C2 CompilerThread0" daemon [_thread_in_native, id=9796, stack(0x0000003f4d400000,0x0000003f4d500000)]


Current CompileTask:
C2:50835 19423       4       org.gradle.internal.vfs.impl.DefaultFileSystemAccess::snapshot (60 bytes)

Stack: [0x0000003f4d400000,0x0000003f4d500000]
Native frames: (J=compiled Java code, j=interpreted, Vv=VM code, C=native code)
V  [jvm.dll+0x6846f9]
V  [jvm.dll+0x839ea5]
V  [jvm.dll+0x83b91e]
V  [jvm.dll+0x83bfa3]
V  [jvm.dll+0x248eff]
V  [jvm.dll+0xad496]
V  [jvm.dll+0xadb3c]
V  [jvm.dll+0x2b05df]
V  [jvm.dll+0x58acf5]
V  [jvm.dll+0x222e84]
V  [jvm.dll+0x22327d]
V  [jvm.dll+0x21bfdb]
V  [jvm.dll+0x2190fe]
V  [jvm.dll+0x1a4920]
V  [jvm.dll+0x22989a]
V  [jvm.dll+0x227a4b]
V  [jvm.dll+0x7f0658]
V  [jvm.dll+0x7eaaec]
V  [jvm.dll+0x6835c7]
C  [ucrtbase.dll+0x37b0]
C  [KERNEL32.DLL+0x2e8d7]
C  [ntdll.dll+0x8c3fc]


---------------  P R O C E S S  ---------------

Threads class SMR info:
_java_thread_list=0x000002165346c8f0, length=200, elements={
0x0000021608d35500, 0x0000021626ec04b0, 0x0000021626ec0f80, 0x0000021626eda200,
0x0000021626edaad0, 0x0000021626edd3b0, 0x0000021626eddc80, 0x0000021626edf020,
0x0000021626ee1940, 0x0000021626ee2250, 0x0000021626eaa410, 0x00000216278a8f50,
0x0000021647a7ef60, 0x0000021648480470, 0x00000216279e4a30, 0x0000021648fdece0,
0x000002164919b740, 0x000002164877f700, 0x0000021648780120, 0x000002164877fc10,
0x0000021648781560, 0x0000021648781a70, 0x0000021648780630, 0x0000021648780b40,
0x000002164877ece0, 0x00000216492f5b10, 0x00000216492f46d0, 0x00000216492f5600,
0x00000216492f2360, 0x00000216492f50f0, 0x00000216492f4be0, 0x00000216492f2870,
0x00000216492f3cb0, 0x000002164a353d50, 0x000002164a352910, 0x000002164a352e20,
0x000002164a353840, 0x000002164a354c80, 0x000002164a354260, 0x000002164a354770,
0x000002164a352400, 0x0000021649c2e5b0, 0x0000021649c2db90, 0x0000021649c2c240,
0x0000021649c2efd0, 0x0000021649c2c750, 0x0000021649c2e0a0, 0x0000021649c2d170,
0x0000021649c2d680, 0x0000021649c2eac0, 0x0000021649c2f4e0, 0x0000021649c2cc60,
0x0000021649c2bd30, 0x0000021649c32270, 0x0000021649c32c90, 0x0000021649c31340,
0x0000021649c31d60, 0x0000021649c331a0, 0x0000021649c30e30, 0x0000021649c2f9f0,
0x0000021649c2ff00, 0x0000021649c32780, 0x0000021649c31850, 0x0000021649c30410,
0x0000021649c336b0, 0x0000021649c30920, 0x000002164ae93fa0, 0x000002164ae91210,
0x000002164ae944b0, 0x000002164ae94ed0, 0x000002164ae92b60, 0x000002164ae93070,
0x000002164ae949c0, 0x000002164ae93a90, 0x000002164ae91c30, 0x000002164ae958f0,
0x000002164ae93580, 0x000002164ae97240, 0x000002164ae97750, 0x000002164ae97c60,
0x000002164ae98170, 0x000002164ae98680, 0x000002164ae98b90, 0x000002164ad0b420,
0x000002164ad0cd70, 0x000002164ad0d280, 0x000002164ad0a4f0, 0x000002164ad0af10,
0x000002164ad0aa00, 0x000002164ad0b930, 0x000002164ad0c860, 0x000002164ad0c350,
0x000002164ad0d790, 0x000002164ad09fe0, 0x000002164ad0dca0, 0x000002164ad0ebd0,
0x000002164ad10a30, 0x000002164ad10520, 0x000002164ad0f0e0, 0x000002164ad10f40,
0x000002164ad0e1b0, 0x000002164ad11450, 0x000002164ad0e6c0, 0x000002164ad0f5f0,
0x000002164ad11960, 0x000002164ad0fb00, 0x000002164ad10010, 0x0000021647723ee0,
0x0000021647725320, 0x0000021647726c70, 0x0000021647725d40, 0x0000021647725830,
0x0000021647726250, 0x0000021647724900, 0x0000021647726760, 0x0000021647727180,
0x0000021647727ba0, 0x0000021647727690, 0x00000216477243f0, 0x00000216477280b0,
0x00000216477285c0, 0x0000021647724e10, 0x00000216477294f0, 0x0000021647728fe0,
0x0000021647728ad0, 0x000002164772ae40, 0x000002164772b860, 0x0000021647729a00,
0x0000021647729f10, 0x000002164772b350, 0x000002164772a420, 0x000002164772a930,
0x000002164b36c8b0, 0x000002164b36e200, 0x000002164b36dcf0, 0x000002164b36f130,
0x000002164b36d2d0, 0x000002164b36be90, 0x000002164b36f640, 0x000002164b36d7e0,
0x000002164b36e710, 0x000002164b36fb50, 0x000002164b36c3a0, 0x000002164b370570,
0x000002164b370060, 0x000002164b36cdc0, 0x000002164b3719b0, 0x000002164b372df0,
0x000002164b371ec0, 0x000002164b3723d0, 0x000002164b370a80, 0x000002164b370f90,
0x000002164b373300, 0x000002164b3728e0, 0x000002164b3714a0, 0x000002164b7980f0,
0x000002164b79b390, 0x000002164b79a460, 0x000002164b798600, 0x000002164b797be0,
0x000002164b798b10, 0x000002164b79b8a0, 0x000002164b799a40, 0x000002164b79c7d0,
0x000002164b799f50, 0x000002164b79c2c0, 0x000002164b79bdb0, 0x000002164b79a970,
0x000002164b799020, 0x000002164b799530, 0x000002164b79ae80, 0x000002164b79dc10,
0x000002164b79eb40, 0x000002164b79d1f0, 0x000002164b79d700, 0x000002164b79e120,
0x000002164b79f050, 0x000002164b373810, 0x000002164c485ec0, 0x000002164c484a80,
0x000002164c4863d0, 0x000002164c488740, 0x000002164c488c50, 0x000002164c4868e0,
0x000002164c487d20, 0x000002164c486df0, 0x000002164c487300, 0x000002164c487810,
0x000002164c4854a0, 0x000002164c48afc0, 0x000002164c48bef0, 0x0000021654410240,
0x0000021654410750, 0x0000021654411170, 0x0000021654411680, 0x00000216544125b0,
0x0000021654412ac0, 0x0000021654416780, 0x000002164da34e50, 0x000002164da323d0
}

Java Threads: ( => current thread )
  0x0000021608d35500 JavaThread "main" [_thread_blocked, id=24708, stack(0x0000003f4c700000,0x0000003f4c800000)]
  0x0000021626ec04b0 JavaThread "Reference Handler" daemon [_thread_blocked, id=23828, stack(0x0000003f4ce00000,0x0000003f4cf00000)]
  0x0000021626ec0f80 JavaThread "Finalizer" daemon [_thread_blocked, id=24676, stack(0x0000003f4cf00000,0x0000003f4d000000)]
  0x0000021626eda200 JavaThread "Signal Dispatcher" daemon [_thread_blocked, id=2624, stack(0x0000003f4d000000,0x0000003f4d100000)]
  0x0000021626edaad0 JavaThread "Attach Listener" daemon [_thread_blocked, id=25680, stack(0x0000003f4d100000,0x0000003f4d200000)]
  0x0000021626edd3b0 JavaThread "Service Thread" daemon [_thread_blocked, id=8156, stack(0x0000003f4d200000,0x0000003f4d300000)]
  0x0000021626eddc80 JavaThread "Monitor Deflation Thread" daemon [_thread_blocked, id=14768, stack(0x0000003f4d300000,0x0000003f4d400000)]
=>0x0000021626edf020 JavaThread "C2 CompilerThread0" daemon [_thread_in_native, id=9796, stack(0x0000003f4d400000,0x0000003f4d500000)]
  0x0000021626ee1940 JavaThread "C1 CompilerThread0" daemon [_thread_blocked, id=14100, stack(0x0000003f4d500000,0x0000003f4d600000)]
  0x0000021626ee2250 JavaThread "Sweeper thread" daemon [_thread_blocked, id=24016, stack(0x0000003f4d600000,0x0000003f4d700000)]
  0x0000021626eaa410 JavaThread "Common-Cleaner" daemon [_thread_blocked, id=11816, stack(0x0000003f4d700000,0x0000003f4d800000)]
  0x00000216278a8f50 JavaThread "Notification Thread" daemon [_thread_blocked, id=14660, stack(0x0000003f4d900000,0x0000003f4da00000)]
  0x0000021647a7ef60 JavaThread "Daemon health stats" [_thread_blocked, id=7624, stack(0x0000003f4db00000,0x0000003f4dc00000)]
  0x0000021648480470 JavaThread "Incoming local TCP Connector on port 49932" [_thread_in_native, id=6384, stack(0x0000003f4e100000,0x0000003f4e200000)]
  0x00000216279e4a30 JavaThread "Daemon periodic checks" [_thread_blocked, id=13732, stack(0x0000003f4e200000,0x0000003f4e300000)]
  0x0000021648fdece0 JavaThread "Daemon" [_thread_blocked, id=25932, stack(0x0000003f4e300000,0x0000003f4e400000)]
  0x000002164919b740 JavaThread "Handler for socket connection from /127.0.0.1:49932 to /127.0.0.1:49933" [_thread_in_native, id=22884, stack(0x0000003f4e400000,0x0000003f4e500000)]
  0x000002164877f700 JavaThread "Cancel handler" [_thread_blocked, id=12532, stack(0x0000003f4e500000,0x0000003f4e600000)]
  0x0000021648780120 JavaThread "Daemon worker" [_thread_blocked, id=15328, stack(0x0000003f4e600000,0x0000003f4e700000)]
  0x000002164877fc10 JavaThread "Asynchronous log dispatcher for DefaultDaemonConnection: socket connection from /127.0.0.1:49932 to /127.0.0.1:49933" [_thread_blocked, id=14548, stack(0x0000003f4e700000,0x0000003f4e800000)]
  0x0000021648781560 JavaThread "Stdin handler" [_thread_blocked, id=16928, stack(0x0000003f4e800000,0x0000003f4e900000)]
  0x0000021648781a70 JavaThread "Daemon client event forwarder" [_thread_blocked, id=1192, stack(0x0000003f4e900000,0x0000003f4ea00000)]
  0x0000021648780630 JavaThread "Cache worker for journal cache (C:\Users\Nandhitha_R\.gradle\caches\journal-1)" [_thread_blocked, id=26668, stack(0x0000003f4ea00000,0x0000003f4eb00000)]
  0x0000021648780b40 JavaThread "File lock request listener" [_thread_in_native, id=16988, stack(0x0000003f4eb00000,0x0000003f4ec00000)]
  0x000002164877ece0 JavaThread "Cache worker for file hash cache (C:\Users\Nandhitha_R\.gradle\caches\9.0.0\fileHashes)" [_thread_in_Java, id=7644, stack(0x0000003f4ec00000,0x0000003f4ed00000)]
  0x00000216492f5b10 JavaThread "Cache worker for file hash cache (D:\apps\caltims mobile app\frontend\android\.gradle\9.0.0\fileHashes)" [_thread_blocked, id=27540, stack(0x0000003f4f400000,0x0000003f4f500000)]
  0x00000216492f46d0 JavaThread "Cache worker for Build Output Cleanup Cache (D:\apps\caltims mobile app\frontend\android\.gradle\buildOutputCleanup)" [_thread_blocked, id=7924, stack(0x0000003f4f500000,0x0000003f4f600000)]
  0x00000216492f5600 JavaThread "File watcher server" daemon [_thread_in_native, id=13992, stack(0x0000003f4f600000,0x0000003f4f700000)]
  0x00000216492f2360 JavaThread "File watcher consumer" daemon [_thread_blocked, id=26612, stack(0x0000003f4f700000,0x0000003f4f800000)]
  0x00000216492f50f0 JavaThread "Cache worker for checksums cache (D:\apps\caltims mobile app\frontend\android\.gradle\9.0.0\checksums)" [_thread_blocked, id=4376, stack(0x0000003f4ed00000,0x0000003f4ee00000)]
  0x00000216492f4be0 JavaThread "Cache worker for file content cache (C:\Users\Nandhitha_R\.gradle\caches\9.0.0\fileContent)" [_thread_blocked, id=25808, stack(0x0000003f4f800000,0x0000003f4f900000)]
  0x00000216492f2870 JavaThread "Cache worker for cache directory md-supplier (C:\Users\Nandhitha_R\.gradle\caches\9.0.0\md-supplier)" [_thread_blocked, id=16072, stack(0x0000003f4fa00000,0x0000003f4fb00000)]
  0x00000216492f3cb0 JavaThread "Cache worker for cache directory md-rule (C:\Users\Nandhitha_R\.gradle\caches\9.0.0\md-rule)" [_thread_blocked, id=24092, stack(0x0000003f4fb00000,0x0000003f4fc00000)]
  0x000002164a353d50 JavaThread "jar transforms" [_thread_blocked, id=26544, stack(0x0000003f4fc00000,0x0000003f4fd00000)]
  0x000002164a352910 JavaThread "Cache worker for Build Output Cleanup Cache (D:\apps\caltims mobile app\frontend\node_modules\@react-native\gradle-plugin\.gradle\buildOutputCleanup)" [_thread_blocked, id=21996, stack(0x0000003f4fd00000,0x0000003f4fe00000)]
  0x000002164a352e20 JavaThread "Unconstrained build operations" [_thread_blocked, id=10076, stack(0x0000003f4fe00000,0x0000003f4ff00000)]
  0x000002164a353840 JavaThread "Unconstrained build operations Thread 2" [_thread_blocked, id=21320, stack(0x0000003f4ff00000,0x0000003f50000000)]
  0x000002164a354c80 JavaThread "Unconstrained build operations Thread 3" [_thread_blocked, id=9688, stack(0x0000003f50000000,0x0000003f50100000)]
  0x000002164a354260 JavaThread "Unconstrained build operations Thread 4" [_thread_blocked, id=27552, stack(0x0000003f50100000,0x0000003f50200000)]
  0x000002164a354770 JavaThread "Unconstrained build operations Thread 5" [_thread_in_native, id=13272, stack(0x0000003f50200000,0x0000003f50300000)]
  0x000002164a352400 JavaThread "Unconstrained build operations Thread 6" [_thread_blocked, id=19948, stack(0x0000003f50300000,0x0000003f50400000)]
  0x0000021649c2e5b0 JavaThread "Unconstrained build operations Thread 7" [_thread_blocked, id=17056, stack(0x0000003f50400000,0x0000003f50500000)]
  0x0000021649c2db90 JavaThread "Unconstrained build operations Thread 8" [_thread_blocked, id=27324, stack(0x0000003f50500000,0x0000003f50600000)]
  0x0000021649c2c240 JavaThread "Unconstrained build operations Thread 9" [_thread_blocked, id=7844, stack(0x0000003f50600000,0x0000003f50700000)]
  0x0000021649c2efd0 JavaThread "Unconstrained build operations Thread 10" [_thread_blocked, id=25404, stack(0x0000003f50700000,0x0000003f50800000)]
  0x0000021649c2c750 JavaThread "Unconstrained build operations Thread 11" [_thread_blocked, id=11500, stack(0x0000003f50800000,0x0000003f50900000)]
  0x0000021649c2e0a0 JavaThread "Unconstrained build operations Thread 12" [_thread_blocked, id=7936, stack(0x0000003f50900000,0x0000003f50a00000)]
  0x0000021649c2d170 JavaThread "Unconstrained build operations Thread 13" [_thread_blocked, id=27444, stack(0x0000003f50a00000,0x0000003f50b00000)]
  0x0000021649c2d680 JavaThread "Unconstrained build operations Thread 14" [_thread_blocked, id=932, stack(0x0000003f50b00000,0x0000003f50c00000)]
  0x0000021649c2eac0 JavaThread "Unconstrained build operations Thread 15" [_thread_blocked, id=7988, stack(0x0000003f50c00000,0x0000003f50d00000)]
  0x0000021649c2f4e0 JavaThread "Unconstrained build operations Thread 16" [_thread_blocked, id=1456, stack(0x0000003f50d00000,0x0000003f50e00000)]
  0x0000021649c2cc60 JavaThread "Unconstrained build operations Thread 17" [_thread_blocked, id=7956, stack(0x0000003f50e00000,0x0000003f50f00000)]
  0x0000021649c2bd30 JavaThread "Unconstrained build operations Thread 18" [_thread_blocked, id=23224, stack(0x0000003f50f00000,0x0000003f51000000)]
  0x0000021649c32270 JavaThread "Unconstrained build operations Thread 19" [_thread_blocked, id=17200, stack(0x0000003f51000000,0x0000003f51100000)]
  0x0000021649c32c90 JavaThread "Unconstrained build operations Thread 20" [_thread_blocked, id=5844, stack(0x0000003f51100000,0x0000003f51200000)]
  0x0000021649c31340 JavaThread "Unconstrained build operations Thread 21" [_thread_blocked, id=15268, stack(0x0000003f51200000,0x0000003f51300000)]
  0x0000021649c31d60 JavaThread "Unconstrained build operations Thread 22" [_thread_blocked, id=7980, stack(0x0000003f51300000,0x0000003f51400000)]
  0x0000021649c331a0 JavaThread "Unconstrained build operations Thread 23" [_thread_blocked, id=7932, stack(0x0000003f51400000,0x0000003f51500000)]
  0x0000021649c30e30 JavaThread "Unconstrained build operations Thread 24" [_thread_blocked, id=21468, stack(0x0000003f51500000,0x0000003f51600000)]
  0x0000021649c2f9f0 JavaThread "Unconstrained build operations Thread 25" [_thread_blocked, id=7992, stack(0x0000003f51600000,0x0000003f51700000)]
  0x0000021649c2ff00 JavaThread "Unconstrained build operations Thread 26" [_thread_blocked, id=8948, stack(0x0000003f51700000,0x0000003f51800000)]
  0x0000021649c32780 JavaThread "Unconstrained build operations Thread 27" [_thread_blocked, id=18228, stack(0x0000003f51800000,0x0000003f51900000)]
  0x0000021649c31850 JavaThread "Unconstrained build operations Thread 28" [_thread_blocked, id=228, stack(0x0000003f51900000,0x0000003f51a00000)]
  0x0000021649c30410 JavaThread "Unconstrained build operations Thread 29" [_thread_blocked, id=15716, stack(0x0000003f51a00000,0x0000003f51b00000)]
  0x0000021649c336b0 JavaThread "Unconstrained build operations Thread 30" [_thread_blocked, id=21144, stack(0x0000003f51b00000,0x0000003f51c00000)]
  0x0000021649c30920 JavaThread "Unconstrained build operations Thread 31" [_thread_blocked, id=26600, stack(0x0000003f51c00000,0x0000003f51d00000)]
  0x000002164ae93fa0 JavaThread "Unconstrained build operations Thread 32" [_thread_blocked, id=5520, stack(0x0000003f51d00000,0x0000003f51e00000)]
  0x000002164ae91210 JavaThread "Unconstrained build operations Thread 33" [_thread_blocked, id=7036, stack(0x0000003f51e00000,0x0000003f51f00000)]
  0x000002164ae944b0 JavaThread "Unconstrained build operations Thread 34" [_thread_blocked, id=3292, stack(0x0000003f51f00000,0x0000003f52000000)]
  0x000002164ae94ed0 JavaThread "Unconstrained build operations Thread 35" [_thread_blocked, id=26136, stack(0x0000003f52000000,0x0000003f52100000)]
  0x000002164ae92b60 JavaThread "Unconstrained build operations Thread 36" [_thread_blocked, id=6968, stack(0x0000003f52100000,0x0000003f52200000)]
  0x000002164ae93070 JavaThread "Unconstrained build operations Thread 37" [_thread_blocked, id=25784, stack(0x0000003f52200000,0x0000003f52300000)]
  0x000002164ae949c0 JavaThread "Unconstrained build operations Thread 38" [_thread_blocked, id=4092, stack(0x0000003f52300000,0x0000003f52400000)]
  0x000002164ae93a90 JavaThread "Unconstrained build operations Thread 39" [_thread_blocked, id=19864, stack(0x0000003f52400000,0x0000003f52500000)]
  0x000002164ae91c30 JavaThread "build event listener" [_thread_blocked, id=26704, stack(0x0000003f4f900000,0x0000003f4fa00000)]
  0x000002164ae958f0 JavaThread "Memory manager" [_thread_blocked, id=19852, stack(0x0000003f52500000,0x0000003f52600000)]
  0x000002164ae93580 JavaThread "ForkJoinPool.commonPool-worker-1" daemon [_thread_blocked, id=10792, stack(0x0000003f52700000,0x0000003f52800000)]
  0x000002164ae97240 JavaThread "ForkJoinPool.commonPool-worker-2" daemon [_thread_blocked, id=23704, stack(0x0000003f52800000,0x0000003f52900000)]
  0x000002164ae97750 JavaThread "ForkJoinPool.commonPool-worker-3" daemon [_thread_blocked, id=20672, stack(0x0000003f52900000,0x0000003f52a00000)]
  0x000002164ae97c60 JavaThread "ForkJoinPool.commonPool-worker-4" daemon [_thread_blocked, id=6456, stack(0x0000003f52a00000,0x0000003f52b00000)]
  0x000002164ae98170 JavaThread "ForkJoinPool.commonPool-worker-5" daemon [_thread_blocked, id=3000, stack(0x0000003f52b00000,0x0000003f52c00000)]
  0x000002164ae98680 JavaThread "ForkJoinPool.commonPool-worker-6" daemon [_thread_blocked, id=23212, stack(0x0000003f52c00000,0x0000003f52d00000)]
  0x000002164ae98b90 JavaThread "ForkJoinPool.commonPool-worker-7" daemon [_thread_blocked, id=19796, stack(0x0000003f52d00000,0x0000003f52e00000)]
  0x000002164ad0b420 JavaThread "ForkJoinPool.commonPool-worker-8" daemon [_thread_blocked, id=3440, stack(0x0000003f52e00000,0x0000003f52f00000)]
  0x000002164ad0cd70 JavaThread "ForkJoinPool.commonPool-worker-9" daemon [_thread_blocked, id=12420, stack(0x0000003f52f00000,0x0000003f53000000)]
  0x000002164ad0d280 JavaThread "ForkJoinPool.commonPool-worker-10" daemon [_thread_blocked, id=16548, stack(0x0000003f53000000,0x0000003f53100000)]
  0x000002164ad0a4f0 JavaThread "ForkJoinPool.commonPool-worker-11" daemon [_thread_blocked, id=2736, stack(0x0000003f53100000,0x0000003f53200000)]
  0x000002164ad0af10 JavaThread "Exec process" daemon [_thread_blocked, id=26964, stack(0x0000003f53200000,0x0000003f53300000)]
  0x000002164ad0aa00 JavaThread "Exec process Thread 2" daemon [_thread_blocked, id=19064, stack(0x0000003f53300000,0x0000003f53400000)]
  0x000002164ad0b930 JavaThread "Exec process Thread 3" daemon [_thread_blocked, id=22340, stack(0x0000003f53400000,0x0000003f53500000)]
  0x000002164ad0c860 JavaThread "included builds" [_thread_blocked, id=21924, stack(0x0000003f52600000,0x0000003f52700000)]
  0x000002164ad0c350 JavaThread "Execution worker" [_thread_blocked, id=6976, stack(0x0000003f53500000,0x0000003f53600000)]
  0x000002164ad0d790 JavaThread "Execution worker Thread 2" [_thread_blocked, id=23324, stack(0x0000003f53600000,0x0000003f53700000)]
  0x000002164ad09fe0 JavaThread "Execution worker Thread 3" [_thread_blocked, id=5964, stack(0x0000003f53700000,0x0000003f53800000)]
  0x000002164ad0dca0 JavaThread "Execution worker Thread 4" [_thread_blocked, id=26156, stack(0x0000003f53800000,0x0000003f53900000)]
  0x000002164ad0ebd0 JavaThread "Execution worker Thread 5" [_thread_blocked, id=23008, stack(0x0000003f53900000,0x0000003f53a00000)]
  0x000002164ad10a30 JavaThread "Execution worker Thread 6" [_thread_blocked, id=20324, stack(0x0000003f53a00000,0x0000003f53b00000)]
  0x000002164ad10520 JavaThread "Execution worker Thread 7" [_thread_blocked, id=14504, stack(0x0000003f53b00000,0x0000003f53c00000)]
  0x000002164ad0f0e0 JavaThread "Execution worker Thread 8" [_thread_blocked, id=25556, stack(0x0000003f53c00000,0x0000003f53d00000)]
  0x000002164ad10f40 JavaThread "Execution worker Thread 9" [_thread_blocked, id=3760, stack(0x0000003f53d00000,0x0000003f53e00000)]
  0x000002164ad0e1b0 JavaThread "Execution worker Thread 10" [_thread_blocked, id=16460, stack(0x0000003f53e00000,0x0000003f53f00000)]
  0x000002164ad11450 JavaThread "Execution worker Thread 11" [_thread_blocked, id=19500, stack(0x0000003f53f00000,0x0000003f54000000)]
  0x000002164ad0e6c0 JavaThread "Cache worker for execution history cache (D:\apps\caltims mobile app\frontend\node_modules\@react-native\gradle-plugin\.gradle\9.0.0\executionHistory)" [_thread_blocked, id=6912, stack(0x0000003f54000000,0x0000003f54100000)]
  0x000002164ad0f5f0 JavaThread "Unconstrained build operations Thread 40" [_thread_blocked, id=14176, stack(0x0000003f54100000,0x0000003f54200000)]
  0x000002164ad11960 JavaThread "Unconstrained build operations Thread 41" [_thread_blocked, id=20256, stack(0x0000003f54200000,0x0000003f54300000)]
  0x000002164ad0fb00 JavaThread "Unconstrained build operations Thread 42" [_thread_blocked, id=2132, stack(0x0000003f54300000,0x0000003f54400000)]
  0x000002164ad10010 JavaThread "Unconstrained build operations Thread 43" [_thread_blocked, id=14916, stack(0x0000003f54400000,0x0000003f54500000)]
  0x0000021647723ee0 JavaThread "Unconstrained build operations Thread 44" [_thread_blocked, id=21436, stack(0x0000003f54500000,0x0000003f54600000)]
  0x0000021647725320 JavaThread "Unconstrained build operations Thread 45" [_thread_blocked, id=18312, stack(0x0000003f54600000,0x0000003f54700000)]
  0x0000021647726c70 JavaThread "Unconstrained build operations Thread 46" [_thread_blocked, id=132, stack(0x0000003f54700000,0x0000003f54800000)]
  0x0000021647725d40 JavaThread "Unconstrained build operations Thread 47" [_thread_blocked, id=14272, stack(0x0000003f54800000,0x0000003f54900000)]
  0x0000021647725830 JavaThread "Unconstrained build operations Thread 48" [_thread_blocked, id=27412, stack(0x0000003f54900000,0x0000003f54a00000)]
  0x0000021647726250 JavaThread "Unconstrained build operations Thread 49" [_thread_blocked, id=18528, stack(0x0000003f54a00000,0x0000003f54b00000)]
  0x0000021647724900 JavaThread "Unconstrained build operations Thread 50" [_thread_blocked, id=24072, stack(0x0000003f54b00000,0x0000003f54c00000)]
  0x0000021647726760 JavaThread "Unconstrained build operations Thread 51" [_thread_blocked, id=26236, stack(0x0000003f54c00000,0x0000003f54d00000)]
  0x0000021647727180 JavaThread "Unconstrained build operations Thread 52" [_thread_blocked, id=17304, stack(0x0000003f54d00000,0x0000003f54e00000)]
  0x0000021647727ba0 JavaThread "Unconstrained build operations Thread 53" [_thread_blocked, id=20316, stack(0x0000003f54e00000,0x0000003f54f00000)]
  0x0000021647727690 JavaThread "Unconstrained build operations Thread 54" [_thread_blocked, id=11288, stack(0x0000003f54f00000,0x0000003f55000000)]
  0x00000216477243f0 JavaThread "Unconstrained build operations Thread 55" [_thread_blocked, id=13612, stack(0x0000003f55000000,0x0000003f55100000)]
  0x00000216477280b0 JavaThread "Unconstrained build operations Thread 56" [_thread_blocked, id=11216, stack(0x0000003f55100000,0x0000003f55200000)]
  0x00000216477285c0 JavaThread "Unconstrained build operations Thread 57" [_thread_blocked, id=11168, stack(0x0000003f55200000,0x0000003f55300000)]
  0x0000021647724e10 JavaThread "Unconstrained build operations Thread 58" [_thread_blocked, id=11328, stack(0x0000003f55300000,0x0000003f55400000)]
  0x00000216477294f0 JavaThread "Unconstrained build operations Thread 59" [_thread_blocked, id=24864, stack(0x0000003f55400000,0x0000003f55500000)]
  0x0000021647728fe0 JavaThread "Unconstrained build operations Thread 60" [_thread_blocked, id=14208, stack(0x0000003f55500000,0x0000003f55600000)]
  0x0000021647728ad0 JavaThread "Unconstrained build operations Thread 61" [_thread_blocked, id=20240, stack(0x0000003f55600000,0x0000003f55700000)]
  0x000002164772ae40 JavaThread "Unconstrained build operations Thread 62" [_thread_blocked, id=8544, stack(0x0000003f55700000,0x0000003f55800000)]
  0x000002164772b860 JavaThread "Unconstrained build operations Thread 63" [_thread_blocked, id=4012, stack(0x0000003f55800000,0x0000003f55900000)]
  0x0000021647729a00 JavaThread "Unconstrained build operations Thread 64" [_thread_blocked, id=23188, stack(0x0000003f55900000,0x0000003f55a00000)]
  0x0000021647729f10 JavaThread "Unconstrained build operations Thread 65" [_thread_blocked, id=25940, stack(0x0000003f55a00000,0x0000003f55b00000)]
  0x000002164772b350 JavaThread "Unconstrained build operations Thread 66" [_thread_blocked, id=3108, stack(0x0000003f55b00000,0x0000003f55c00000)]
  0x000002164772a420 JavaThread "Unconstrained build operations Thread 67" [_thread_blocked, id=15324, stack(0x0000003f55c00000,0x0000003f55d00000)]
  0x000002164772a930 JavaThread "Unconstrained build operations Thread 68" [_thread_blocked, id=10852, stack(0x0000003f55d00000,0x0000003f55e00000)]
  0x000002164b36c8b0 JavaThread "Unconstrained build operations Thread 69" [_thread_blocked, id=27368, stack(0x0000003f55e00000,0x0000003f55f00000)]
  0x000002164b36e200 JavaThread "Unconstrained build operations Thread 70" [_thread_blocked, id=13228, stack(0x0000003f55f00000,0x0000003f56000000)]
  0x000002164b36dcf0 JavaThread "Unconstrained build operations Thread 71" [_thread_blocked, id=3820, stack(0x0000003f56000000,0x0000003f56100000)]
  0x000002164b36f130 JavaThread "Unconstrained build operations Thread 72" [_thread_blocked, id=10808, stack(0x0000003f56100000,0x0000003f56200000)]
  0x000002164b36d2d0 JavaThread "Unconstrained build operations Thread 73" [_thread_blocked, id=19604, stack(0x0000003f56200000,0x0000003f56300000)]
  0x000002164b36be90 JavaThread "Unconstrained build operations Thread 74" [_thread_blocked, id=26344, stack(0x0000003f56300000,0x0000003f56400000)]
  0x000002164b36f640 JavaThread "Unconstrained build operations Thread 75" [_thread_blocked, id=15096, stack(0x0000003f56400000,0x0000003f56500000)]
  0x000002164b36d7e0 JavaThread "Unconstrained build operations Thread 76" [_thread_blocked, id=25048, stack(0x0000003f56500000,0x0000003f56600000)]
  0x000002164b36e710 JavaThread "Unconstrained build operations Thread 77" [_thread_blocked, id=17060, stack(0x0000003f56600000,0x0000003f56700000)]
  0x000002164b36fb50 JavaThread "Unconstrained build operations Thread 78" [_thread_blocked, id=27388, stack(0x0000003f56700000,0x0000003f56800000)]
  0x000002164b36c3a0 JavaThread "Unconstrained build operations Thread 79" [_thread_blocked, id=17232, stack(0x0000003f56800000,0x0000003f56900000)]
  0x000002164b370570 JavaThread "Unconstrained build operations Thread 80" [_thread_blocked, id=24244, stack(0x0000003f56900000,0x0000003f56a00000)]
  0x000002164b370060 JavaThread "Unconstrained build operations Thread 81" [_thread_blocked, id=17504, stack(0x0000003f56a00000,0x0000003f56b00000)]
  0x000002164b36cdc0 JavaThread "Unconstrained build operations Thread 82" [_thread_blocked, id=11908, stack(0x0000003f56b00000,0x0000003f56c00000)]
  0x000002164b3719b0 JavaThread "Unconstrained build operations Thread 83" [_thread_blocked, id=16912, stack(0x0000003f56c00000,0x0000003f56d00000)]
  0x000002164b372df0 JavaThread "Unconstrained build operations Thread 84" [_thread_blocked, id=17112, stack(0x0000003f56d00000,0x0000003f56e00000)]
  0x000002164b371ec0 JavaThread "Unconstrained build operations Thread 85" [_thread_blocked, id=23772, stack(0x0000003f56e00000,0x0000003f56f00000)]
  0x000002164b3723d0 JavaThread "Unconstrained build operations Thread 86" [_thread_blocked, id=21856, stack(0x0000003f56f00000,0x0000003f57000000)]
  0x000002164b370a80 JavaThread "Unconstrained build operations Thread 87" [_thread_blocked, id=10436, stack(0x0000003f57000000,0x0000003f57100000)]
  0x000002164b370f90 JavaThread "Unconstrained build operations Thread 88" [_thread_blocked, id=25424, stack(0x0000003f57100000,0x0000003f57200000)]
  0x000002164b373300 JavaThread "Unconstrained build operations Thread 89" [_thread_blocked, id=27492, stack(0x0000003f57200000,0x0000003f57300000)]
  0x000002164b3728e0 JavaThread "Unconstrained build operations Thread 90" [_thread_blocked, id=17076, stack(0x0000003f57300000,0x0000003f57400000)]
  0x000002164b3714a0 JavaThread "Unconstrained build operations Thread 91" [_thread_blocked, id=27172, stack(0x0000003f57400000,0x0000003f57500000)]
  0x000002164b7980f0 JavaThread "Unconstrained build operations Thread 92" [_thread_blocked, id=16524, stack(0x0000003f57500000,0x0000003f57600000)]
  0x000002164b79b390 JavaThread "Unconstrained build operations Thread 93" [_thread_blocked, id=19160, stack(0x0000003f57600000,0x0000003f57700000)]
  0x000002164b79a460 JavaThread "Unconstrained build operations Thread 94" [_thread_blocked, id=7264, stack(0x0000003f57700000,0x0000003f57800000)]
  0x000002164b798600 JavaThread "Unconstrained build operations Thread 95" [_thread_blocked, id=8776, stack(0x0000003f57800000,0x0000003f57900000)]
  0x000002164b797be0 JavaThread "Unconstrained build operations Thread 96" [_thread_blocked, id=26452, stack(0x0000003f57900000,0x0000003f57a00000)]
  0x000002164b798b10 JavaThread "Unconstrained build operations Thread 97" [_thread_blocked, id=24948, stack(0x0000003f57a00000,0x0000003f57b00000)]
  0x000002164b79b8a0 JavaThread "Unconstrained build operations Thread 98" [_thread_blocked, id=13692, stack(0x0000003f57b00000,0x0000003f57c00000)]
  0x000002164b799a40 JavaThread "Unconstrained build operations Thread 99" [_thread_blocked, id=4112, stack(0x0000003f57c00000,0x0000003f57d00000)]
  0x000002164b79c7d0 JavaThread "Unconstrained build operations Thread 100" [_thread_blocked, id=19812, stack(0x0000003f57d00000,0x0000003f57e00000)]
  0x000002164b799f50 JavaThread "Unconstrained build operations Thread 101" [_thread_blocked, id=18060, stack(0x0000003f57e00000,0x0000003f57f00000)]
  0x000002164b79c2c0 JavaThread "Unconstrained build operations Thread 102" [_thread_blocked, id=27628, stack(0x0000003f57f00000,0x0000003f58000000)]
  0x000002164b79bdb0 JavaThread "Unconstrained build operations Thread 103" [_thread_blocked, id=19972, stack(0x0000003f58000000,0x0000003f58100000)]
  0x000002164b79a970 JavaThread "Unconstrained build operations Thread 104" [_thread_blocked, id=27200, stack(0x0000003f58100000,0x0000003f58200000)]
  0x000002164b799020 JavaThread "Unconstrained build operations Thread 105" [_thread_blocked, id=1404, stack(0x0000003f58200000,0x0000003f58300000)]
  0x000002164b799530 JavaThread "Unconstrained build operations Thread 106" [_thread_blocked, id=17964, stack(0x0000003f58300000,0x0000003f58400000)]
  0x000002164b79ae80 JavaThread "Unconstrained build operations Thread 107" [_thread_blocked, id=26304, stack(0x0000003f58400000,0x0000003f58500000)]
  0x000002164b79dc10 JavaThread "Unconstrained build operations Thread 108" [_thread_blocked, id=13960, stack(0x0000003f58500000,0x0000003f58600000)]
  0x000002164b79eb40 JavaThread "Unconstrained build operations Thread 109" [_thread_blocked, id=16916, stack(0x0000003f58600000,0x0000003f58700000)]
  0x000002164b79d1f0 JavaThread "Unconstrained build operations Thread 110" [_thread_blocked, id=27180, stack(0x0000003f58700000,0x0000003f58800000)]
  0x000002164b79d700 JavaThread "Unconstrained build operations Thread 111" [_thread_blocked, id=25296, stack(0x0000003f58800000,0x0000003f58900000)]
  0x000002164b79e120 JavaThread "Unconstrained build operations Thread 112" [_thread_blocked, id=22220, stack(0x0000003f58900000,0x0000003f58a00000)]
  0x000002164b79f050 JavaThread "jar transforms Thread 2" [_thread_blocked, id=4792, stack(0x0000003f58a00000,0x0000003f58b00000)]
  0x000002164b373810 JavaThread "jar transforms Thread 3" [_thread_blocked, id=24304, stack(0x0000003f58b00000,0x0000003f58c00000)]
  0x000002164c485ec0 JavaThread "Unconstrained build operations Thread 113" [_thread_blocked, id=22060, stack(0x0000003f58d00000,0x0000003f58e00000)]
  0x000002164c484a80 JavaThread "Unconstrained build operations Thread 114" [_thread_blocked, id=17484, stack(0x0000003f58e00000,0x0000003f58f00000)]
  0x000002164c4863d0 JavaThread "Unconstrained build operations Thread 115" [_thread_blocked, id=12384, stack(0x0000003f58f00000,0x0000003f59000000)]
  0x000002164c488740 JavaThread "Unconstrained build operations Thread 116" [_thread_blocked, id=15964, stack(0x0000003f59000000,0x0000003f59100000)]
  0x000002164c488c50 JavaThread "Unconstrained build operations Thread 117" [_thread_blocked, id=16612, stack(0x0000003f59100000,0x0000003f59200000)]
  0x000002164c4868e0 JavaThread "Unconstrained build operations Thread 118" [_thread_blocked, id=25836, stack(0x0000003f59200000,0x0000003f59300000)]
  0x000002164c487d20 JavaThread "Unconstrained build operations Thread 119" [_thread_blocked, id=22620, stack(0x0000003f59300000,0x0000003f59400000)]
  0x000002164c486df0 JavaThread "Unconstrained build operations Thread 120" [_thread_blocked, id=25608, stack(0x0000003f59400000,0x0000003f59500000)]
  0x000002164c487300 JavaThread "jar transforms Thread 4" [_thread_blocked, id=21272, stack(0x0000003f59500000,0x0000003f59600000)]
  0x000002164c487810 JavaThread "jar transforms Thread 5" [_thread_blocked, id=27356, stack(0x0000003f59600000,0x0000003f59700000)]
  0x000002164c4854a0 JavaThread "jar transforms Thread 6" [_thread_blocked, id=25828, stack(0x0000003f59700000,0x0000003f59800000)]
  0x000002164c48afc0 JavaThread "build event listener" [_thread_blocked, id=21244, stack(0x0000003f59800000,0x0000003f59900000)]
  0x000002164c48bef0 JavaThread "Problems report writer" [_thread_blocked, id=7664, stack(0x0000003f58c00000,0x0000003f58d00000)]
  0x0000021654410240 JavaThread "jar transforms Thread 7" [_thread_blocked, id=23012, stack(0x0000003f59a00000,0x0000003f59b00000)]
  0x0000021654410750 JavaThread "jar transforms Thread 8" [_thread_blocked, id=864, stack(0x0000003f59b00000,0x0000003f59c00000)]
  0x0000021654411170 JavaThread "jar transforms Thread 9" [_thread_blocked, id=11896, stack(0x0000003f59c00000,0x0000003f59d00000)]
  0x0000021654411680 JavaThread "jar transforms Thread 10" [_thread_blocked, id=25452, stack(0x0000003f59d00000,0x0000003f59e00000)]
  0x00000216544125b0 JavaThread "jar transforms Thread 11" [_thread_blocked, id=17068, stack(0x0000003f59e00000,0x0000003f59f00000)]
  0x0000021654412ac0 JavaThread "jar transforms Thread 12" [_thread_blocked, id=9156, stack(0x0000003f59f00000,0x0000003f5a000000)]
  0x0000021654416780 JavaThread "Cache worker for execution history cache (D:\apps\caltims mobile app\frontend\android\.gradle\9.0.0\executionHistory)" [_thread_blocked, id=17136, stack(0x0000003f5a200000,0x0000003f5a300000)]
  0x000002164da34e50 JavaThread "C2 CompilerThread1" daemon [_thread_in_native, id=3412, stack(0x0000003f4d800000,0x0000003f4d900000)]
  0x000002164da323d0 JavaThread "C2 CompilerThread2" daemon [_thread_in_native, id=26372, stack(0x0000003f59900000,0x0000003f59a00000)]

Other Threads:
  0x0000021626eb7d20 VMThread "VM Thread" [stack: 0x0000003f4cd00000,0x0000003f4ce00000] [id=26840]
  0x0000021608d36030 WatcherThread [stack: 0x0000003f4da00000,0x0000003f4db00000] [id=7212]
  0x0000021606b9e830 GCTaskThread "GC Thread#0" [stack: 0x0000003f4c800000,0x0000003f4c900000] [id=3244]
  0x00000216279b15a0 GCTaskThread "GC Thread#1" [stack: 0x0000003f4dc00000,0x0000003f4dd00000] [id=21516]
  0x00000216278de7e0 GCTaskThread "GC Thread#2" [stack: 0x0000003f4dd00000,0x0000003f4de00000] [id=27136]
  0x000002164743eae0 GCTaskThread "GC Thread#3" [stack: 0x0000003f4de00000,0x0000003f4df00000] [id=8500]
  0x000002164743eda0 GCTaskThread "GC Thread#4" [stack: 0x0000003f4df00000,0x0000003f4e000000] [id=18684]
  0x000002164743f060 GCTaskThread "GC Thread#5" [stack: 0x0000003f4e000000,0x0000003f4e100000] [id=11488]
  0x000002164a8ced10 GCTaskThread "GC Thread#6" [stack: 0x0000003f4ee00000,0x0000003f4ef00000] [id=16540]
  0x0000021649a28790 GCTaskThread "GC Thread#7" [stack: 0x0000003f4ef00000,0x0000003f4f000000] [id=25892]
  0x000002164a454680 GCTaskThread "GC Thread#8" [stack: 0x0000003f4f000000,0x0000003f4f100000] [id=16292]
  0x000002164a453340 GCTaskThread "GC Thread#9" [stack: 0x0000003f4f100000,0x0000003f4f200000] [id=27144]
  0x0000021608da1540 ConcurrentGCThread "G1 Main Marker" [stack: 0x0000003f4c900000,0x0000003f4ca00000] [id=3312]
  0x0000021608da1e70 ConcurrentGCThread "G1 Conc#0" [stack: 0x0000003f4ca00000,0x0000003f4cb00000] [id=15284]
  0x000002164a453e40 ConcurrentGCThread "G1 Conc#1" [stack: 0x0000003f4f200000,0x0000003f4f300000] [id=15972]
  0x000002164a454940 ConcurrentGCThread "G1 Conc#2" [stack: 0x0000003f4f300000,0x0000003f4f400000] [id=12776]
  0x0000021608dde780 ConcurrentGCThread "G1 Refine#0" [stack: 0x0000003f4cb00000,0x0000003f4cc00000] [id=10996]
  0x0000021626df3100 ConcurrentGCThread "G1 Service" [stack: 0x0000003f4cc00000,0x0000003f4cd00000] [id=18004]

Threads with active compile tasks:
C2 CompilerThread0  50961 19423       4       org.gradle.internal.vfs.impl.DefaultFileSystemAccess::snapshot (60 bytes)
C2 CompilerThread1  50961 19484       4       org.gradle.internal.snapshot.impl.AbstractValueProcessor::processValue (402 bytes)
C2 CompilerThread2  50961 19348   !   4       org.gradle.api.internal.artifacts.transform.AttributeMatchingArtifactVariantSelector::select (29 bytes)

VM state: not at safepoint (normal execution)

VM Mutex/Monitor currently owned by a thread: None

Heap address: 0x0000000080000000, size: 2048 MB, Compressed Oops mode: 32-bit

CDS archive(s) mapped at: [0x0000021628000000-0x0000021628bb0000-0x0000021628bb0000), size 12255232, SharedBaseAddress: 0x0000021628000000, ArchiveRelocationMode: 1.
Compressed class space mapped at: 0x0000021629000000-0x0000021643000000, reserved size: 436207616
Narrow klass base: 0x0000021628000000, Narrow klass shift: 0, Narrow klass range: 0x100000000

GC Precious Log:
 CPUs: 12 total, 12 available
 Memory: 16068M
 Large Page Support: Disabled
 NUMA Support: Disabled
 Compressed Oops: Enabled (32-bit)
 Heap Region Size: 1M
 Heap Min Capacity: 8M
 Heap Initial Capacity: 252M
 Heap Max Capacity: 2G
 Pre-touch: Disabled
 Parallel Workers: 10
 Concurrent Workers: 3
 Concurrent Refinement Workers: 10
 Periodic GC: Disabled

Heap:
 garbage-first heap   total 393216K, used 317758K [0x0000000080000000, 0x0000000100000000)
  region size 1024K, 16 young (16384K), 4 survivors (4096K)
 Metaspace       used 116928K, committed 118720K, reserved 557056K
  class space    used 16335K, committed 17216K, reserved 425984K

Heap Regions: E=young(eden), S=young(survivor), O=old, HS=humongous(starts), HC=humongous(continues), CS=collection set, F=free, OA=open archive, CA=closed archive, TAMS=top-at-mark-start (previous, next)
|   0|0x0000000080000000, 0x0000000080100000, 0x0000000080100000|100%|HS|  |TAMS 0x0000000080100000, 0x0000000080000000| Complete 
|   1|0x0000000080100000, 0x0000000080200000, 0x0000000080200000|100%|HC|  |TAMS 0x0000000080200000, 0x0000000080100000| Complete 
|   2|0x0000000080200000, 0x0000000080300000, 0x0000000080300000|100%|HC|  |TAMS 0x0000000080300000, 0x0000000080200000| Complete 
|   3|0x0000000080300000, 0x0000000080400000, 0x0000000080400000|100%| O|  |TAMS 0x0000000080400000, 0x0000000080300000| Untracked 
|   4|0x0000000080400000, 0x0000000080500000, 0x0000000080500000|100%| O|  |TAMS 0x0000000080500000, 0x0000000080400000| Untracked 
|   5|0x0000000080500000, 0x0000000080600000, 0x0000000080600000|100%| O|  |TAMS 0x0000000080600000, 0x0000000080500000| Untracked 
|   6|0x0000000080600000, 0x0000000080700000, 0x0000000080700000|100%|HS|  |TAMS 0x0000000080700000, 0x0000000080600000| Complete 
|   7|0x0000000080700000, 0x0000000080800000, 0x0000000080800000|100%| O|  |TAMS 0x0000000080800000, 0x0000000080700000| Untracked 
|   8|0x0000000080800000, 0x0000000080900000, 0x0000000080900000|100%| O|  |TAMS 0x0000000080900000, 0x0000000080800000| Untracked 
|   9|0x0000000080900000, 0x0000000080a00000, 0x0000000080a00000|100%| O|  |TAMS 0x0000000080a00000, 0x0000000080900000| Untracked 
|  10|0x0000000080a00000, 0x0000000080b00000, 0x0000000080b00000|100%| O|  |TAMS 0x0000000080b00000, 0x0000000080a00000| Untracked 
|  11|0x0000000080b00000, 0x0000000080c00000, 0x0000000080c00000|100%| O|  |TAMS 0x0000000080c00000, 0x0000000080b00000| Untracked 
|  12|0x0000000080c00000, 0x0000000080d00000, 0x0000000080d00000|100%| O|  |TAMS 0x0000000080d00000, 0x0000000080c00000| Untracked 
|  13|0x0000000080d00000, 0x0000000080e00000, 0x0000000080e00000|100%| O|  |TAMS 0x0000000080e00000, 0x0000000080d00000| Untracked 
|  14|0x0000000080e00000, 0x0000000080f00000, 0x0000000080f00000|100%| O|  |TAMS 0x0000000080f00000, 0x0000000080e00000| Untracked 
|  15|0x0000000080f00000, 0x0000000081000000, 0x0000000081000000|100%| O|  |TAMS 0x0000000081000000, 0x0000000080f00000| Untracked 
|  16|0x0000000081000000, 0x0000000081100000, 0x0000000081100000|100%| O|  |TAMS 0x0000000081100000, 0x0000000081000000| Untracked 
|  17|0x0000000081100000, 0x0000000081200000, 0x0000000081200000|100%| O|  |TAMS 0x0000000081200000, 0x0000000081100000| Untracked 
|  18|0x0000000081200000, 0x0000000081300000, 0x0000000081300000|100%| O|  |TAMS 0x0000000081300000, 0x0000000081200000| Untracked 
|  19|0x0000000081300000, 0x0000000081400000, 0x0000000081400000|100%| O|  |TAMS 0x0000000081400000, 0x0000000081300000| Untracked 
|  20|0x0000000081400000, 0x0000000081500000, 0x0000000081500000|100%| O|  |TAMS 0x0000000081500000, 0x0000000081400000| Untracked 
|  21|0x0000000081500000, 0x0000000081600000, 0x0000000081600000|100%| O|  |TAMS 0x0000000081600000, 0x0000000081500000| Untracked 
|  22|0x0000000081600000, 0x0000000081700000, 0x0000000081700000|100%| O|  |TAMS 0x0000000081700000, 0x0000000081600000| Untracked 
|  23|0x0000000081700000, 0x0000000081800000, 0x0000000081800000|100%| O|  |TAMS 0x0000000081800000, 0x0000000081700000| Untracked 
|  24|0x0000000081800000, 0x0000000081900000, 0x0000000081900000|100%| O|  |TAMS 0x0000000081900000, 0x0000000081800000| Untracked 
|  25|0x0000000081900000, 0x0000000081a00000, 0x0000000081a00000|100%| O|  |TAMS 0x0000000081a00000, 0x0000000081900000| Untracked 
|  26|0x0000000081a00000, 0x0000000081b00000, 0x0000000081b00000|100%| O|  |TAMS 0x0000000081b00000, 0x0000000081a00000| Untracked 
|  27|0x0000000081b00000, 0x0000000081c00000, 0x0000000081c00000|100%| O|  |TAMS 0x0000000081c00000, 0x0000000081b00000| Untracked 
|  28|0x0000000081c00000, 0x0000000081d00000, 0x0000000081d00000|100%| O|  |TAMS 0x0000000081d00000, 0x0000000081c00000| Untracked 
|  29|0x0000000081d00000, 0x0000000081e00000, 0x0000000081e00000|100%| O|  |TAMS 0x0000000081e00000, 0x0000000081d00000| Untracked 
|  30|0x0000000081e00000, 0x0000000081f00000, 0x0000000081f00000|100%| O|  |TAMS 0x0000000081f00000, 0x0000000081e00000| Untracked 
|  31|0x0000000081f00000, 0x0000000082000000, 0x0000000082000000|100%| O|  |TAMS 0x0000000082000000, 0x0000000081f00000| Untracked 
|  32|0x0000000082000000, 0x0000000082100000, 0x0000000082100000|100%| O|  |TAMS 0x0000000082100000, 0x0000000082000000| Untracked 
|  33|0x0000000082100000, 0x0000000082200000, 0x0000000082200000|100%|HS|  |TAMS 0x0000000082100000, 0x0000000082100000| Complete 
|  34|0x0000000082200000, 0x0000000082300000, 0x0000000082300000|100%| O|  |TAMS 0x0000000082300000, 0x0000000082200000| Untracked 
|  35|0x0000000082300000, 0x0000000082400000, 0x0000000082400000|100%| O|  |TAMS 0x0000000082400000, 0x0000000082300000| Untracked 
|  36|0x0000000082400000, 0x0000000082500000, 0x0000000082500000|100%| O|  |TAMS 0x0000000082500000, 0x0000000082400000| Untracked 
|  37|0x0000000082500000, 0x0000000082600000, 0x0000000082600000|100%| O|  |TAMS 0x0000000082600000, 0x0000000082500000| Untracked 
|  38|0x0000000082600000, 0x0000000082700000, 0x0000000082700000|100%| O|  |TAMS 0x0000000082700000, 0x0000000082600000| Untracked 
|  39|0x0000000082700000, 0x0000000082800000, 0x0000000082800000|100%| O|  |TAMS 0x0000000082800000, 0x0000000082700000| Untracked 
|  40|0x0000000082800000, 0x0000000082900000, 0x0000000082900000|100%| O|  |TAMS 0x0000000082900000, 0x0000000082800000| Untracked 
|  41|0x0000000082900000, 0x0000000082a00000, 0x0000000082a00000|100%|HS|  |TAMS 0x0000000082a00000, 0x0000000082900000| Complete 
|  42|0x0000000082a00000, 0x0000000082b00000, 0x0000000082b00000|100%|HC|  |TAMS 0x0000000082b00000, 0x0000000082a00000| Complete 
|  43|0x0000000082b00000, 0x0000000082c00000, 0x0000000082c00000|100%|HC|  |TAMS 0x0000000082c00000, 0x0000000082b00000| Complete 
|  44|0x0000000082c00000, 0x0000000082d00000, 0x0000000082d00000|100%|HS|  |TAMS 0x0000000082d00000, 0x0000000082c00000| Complete 
|  45|0x0000000082d00000, 0x0000000082e00000, 0x0000000082e00000|100%|HC|  |TAMS 0x0000000082e00000, 0x0000000082d00000| Complete 
|  46|0x0000000082e00000, 0x0000000082f00000, 0x0000000082f00000|100%|HC|  |TAMS 0x0000000082f00000, 0x0000000082e00000| Complete 
|  47|0x0000000082f00000, 0x0000000083000000, 0x0000000083000000|100%| O|  |TAMS 0x0000000083000000, 0x0000000082f00000| Untracked 
|  48|0x0000000083000000, 0x0000000083100000, 0x0000000083100000|100%| O|  |TAMS 0x0000000083000000, 0x0000000083000000| Untracked 
|  49|0x0000000083100000, 0x0000000083200000, 0x0000000083200000|100%| O|  |TAMS 0x0000000083200000, 0x0000000083100000| Untracked 
|  50|0x0000000083200000, 0x0000000083300000, 0x0000000083300000|100%| O|  |TAMS 0x0000000083300000, 0x0000000083200000| Untracked 
|  51|0x0000000083300000, 0x0000000083400000, 0x0000000083400000|100%| O|  |TAMS 0x0000000083400000, 0x0000000083300000| Untracked 
|  52|0x0000000083400000, 0x0000000083500000, 0x0000000083500000|100%| O|  |TAMS 0x0000000083400000, 0x0000000083400000| Untracked 
|  53|0x0000000083500000, 0x0000000083600000, 0x0000000083600000|100%| O|  |TAMS 0x0000000083600000, 0x0000000083500000| Untracked 
|  54|0x0000000083600000, 0x0000000083700000, 0x0000000083700000|100%| O|  |TAMS 0x0000000083700000, 0x0000000083600000| Untracked 
|  55|0x0000000083700000, 0x0000000083800000, 0x0000000083800000|100%| O|  |TAMS 0x0000000083800000, 0x0000000083700000| Untracked 
|  56|0x0000000083800000, 0x0000000083900000, 0x0000000083900000|100%| O|  |TAMS 0x0000000083900000, 0x0000000083800000| Untracked 
|  57|0x0000000083900000, 0x0000000083a00000, 0x0000000083a00000|100%| O|  |TAMS 0x0000000083a00000, 0x0000000083900000| Untracked 
|  58|0x0000000083a00000, 0x0000000083b00000, 0x0000000083b00000|100%| O|  |TAMS 0x0000000083b00000, 0x0000000083a00000| Untracked 
|  59|0x0000000083b00000, 0x0000000083c00000, 0x0000000083c00000|100%| O|  |TAMS 0x0000000083c00000, 0x0000000083b00000| Untracked 
|  60|0x0000000083c00000, 0x0000000083d00000, 0x0000000083d00000|100%| O|  |TAMS 0x0000000083d00000, 0x0000000083c00000| Untracked 
|  61|0x0000000083d00000, 0x0000000083e00000, 0x0000000083e00000|100%| O|  |TAMS 0x0000000083e00000, 0x0000000083d00000| Untracked 
|  62|0x0000000083e00000, 0x0000000083f00000, 0x0000000083f00000|100%| O|  |TAMS 0x0000000083f00000, 0x0000000083e00000| Untracked 
|  63|0x0000000083f00000, 0x0000000084000000, 0x0000000084000000|100%|HS|  |TAMS 0x0000000083f00000, 0x0000000083f00000| Complete 
|  64|0x0000000084000000, 0x0000000084100000, 0x0000000084100000|100%|HS|  |TAMS 0x0000000084000000, 0x0000000084000000| Complete 
|  65|0x0000000084100000, 0x0000000084200000, 0x0000000084200000|100%| O|  |TAMS 0x0000000084200000, 0x0000000084100000| Untracked 
|  66|0x0000000084200000, 0x0000000084300000, 0x0000000084300000|100%| O|  |TAMS 0x0000000084300000, 0x0000000084200000| Untracked 
|  67|0x0000000084300000, 0x0000000084400000, 0x0000000084400000|100%| O|  |TAMS 0x0000000084400000, 0x0000000084300000| Untracked 
|  68|0x0000000084400000, 0x0000000084500000, 0x0000000084500000|100%| O|  |TAMS 0x0000000084500000, 0x0000000084400000| Untracked 
|  69|0x0000000084500000, 0x0000000084600000, 0x0000000084600000|100%| O|  |TAMS 0x0000000084600000, 0x0000000084500000| Untracked 
|  70|0x0000000084600000, 0x0000000084700000, 0x0000000084700000|100%| O|  |TAMS 0x0000000084700000, 0x0000000084600000| Untracked 
|  71|0x0000000084700000, 0x0000000084800000, 0x0000000084800000|100%| O|  |TAMS 0x0000000084800000, 0x0000000084700000| Untracked 
|  72|0x0000000084800000, 0x0000000084900000, 0x0000000084900000|100%| O|  |TAMS 0x0000000084900000, 0x0000000084800000| Untracked 
|  73|0x0000000084900000, 0x0000000084a00000, 0x0000000084a00000|100%| O|  |TAMS 0x0000000084929c00, 0x0000000084900000| Untracked 
|  74|0x0000000084a00000, 0x0000000084b00000, 0x0000000084b00000|100%| O|  |TAMS 0x0000000084a00000, 0x0000000084a00000| Untracked 
|  75|0x0000000084b00000, 0x0000000084c00000, 0x0000000084c00000|100%| O|  |TAMS 0x0000000084b00000, 0x0000000084b00000| Untracked 
|  76|0x0000000084c00000, 0x0000000084d00000, 0x0000000084d00000|100%| O|  |TAMS 0x0000000084c00000, 0x0000000084c00000| Untracked 
|  77|0x0000000084d00000, 0x0000000084e00000, 0x0000000084e00000|100%| O|  |TAMS 0x0000000084d00000, 0x0000000084d00000| Untracked 
|  78|0x0000000084e00000, 0x0000000084f00000, 0x0000000084f00000|100%| O|  |TAMS 0x0000000084e00000, 0x0000000084e00000| Untracked 
|  79|0x0000000084f00000, 0x0000000085000000, 0x0000000085000000|100%| O|  |TAMS 0x0000000084f00000, 0x0000000084f00000| Untracked 
|  80|0x0000000085000000, 0x0000000085100000, 0x0000000085100000|100%| O|  |TAMS 0x0000000085000000, 0x0000000085000000| Untracked 
|  81|0x0000000085100000, 0x0000000085200000, 0x0000000085200000|100%| O|  |TAMS 0x0000000085100000, 0x0000000085100000| Untracked 
|  82|0x0000000085200000, 0x0000000085300000, 0x0000000085300000|100%| O|  |TAMS 0x0000000085200000, 0x0000000085200000| Untracked 
|  83|0x0000000085300000, 0x0000000085400000, 0x0000000085400000|100%|HS|  |TAMS 0x0000000085300000, 0x0000000085300000| Complete 
|  84|0x0000000085400000, 0x0000000085500000, 0x0000000085500000|100%| O|  |TAMS 0x0000000085400000, 0x0000000085400000| Untracked 
|  85|0x0000000085500000, 0x0000000085600000, 0x0000000085600000|100%|HS|  |TAMS 0x0000000085500000, 0x0000000085500000| Complete 
|  86|0x0000000085600000, 0x0000000085700000, 0x0000000085700000|100%|HS|  |TAMS 0x0000000085600000, 0x0000000085600000| Complete 
|  87|0x0000000085700000, 0x0000000085800000, 0x0000000085800000|100%|HS|  |TAMS 0x0000000085700000, 0x0000000085700000| Complete 
|  88|0x0000000085800000, 0x0000000085900000, 0x0000000085900000|100%|HC|  |TAMS 0x0000000085800000, 0x0000000085800000| Complete 
|  89|0x0000000085900000, 0x0000000085a00000, 0x0000000085a00000|100%|HC|  |TAMS 0x0000000085900000, 0x0000000085900000| Complete 
|  90|0x0000000085a00000, 0x0000000085b00000, 0x0000000085b00000|100%|HS|  |TAMS 0x0000000085a00000, 0x0000000085a00000| Complete 
|  91|0x0000000085b00000, 0x0000000085c00000, 0x0000000085c00000|100%| O|  |TAMS 0x0000000085b00000, 0x0000000085b00000| Untracked 
|  92|0x0000000085c00000, 0x0000000085d00000, 0x0000000085d00000|100%| O|  |TAMS 0x0000000085c00000, 0x0000000085c00000| Untracked 
|  93|0x0000000085d00000, 0x0000000085e00000, 0x0000000085e00000|100%| O|  |TAMS 0x0000000085d00000, 0x0000000085d00000| Untracked 
|  94|0x0000000085e00000, 0x0000000085f00000, 0x0000000085f00000|100%| O|  |TAMS 0x0000000085e00000, 0x0000000085e00000| Untracked 
|  95|0x0000000085f00000, 0x0000000086000000, 0x0000000086000000|100%| O|  |TAMS 0x0000000085f00000, 0x0000000085f00000| Untracked 
|  96|0x0000000086000000, 0x0000000086100000, 0x0000000086100000|100%| O|  |TAMS 0x0000000086000000, 0x0000000086000000| Untracked 
|  97|0x0000000086100000, 0x0000000086200000, 0x0000000086200000|100%| O|  |TAMS 0x0000000086100000, 0x0000000086100000| Untracked 
|  98|0x0000000086200000, 0x0000000086300000, 0x0000000086300000|100%| O|  |TAMS 0x0000000086200000, 0x0000000086200000| Untracked 
|  99|0x0000000086300000, 0x0000000086400000, 0x0000000086400000|100%| O|  |TAMS 0x0000000086300000, 0x0000000086300000| Untracked 
| 100|0x0000000086400000, 0x0000000086500000, 0x0000000086500000|100%| O|  |TAMS 0x0000000086400000, 0x0000000086400000| Untracked 
| 101|0x0000000086500000, 0x0000000086600000, 0x0000000086600000|100%| O|  |TAMS 0x0000000086500000, 0x0000000086500000| Untracked 
| 102|0x0000000086600000, 0x0000000086700000, 0x0000000086700000|100%| O|  |TAMS 0x0000000086600000, 0x0000000086600000| Untracked 
| 103|0x0000000086700000, 0x0000000086800000, 0x0000000086800000|100%| O|  |TAMS 0x0000000086700000, 0x0000000086700000| Untracked 
| 104|0x0000000086800000, 0x0000000086900000, 0x0000000086900000|100%| O|  |TAMS 0x0000000086800000, 0x0000000086800000| Untracked 
| 105|0x0000000086900000, 0x0000000086a00000, 0x0000000086a00000|100%| O|  |TAMS 0x0000000086900000, 0x0000000086900000| Untracked 
| 106|0x0000000086a00000, 0x0000000086b00000, 0x0000000086b00000|100%| O|  |TAMS 0x0000000086a00000, 0x0000000086a00000| Untracked 
| 107|0x0000000086b00000, 0x0000000086c00000, 0x0000000086c00000|100%| O|  |TAMS 0x0000000086b00000, 0x0000000086b00000| Untracked 
| 108|0x0000000086c00000, 0x0000000086d00000, 0x0000000086d00000|100%| O|  |TAMS 0x0000000086c00000, 0x0000000086c00000| Untracked 
| 109|0x0000000086d00000, 0x0000000086e00000, 0x0000000086e00000|100%| O|  |TAMS 0x0000000086d00000, 0x0000000086d00000| Untracked 
| 110|0x0000000086e00000, 0x0000000086f00000, 0x0000000086f00000|100%| O|  |TAMS 0x0000000086e00000, 0x0000000086e00000| Untracked 
| 111|0x0000000086f00000, 0x0000000087000000, 0x0000000087000000|100%| O|  |TAMS 0x0000000086f00000, 0x0000000086f00000| Untracked 
| 112|0x0000000087000000, 0x0000000087100000, 0x0000000087100000|100%| O|  |TAMS 0x0000000087000000, 0x0000000087000000| Untracked 
| 113|0x0000000087100000, 0x0000000087200000, 0x0000000087200000|100%| O|  |TAMS 0x0000000087100000, 0x0000000087100000| Untracked 
| 114|0x0000000087200000, 0x0000000087300000, 0x0000000087300000|100%| O|  |TAMS 0x0000000087200000, 0x0000000087200000| Untracked 
| 115|0x0000000087300000, 0x0000000087400000, 0x0000000087400000|100%| O|  |TAMS 0x0000000087300000, 0x0000000087300000| Untracked 
| 116|0x0000000087400000, 0x0000000087500000, 0x0000000087500000|100%| O|  |TAMS 0x0000000087400000, 0x0000000087400000| Untracked 
| 117|0x0000000087500000, 0x0000000087600000, 0x0000000087600000|100%| O|  |TAMS 0x0000000087500000, 0x0000000087500000| Untracked 
| 118|0x0000000087600000, 0x0000000087700000, 0x0000000087700000|100%| O|  |TAMS 0x0000000087600000, 0x0000000087600000| Untracked 
| 119|0x0000000087700000, 0x0000000087800000, 0x0000000087800000|100%| O|  |TAMS 0x0000000087700000, 0x0000000087700000| Untracked 
| 120|0x0000000087800000, 0x0000000087900000, 0x0000000087900000|100%| O|  |TAMS 0x0000000087800000, 0x0000000087800000| Untracked 
| 121|0x0000000087900000, 0x0000000087a00000, 0x0000000087a00000|100%| O|  |TAMS 0x0000000087900000, 0x0000000087900000| Untracked 
| 122|0x0000000087a00000, 0x0000000087b00000, 0x0000000087b00000|100%| O|  |TAMS 0x0000000087a00000, 0x0000000087a00000| Untracked 
| 123|0x0000000087b00000, 0x0000000087c00000, 0x0000000087c00000|100%| O|  |TAMS 0x0000000087b00000, 0x0000000087b00000| Untracked 
| 124|0x0000000087c00000, 0x0000000087d00000, 0x0000000087d00000|100%| O|  |TAMS 0x0000000087c00000, 0x0000000087c00000| Untracked 
| 125|0x0000000087d00000, 0x0000000087e00000, 0x0000000087e00000|100%| O|  |TAMS 0x0000000087d00000, 0x0000000087d00000| Untracked 
| 126|0x0000000087e00000, 0x0000000087f00000, 0x0000000087f00000|100%| O|  |TAMS 0x0000000087e00000, 0x0000000087e00000| Untracked 
| 127|0x0000000087f00000, 0x0000000088000000, 0x0000000088000000|100%| O|  |TAMS 0x0000000087f00000, 0x0000000087f00000| Untracked 
| 128|0x0000000088000000, 0x0000000088100000, 0x0000000088100000|100%| O|  |TAMS 0x0000000088000000, 0x0000000088000000| Untracked 
| 129|0x0000000088100000, 0x0000000088200000, 0x0000000088200000|100%| O|  |TAMS 0x0000000088100000, 0x0000000088100000| Untracked 
| 130|0x0000000088200000, 0x0000000088300000, 0x0000000088300000|100%| O|  |TAMS 0x0000000088200000, 0x0000000088200000| Untracked 
| 131|0x0000000088300000, 0x0000000088400000, 0x0000000088400000|100%| O|  |TAMS 0x0000000088300000, 0x0000000088300000| Untracked 
| 132|0x0000000088400000, 0x0000000088500000, 0x0000000088500000|100%| O|  |TAMS 0x0000000088400000, 0x0000000088400000| Untracked 
| 133|0x0000000088500000, 0x0000000088600000, 0x0000000088600000|100%| O|  |TAMS 0x0000000088500000, 0x0000000088500000| Untracked 
| 134|0x0000000088600000, 0x0000000088700000, 0x0000000088700000|100%| O|  |TAMS 0x0000000088600000, 0x0000000088600000| Untracked 
| 135|0x0000000088700000, 0x0000000088800000, 0x0000000088800000|100%| O|  |TAMS 0x0000000088700000, 0x0000000088700000| Untracked 
| 136|0x0000000088800000, 0x0000000088900000, 0x0000000088900000|100%| O|  |TAMS 0x0000000088800000, 0x0000000088800000| Untracked 
| 137|0x0000000088900000, 0x0000000088a00000, 0x0000000088a00000|100%| O|  |TAMS 0x0000000088900000, 0x0000000088900000| Untracked 
| 138|0x0000000088a00000, 0x0000000088b00000, 0x0000000088b00000|100%| O|  |TAMS 0x0000000088a00000, 0x0000000088a00000| Untracked 
| 139|0x0000000088b00000, 0x0000000088c00000, 0x0000000088c00000|100%| O|  |TAMS 0x0000000088b00000, 0x0000000088b00000| Untracked 
| 140|0x0000000088c00000, 0x0000000088d00000, 0x0000000088d00000|100%| O|  |TAMS 0x0000000088c00000, 0x0000000088c00000| Untracked 
| 141|0x0000000088d00000, 0x0000000088e00000, 0x0000000088e00000|100%| O|  |TAMS 0x0000000088d00000, 0x0000000088d00000| Untracked 
| 142|0x0000000088e00000, 0x0000000088f00000, 0x0000000088f00000|100%| O|  |TAMS 0x0000000088e00000, 0x0000000088e00000| Untracked 
| 143|0x0000000088f00000, 0x0000000089000000, 0x0000000089000000|100%| O|  |TAMS 0x0000000088f00000, 0x0000000088f00000| Untracked 
| 144|0x0000000089000000, 0x0000000089100000, 0x0000000089100000|100%| O|  |TAMS 0x0000000089000000, 0x0000000089000000| Untracked 
| 145|0x0000000089100000, 0x0000000089200000, 0x0000000089200000|100%|HS|  |TAMS 0x0000000089100000, 0x0000000089100000| Complete 
| 146|0x0000000089200000, 0x0000000089300000, 0x0000000089300000|100%|HS|  |TAMS 0x0000000089200000, 0x0000000089200000| Complete 
| 147|0x0000000089300000, 0x0000000089400000, 0x0000000089400000|100%|HS|  |TAMS 0x0000000089300000, 0x0000000089300000| Complete 
| 148|0x0000000089400000, 0x0000000089500000, 0x0000000089500000|100%| O|  |TAMS 0x0000000089400000, 0x0000000089400000| Untracked 
| 149|0x0000000089500000, 0x0000000089600000, 0x0000000089600000|100%| O|  |TAMS 0x0000000089500000, 0x0000000089500000| Untracked 
| 150|0x0000000089600000, 0x0000000089700000, 0x0000000089700000|100%| O|  |TAMS 0x0000000089600000, 0x0000000089600000| Untracked 
| 151|0x0000000089700000, 0x0000000089800000, 0x0000000089800000|100%| O|  |TAMS 0x0000000089700000, 0x0000000089700000| Untracked 
| 152|0x0000000089800000, 0x0000000089900000, 0x0000000089900000|100%| O|  |TAMS 0x0000000089800000, 0x0000000089800000| Untracked 
| 153|0x0000000089900000, 0x0000000089a00000, 0x0000000089a00000|100%| O|  |TAMS 0x0000000089900000, 0x0000000089900000| Untracked 
| 154|0x0000000089a00000, 0x0000000089b00000, 0x0000000089b00000|100%| O|  |TAMS 0x0000000089a00000, 0x0000000089a00000| Untracked 
| 155|0x0000000089b00000, 0x0000000089c00000, 0x0000000089c00000|100%| O|  |TAMS 0x0000000089b00000, 0x0000000089b00000| Untracked 
| 156|0x0000000089c00000, 0x0000000089d00000, 0x0000000089d00000|100%| O|  |TAMS 0x0000000089c00000, 0x0000000089c00000| Untracked 
| 157|0x0000000089d00000, 0x0000000089e00000, 0x0000000089e00000|100%| O|  |TAMS 0x0000000089d00000, 0x0000000089d00000| Untracked 
| 158|0x0000000089e00000, 0x0000000089f00000, 0x0000000089f00000|100%| O|  |TAMS 0x0000000089e00000, 0x0000000089e00000| Untracked 
| 159|0x0000000089f00000, 0x000000008a000000, 0x000000008a000000|100%| O|  |TAMS 0x0000000089f00000, 0x0000000089f00000| Untracked 
| 160|0x000000008a000000, 0x000000008a100000, 0x000000008a100000|100%| O|  |TAMS 0x000000008a000000, 0x000000008a000000| Untracked 
| 161|0x000000008a100000, 0x000000008a200000, 0x000000008a200000|100%| O|  |TAMS 0x000000008a100000, 0x000000008a100000| Untracked 
| 162|0x000000008a200000, 0x000000008a300000, 0x000000008a300000|100%| O|  |TAMS 0x000000008a200000, 0x000000008a200000| Untracked 
| 163|0x000000008a300000, 0x000000008a400000, 0x000000008a400000|100%| O|  |TAMS 0x000000008a300000, 0x000000008a300000| Untracked 
| 164|0x000000008a400000, 0x000000008a500000, 0x000000008a500000|100%| O|  |TAMS 0x000000008a400000, 0x000000008a400000| Untracked 
| 165|0x000000008a500000, 0x000000008a600000, 0x000000008a600000|100%| O|  |TAMS 0x000000008a500000, 0x000000008a500000| Untracked 
| 166|0x000000008a600000, 0x000000008a700000, 0x000000008a700000|100%| O|  |TAMS 0x000000008a600000, 0x000000008a600000| Untracked 
| 167|0x000000008a700000, 0x000000008a800000, 0x000000008a800000|100%|HS|  |TAMS 0x000000008a700000, 0x000000008a700000| Complete 
| 168|0x000000008a800000, 0x000000008a900000, 0x000000008a900000|100%|HS|  |TAMS 0x000000008a800000, 0x000000008a800000| Complete 
| 169|0x000000008a900000, 0x000000008aa00000, 0x000000008aa00000|100%| O|  |TAMS 0x000000008a900000, 0x000000008a900000| Untracked 
| 170|0x000000008aa00000, 0x000000008ab00000, 0x000000008ab00000|100%| O|  |TAMS 0x000000008aa00000, 0x000000008aa00000| Untracked 
| 171|0x000000008ab00000, 0x000000008ac00000, 0x000000008ac00000|100%| O|  |TAMS 0x000000008ab00000, 0x000000008ab00000| Untracked 
| 172|0x000000008ac00000, 0x000000008ad00000, 0x000000008ad00000|100%| O|  |TAMS 0x000000008ac00000, 0x000000008ac00000| Untracked 
| 173|0x000000008ad00000, 0x000000008ae00000, 0x000000008ae00000|100%| O|  |TAMS 0x000000008ad00000, 0x000000008ad00000| Untracked 
| 174|0x000000008ae00000, 0x000000008af00000, 0x000000008af00000|100%| O|  |TAMS 0x000000008ae00000, 0x000000008ae00000| Untracked 
| 175|0x000000008af00000, 0x000000008b000000, 0x000000008b000000|100%| O|  |TAMS 0x000000008af00000, 0x000000008af00000| Untracked 
| 176|0x000000008b000000, 0x000000008b100000, 0x000000008b100000|100%| O|  |TAMS 0x000000008b000000, 0x000000008b000000| Untracked 
| 177|0x000000008b100000, 0x000000008b200000, 0x000000008b200000|100%| O|  |TAMS 0x000000008b100000, 0x000000008b100000| Untracked 
| 178|0x000000008b200000, 0x000000008b300000, 0x000000008b300000|100%| O|  |TAMS 0x000000008b200000, 0x000000008b200000| Untracked 
| 179|0x000000008b300000, 0x000000008b400000, 0x000000008b400000|100%| O|  |TAMS 0x000000008b300000, 0x000000008b300000| Untracked 
| 180|0x000000008b400000, 0x000000008b500000, 0x000000008b500000|100%|HS|  |TAMS 0x000000008b400000, 0x000000008b400000| Complete 
| 181|0x000000008b500000, 0x000000008b600000, 0x000000008b600000|100%|HC|  |TAMS 0x000000008b500000, 0x000000008b500000| Complete 
| 182|0x000000008b600000, 0x000000008b700000, 0x000000008b700000|100%|HS|  |TAMS 0x000000008b600000, 0x000000008b600000| Complete 
| 183|0x000000008b700000, 0x000000008b800000, 0x000000008b800000|100%|HC|  |TAMS 0x000000008b700000, 0x000000008b700000| Complete 
| 184|0x000000008b800000, 0x000000008b900000, 0x000000008b900000|100%| O|  |TAMS 0x000000008b800000, 0x000000008b800000| Untracked 
| 185|0x000000008b900000, 0x000000008ba00000, 0x000000008ba00000|100%| O|  |TAMS 0x000000008b900000, 0x000000008b900000| Untracked 
| 186|0x000000008ba00000, 0x000000008bb00000, 0x000000008bb00000|100%| O|  |TAMS 0x000000008ba00000, 0x000000008ba00000| Untracked 
| 187|0x000000008bb00000, 0x000000008bc00000, 0x000000008bc00000|100%| O|  |TAMS 0x000000008bb00000, 0x000000008bb00000| Untracked 
| 188|0x000000008bc00000, 0x000000008bd00000, 0x000000008bd00000|100%| O|  |TAMS 0x000000008bc00000, 0x000000008bc00000| Untracked 
| 189|0x000000008bd00000, 0x000000008be00000, 0x000000008be00000|100%| O|  |TAMS 0x000000008bd00000, 0x000000008bd00000| Untracked 
| 190|0x000000008be00000, 0x000000008bf00000, 0x000000008bf00000|100%| O|  |TAMS 0x000000008be00000, 0x000000008be00000| Untracked 
| 191|0x000000008bf00000, 0x000000008c000000, 0x000000008c000000|100%| O|  |TAMS 0x000000008bf00000, 0x000000008bf00000| Untracked 
| 192|0x000000008c000000, 0x000000008c100000, 0x000000008c100000|100%| O|  |TAMS 0x000000008c000000, 0x000000008c000000| Untracked 
| 193|0x000000008c100000, 0x000000008c200000, 0x000000008c200000|100%| O|  |TAMS 0x000000008c100000, 0x000000008c100000| Untracked 
| 194|0x000000008c200000, 0x000000008c300000, 0x000000008c300000|100%| O|  |TAMS 0x000000008c200000, 0x000000008c200000| Untracked 
| 195|0x000000008c300000, 0x000000008c400000, 0x000000008c400000|100%| O|  |TAMS 0x000000008c300000, 0x000000008c300000| Untracked 
| 196|0x000000008c400000, 0x000000008c500000, 0x000000008c500000|100%|HS|  |TAMS 0x000000008c400000, 0x000000008c400000| Complete 
| 197|0x000000008c500000, 0x000000008c600000, 0x000000008c600000|100%|HS|  |TAMS 0x000000008c500000, 0x000000008c500000| Complete 
| 198|0x000000008c600000, 0x000000008c700000, 0x000000008c700000|100%| O|  |TAMS 0x000000008c600000, 0x000000008c600000| Untracked 
| 199|0x000000008c700000, 0x000000008c800000, 0x000000008c800000|100%|HS|  |TAMS 0x000000008c700000, 0x000000008c700000| Complete 
| 200|0x000000008c800000, 0x000000008c900000, 0x000000008c900000|100%|HC|  |TAMS 0x000000008c800000, 0x000000008c800000| Complete 
| 201|0x000000008c900000, 0x000000008ca00000, 0x000000008ca00000|100%| O|  |TAMS 0x000000008c900000, 0x000000008c900000| Untracked 
| 202|0x000000008ca00000, 0x000000008cb00000, 0x000000008cb00000|100%| O|  |TAMS 0x000000008ca00000, 0x000000008ca00000| Untracked 
| 203|0x000000008cb00000, 0x000000008cc00000, 0x000000008cc00000|100%| O|  |TAMS 0x000000008cb00000, 0x000000008cb00000| Untracked 
| 204|0x000000008cc00000, 0x000000008cd00000, 0x000000008cd00000|100%| O|  |TAMS 0x000000008cc00000, 0x000000008cc00000| Untracked 
| 205|0x000000008cd00000, 0x000000008ce00000, 0x000000008ce00000|100%| O|  |TAMS 0x000000008cd00000, 0x000000008cd00000| Untracked 
| 206|0x000000008ce00000, 0x000000008cf00000, 0x000000008cf00000|100%| O|  |TAMS 0x000000008ce00000, 0x000000008ce00000| Untracked 
| 207|0x000000008cf00000, 0x000000008d000000, 0x000000008d000000|100%| O|  |TAMS 0x000000008cf00000, 0x000000008cf00000| Untracked 
| 208|0x000000008d000000, 0x000000008d100000, 0x000000008d100000|100%| O|  |TAMS 0x000000008d000000, 0x000000008d000000| Untracked 
| 209|0x000000008d100000, 0x000000008d200000, 0x000000008d200000|100%| O|  |TAMS 0x000000008d100000, 0x000000008d100000| Untracked 
| 210|0x000000008d200000, 0x000000008d300000, 0x000000008d300000|100%| O|  |TAMS 0x000000008d200000, 0x000000008d200000| Untracked 
| 211|0x000000008d300000, 0x000000008d400000, 0x000000008d400000|100%| O|  |TAMS 0x000000008d300000, 0x000000008d300000| Untracked 
| 212|0x000000008d400000, 0x000000008d500000, 0x000000008d500000|100%| O|  |TAMS 0x000000008d400000, 0x000000008d400000| Untracked 
| 213|0x000000008d500000, 0x000000008d600000, 0x000000008d600000|100%| O|  |TAMS 0x000000008d500000, 0x000000008d500000| Untracked 
| 214|0x000000008d600000, 0x000000008d700000, 0x000000008d700000|100%| O|  |TAMS 0x000000008d600000, 0x000000008d600000| Untracked 
| 215|0x000000008d700000, 0x000000008d800000, 0x000000008d800000|100%| O|  |TAMS 0x000000008d700000, 0x000000008d700000| Untracked 
| 216|0x000000008d800000, 0x000000008d900000, 0x000000008d900000|100%|HS|  |TAMS 0x000000008d800000, 0x000000008d800000| Complete 
| 217|0x000000008d900000, 0x000000008da00000, 0x000000008da00000|100%|HS|  |TAMS 0x000000008d900000, 0x000000008d900000| Complete 
| 218|0x000000008da00000, 0x000000008db00000, 0x000000008db00000|100%|HS|  |TAMS 0x000000008da00000, 0x000000008da00000| Complete 
| 219|0x000000008db00000, 0x000000008dc00000, 0x000000008dc00000|100%| O|  |TAMS 0x000000008db00000, 0x000000008db00000| Untracked 
| 220|0x000000008dc00000, 0x000000008dd00000, 0x000000008dd00000|100%| O|  |TAMS 0x000000008dc00000, 0x000000008dc00000| Untracked 
| 221|0x000000008dd00000, 0x000000008de00000, 0x000000008de00000|100%| O|  |TAMS 0x000000008dd00000, 0x000000008dd00000| Untracked 
| 222|0x000000008de00000, 0x000000008df00000, 0x000000008df00000|100%| O|  |TAMS 0x000000008de00000, 0x000000008de00000| Untracked 
| 223|0x000000008df00000, 0x000000008e000000, 0x000000008e000000|100%| O|  |TAMS 0x000000008df00000, 0x000000008df00000| Untracked 
| 224|0x000000008e000000, 0x000000008e100000, 0x000000008e100000|100%| O|  |TAMS 0x000000008e000000, 0x000000008e000000| Untracked 
| 225|0x000000008e100000, 0x000000008e200000, 0x000000008e200000|100%| O|  |TAMS 0x000000008e100000, 0x000000008e100000| Untracked 
| 226|0x000000008e200000, 0x000000008e300000, 0x000000008e300000|100%| O|  |TAMS 0x000000008e200000, 0x000000008e200000| Untracked 
| 227|0x000000008e300000, 0x000000008e400000, 0x000000008e400000|100%| O|  |TAMS 0x000000008e300000, 0x000000008e300000| Untracked 
| 228|0x000000008e400000, 0x000000008e500000, 0x000000008e500000|100%| O|  |TAMS 0x000000008e400000, 0x000000008e400000| Untracked 
| 229|0x000000008e500000, 0x000000008e600000, 0x000000008e600000|100%| O|  |TAMS 0x000000008e500000, 0x000000008e500000| Untracked 
| 230|0x000000008e600000, 0x000000008e700000, 0x000000008e700000|100%| O|  |TAMS 0x000000008e600000, 0x000000008e600000| Untracked 
| 231|0x000000008e700000, 0x000000008e800000, 0x000000008e800000|100%| O|  |TAMS 0x000000008e700000, 0x000000008e700000| Untracked 
| 232|0x000000008e800000, 0x000000008e900000, 0x000000008e900000|100%| O|  |TAMS 0x000000008e800000, 0x000000008e800000| Untracked 
| 233|0x000000008e900000, 0x000000008ea00000, 0x000000008ea00000|100%|HS|  |TAMS 0x000000008e900000, 0x000000008e900000| Complete 
| 234|0x000000008ea00000, 0x000000008eb00000, 0x000000008eb00000|100%|HS|  |TAMS 0x000000008ea00000, 0x000000008ea00000| Complete 
| 235|0x000000008eb00000, 0x000000008ec00000, 0x000000008ec00000|100%| O|  |TAMS 0x000000008eb00000, 0x000000008eb00000| Untracked 
| 236|0x000000008ec00000, 0x000000008ed00000, 0x000000008ed00000|100%| O|  |TAMS 0x000000008ec00000, 0x000000008ec00000| Untracked 
| 237|0x000000008ed00000, 0x000000008ee00000, 0x000000008ee00000|100%| O|  |TAMS 0x000000008ed00000, 0x000000008ed00000| Untracked 
| 238|0x000000008ee00000, 0x000000008ef00000, 0x000000008ef00000|100%| O|  |TAMS 0x000000008ee00000, 0x000000008ee00000| Untracked 
| 239|0x000000008ef00000, 0x000000008f000000, 0x000000008f000000|100%| O|  |TAMS 0x000000008ef00000, 0x000000008ef00000| Untracked 
| 240|0x000000008f000000, 0x000000008f100000, 0x000000008f100000|100%| O|  |TAMS 0x000000008f000000, 0x000000008f000000| Untracked 
| 241|0x000000008f100000, 0x000000008f200000, 0x000000008f200000|100%| O|  |TAMS 0x000000008f100000, 0x000000008f100000| Untracked 
| 242|0x000000008f200000, 0x000000008f300000, 0x000000008f300000|100%| O|  |TAMS 0x000000008f200000, 0x000000008f200000| Untracked 
| 243|0x000000008f300000, 0x000000008f400000, 0x000000008f400000|100%| O|  |TAMS 0x000000008f300000, 0x000000008f300000| Untracked 
| 244|0x000000008f400000, 0x000000008f500000, 0x000000008f500000|100%| O|  |TAMS 0x000000008f400000, 0x000000008f400000| Untracked 
| 245|0x000000008f500000, 0x000000008f600000, 0x000000008f600000|100%| O|  |TAMS 0x000000008f500000, 0x000000008f500000| Untracked 
| 246|0x000000008f600000, 0x000000008f700000, 0x000000008f700000|100%| O|  |TAMS 0x000000008f600000, 0x000000008f600000| Untracked 
| 247|0x000000008f700000, 0x000000008f800000, 0x000000008f800000|100%| O|  |TAMS 0x000000008f700000, 0x000000008f700000| Untracked 
| 248|0x000000008f800000, 0x000000008f900000, 0x000000008f900000|100%| O|  |TAMS 0x000000008f800000, 0x000000008f800000| Untracked 
| 249|0x000000008f900000, 0x000000008fa00000, 0x000000008fa00000|100%| O|  |TAMS 0x000000008f900000, 0x000000008f900000| Untracked 
| 250|0x000000008fa00000, 0x000000008fb00000, 0x000000008fb00000|100%| O|  |TAMS 0x000000008fa00000, 0x000000008fa00000| Untracked 
| 251|0x000000008fb00000, 0x000000008fc00000, 0x000000008fc00000|100%| O|  |TAMS 0x000000008fb00000, 0x000000008fb00000| Untracked 
| 252|0x000000008fc00000, 0x000000008fd00000, 0x000000008fd00000|100%| O|  |TAMS 0x000000008fc00000, 0x000000008fc00000| Untracked 
| 253|0x000000008fd00000, 0x000000008fe00000, 0x000000008fe00000|100%| O|  |TAMS 0x000000008fd00000, 0x000000008fd00000| Untracked 
| 254|0x000000008fe00000, 0x000000008ff00000, 0x000000008ff00000|100%| O|  |TAMS 0x000000008fe00000, 0x000000008fe00000| Untracked 
| 255|0x000000008ff00000, 0x0000000090000000, 0x0000000090000000|100%| O|  |TAMS 0x000000008ff00000, 0x000000008ff00000| Untracked 
| 256|0x0000000090000000, 0x0000000090100000, 0x0000000090100000|100%| O|  |TAMS 0x0000000090000000, 0x0000000090000000| Untracked 
| 257|0x0000000090100000, 0x0000000090200000, 0x0000000090200000|100%| O|  |TAMS 0x0000000090100000, 0x0000000090100000| Untracked 
| 258|0x0000000090200000, 0x0000000090300000, 0x0000000090300000|100%| O|  |TAMS 0x0000000090200000, 0x0000000090200000| Untracked 
| 259|0x0000000090300000, 0x0000000090400000, 0x0000000090400000|100%| O|  |TAMS 0x0000000090300000, 0x0000000090300000| Untracked 
| 260|0x0000000090400000, 0x0000000090500000, 0x0000000090500000|100%| O|  |TAMS 0x0000000090400000, 0x0000000090400000| Untracked 
| 261|0x0000000090500000, 0x0000000090600000, 0x0000000090600000|100%| O|  |TAMS 0x0000000090500000, 0x0000000090500000| Untracked 
| 262|0x0000000090600000, 0x0000000090700000, 0x0000000090700000|100%| O|  |TAMS 0x0000000090600000, 0x0000000090600000| Untracked 
| 263|0x0000000090700000, 0x0000000090800000, 0x0000000090800000|100%| O|  |TAMS 0x0000000090700000, 0x0000000090700000| Untracked 
| 264|0x0000000090800000, 0x0000000090900000, 0x0000000090900000|100%| O|  |TAMS 0x0000000090800000, 0x0000000090800000| Untracked 
| 265|0x0000000090900000, 0x0000000090a00000, 0x0000000090a00000|100%| O|  |TAMS 0x0000000090900000, 0x0000000090900000| Untracked 
| 266|0x0000000090a00000, 0x0000000090b00000, 0x0000000090b00000|100%| O|  |TAMS 0x0000000090a00000, 0x0000000090a00000| Untracked 
| 267|0x0000000090b00000, 0x0000000090c00000, 0x0000000090c00000|100%| O|  |TAMS 0x0000000090b00000, 0x0000000090b00000| Untracked 
| 268|0x0000000090c00000, 0x0000000090d00000, 0x0000000090d00000|100%| O|  |TAMS 0x0000000090c00000, 0x0000000090c00000| Untracked 
| 269|0x0000000090d00000, 0x0000000090e00000, 0x0000000090e00000|100%| O|  |TAMS 0x0000000090d00000, 0x0000000090d00000| Untracked 
| 270|0x0000000090e00000, 0x0000000090f00000, 0x0000000090f00000|100%| O|  |TAMS 0x0000000090e00000, 0x0000000090e00000| Untracked 
| 271|0x0000000090f00000, 0x0000000091000000, 0x0000000091000000|100%| O|  |TAMS 0x0000000090f00000, 0x0000000090f00000| Untracked 
| 272|0x0000000091000000, 0x0000000091100000, 0x0000000091100000|100%| O|  |TAMS 0x0000000091000000, 0x0000000091000000| Untracked 
| 273|0x0000000091100000, 0x0000000091200000, 0x0000000091200000|100%| O|  |TAMS 0x0000000091100000, 0x0000000091100000| Untracked 
| 274|0x0000000091200000, 0x0000000091300000, 0x0000000091300000|100%| O|  |TAMS 0x0000000091200000, 0x0000000091200000| Untracked 
| 275|0x0000000091300000, 0x0000000091400000, 0x0000000091400000|100%| O|  |TAMS 0x0000000091300000, 0x0000000091300000| Untracked 
| 276|0x0000000091400000, 0x0000000091500000, 0x0000000091500000|100%| O|  |TAMS 0x0000000091400000, 0x0000000091400000| Untracked 
| 277|0x0000000091500000, 0x0000000091600000, 0x0000000091600000|100%| O|  |TAMS 0x0000000091500000, 0x0000000091500000| Untracked 
| 278|0x0000000091600000, 0x0000000091700000, 0x0000000091700000|100%| O|  |TAMS 0x0000000091600000, 0x0000000091600000| Untracked 
| 279|0x0000000091700000, 0x0000000091800000, 0x0000000091800000|100%| O|  |TAMS 0x0000000091700000, 0x0000000091700000| Untracked 
| 280|0x0000000091800000, 0x0000000091900000, 0x0000000091900000|100%| O|  |TAMS 0x0000000091800000, 0x0000000091800000| Untracked 
| 281|0x0000000091900000, 0x0000000091a00000, 0x0000000091a00000|100%| O|  |TAMS 0x0000000091900000, 0x0000000091900000| Untracked 
| 282|0x0000000091a00000, 0x0000000091b00000, 0x0000000091b00000|100%| O|  |TAMS 0x0000000091a00000, 0x0000000091a00000| Untracked 
| 283|0x0000000091b00000, 0x0000000091c00000, 0x0000000091c00000|100%| O|  |TAMS 0x0000000091b00000, 0x0000000091b00000| Untracked 
| 284|0x0000000091c00000, 0x0000000091d00000, 0x0000000091d00000|100%| O|  |TAMS 0x0000000091c00000, 0x0000000091c00000| Untracked 
| 285|0x0000000091d00000, 0x0000000091e00000, 0x0000000091e00000|100%| O|  |TAMS 0x0000000091d00000, 0x0000000091d00000| Untracked 
| 286|0x0000000091e00000, 0x0000000091f00000, 0x0000000091f00000|100%| O|  |TAMS 0x0000000091e00000, 0x0000000091e00000| Untracked 
| 287|0x0000000091f00000, 0x0000000092000000, 0x0000000092000000|100%| O|  |TAMS 0x0000000091f00000, 0x0000000091f00000| Untracked 
| 288|0x0000000092000000, 0x0000000092100000, 0x0000000092100000|100%| O|  |TAMS 0x0000000092000000, 0x0000000092000000| Untracked 
| 289|0x0000000092100000, 0x0000000092200000, 0x0000000092200000|100%| O|  |TAMS 0x0000000092100000, 0x0000000092100000| Untracked 
| 290|0x0000000092200000, 0x0000000092300000, 0x0000000092300000|100%| O|  |TAMS 0x0000000092200000, 0x0000000092200000| Untracked 
| 291|0x0000000092300000, 0x0000000092400000, 0x0000000092400000|100%| O|  |TAMS 0x0000000092300000, 0x0000000092300000| Untracked 
| 292|0x0000000092400000, 0x0000000092500000, 0x0000000092500000|100%| O|  |TAMS 0x0000000092400000, 0x0000000092400000| Untracked 
| 293|0x0000000092500000, 0x0000000092600000, 0x0000000092600000|100%| O|  |TAMS 0x0000000092500000, 0x0000000092500000| Untracked 
| 294|0x0000000092600000, 0x0000000092700000, 0x0000000092700000|100%| O|  |TAMS 0x0000000092600000, 0x0000000092600000| Untracked 
| 295|0x0000000092700000, 0x0000000092761e00, 0x0000000092800000| 38%| O|  |TAMS 0x0000000092700000, 0x0000000092700000| Untracked 
| 296|0x0000000092800000, 0x0000000092800000, 0x0000000092900000|  0%| F|  |TAMS 0x0000000092800000, 0x0000000092800000| Untracked 
| 297|0x0000000092900000, 0x0000000092900000, 0x0000000092a00000|  0%| F|  |TAMS 0x0000000092900000, 0x0000000092900000| Untracked 
| 298|0x0000000092a00000, 0x0000000092a00000, 0x0000000092b00000|  0%| F|  |TAMS 0x0000000092a00000, 0x0000000092a00000| Untracked 
| 299|0x0000000092b00000, 0x0000000092b00000, 0x0000000092c00000|  0%| F|  |TAMS 0x0000000092b00000, 0x0000000092b00000| Untracked 
| 300|0x0000000092c00000, 0x0000000092c00000, 0x0000000092d00000|  0%| F|  |TAMS 0x0000000092c00000, 0x0000000092c00000| Untracked 
| 301|0x0000000092d00000, 0x0000000092d00000, 0x0000000092e00000|  0%| F|  |TAMS 0x0000000092d00000, 0x0000000092d00000| Untracked 
| 302|0x0000000092e00000, 0x0000000092e00000, 0x0000000092f00000|  0%| F|  |TAMS 0x0000000092e00000, 0x0000000092e00000| Untracked 
| 303|0x0000000092f00000, 0x0000000092f00000, 0x0000000093000000|  0%| F|  |TAMS 0x0000000092f00000, 0x0000000092f00000| Untracked 
| 304|0x0000000093000000, 0x0000000093000000, 0x0000000093100000|  0%| F|  |TAMS 0x0000000093000000, 0x0000000093000000| Untracked 
| 305|0x0000000093100000, 0x0000000093100000, 0x0000000093200000|  0%| F|  |TAMS 0x0000000093100000, 0x0000000093100000| Untracked 
| 306|0x0000000093200000, 0x0000000093200000, 0x0000000093300000|  0%| F|  |TAMS 0x0000000093200000, 0x0000000093200000| Untracked 
| 307|0x0000000093300000, 0x0000000093300000, 0x0000000093400000|  0%| F|  |TAMS 0x0000000093300000, 0x0000000093300000| Untracked 
| 308|0x0000000093400000, 0x0000000093400000, 0x0000000093500000|  0%| F|  |TAMS 0x0000000093400000, 0x0000000093400000| Untracked 
| 309|0x0000000093500000, 0x0000000093500000, 0x0000000093600000|  0%| F|  |TAMS 0x0000000093500000, 0x0000000093500000| Untracked 
| 310|0x0000000093600000, 0x0000000093600000, 0x0000000093700000|  0%| F|  |TAMS 0x0000000093600000, 0x0000000093600000| Untracked 
| 311|0x0000000093700000, 0x0000000093700000, 0x0000000093800000|  0%| F|  |TAMS 0x0000000093700000, 0x0000000093700000| Untracked 
| 312|0x0000000093800000, 0x0000000093800000, 0x0000000093900000|  0%| F|  |TAMS 0x0000000093800000, 0x0000000093800000| Untracked 
| 313|0x0000000093900000, 0x0000000093900000, 0x0000000093a00000|  0%| F|  |TAMS 0x0000000093900000, 0x0000000093900000| Untracked 
| 314|0x0000000093a00000, 0x0000000093a00000, 0x0000000093b00000|  0%| F|  |TAMS 0x0000000093a00000, 0x0000000093a00000| Untracked 
| 315|0x0000000093b00000, 0x0000000093b00000, 0x0000000093c00000|  0%| F|  |TAMS 0x0000000093b00000, 0x0000000093b00000| Untracked 
| 316|0x0000000093c00000, 0x0000000093c00000, 0x0000000093d00000|  0%| F|  |TAMS 0x0000000093c00000, 0x0000000093c00000| Untracked 
| 317|0x0000000093d00000, 0x0000000093d00000, 0x0000000093e00000|  0%| F|  |TAMS 0x0000000093d00000, 0x0000000093d00000| Untracked 
| 318|0x0000000093e00000, 0x0000000093e00000, 0x0000000093f00000|  0%| F|  |TAMS 0x0000000093e00000, 0x0000000093e00000| Untracked 
| 319|0x0000000093f00000, 0x0000000093f00000, 0x0000000094000000|  0%| F|  |TAMS 0x0000000093f00000, 0x0000000093f00000| Untracked 
| 320|0x0000000094000000, 0x0000000094000000, 0x0000000094100000|  0%| F|  |TAMS 0x0000000094000000, 0x0000000094000000| Untracked 
| 321|0x0000000094100000, 0x0000000094100000, 0x0000000094200000|  0%| F|  |TAMS 0x0000000094100000, 0x0000000094100000| Untracked 
| 322|0x0000000094200000, 0x0000000094200000, 0x0000000094300000|  0%| F|  |TAMS 0x0000000094200000, 0x0000000094200000| Untracked 
| 323|0x0000000094300000, 0x0000000094300000, 0x0000000094400000|  0%| F|  |TAMS 0x0000000094300000, 0x0000000094300000| Untracked 
| 324|0x0000000094400000, 0x0000000094400000, 0x0000000094500000|  0%| F|  |TAMS 0x0000000094400000, 0x0000000094400000| Untracked 
| 325|0x0000000094500000, 0x0000000094500000, 0x0000000094600000|  0%| F|  |TAMS 0x0000000094500000, 0x0000000094500000| Untracked 
| 326|0x0000000094600000, 0x0000000094600000, 0x0000000094700000|  0%| F|  |TAMS 0x0000000094600000, 0x0000000094600000| Untracked 
| 327|0x0000000094700000, 0x0000000094700000, 0x0000000094800000|  0%| F|  |TAMS 0x0000000094700000, 0x0000000094700000| Untracked 
| 328|0x0000000094800000, 0x0000000094800000, 0x0000000094900000|  0%| F|  |TAMS 0x0000000094800000, 0x0000000094800000| Untracked 
| 329|0x0000000094900000, 0x0000000094900000, 0x0000000094a00000|  0%| F|  |TAMS 0x0000000094900000, 0x0000000094900000| Untracked 
| 330|0x0000000094a00000, 0x0000000094a00000, 0x0000000094b00000|  0%| F|  |TAMS 0x0000000094a00000, 0x0000000094a00000| Untracked 
| 331|0x0000000094b00000, 0x0000000094b00000, 0x0000000094c00000|  0%| F|  |TAMS 0x0000000094b00000, 0x0000000094b00000| Untracked 
| 332|0x0000000094c00000, 0x0000000094c00000, 0x0000000094d00000|  0%| F|  |TAMS 0x0000000094c00000, 0x0000000094c00000| Untracked 
| 333|0x0000000094d00000, 0x0000000094d00000, 0x0000000094e00000|  0%| F|  |TAMS 0x0000000094d00000, 0x0000000094d00000| Untracked 
| 334|0x0000000094e00000, 0x0000000094e00000, 0x0000000094f00000|  0%| F|  |TAMS 0x0000000094e00000, 0x0000000094e00000| Untracked 
| 335|0x0000000094f00000, 0x0000000094f00000, 0x0000000095000000|  0%| F|  |TAMS 0x0000000094f00000, 0x0000000094f00000| Untracked 
| 336|0x0000000095000000, 0x0000000095000000, 0x0000000095100000|  0%| F|  |TAMS 0x0000000095000000, 0x0000000095000000| Untracked 
| 337|0x0000000095100000, 0x0000000095100000, 0x0000000095200000|  0%| F|  |TAMS 0x0000000095100000, 0x0000000095100000| Untracked 
| 338|0x0000000095200000, 0x0000000095200000, 0x0000000095300000|  0%| F|  |TAMS 0x0000000095200000, 0x0000000095200000| Untracked 
| 339|0x0000000095300000, 0x0000000095300000, 0x0000000095400000|  0%| F|  |TAMS 0x0000000095300000, 0x0000000095300000| Untracked 
| 340|0x0000000095400000, 0x0000000095400000, 0x0000000095500000|  0%| F|  |TAMS 0x0000000095400000, 0x0000000095400000| Untracked 
| 341|0x0000000095500000, 0x00000000955eda80, 0x0000000095600000| 92%| S|CS|TAMS 0x0000000095500000, 0x0000000095500000| Complete 
| 342|0x0000000095600000, 0x0000000095600000, 0x0000000095700000|  0%| F|  |TAMS 0x0000000095600000, 0x0000000095600000| Untracked 
| 343|0x0000000095700000, 0x0000000095700000, 0x0000000095800000|  0%| F|  |TAMS 0x0000000095700000, 0x0000000095700000| Untracked 
| 344|0x0000000095800000, 0x0000000095900000, 0x0000000095900000|100%| S|CS|TAMS 0x0000000095800000, 0x0000000095800000| Complete 
| 345|0x0000000095900000, 0x0000000095a00000, 0x0000000095a00000|100%| S|CS|TAMS 0x0000000095900000, 0x0000000095900000| Complete 
| 346|0x0000000095a00000, 0x0000000095a00000, 0x0000000095b00000|  0%| F|  |TAMS 0x0000000095a00000, 0x0000000095a00000| Untracked 
| 347|0x0000000095b00000, 0x0000000095b00000, 0x0000000095c00000|  0%| F|  |TAMS 0x0000000095b00000, 0x0000000095b00000| Untracked 
| 348|0x0000000095c00000, 0x0000000095d00000, 0x0000000095d00000|100%| S|CS|TAMS 0x0000000095c00000, 0x0000000095c00000| Complete 
| 349|0x0000000095d00000, 0x0000000095d00000, 0x0000000095e00000|  0%| F|  |TAMS 0x0000000095d00000, 0x0000000095d00000| Untracked 
| 350|0x0000000095e00000, 0x0000000095e00000, 0x0000000095f00000|  0%| F|  |TAMS 0x0000000095e00000, 0x0000000095e00000| Untracked 
| 351|0x0000000095f00000, 0x0000000095f00000, 0x0000000096000000|  0%| F|  |TAMS 0x0000000095f00000, 0x0000000095f00000| Untracked 
| 352|0x0000000096000000, 0x0000000096000000, 0x0000000096100000|  0%| F|  |TAMS 0x0000000096000000, 0x0000000096000000| Untracked 
| 353|0x0000000096100000, 0x0000000096100000, 0x0000000096200000|  0%| F|  |TAMS 0x0000000096100000, 0x0000000096100000| Untracked 
| 354|0x0000000096200000, 0x0000000096200000, 0x0000000096300000|  0%| F|  |TAMS 0x0000000096200000, 0x0000000096200000| Untracked 
| 355|0x0000000096300000, 0x0000000096300000, 0x0000000096400000|  0%| F|  |TAMS 0x0000000096300000, 0x0000000096300000| Untracked 
| 356|0x0000000096400000, 0x0000000096400000, 0x0000000096500000|  0%| F|  |TAMS 0x0000000096400000, 0x0000000096400000| Untracked 
| 357|0x0000000096500000, 0x0000000096500000, 0x0000000096600000|  0%| F|  |TAMS 0x0000000096500000, 0x0000000096500000| Untracked 
| 358|0x0000000096600000, 0x0000000096600000, 0x0000000096700000|  0%| F|  |TAMS 0x0000000096600000, 0x0000000096600000| Untracked 
| 359|0x0000000096700000, 0x0000000096700000, 0x0000000096800000|  0%| F|  |TAMS 0x0000000096700000, 0x0000000096700000| Untracked 
| 360|0x0000000096800000, 0x0000000096800000, 0x0000000096900000|  0%| F|  |TAMS 0x0000000096800000, 0x0000000096800000| Untracked 
| 361|0x0000000096900000, 0x0000000096900000, 0x0000000096a00000|  0%| F|  |TAMS 0x0000000096900000, 0x0000000096900000| Untracked 
| 362|0x0000000096a00000, 0x0000000096a00000, 0x0000000096b00000|  0%| F|  |TAMS 0x0000000096a00000, 0x0000000096a00000| Untracked 
| 363|0x0000000096b00000, 0x0000000096b00000, 0x0000000096c00000|  0%| F|  |TAMS 0x0000000096b00000, 0x0000000096b00000| Untracked 
| 364|0x0000000096c00000, 0x0000000096c00000, 0x0000000096d00000|  0%| F|  |TAMS 0x0000000096c00000, 0x0000000096c00000| Untracked 
| 365|0x0000000096d00000, 0x0000000096de4598, 0x0000000096e00000| 89%| E|  |TAMS 0x0000000096d00000, 0x0000000096d00000| Complete 
| 366|0x0000000096e00000, 0x0000000096f00000, 0x0000000096f00000|100%| E|CS|TAMS 0x0000000096e00000, 0x0000000096e00000| Complete 
| 367|0x0000000096f00000, 0x0000000097000000, 0x0000000097000000|100%| E|CS|TAMS 0x0000000096f00000, 0x0000000096f00000| Complete 
| 368|0x0000000097000000, 0x0000000097100000, 0x0000000097100000|100%| E|CS|TAMS 0x0000000097000000, 0x0000000097000000| Complete 
| 369|0x0000000097100000, 0x0000000097200000, 0x0000000097200000|100%| E|CS|TAMS 0x0000000097100000, 0x0000000097100000| Complete 
| 370|0x0000000097200000, 0x0000000097300000, 0x0000000097300000|100%| E|CS|TAMS 0x0000000097200000, 0x0000000097200000| Complete 
| 371|0x0000000097300000, 0x0000000097400000, 0x0000000097400000|100%| E|CS|TAMS 0x0000000097300000, 0x0000000097300000| Complete 
| 372|0x0000000097400000, 0x0000000097500000, 0x0000000097500000|100%| E|CS|TAMS 0x0000000097400000, 0x0000000097400000| Complete 
| 373|0x0000000097500000, 0x0000000097600000, 0x0000000097600000|100%| E|CS|TAMS 0x0000000097500000, 0x0000000097500000| Complete 
| 374|0x0000000097600000, 0x0000000097700000, 0x0000000097700000|100%| E|CS|TAMS 0x0000000097600000, 0x0000000097600000| Complete 
| 375|0x0000000097700000, 0x0000000097800000, 0x0000000097800000|100%| E|CS|TAMS 0x0000000097700000, 0x0000000097700000| Complete 
| 376|0x0000000097800000, 0x0000000097900000, 0x0000000097900000|100%| E|CS|TAMS 0x0000000097800000, 0x0000000097800000| Complete 
| 377|0x0000000097900000, 0x0000000097a00000, 0x0000000097a00000|100%| E|CS|TAMS 0x0000000097900000, 0x0000000097900000| Complete 
| 378|0x0000000097a00000, 0x0000000097b00000, 0x0000000097b00000|100%| E|CS|TAMS 0x0000000097a00000, 0x0000000097a00000| Complete 
| 379|0x0000000097b00000, 0x0000000097c00000, 0x0000000097c00000|100%| E|CS|TAMS 0x0000000097b00000, 0x0000000097b00000| Complete 
| 380|0x0000000097c00000, 0x0000000097d00000, 0x0000000097d00000|100%| E|CS|TAMS 0x0000000097c00000, 0x0000000097c00000| Complete 
| 381|0x0000000097d00000, 0x0000000097e00000, 0x0000000097e00000|100%| E|CS|TAMS 0x0000000097d00000, 0x0000000097d00000| Complete 
| 382|0x0000000097e00000, 0x0000000097f00000, 0x0000000097f00000|100%| E|CS|TAMS 0x0000000097e00000, 0x0000000097e00000| Complete 
| 383|0x0000000097f00000, 0x0000000098000000, 0x0000000098000000|100%| E|CS|TAMS 0x0000000097f00000, 0x0000000097f00000| Complete 

Card table byte_map: [0x00000216201f0000,0x00000216205f0000] _byte_map_base: 0x000002161fdf0000

Marking Bits (Prev, Next): (CMBitMap*) 0x0000021608d8fe40, (CMBitMap*) 0x0000021608d8fe80
 Prev Bits: [0x00000216209f0000, 0x00000216229f0000)
 Next Bits: [0x00000216229f0000, 0x00000216249f0000)

Polling page: 0x0000021606c40000

Metaspace:

Usage:
  Non-class:     98.23 MB used.
      Class:     15.95 MB used.
       Both:    114.19 MB used.

Virtual space:
  Non-class space:      128.00 MB reserved,      99.12 MB ( 77%) committed,  2 nodes.
      Class space:      416.00 MB reserved,      16.81 MB (  4%) committed,  1 nodes.
             Both:      544.00 MB reserved,     115.94 MB ( 21%) committed. 

Chunk freelists:
   Non-Class:  12.76 MB
       Class:  15.02 MB
        Both:  27.78 MB

MaxMetaspaceSize: 512.00 MB
CompressedClassSpaceSize: 416.00 MB
Initial GC threshold: 21.00 MB
Current GC threshold: 120.56 MB
CDS: on
MetaspaceReclaimPolicy: balanced
 - commit_granule_bytes: 65536.
 - commit_granule_words: 8192.
 - virtual_space_node_default_size: 8388608.
 - enlarge_chunks_in_place: 1.
 - new_chunks_are_fully_committed: 0.
 - uncommit_free_chunks: 1.
 - use_allocation_guard: 0.
 - handle_deallocations: 1.


Internal statistics:

num_allocs_failed_limit: 6.
num_arena_births: 2872.
num_arena_deaths: 0.
num_vsnodes_births: 3.
num_vsnodes_deaths: 0.
num_space_committed: 1855.
num_space_uncommitted: 0.
num_chunks_returned_to_freelist: 6.
num_chunks_taken_from_freelist: 8674.
num_chunk_merges: 6.
num_chunk_splits: 5381.
num_chunks_enlarged: 3089.
num_inconsistent_stats: 0.

CodeHeap 'non-profiled nmethods': size=120000Kb used=13659Kb max_used=13659Kb free=106340Kb
 bounds [0x0000021618360000, 0x00000216190c0000, 0x000002161f890000]
CodeHeap 'profiled nmethods': size=120000Kb used=31926Kb max_used=31926Kb free=88073Kb
 bounds [0x0000021610890000, 0x00000216127c0000, 0x0000021617dc0000]
CodeHeap 'non-nmethods': size=5760Kb used=1790Kb max_used=1857Kb free=3969Kb
 bounds [0x0000021617dc0000, 0x0000021618030000, 0x0000021618360000]
 total_blobs=17437 nmethods=16545 adapters=803
 compilation: enabled
              stopped_count=0, restarted_count=0
 full_count=0

Compilation events (20 events):
Event: 50.765 Thread 0x0000021626ee1940 19509       3       org.gradle.cache.internal.LoggingEvictionListener::onRemoval (98 bytes)
Event: 50.767 Thread 0x0000021626ee1940 nmethod 19509 0x00000216127a4390 code [0x00000216127a4620, 0x00000216127a56c8]
Event: 50.767 Thread 0x0000021626ee1940 19510       3       org.gradle.execution.ProjectExecutionServiceRegistry$DefaultNodeExecutionContext::getService (11 bytes)
Event: 50.768 Thread 0x0000021626ee1940 nmethod 19510 0x00000216127a5b90 code [0x00000216127a5d80, 0x00000216127a6288]
Event: 50.774 Thread 0x0000021626ee1940 19511       2       org.gradle.internal.execution.steps.CachingResult::<init> (11 bytes)
Event: 50.775 Thread 0x0000021626ee1940 nmethod 19511 0x00000216127a6490 code [0x00000216127a6660, 0x00000216127a6c18]
Event: 50.775 Thread 0x0000021626ee1940 19512       3       com.google.common.cache.RemovalNotification::create (11 bytes)
Event: 50.776 Thread 0x0000021626ee1940 nmethod 19512 0x00000216127a6e10 code [0x00000216127a6fe0, 0x00000216127a74c8]
Event: 50.780 Thread 0x0000021626ee1940 19513       3       com.android.build.gradle.internal.SdkComponentsBuildService::sdkLoader (58 bytes)
Event: 50.782 Thread 0x0000021626ee1940 nmethod 19513 0x00000216127a7690 code [0x00000216127a79e0, 0x00000216127a8f38]
Event: 50.782 Thread 0x0000021626ee1940 19514       3       com.android.build.gradle.internal.SdkComponentsBuildService$VersionedSdkLoader::<init> (802 bytes)
Event: 50.797 Thread 0x000002164da34e50 nmethod 19432 0x00000216190aba10 code [0x00000216190abdc0, 0x00000216190aea40]
Event: 50.802 Thread 0x000002164da34e50 19484       4       org.gradle.internal.snapshot.impl.AbstractValueProcessor::processValue (402 bytes)
Event: 50.802 Thread 0x0000021626ee1940 nmethod 19514 0x00000216127a9690 code [0x00000216127aa640, 0x00000216127b5c58]
Event: 50.802 Thread 0x0000021626ee1940 19516       3       org.gradle.api.internal.provider.ValueState$FinalizedValue::disallowChanges (1 bytes)
Event: 50.803 Thread 0x0000021626ee1940 nmethod 19516 0x00000216127b9010 code [0x00000216127b91a0, 0x00000216127b92b8]
Event: 50.803 Thread 0x0000021626ee1940 19515       3       org.gradle.api.internal.AbstractTask::getBuildServiceRegistry (16 bytes)
Event: 50.805 Thread 0x0000021626ee1940 nmethod 19515 0x00000216127b9390 code [0x00000216127b9580, 0x00000216127b9c88]
Event: 50.822 Thread 0x0000021626ee1940 19518       3       org.gradle.api.internal.artifacts.ivyservice.projectmodule.ProjectArtifactResolver::resolveArtifact (184 bytes)
Event: 50.825 Thread 0x0000021626ee1940 nmethod 19518 0x00000216127b9e90 code [0x00000216127ba2a0, 0x00000216127bc4f8]

GC Heap History (20 events):
Event: 45.787 GC heap before
{Heap before GC invocations=72 (full 0):
 garbage-first heap   total 393216K, used 331015K [0x0000000080000000, 0x0000000100000000)
  region size 1024K, 58 young (59392K), 9 survivors (9216K)
 Metaspace       used 115499K, committed 117184K, reserved 557056K
  class space    used 16168K, committed 17024K, reserved 425984K
}
Event: 45.799 GC heap after
{Heap after GC invocations=73 (full 0):
 garbage-first heap   total 393216K, used 286260K [0x0000000080000000, 0x0000000100000000)
  region size 1024K, 6 young (6144K), 6 survivors (6144K)
 Metaspace       used 115499K, committed 117184K, reserved 557056K
  class space    used 16168K, committed 17024K, reserved 425984K
}
Event: 46.645 GC heap before
{Heap before GC invocations=73 (full 0):
 garbage-first heap   total 393216K, used 334388K [0x0000000080000000, 0x0000000100000000)
  region size 1024K, 53 young (54272K), 6 survivors (6144K)
 Metaspace       used 116207K, committed 117952K, reserved 557056K
  class space    used 16252K, committed 17152K, reserved 425984K
}
Event: 46.656 GC heap after
{Heap after GC invocations=74 (full 0):
 garbage-first heap   total 393216K, used 291952K [0x0000000080000000, 0x0000000100000000)
  region size 1024K, 7 young (7168K), 7 survivors (7168K)
 Metaspace       used 116207K, committed 117952K, reserved 557056K
  class space    used 16252K, committed 17152K, reserved 425984K
}
Event: 47.390 GC heap before
{Heap before GC invocations=74 (full 0):
 garbage-first heap   total 393216K, used 333936K [0x0000000080000000, 0x0000000100000000)
  region size 1024K, 49 young (50176K), 7 survivors (7168K)
 Metaspace       used 116561K, committed 118336K, reserved 557056K
  class space    used 16300K, committed 17152K, reserved 425984K
}
Event: 47.399 GC heap after
{Heap after GC invocations=75 (full 0):
 garbage-first heap   total 393216K, used 297081K [0x0000000080000000, 0x0000000100000000)
  region size 1024K, 5 young (5120K), 5 survivors (5120K)
 Metaspace       used 116561K, committed 118336K, reserved 557056K
  class space    used 16300K, committed 17152K, reserved 425984K
}
Event: 47.546 GC heap before
{Heap before GC invocations=75 (full 0):
 garbage-first heap   total 393216K, used 337017K [0x0000000080000000, 0x0000000100000000)
  region size 1024K, 44 young (45056K), 5 survivors (5120K)
 Metaspace       used 116563K, committed 118336K, reserved 557056K
  class space    used 16300K, committed 17152K, reserved 425984K
}
Event: 47.552 GC heap after
{Heap after GC invocations=76 (full 0):
 garbage-first heap   total 393216K, used 298410K [0x0000000080000000, 0x0000000100000000)
  region size 1024K, 4 young (4096K), 4 survivors (4096K)
 Metaspace       used 116563K, committed 118336K, reserved 557056K
  class space    used 16300K, committed 17152K, reserved 425984K
}
Event: 47.722 GC heap before
{Heap before GC invocations=76 (full 0):
 garbage-first heap   total 393216K, used 337322K [0x0000000080000000, 0x0000000100000000)
  region size 1024K, 43 young (44032K), 4 survivors (4096K)
 Metaspace       used 116563K, committed 118336K, reserved 557056K
  class space    used 16300K, committed 17152K, reserved 425984K
}
Event: 47.726 GC heap after
{Heap after GC invocations=77 (full 0):
 garbage-first heap   total 393216K, used 298962K [0x0000000080000000, 0x0000000100000000)
  region size 1024K, 4 young (4096K), 4 survivors (4096K)
 Metaspace       used 116563K, committed 118336K, reserved 557056K
  class space    used 16300K, committed 17152K, reserved 425984K
}
Event: 48.046 GC heap before
{Heap before GC invocations=77 (full 0):
 garbage-first heap   total 393216K, used 337874K [0x0000000080000000, 0x0000000100000000)
  region size 1024K, 43 young (44032K), 4 survivors (4096K)
 Metaspace       used 116563K, committed 118336K, reserved 557056K
  class space    used 16300K, committed 17152K, reserved 425984K
}
Event: 48.051 GC heap after
{Heap after GC invocations=78 (full 0):
 garbage-first heap   total 393216K, used 299798K [0x0000000080000000, 0x0000000100000000)
  region size 1024K, 4 young (4096K), 4 survivors (4096K)
 Metaspace       used 116563K, committed 118336K, reserved 557056K
  class space    used 16300K, committed 17152K, reserved 425984K
}
Event: 48.610 GC heap before
{Heap before GC invocations=78 (full 0):
 garbage-first heap   total 393216K, used 339734K [0x0000000080000000, 0x0000000100000000)
  region size 1024K, 43 young (44032K), 4 survivors (4096K)
 Metaspace       used 116564K, committed 118336K, reserved 557056K
  class space    used 16300K, committed 17152K, reserved 425984K
}
Event: 48.615 GC heap after
{Heap after GC invocations=79 (full 0):
 garbage-first heap   total 393216K, used 300402K [0x0000000080000000, 0x0000000100000000)
  region size 1024K, 4 young (4096K), 4 survivors (4096K)
 Metaspace       used 116564K, committed 118336K, reserved 557056K
  class space    used 16300K, committed 17152K, reserved 425984K
}
Event: 49.072 GC heap before
{Heap before GC invocations=79 (full 0):
 garbage-first heap   total 393216K, used 341362K [0x0000000080000000, 0x0000000100000000)
  region size 1024K, 44 young (45056K), 4 survivors (4096K)
 Metaspace       used 116564K, committed 118336K, reserved 557056K
  class space    used 16300K, committed 17152K, reserved 425984K
}
Event: 49.078 GC heap after
{Heap after GC invocations=80 (full 0):
 garbage-first heap   total 393216K, used 302037K [0x0000000080000000, 0x0000000100000000)
  region size 1024K, 5 young (5120K), 5 survivors (5120K)
 Metaspace       used 116564K, committed 118336K, reserved 557056K
  class space    used 16300K, committed 17152K, reserved 425984K
}
Event: 49.698 GC heap before
{Heap before GC invocations=80 (full 0):
 garbage-first heap   total 393216K, used 339925K [0x0000000080000000, 0x0000000100000000)
  region size 1024K, 43 young (44032K), 5 survivors (5120K)
 Metaspace       used 116667K, committed 118464K, reserved 557056K
  class space    used 16311K, committed 17216K, reserved 425984K
}
Event: 49.705 GC heap after
{Heap after GC invocations=81 (full 0):
 garbage-first heap   total 393216K, used 303985K [0x0000000080000000, 0x0000000100000000)
  region size 1024K, 5 young (5120K), 5 survivors (5120K)
 Metaspace       used 116667K, committed 118464K, reserved 557056K
  class space    used 16311K, committed 17216K, reserved 425984K
}
Event: 50.295 GC heap before
{Heap before GC invocations=81 (full 0):
 garbage-first heap   total 393216K, used 339825K [0x0000000080000000, 0x0000000100000000)
  region size 1024K, 41 young (41984K), 5 survivors (5120K)
 Metaspace       used 116743K, committed 118528K, reserved 557056K
  class space    used 16317K, committed 17216K, reserved 425984K
}
Event: 50.301 GC heap after
{Heap after GC invocations=82 (full 0):
 garbage-first heap   total 393216K, used 305180K [0x0000000080000000, 0x0000000100000000)
  region size 1024K, 4 young (4096K), 4 survivors (4096K)
 Metaspace       used 116743K, committed 118528K, reserved 557056K
  class space    used 16317K, committed 17216K, reserved 425984K
}

Dll operation events (15 events):
Event: 0.014 Loaded shared library C:\Program Files\Eclipse Adoptium\jdk-17.0.18.8-hotspot\bin\java.dll
Event: 0.040 Loaded shared library C:\Program Files\Eclipse Adoptium\jdk-17.0.18.8-hotspot\bin\jsvml.dll
Event: 0.113 Loaded shared library C:\Program Files\Eclipse Adoptium\jdk-17.0.18.8-hotspot\bin\zip.dll
Event: 0.115 Loaded shared library C:\Program Files\Eclipse Adoptium\jdk-17.0.18.8-hotspot\bin\instrument.dll
Event: 0.120 Loaded shared library C:\Program Files\Eclipse Adoptium\jdk-17.0.18.8-hotspot\bin\net.dll
Event: 0.122 Loaded shared library C:\Program Files\Eclipse Adoptium\jdk-17.0.18.8-hotspot\bin\nio.dll
Event: 0.125 Loaded shared library C:\Program Files\Eclipse Adoptium\jdk-17.0.18.8-hotspot\bin\zip.dll
Event: 0.433 Loaded shared library C:\Program Files\Eclipse Adoptium\jdk-17.0.18.8-hotspot\bin\jimage.dll
Event: 0.966 Loaded shared library C:\Program Files\Eclipse Adoptium\jdk-17.0.18.8-hotspot\bin\verify.dll
Event: 1.057 Loaded shared library C:\Users\Nandhitha_R\.gradle\native\1def1411415f61bf3af743bc5b6707747c0891f09f0c88961ee8f79bc544acac\windows-amd64\native-platform.dll
Event: 1.084 Loaded shared library C:\Users\Nandhitha_R\.gradle\native\0.2.8\x86_64-windows-gnu\gradle-fileevents.dll
Event: 2.459 Loaded shared library C:\Program Files\Eclipse Adoptium\jdk-17.0.18.8-hotspot\bin\management.dll
Event: 2.463 Loaded shared library C:\Program Files\Eclipse Adoptium\jdk-17.0.18.8-hotspot\bin\management_ext.dll
Event: 2.727 Loaded shared library C:\Program Files\Eclipse Adoptium\jdk-17.0.18.8-hotspot\bin\extnet.dll
Event: 2.984 Loaded shared library C:\Program Files\Eclipse Adoptium\jdk-17.0.18.8-hotspot\bin\sunmscapi.dll

Deoptimization events (20 events):
Event: 50.285 Thread 0x000002164ad0f0e0 Uncommon trap: trap_request=0xffffff54 fr.pc=0x000002161908f240 relative=0x0000000000000bc0
Event: 50.285 Thread 0x000002164ad0f0e0 Uncommon trap: reason=speculate_null_assert action=make_not_entrant pc=0x000002161908f240 method=org.gradle.api.internal.file.collections.UnpackingVisitor.add(Ljava/lang/Object;)V @ 358 c2
Event: 50.285 Thread 0x000002164ad0f0e0 DEOPT PACKING pc=0x000002161908f240 sp=0x0000003f53cfc8b0
Event: 50.285 Thread 0x000002164ad0f0e0 DEOPT UNPACKING pc=0x0000021617e169a3 sp=0x0000003f53cfc848 mode 2
Event: 50.391 Thread 0x000002164ad0d790 Uncommon trap: trap_request=0xffffffc6 fr.pc=0x0000021618e9b3a4 relative=0x00000000000001e4
Event: 50.391 Thread 0x000002164ad0d790 Uncommon trap: reason=bimorphic_or_optimized_type_check action=maybe_recompile pc=0x0000021618e9b3a4 method=org.gradle.api.internal.collections.CollectionFilter.filter(Ljava/lang/Object;)Ljava/lang/Object; @ 27 c2
Event: 50.391 Thread 0x000002164ad0d790 DEOPT PACKING pc=0x0000021618e9b3a4 sp=0x0000003f536fe450
Event: 50.391 Thread 0x000002164ad0d790 DEOPT UNPACKING pc=0x0000021617e169a3 sp=0x0000003f536fe400 mode 2
Event: 50.391 Thread 0x000002164ad0d790 Uncommon trap: trap_request=0xffffffc6 fr.pc=0x0000021618e9b3a4 relative=0x00000000000001e4
Event: 50.391 Thread 0x000002164ad0d790 Uncommon trap: reason=bimorphic_or_optimized_type_check action=maybe_recompile pc=0x0000021618e9b3a4 method=org.gradle.api.internal.collections.CollectionFilter.filter(Ljava/lang/Object;)Ljava/lang/Object; @ 27 c2
Event: 50.391 Thread 0x000002164ad0d790 DEOPT PACKING pc=0x0000021618e9b3a4 sp=0x0000003f536fe450
Event: 50.391 Thread 0x000002164ad0d790 DEOPT UNPACKING pc=0x0000021617e169a3 sp=0x0000003f536fe400 mode 2
Event: 50.391 Thread 0x000002164ad0d790 Uncommon trap: trap_request=0xffffffc6 fr.pc=0x0000021618e9b3a4 relative=0x00000000000001e4
Event: 50.391 Thread 0x000002164ad0d790 Uncommon trap: reason=bimorphic_or_optimized_type_check action=maybe_recompile pc=0x0000021618e9b3a4 method=org.gradle.api.internal.collections.CollectionFilter.filter(Ljava/lang/Object;)Ljava/lang/Object; @ 27 c2
Event: 50.391 Thread 0x000002164ad0d790 DEOPT PACKING pc=0x0000021618e9b3a4 sp=0x0000003f536fe450
Event: 50.391 Thread 0x000002164ad0d790 DEOPT UNPACKING pc=0x0000021617e169a3 sp=0x0000003f536fe400 mode 2
Event: 50.391 Thread 0x000002164ad0d790 Uncommon trap: trap_request=0xffffffc6 fr.pc=0x0000021618e9b3a4 relative=0x00000000000001e4
Event: 50.391 Thread 0x000002164ad0d790 Uncommon trap: reason=bimorphic_or_optimized_type_check action=maybe_recompile pc=0x0000021618e9b3a4 method=org.gradle.api.internal.collections.CollectionFilter.filter(Ljava/lang/Object;)Ljava/lang/Object; @ 27 c2
Event: 50.391 Thread 0x000002164ad0d790 DEOPT PACKING pc=0x0000021618e9b3a4 sp=0x0000003f536fe450
Event: 50.391 Thread 0x000002164ad0d790 DEOPT UNPACKING pc=0x0000021617e169a3 sp=0x0000003f536fe400 mode 2

Classes loaded (20 events):
Event: 41.929 Loading class java/util/regex/Pattern$Neg
Event: 41.929 Loading class java/util/regex/Pattern$Neg done
Event: 41.941 Loading class javax/xml/datatype/DatatypeConfigurationException
Event: 41.948 Loading class javax/xml/datatype/DatatypeConfigurationException done
Event: 41.951 Loading class jdk/internal/reflect/UnsafeBooleanFieldAccessorImpl
Event: 41.952 Loading class jdk/internal/reflect/UnsafeBooleanFieldAccessorImpl done
Event: 41.952 Loading class jdk/internal/reflect/UnsafeIntegerFieldAccessorImpl
Event: 41.953 Loading class jdk/internal/reflect/UnsafeIntegerFieldAccessorImpl done
Event: 42.357 Loading class java/io/SequenceInputStream
Event: 42.358 Loading class java/io/SequenceInputStream done
Event: 42.431 Loading class java/util/function/IntUnaryOperator
Event: 42.432 Loading class java/util/function/IntUnaryOperator done
Event: 43.311 Loading class java/io/FilterReader
Event: 43.311 Loading class java/io/FilterReader done
Event: 43.380 Loading class java/io/NotSerializableException
Event: 43.380 Loading class java/io/NotSerializableException done
Event: 47.149 Loading class java/util/concurrent/ConcurrentSkipListMap$KeySet
Event: 47.150 Loading class java/util/concurrent/ConcurrentSkipListMap$KeySet done
Event: 47.150 Loading class java/util/concurrent/ConcurrentSkipListMap$KeyIterator
Event: 47.150 Loading class java/util/concurrent/ConcurrentSkipListMap$KeyIterator done

Classes unloaded (0 events):
No events

Classes redefined (0 events):
No events

Internal exceptions (20 events):
Event: 49.262 Thread 0x000002164ad0c350 Exception <a 'java/lang/NoSuchMethodError'{0x000000009739fa00}: static Lcom/android/build/api/variant/impl/ResValueKeyImpl;.<clinit>()V> (0x000000009739fa00) 
thrown [s\src\hotspot\share\prims\jni.cpp, line 1112]
Event: 49.263 Thread 0x000002164ad0c350 Exception <a 'java/lang/NoSuchMethodError'{0x00000000973aeff8}: static Lcom/android/build/api/variant/ResValue;.<clinit>()V> (0x00000000973aeff8) 
thrown [s\src\hotspot\share\prims\jni.cpp, line 1112]
Event: 49.285 Thread 0x000002164ad0c350 Exception <a 'sun/nio/fs/WindowsException'{0x0000000097227b40}> (0x0000000097227b40) 
thrown [s\src\hotspot\share\prims\jni.cpp, line 516]
Event: 49.337 Thread 0x000002164ad0c350 Exception <a 'sun/nio/fs/WindowsException'{0x000000009711d948}> (0x000000009711d948) 
thrown [s\src\hotspot\share\prims\jni.cpp, line 516]
Event: 49.364 Thread 0x000002164ad0c350 Exception <a 'sun/nio/fs/WindowsException'{0x00000000971d9630}> (0x00000000971d9630) 
thrown [s\src\hotspot\share\prims\jni.cpp, line 516]
Event: 49.391 Thread 0x000002164ad0ebd0 Exception <a 'sun/nio/fs/WindowsException'{0x00000000970ad210}> (0x00000000970ad210) 
thrown [s\src\hotspot\share\prims\jni.cpp, line 516]
Event: 49.420 Thread 0x000002164ad0ebd0 Exception <a 'sun/nio/fs/WindowsException'{0x0000000096f7dba8}> (0x0000000096f7dba8) 
thrown [s\src\hotspot\share\prims\jni.cpp, line 516]
Event: 49.449 Thread 0x000002164ad0ebd0 Exception <a 'sun/nio/fs/WindowsException'{0x0000000096e472c0}> (0x0000000096e472c0) 
thrown [s\src\hotspot\share\prims\jni.cpp, line 516]
Event: 49.472 Thread 0x000002164ad0ebd0 Exception <a 'sun/nio/fs/WindowsException'{0x0000000096d02fb8}> (0x0000000096d02fb8) 
thrown [s\src\hotspot\share\prims\jni.cpp, line 516]
Event: 49.498 Thread 0x000002164ad11450 Exception <a 'sun/nio/fs/WindowsException'{0x0000000096de0c38}> (0x0000000096de0c38) 
thrown [s\src\hotspot\share\prims\jni.cpp, line 516]
Event: 49.528 Thread 0x000002164ad11450 Exception <a 'sun/nio/fs/WindowsException'{0x0000000096cc0b68}> (0x0000000096cc0b68) 
thrown [s\src\hotspot\share\prims\jni.cpp, line 516]
Event: 49.570 Thread 0x000002164ad11450 Exception <a 'sun/nio/fs/WindowsException'{0x0000000096becbd8}> (0x0000000096becbd8) 
thrown [s\src\hotspot\share\prims\jni.cpp, line 516]
Event: 49.613 Thread 0x000002164ad11450 Exception <a 'sun/nio/fs/WindowsException'{0x0000000096924550}> (0x0000000096924550) 
thrown [s\src\hotspot\share\prims\jni.cpp, line 516]
Event: 49.641 Thread 0x000002164ad0ebd0 Exception <a 'sun/nio/fs/WindowsException'{0x00000000969e2ce0}> (0x00000000969e2ce0) 
thrown [s\src\hotspot\share\prims\jni.cpp, line 516]
Event: 50.810 Thread 0x000002164ad0c350 Exception <a 'java/lang/NoSuchMethodError'{0x0000000096ae8fc8}: static Lcom/android/build/gradle/internal/scope/InternalArtifactType;.<clinit>()V> (0x0000000096ae8fc8) 
thrown [s\src\hotspot\share\prims\jni.cpp, line 1112]
Event: 50.810 Thread 0x000002164ad0c350 Exception <a 'java/lang/NoSuchMethodError'{0x0000000096aea970}: static Lcom/android/build/gradle/internal/scope/InternalArtifactType;.<clinit>()V> (0x0000000096aea970) 
thrown [s\src\hotspot\share\prims\jni.cpp, line 1112]
Event: 50.810 Thread 0x000002164ad0c350 Exception <a 'java/lang/NoSuchMethodError'{0x0000000096aedd78}: static Lcom/android/build/api/artifact/Artifact$Single;.<clinit>()V> (0x0000000096aedd78) 
thrown [s\src\hotspot\share\prims\jni.cpp, line 1112]
Event: 50.811 Thread 0x000002164ad0c350 Exception <a 'java/lang/NoSuchMethodError'{0x0000000096af05a0}: static Ljava/lang/Object;.<clinit>()V> (0x0000000096af05a0) 
thrown [s\src\hotspot\share\prims\jni.cpp, line 1112]
Event: 50.812 Thread 0x000002164ad0c350 Exception <a 'java/lang/NoSuchMethodError'{0x000000009690a638}: static Lcom/android/build/api/artifact/ArtifactKind;.<clinit>()V> (0x000000009690a638) 
thrown [s\src\hotspot\share\prims\jni.cpp, line 1112]
Event: 50.813 Thread 0x000002164ad0c350 Exception <a 'java/lang/NoSuchMethodError'{0x000000009690ba40}: static Lcom/android/build/api/artifact/ArtifactKind;.<clinit>()V> (0x000000009690ba40) 
thrown [s\src\hotspot\share\prims\jni.cpp, line 1112]

VM Operations (20 events):
Event: 47.390 Executing VM operation: G1CollectForAllocation
Event: 47.400 Executing VM operation: G1CollectForAllocation done
Event: 47.546 Executing VM operation: G1CollectForAllocation
Event: 47.552 Executing VM operation: G1CollectForAllocation done
Event: 47.722 Executing VM operation: G1CollectForAllocation
Event: 47.726 Executing VM operation: G1CollectForAllocation done
Event: 48.046 Executing VM operation: G1CollectForAllocation
Event: 48.051 Executing VM operation: G1CollectForAllocation done
Event: 48.610 Executing VM operation: G1CollectForAllocation
Event: 48.615 Executing VM operation: G1CollectForAllocation done
Event: 49.071 Executing VM operation: G1CollectForAllocation
Event: 49.078 Executing VM operation: G1CollectForAllocation done
Event: 49.277 Executing VM operation: HandshakeAllThreads
Event: 49.278 Executing VM operation: HandshakeAllThreads done
Event: 49.697 Executing VM operation: G1CollectForAllocation
Event: 49.705 Executing VM operation: G1CollectForAllocation done
Event: 50.295 Executing VM operation: G1CollectForAllocation
Event: 50.301 Executing VM operation: G1CollectForAllocation done
Event: 50.819 Executing VM operation: HandshakeAllThreads
Event: 50.820 Executing VM operation: HandshakeAllThreads done

Memory protections (0 events):
No events

Nmethod flushes (20 events):
Event: 38.264 Thread 0x0000021626ee2250 flushing  nmethod 0x000002161212cc10
Event: 38.264 Thread 0x0000021626ee2250 flushing  nmethod 0x000002161212cf90
Event: 38.264 Thread 0x0000021626ee2250 flushing  nmethod 0x000002161215e010
Event: 38.264 Thread 0x0000021626ee2250 flushing  nmethod 0x00000216121abc90
Event: 38.265 Thread 0x0000021626ee2250 flushing  nmethod 0x00000216121cdc10
Event: 38.265 Thread 0x0000021626ee2250 flushing  nmethod 0x0000021612204710
Event: 38.265 Thread 0x0000021626ee2250 flushing osr nmethod 0x000002161226d910
Event: 44.103 Thread 0x0000021626ee2250 flushing  nmethod 0x00000216108b1c90
Event: 44.104 Thread 0x0000021626ee2250 flushing  nmethod 0x0000021610978390
Event: 44.119 Thread 0x0000021626ee2250 flushing  nmethod 0x0000021610f75290
Event: 44.126 Thread 0x0000021626ee2250 flushing  nmethod 0x000002161119ab10
Event: 44.126 Thread 0x0000021626ee2250 flushing  nmethod 0x000002161119ba90
Event: 44.140 Thread 0x0000021626ee2250 flushing  nmethod 0x0000021611787790
Event: 44.140 Thread 0x0000021626ee2250 flushing  nmethod 0x0000021611789490
Event: 44.140 Thread 0x0000021626ee2250 flushing  nmethod 0x000002161178cb90
Event: 44.140 Thread 0x0000021626ee2250 flushing  nmethod 0x00000216117a0a10
Event: 44.140 Thread 0x0000021626ee2250 flushing  nmethod 0x00000216117ac790
Event: 44.141 Thread 0x0000021626ee2250 flushing  nmethod 0x0000021611815a90
Event: 44.141 Thread 0x0000021626ee2250 flushing  nmethod 0x0000021611834a10
Event: 44.142 Thread 0x0000021626ee2250 flushing  nmethod 0x000002161187f890

Events (20 events):
Event: 24.466 Thread 0x000002164a8cb8c0 Thread added: 0x0000021649751ae0
Event: 25.804 Thread 0x0000021648780120 Thread added: 0x000002164c48afc0
Event: 26.236 Thread 0x0000021649751ae0 Thread exited: 0x0000021649751ae0
Event: 26.787 Thread 0x0000021648780120 Thread added: 0x000002164c48bef0
Event: 27.143 Thread 0x0000021626ee1940 Thread added: 0x000002164974f060
Event: 28.483 Thread 0x000002164974f060 Thread exited: 0x000002164974f060
Event: 28.800 Thread 0x000002164a8cb8c0 Thread exited: 0x000002164a8cb8c0
Event: 28.892 Thread 0x0000021626ee1940 Thread added: 0x000002164da323d0
Event: 28.931 Thread 0x0000021626ee1940 Thread added: 0x000002164da34e50
Event: 30.057 Thread 0x0000021648780120 Thread added: 0x0000021654410240
Event: 30.092 Thread 0x0000021648780120 Thread added: 0x0000021654410750
Event: 30.102 Thread 0x0000021648780120 Thread added: 0x0000021654411170
Event: 30.393 Thread 0x0000021648780120 Thread added: 0x0000021654411680
Event: 31.256 Thread 0x0000021648780120 Thread added: 0x00000216544125b0
Event: 31.280 Thread 0x0000021648780120 Thread added: 0x0000021654412ac0
Event: 46.643 Thread 0x000002164ad10a30 Thread added: 0x0000021654416780
Event: 48.499 Thread 0x000002164da34e50 Thread exited: 0x000002164da34e50
Event: 48.499 Thread 0x000002164da323d0 Thread exited: 0x000002164da323d0
Event: 49.261 Thread 0x0000021626ee1940 Thread added: 0x000002164da34e50
Event: 49.270 Thread 0x0000021626ee1940 Thread added: 0x000002164da323d0


Dynamic libraries:
0x00007ff6b3470000 - 0x00007ff6b347e000 	C:\Program Files\Eclipse Adoptium\jdk-17.0.18.8-hotspot\bin\java.exe
0x00007ffc71a60000 - 0x00007ffc71cc7000 	C:\Windows\SYSTEM32\ntdll.dll
0x00007ffc70190000 - 0x00007ffc70259000 	C:\Windows\System32\KERNEL32.DLL
0x00007ffc6f3f0000 - 0x00007ffc6f7e4000 	C:\Windows\System32\KERNELBASE.dll
0x00007ffc6f2a0000 - 0x00007ffc6f3eb000 	C:\Windows\System32\ucrtbase.dll
0x00007ffc2d900000 - 0x00007ffc2d918000 	C:\Program Files\Eclipse Adoptium\jdk-17.0.18.8-hotspot\bin\jli.dll
0x00007ffc2d010000 - 0x00007ffc2d02e000 	C:\Program Files\Eclipse Adoptium\jdk-17.0.18.8-hotspot\bin\VCRUNTIME140.dll
0x00007ffc71010000 - 0x00007ffc711d5000 	C:\Windows\System32\USER32.dll
0x00007ffc6ed20000 - 0x00007ffc6ed47000 	C:\Windows\System32\win32u.dll
0x00007ffc70600000 - 0x00007ffc7062b000 	C:\Windows\System32\GDI32.dll
0x00007ffc6ee10000 - 0x00007ffc6ef3b000 	C:\Windows\System32\gdi32full.dll
0x00007ffc51ff0000 - 0x00007ffc52283000 	C:\Windows\WinSxS\amd64_microsoft.windows.common-controls_6595b64144ccf1df_6.0.26100.8115_none_3e075c82e3354f9c\COMCTL32.dll
0x00007ffc6f160000 - 0x00007ffc6f203000 	C:\Windows\System32\msvcp_win.dll
0x00007ffc70270000 - 0x00007ffc70319000 	C:\Windows\System32\msvcrt.dll
0x00007ffc70f40000 - 0x00007ffc70f72000 	C:\Windows\System32\IMM32.DLL
0x00007ffc69220000 - 0x00007ffc6922c000 	C:\Program Files\Eclipse Adoptium\jdk-17.0.18.8-hotspot\bin\vcruntime140_1.dll
0x00007ffc26670000 - 0x00007ffc266fd000 	C:\Program Files\Eclipse Adoptium\jdk-17.0.18.8-hotspot\bin\msvcp140.dll
0x00007ffbce7e0000 - 0x00007ffbcf44b000 	C:\Program Files\Eclipse Adoptium\jdk-17.0.18.8-hotspot\bin\server\jvm.dll
0x00007ffc70320000 - 0x00007ffc703d6000 	C:\Windows\System32\ADVAPI32.dll
0x00007ffc711e0000 - 0x00007ffc71287000 	C:\Windows\System32\sechost.dll
0x00007ffc704e0000 - 0x00007ffc705f8000 	C:\Windows\System32\RPCRT4.dll
0x00007ffc708c0000 - 0x00007ffc70940000 	C:\Windows\System32\WS2_32.dll
0x00007ffc5aed0000 - 0x00007ffc5aedb000 	C:\Windows\SYSTEM32\VERSION.dll
0x00007ffc6e190000 - 0x00007ffc6e1ee000 	C:\Windows\SYSTEM32\POWRPROF.dll
0x00007ffc6b2f0000 - 0x00007ffc6b326000 	C:\Windows\SYSTEM32\WINMM.dll
0x00007ffc6e170000 - 0x00007ffc6e184000 	C:\Windows\SYSTEM32\UMPDC.dll
0x00007ffc6d090000 - 0x00007ffc6d0ab000 	C:\Windows\SYSTEM32\kernel.appcore.dll
0x00007ffc61e70000 - 0x00007ffc61e7a000 	C:\Program Files\Eclipse Adoptium\jdk-17.0.18.8-hotspot\bin\jimage.dll
0x00007ffc6c300000 - 0x00007ffc6c542000 	C:\Windows\SYSTEM32\DBGHELP.DLL
0x00007ffc70a00000 - 0x00007ffc70d82000 	C:\Windows\System32\combase.dll
0x00007ffc70680000 - 0x00007ffc70758000 	C:\Windows\System32\OLEAUT32.dll
0x00007ffc4c2d0000 - 0x00007ffc4c30b000 	C:\Windows\SYSTEM32\dbgcore.DLL
0x00007ffc6f0b0000 - 0x00007ffc6f155000 	C:\Windows\System32\bcryptPrimitives.dll
0x00007ffc58f30000 - 0x00007ffc58f3e000 	C:\Program Files\Eclipse Adoptium\jdk-17.0.18.8-hotspot\bin\instrument.dll
0x00007ffc2a150000 - 0x00007ffc2a175000 	C:\Program Files\Eclipse Adoptium\jdk-17.0.18.8-hotspot\bin\java.dll
0x00007ffc037c0000 - 0x00007ffc03897000 	C:\Program Files\Eclipse Adoptium\jdk-17.0.18.8-hotspot\bin\jsvml.dll
0x00007ffc712b0000 - 0x00007ffc71a17000 	C:\Windows\System32\SHELL32.dll
0x00007ffc6ef40000 - 0x00007ffc6f0aa000 	C:\Windows\System32\wintypes.dll
0x00007ffc6e330000 - 0x00007ffc6eb98000 	C:\Windows\System32\windows.storage.dll
0x00007ffc703e0000 - 0x00007ffc704d8000 	C:\Windows\System32\SHCORE.dll
0x00007ffc70120000 - 0x00007ffc70186000 	C:\Windows\System32\shlwapi.dll
0x00007ffc6e250000 - 0x00007ffc6e279000 	C:\Windows\SYSTEM32\profapi.dll
0x00007ffc29ea0000 - 0x00007ffc29eb8000 	C:\Program Files\Eclipse Adoptium\jdk-17.0.18.8-hotspot\bin\zip.dll
0x00007ffc290e0000 - 0x00007ffc290fa000 	C:\Program Files\Eclipse Adoptium\jdk-17.0.18.8-hotspot\bin\net.dll
0x00007ffc64710000 - 0x00007ffc6483d000 	C:\Windows\SYSTEM32\WINHTTP.dll
0x00007ffc6d630000 - 0x00007ffc6d69c000 	C:\Windows\system32\mswsock.dll
0x00007ffc290c0000 - 0x00007ffc290d6000 	C:\Program Files\Eclipse Adoptium\jdk-17.0.18.8-hotspot\bin\nio.dll
0x00007ffc4c0a0000 - 0x00007ffc4c0b0000 	C:\Program Files\Eclipse Adoptium\jdk-17.0.18.8-hotspot\bin\verify.dll
0x00007ffc2a120000 - 0x00007ffc2a147000 	C:\Users\Nandhitha_R\.gradle\native\1def1411415f61bf3af743bc5b6707747c0891f09f0c88961ee8f79bc544acac\windows-amd64\native-platform.dll
0x00007ffbf1370000 - 0x00007ffbf13e7000 	C:\Users\Nandhitha_R\.gradle\native\0.2.8\x86_64-windows-gnu\gradle-fileevents.dll
0x00007ffc32fb0000 - 0x00007ffc32fba000 	C:\Program Files\Eclipse Adoptium\jdk-17.0.18.8-hotspot\bin\management.dll
0x00007ffc31780000 - 0x00007ffc3178c000 	C:\Program Files\Eclipse Adoptium\jdk-17.0.18.8-hotspot\bin\management_ext.dll
0x00007ffc70260000 - 0x00007ffc70268000 	C:\Windows\System32\PSAPI.DLL
0x00007ffc6ca10000 - 0x00007ffc6ca42000 	C:\Windows\SYSTEM32\IPHLPAPI.DLL
0x00007ffc70d90000 - 0x00007ffc70d9a000 	C:\Windows\System32\NSI.dll
0x00007ffc68960000 - 0x00007ffc6897d000 	C:\Windows\SYSTEM32\dhcpcsvc6.DLL
0x00007ffc68890000 - 0x00007ffc688b5000 	C:\Windows\SYSTEM32\dhcpcsvc.DLL
0x00007ffc6ca50000 - 0x00007ffc6cb82000 	C:\Windows\SYSTEM32\DNSAPI.dll
0x00007ffc2dd30000 - 0x00007ffc2dd39000 	C:\Program Files\Eclipse Adoptium\jdk-17.0.18.8-hotspot\bin\extnet.dll
0x00007ffc6d920000 - 0x00007ffc6d93b000 	C:\Windows\SYSTEM32\CRYPTSP.dll
0x00007ffc6cff0000 - 0x00007ffc6d029000 	C:\Windows\system32\rsaenh.dll
0x00007ffc6d6e0000 - 0x00007ffc6d713000 	C:\Windows\SYSTEM32\USERENV.dll
0x00007ffc6e220000 - 0x00007ffc6e24a000 	C:\Windows\SYSTEM32\bcrypt.dll
0x00007ffc6d910000 - 0x00007ffc6d91c000 	C:\Windows\SYSTEM32\CRYPTBASE.dll
0x00007ffc2d1a0000 - 0x00007ffc2d1ae000 	C:\Program Files\Eclipse Adoptium\jdk-17.0.18.8-hotspot\bin\sunmscapi.dll
0x00007ffc6eba0000 - 0x00007ffc6ed17000 	C:\Windows\System32\CRYPT32.dll
0x00007ffc6db30000 - 0x00007ffc6db60000 	C:\Windows\SYSTEM32\ncrypt.dll
0x00007ffc6dae0000 - 0x00007ffc6db1f000 	C:\Windows\SYSTEM32\NTASN1.dll
0x00007ffc3d570000 - 0x00007ffc3d578000 	C:\Windows\system32\wshunix.dll

dbghelp: loaded successfully - version: 4.0.5 - missing functions: none
symbol engine: initialized successfully - sym options: 0x614 - pdb path: .;C:\Program Files\Eclipse Adoptium\jdk-17.0.18.8-hotspot\bin;C:\Windows\SYSTEM32;C:\Windows\WinSxS\amd64_microsoft.windows.common-controls_6595b64144ccf1df_6.0.26100.8115_none_3e075c82e3354f9c;C:\Program Files\Eclipse Adoptium\jdk-17.0.18.8-hotspot\bin\server;C:\Users\Nandhitha_R\.gradle\native\1def1411415f61bf3af743bc5b6707747c0891f09f0c88961ee8f79bc544acac\windows-amd64;C:\Users\Nandhitha_R\.gradle\native\0.2.8\x86_64-windows-gnu

VM Arguments:
jvm_args: --add-opens=java.base/java.lang=ALL-UNNAMED --add-opens=java.base/java.lang.invoke=ALL-UNNAMED --add-opens=java.base/java.util=ALL-UNNAMED --add-opens=java.prefs/java.util.prefs=ALL-UNNAMED --add-exports=jdk.compiler/com.sun.tools.javac.api=ALL-UNNAMED --add-exports=jdk.compiler/com.sun.tools.javac.util=ALL-UNNAMED --add-opens=java.base/java.util=ALL-UNNAMED --add-opens=java.prefs/java.util.prefs=ALL-UNNAMED --add-opens=java.base/java.nio.charset=ALL-UNNAMED --add-opens=java.base/java.net=ALL-UNNAMED --add-opens=java.base/java.util.concurrent=ALL-UNNAMED --add-opens=java.base/java.util.concurrent.atomic=ALL-UNNAMED --add-opens=java.xml/javax.xml.namespace=ALL-UNNAMED -XX:MaxMetaspaceSize=512m -Xmx2048m -Dfile.encoding=windows-1252 -Duser.country=IN -Duser.language=en -Duser.variant -javaagent:C:\Users\Nandhitha_R\.gradle\wrapper\dists\gradle-9.0.0-bin\d6wjpkvcgsg3oed0qlfss3wgl\gradle-9.0.0\lib\agents\gradle-instrumentation-agent-9.0.0.jar 
java_command: org.gradle.launcher.daemon.bootstrap.GradleDaemon 9.0.0
java_class_path (initial): C:\Users\Nandhitha_R\.gradle\wrapper\dists\gradle-9.0.0-bin\d6wjpkvcgsg3oed0qlfss3wgl\gradle-9.0.0\lib\gradle-daemon-main-9.0.0.jar
Launcher Type: SUN_STANDARD

[Global flags]
     intx CICompilerCount                          = 4                                         {product} {ergonomic}
   size_t CompressedClassSpaceSize                 = 436207616                                 {product} {ergonomic}
     uint ConcGCThreads                            = 3                                         {product} {ergonomic}
     uint G1ConcRefinementThreads                  = 10                                        {product} {ergonomic}
   size_t G1HeapRegionSize                         = 1048576                                   {product} {ergonomic}
    uintx GCDrainStackTargetSize                   = 64                                        {product} {ergonomic}
   size_t InitialHeapSize                          = 264241152                                 {product} {ergonomic}
   size_t MarkStackSize                            = 4194304                                   {product} {ergonomic}
   size_t MaxHeapSize                              = 2147483648                                {product} {command line}
   size_t MaxMetaspaceSize                         = 536870912                                 {product} {command line}
   size_t MaxNewSize                               = 1287651328                                {product} {ergonomic}
   size_t MinHeapDeltaBytes                        = 1048576                                   {product} {ergonomic}
   size_t MinHeapSize                              = 8388608                                   {product} {ergonomic}
    uintx NonNMethodCodeHeapSize                   = 5839372                                {pd product} {ergonomic}
    uintx NonProfiledCodeHeapSize                  = 122909434                              {pd product} {ergonomic}
    uintx ProfiledCodeHeapSize                     = 122909434                              {pd product} {ergonomic}
    uintx ReservedCodeCacheSize                    = 251658240                              {pd product} {ergonomic}
     bool SegmentedCodeCache                       = true                                      {product} {ergonomic}
   size_t SoftMaxHeapSize                          = 2147483648                             {manageable} {ergonomic}
     bool UseCompressedClassPointers               = true                           {product lp64_product} {ergonomic}
     bool UseCompressedOops                        = true                           {product lp64_product} {ergonomic}
     bool UseG1GC                                  = true                                      {product} {ergonomic}
     bool UseLargePagesIndividualAllocation        = false                                  {pd product} {ergonomic}

Logging:
Log output configuration:
 #0: stdout all=warning uptime,level,tags
 #1: stderr all=off uptime,level,tags

Environment Variables:
JAVA_HOME=C:\Program Files\Eclipse Adoptium\jdk-17.0.18.8-hotspot
PATH=D:\apps\caltims mobile app\frontend\node_modules\.bin;D:\apps\caltims mobile app\frontend\node_modules\.bin;D:\apps\caltims mobile app\node_modules\.bin;D:\apps\node_modules\.bin;D:\node_modules\.bin;C:\Users\Nandhitha_R\AppData\Roaming\npm\node_modules\npm\node_modules\@npmcli\run-script\lib\node-gyp-bin;C:\Program Files\Eclipse Adoptium\jdk-17.0.18.8-hotspot\bin;C:\Program Files\Python312\Scripts\;C:\Program Files\Python312\;C:\Windows\System32;C:\Program Files\Git\cmd;C:\Program Files\Eclipse Adoptium\jdk-17.0.18.8-hotspot\bin;C:\Program Files\nodejs\;C:\Users\Nandhitha_R\AppData\Local\Android\Sdk\platform-tools;C:\Users\Nandhitha_R\AppData\Local\Android\Sdk\emulator;C:\Program Files\Eclipse Adoptium\jdk-17.0.18.8-hotspot\bin;C:\Users\Nandhitha_R\AppData\Local\Programs\Python\Python312;C:\Program Files\MongoDB\Server\7.0\bin;C:\Users\Nandhitha_R\AppData\Local\Programs\Python\Launcher\;C:\Users\Nandhitha_R\AppData\Roaming\npm;C:\Users\Nandhitha_R\AppData\Local\Programs\Microsoft VS Code\bin;D:\Program Files\Antigravity\bin;c:\Users\Nandhitha_R\.trae\extensions\vscjava.vscode-java-debug-0.59.0-universal\bundled\scripts\noConfigScripts
USERNAME=Nandhitha_R
LANG=en_US.UTF-8
OS=Windows_NT
PROCESSOR_IDENTIFIER=Intel64 Family 6 Model 154 Stepping 4, GenuineIntel
TMP=C:\Users\NANDHI~1\AppData\Local\Temp
TEMP=C:\Users\NANDHI~1\AppData\Local\Temp



Periodic native trim disabled


---------------  S Y S T E M  ---------------

OS:
 Windows 11 , 64 bit Build 26100 (10.0.26100.8246)
OS uptime: 2 days 5:46 hours
Hyper-V role detected

CPU: total 12 (initial active 12) (6 cores per cpu, 2 threads per core) family 6 model 154 stepping 4 microcode 0x43b, cx8, cmov, fxsr, ht, mmx, 3dnowpref, sse, sse2, sse3, ssse3, sse4.1, sse4.2, popcnt, lzcnt, tsc, tscinvbit, avx, avx2, aes, erms, clmul, bmi1, bmi2, adx, sha, fma, vzeroupper, clflush, clflushopt, clwb, hv
Processor Information for all 12 processors :
  Max Mhz: 1300, Current Mhz: 1300, Mhz Limit: 1300

Memory: 4k page, system-wide physical 16068M (1645M free)
TotalPageFile size 23699M (AvailPageFile size 36M)
current process WorkingSet (physical memory assigned to process): 759M, peak: 767M
current process commit charge ("private bytes"): 816M, peak: 824M

vm_info: OpenJDK 64-Bit Server VM (17.0.18+8) for windows-amd64 JRE (17.0.18+8), built on Jan 20 2026 22:28:22 by "admin" with MS VC++ 17.12 (VS2022)

END.
