#
# There is insufficient memory for the Java Runtime Environment to continue.
# Native memory allocation (mmap) failed to map 60817408 bytes. Error detail: G1 virtual space
# Possible reasons:
#   The system is out of physical RAM or swap space
#   This process is running with CompressedOops enabled, and the Java Heap may be blocking the growth of the native heap
# Possible solutions:
#   Reduce memory load on the system
#   Increase physical memory or swap space
#   Check if swap backing store is full
#   Decrease Java heap size (-Xmx/-Xms)
#   Decrease number of Java threads
#   Decrease Java thread stack sizes (-Xss)
#   Set larger code cache with -XX:ReservedCodeCacheSize=
#   JVM is running with Unscaled Compressed Oops mode in which the Java heap is
#     placed in the first 4GB address space. The Java Heap base address is the
#     maximum limit for the native heap growth. Please use -XX:HeapBaseMinAddress
#     to set the Java Heap base and to place the Java Heap above 4GB virtual address.
# This output file may be truncated or incomplete.
#
#  Out of Memory Error (os_windows.cpp:3618), pid=19216, tid=22288
#
# JRE version: OpenJDK Runtime Environment Temurin-17.0.18+8 (17.0.18+8) (build 17.0.18+8)
# Java VM: OpenJDK 64-Bit Server VM Temurin-17.0.18+8 (17.0.18+8, mixed mode, sharing, tiered, compressed oops, compressed class ptrs, g1 gc, windows-amd64)
# No core dump will be written. Minidumps are not enabled by default on client versions of Windows
#

---------------  S U M M A R Y ------------

Command Line: --add-opens=java.base/java.lang=ALL-UNNAMED --add-opens=java.base/java.lang.invoke=ALL-UNNAMED --add-opens=java.base/java.util=ALL-UNNAMED --add-opens=java.prefs/java.util.prefs=ALL-UNNAMED --add-exports=jdk.compiler/com.sun.tools.javac.api=ALL-UNNAMED --add-exports=jdk.compiler/com.sun.tools.javac.util=ALL-UNNAMED --add-opens=java.base/java.util=ALL-UNNAMED --add-opens=java.prefs/java.util.prefs=ALL-UNNAMED --add-opens=java.base/java.nio.charset=ALL-UNNAMED --add-opens=java.base/java.net=ALL-UNNAMED --add-opens=java.base/java.util.concurrent=ALL-UNNAMED --add-opens=java.base/java.util.concurrent.atomic=ALL-UNNAMED --add-opens=java.xml/javax.xml.namespace=ALL-UNNAMED -XX:MaxMetaspaceSize=256m -XX:+HeapDumpOnOutOfMemoryError -Xmx1024m -Dfile.encoding=UTF-8 -Duser.country=IN -Duser.language=en -Duser.variant -javaagent:C:\Users\Nandhitha_R\.gradle\wrapper\dists\gradle-9.0.0-bin\d6wjpkvcgsg3oed0qlfss3wgl\gradle-9.0.0\lib\agents\gradle-instrumentation-agent-9.0.0.jar org.gradle.launcher.daemon.bootstrap.GradleDaemon 9.0.0

Host: 12th Gen Intel(R) Core(TM) i5-1235U, 12 cores, 15G,  Windows 11 , 64 bit Build 26100 (10.0.26100.8328)
Time: Mon May  4 15:49:29 2026 India Standard Time elapsed time: 14.045991 seconds (0d 0h 0m 14s)

---------------  T H R E A D  ---------------

Current thread (0x000001733c3a7d00):  VMThread "VM Thread" [stack: 0x0000002947d00000,0x0000002947e00000] [id=22288]

Stack: [0x0000002947d00000,0x0000002947e00000]
Native frames: (J=compiled Java code, j=interpreted, Vv=VM code, C=native code)
V  [jvm.dll+0x6846f9]
V  [jvm.dll+0x839ea5]
V  [jvm.dll+0x83b91e]
V  [jvm.dll+0x83bfa3]
V  [jvm.dll+0x248eff]
V  [jvm.dll+0x6814b9]
V  [jvm.dll+0x6762ba]
V  [jvm.dll+0x309257]
V  [jvm.dll+0x310826]
V  [jvm.dll+0x360d9e]
V  [jvm.dll+0x360fdd]
V  [jvm.dll+0x2e02dc]
V  [jvm.dll+0x2de6b2]
V  [jvm.dll+0x2dde4c]
V  [jvm.dll+0x320aeb]
V  [jvm.dll+0x8407bd]
V  [jvm.dll+0x8414f3]
V  [jvm.dll+0x841a1f]
V  [jvm.dll+0x841e05]
V  [jvm.dll+0x841ece]
V  [jvm.dll+0x7eaaec]
V  [jvm.dll+0x6835c7]
C  [ucrtbase.dll+0x37b0]
C  [KERNEL32.DLL+0x2e957]
C  [ntdll.dll+0x427c]

VM_Operation (0x00000029496ed310): G1CollectForAllocation, mode: safepoint, requested by thread 0x0000017350cce6a0


---------------  P R O C E S S  ---------------

Threads class SMR info:
_java_thread_list=0x0000017355aefe60, length=191, elements={
0x0000017320051bf0, 0x000001733c3addf0, 0x000001733c3ae8c0, 0x000001733c3c39c0,
0x000001733c3c4290, 0x000001733c3c4b60, 0x000001733c3c5430, 0x000001733c3c7040,
0x000001733c3c9960, 0x000001733c3ca270, 0x000001733c5e3d50, 0x000001733c613bc0,
0x000001733c6a1180, 0x0000017350ccc840, 0x0000017350ccd770, 0x0000017350ccd260,
0x0000017350ccebb0, 0x0000017350cce190, 0x0000017350cccd50, 0x0000017350cce6a0,
0x0000017350ccc330, 0x0000017350ccdc80, 0x0000017350ccf0c0, 0x0000017350ccf5d0,
0x0000017350ccbe20, 0x0000017351d51060, 0x0000017351d538e0, 0x0000017351d533d0,
0x0000017351d51570, 0x0000017351d529b0, 0x0000017351d52ec0, 0x0000017351d524a0,
0x0000017351d50130, 0x0000017351d51a80, 0x0000017351d53df0, 0x0000017351d54300,
0x0000017351d50b50, 0x0000017351d54810, 0x0000017351d54d20, 0x0000017351d55230,
0x0000017351d55740, 0x0000017351d51f90, 0x000001734f36d0d0, 0x0000017351d57090,
0x0000017351d56160, 0x0000017351d55c50, 0x0000017351d56670, 0x0000017351d56b80,
0x0000017351d575a0, 0x0000017351d57ab0, 0x00000173515378f0, 0x0000017351536ed0,
0x0000017351535580, 0x00000173515373e0, 0x0000017351535fa0, 0x0000017351535a90,
0x0000017351537e00, 0x0000017351538310, 0x0000017351538820, 0x0000017351535070,
0x00000173515369c0, 0x0000017351538d30, 0x0000017351539750, 0x0000017351539240,
0x0000017351539c60, 0x00000173515364b0, 0x000001735153b5b0, 0x000001735153a680,
0x000001735153bfd0, 0x000001735153c4e0, 0x000001735153c9f0, 0x000001735153a170,
0x000001735153ab90, 0x000001735153bac0, 0x000001735153b0a0, 0x00000173517509e0,
0x0000017351750ef0, 0x00000173517504d0, 0x000001735174f090, 0x000001735174f5a0,
0x000001735174fab0, 0x000001735174ffc0, 0x0000017351751400, 0x0000017353708190,
0x00000173537095d0, 0x0000017353707770, 0x00000173537086a0, 0x0000017353707c80,
0x0000017353709ae0, 0x0000017353709ff0, 0x0000017353707260, 0x000001735370a500,
0x0000017353708bb0, 0x0000017353706d50, 0x000001735370aa10, 0x000001735370af20,
0x000001735370b430, 0x000001735370b940, 0x00000173537090c0, 0x000001735370d7a0,
0x000001735370be50, 0x000001735370dcb0, 0x000001735370e1c0, 0x000001735370c870,
0x000001735370d290, 0x000001735370cd80, 0x000001735370e6d0, 0x000001735370c360,
0x0000017354dd33d0, 0x0000017354dd38e0, 0x0000017354dd1f90, 0x0000017354dd1060,
0x0000017354dd2ec0, 0x0000017354dd4d20, 0x0000017354dd29b0, 0x0000017354dd1a80,
0x0000017354dd3df0, 0x0000017354dd4300, 0x0000017354dd1570, 0x0000017354dd24a0,
0x0000017354dd4810, 0x0000017354dd5740, 0x0000017354dd7090, 0x0000017354dd75a0,
0x0000017354dd5c50, 0x0000017354dd5230, 0x0000017354dd6160, 0x0000017354dd6670,
0x0000017354dd6b80, 0x0000017354dd7ab0, 0x0000017354dd7fc0, 0x0000017354dd84d0,
0x000001735530d6a0, 0x000001735530b840, 0x000001735530e0c0, 0x000001735530bd50,
0x000001735530dbb0, 0x000001735530b330, 0x000001735530ae20, 0x000001735530a910,
0x000001735530fa10, 0x000001735530c770, 0x000001735530e5d0, 0x000001735530c260,
0x000001735530eff0, 0x000001735530eae0, 0x000001735530f500, 0x000001735530ff20,
0x0000017355310430, 0x000001735530cc80, 0x0000017355310940, 0x000001735530d190,
0x0000017355310e50, 0x0000017355311d80, 0x0000017355311870, 0x0000017355311360,
0x0000017355312290, 0x0000017354a68df0, 0x0000017354a69300, 0x0000017354a688e0,
0x0000017354a6ac50, 0x0000017354a6b670, 0x0000017354a6b160, 0x0000017354a69810,
0x0000017354a67ec0, 0x0000017354a6bb80, 0x0000017354a683d0, 0x0000017354a6c090,
0x0000017354a6d4d0, 0x0000017354a6c5a0, 0x0000017354a6a230, 0x0000017354a69d20,
0x0000017354a6cab0, 0x0000017354a6cfc0, 0x0000017354a6a740, 0x0000017354a6d9e0,
0x0000017354a6def0, 0x0000017354a6f330, 0x0000017354a6e400, 0x0000017354a6e910,
0x0000017354a6f840, 0x0000017353781100, 0x0000017353782540, 0x000001735377f7b0,
0x0000017353781b20, 0x0000017353781610, 0x000001735377fcc0, 0x0000017353780bf0,
0x000001735377f2a0, 0x0000017353782030, 0x00000173537801d0
}

Java Threads: ( => current thread )
  0x0000017320051bf0 JavaThread "main" [_thread_blocked, id=24260, stack(0x0000002947700000,0x0000002947800000)]
  0x000001733c3addf0 JavaThread "Reference Handler" daemon [_thread_blocked, id=19000, stack(0x0000002947e00000,0x0000002947f00000)]
  0x000001733c3ae8c0 JavaThread "Finalizer" daemon [_thread_blocked, id=17536, stack(0x0000002947f00000,0x0000002948000000)]
  0x000001733c3c39c0 JavaThread "Signal Dispatcher" daemon [_thread_blocked, id=20644, stack(0x0000002948000000,0x0000002948100000)]
  0x000001733c3c4290 JavaThread "Attach Listener" daemon [_thread_blocked, id=24500, stack(0x0000002948100000,0x0000002948200000)]
  0x000001733c3c4b60 JavaThread "Service Thread" daemon [_thread_blocked, id=7304, stack(0x0000002948200000,0x0000002948300000)]
  0x000001733c3c5430 JavaThread "Monitor Deflation Thread" daemon [_thread_blocked, id=12052, stack(0x0000002948300000,0x0000002948400000)]
  0x000001733c3c7040 JavaThread "C2 CompilerThread0" daemon [_thread_in_native, id=12508, stack(0x0000002948400000,0x0000002948500000)]
  0x000001733c3c9960 JavaThread "C1 CompilerThread0" daemon [_thread_blocked, id=6980, stack(0x0000002948500000,0x0000002948600000)]
  0x000001733c3ca270 JavaThread "Sweeper thread" daemon [_thread_blocked, id=23676, stack(0x0000002948600000,0x0000002948700000)]
  0x000001733c5e3d50 JavaThread "Common-Cleaner" daemon [_thread_blocked, id=7660, stack(0x0000002948700000,0x0000002948800000)]
  0x000001733c613bc0 JavaThread "C2 CompilerThread1" daemon [_thread_blocked, id=21440, stack(0x0000002948800000,0x0000002948900000)]
  0x000001733c6a1180 JavaThread "Notification Thread" daemon [_thread_blocked, id=24148, stack(0x0000002948900000,0x0000002948a00000)]
  0x0000017350ccc840 JavaThread "Daemon health stats" [_thread_blocked, id=21212, stack(0x0000002948b00000,0x0000002948c00000)]
  0x0000017350ccd770 JavaThread "Incoming local TCP Connector on port 51478" [_thread_in_native, id=25468, stack(0x0000002949100000,0x0000002949200000)]
  0x0000017350ccd260 JavaThread "Daemon periodic checks" [_thread_blocked, id=10108, stack(0x0000002949200000,0x0000002949300000)]
  0x0000017350ccebb0 JavaThread "Daemon" [_thread_blocked, id=12616, stack(0x0000002949300000,0x0000002949400000)]
  0x0000017350cce190 JavaThread "Handler for socket connection from /127.0.0.1:51478 to /127.0.0.1:51479" [_thread_in_native, id=15148, stack(0x0000002949400000,0x0000002949500000)]
  0x0000017350cccd50 JavaThread "Cancel handler" [_thread_blocked, id=22012, stack(0x0000002949500000,0x0000002949600000)]
  0x0000017350cce6a0 JavaThread "Daemon worker" [_thread_blocked, id=10152, stack(0x0000002949600000,0x0000002949700000)]
  0x0000017350ccc330 JavaThread "Asynchronous log dispatcher for DefaultDaemonConnection: socket connection from /127.0.0.1:51478 to /127.0.0.1:51479" [_thread_blocked, id=12920, stack(0x0000002949700000,0x0000002949800000)]
  0x0000017350ccdc80 JavaThread "Stdin handler" [_thread_blocked, id=20976, stack(0x0000002949800000,0x0000002949900000)]
  0x0000017350ccf0c0 JavaThread "Daemon client event forwarder" [_thread_blocked, id=15720, stack(0x0000002949900000,0x0000002949a00000)]
  0x0000017350ccf5d0 JavaThread "Cache worker for journal cache (C:\Users\Nandhitha_R\.gradle\caches\journal-1)" [_thread_blocked, id=21728, stack(0x0000002949a00000,0x0000002949b00000)]
  0x0000017350ccbe20 JavaThread "File lock request listener" [_thread_in_native, id=20848, stack(0x0000002949b00000,0x0000002949c00000)]
  0x0000017351d51060 JavaThread "Cache worker for file hash cache (C:\Users\Nandhitha_R\.gradle\caches\9.0.0\fileHashes)" [_thread_blocked, id=10628, stack(0x0000002949c00000,0x0000002949d00000)]
  0x0000017351d538e0 JavaThread "Cache worker for file hash cache (D:\apps\caltims mobile app\frontend\android\.gradle\9.0.0\fileHashes)" [_thread_blocked, id=12380, stack(0x000000294a400000,0x000000294a500000)]
  0x0000017351d533d0 JavaThread "Cache worker for Build Output Cleanup Cache (D:\apps\caltims mobile app\frontend\android\.gradle\buildOutputCleanup)" [_thread_blocked, id=23916, stack(0x000000294a500000,0x000000294a600000)]
  0x0000017351d51570 JavaThread "File watcher server" daemon [_thread_in_native, id=19052, stack(0x000000294a600000,0x000000294a700000)]
  0x0000017351d529b0 JavaThread "File watcher consumer" daemon [_thread_blocked, id=12532, stack(0x000000294a700000,0x000000294a800000)]
  0x0000017351d52ec0 JavaThread "Cache worker for checksums cache (D:\apps\caltims mobile app\frontend\android\.gradle\9.0.0\checksums)" [_thread_blocked, id=20068, stack(0x000000294a800000,0x000000294a900000)]
  0x0000017351d524a0 JavaThread "Cache worker for file content cache (C:\Users\Nandhitha_R\.gradle\caches\9.0.0\fileContent)" [_thread_blocked, id=19820, stack(0x000000294a900000,0x000000294aa00000)]
  0x0000017351d50130 JavaThread "Cache worker for cache directory md-supplier (C:\Users\Nandhitha_R\.gradle\caches\9.0.0\md-supplier)" [_thread_blocked, id=20492, stack(0x000000294aa00000,0x000000294ab00000)]
  0x0000017351d51a80 JavaThread "Cache worker for cache directory md-rule (C:\Users\Nandhitha_R\.gradle\caches\9.0.0\md-rule)" [_thread_blocked, id=13924, stack(0x000000294ab00000,0x000000294ac00000)]
  0x0000017351d53df0 JavaThread "jar transforms" [_thread_blocked, id=20488, stack(0x000000294ac00000,0x000000294ad00000)]
  0x0000017351d54300 JavaThread "Cache worker for Build Output Cleanup Cache (D:\apps\caltims mobile app\frontend\node_modules\@react-native\gradle-plugin\.gradle\buildOutputCleanup)" [_thread_blocked, id=24524, stack(0x000000294ad00000,0x000000294ae00000)]
  0x0000017351d50b50 JavaThread "Unconstrained build operations" [_thread_blocked, id=5228, stack(0x000000294ae00000,0x000000294af00000)]
  0x0000017351d54810 JavaThread "Unconstrained build operations Thread 2" [_thread_blocked, id=5352, stack(0x000000294af00000,0x000000294b000000)]
  0x0000017351d54d20 JavaThread "Unconstrained build operations Thread 3" [_thread_blocked, id=4596, stack(0x000000294b000000,0x000000294b100000)]
  0x0000017351d55230 JavaThread "Unconstrained build operations Thread 4" [_thread_blocked, id=24080, stack(0x000000294b100000,0x000000294b200000)]
  0x0000017351d55740 JavaThread "Unconstrained build operations Thread 5" [_thread_blocked, id=24152, stack(0x000000294b200000,0x000000294b300000)]
  0x0000017351d51f90 JavaThread "Unconstrained build operations Thread 6" [_thread_blocked, id=9620, stack(0x000000294b300000,0x000000294b400000)]
  0x000001734f36d0d0 JavaThread "C2 CompilerThread2" daemon [_thread_blocked, id=25480, stack(0x0000002949d00000,0x0000002949e00000)]
  0x0000017351d57090 JavaThread "Unconstrained build operations Thread 7" [_thread_blocked, id=12488, stack(0x000000294b400000,0x000000294b500000)]
  0x0000017351d56160 JavaThread "Unconstrained build operations Thread 8" [_thread_blocked, id=22016, stack(0x000000294b500000,0x000000294b600000)]
  0x0000017351d55c50 JavaThread "Unconstrained build operations Thread 9" [_thread_blocked, id=8036, stack(0x000000294b600000,0x000000294b700000)]
  0x0000017351d56670 JavaThread "Unconstrained build operations Thread 10" [_thread_blocked, id=8032, stack(0x000000294b700000,0x000000294b800000)]
  0x0000017351d56b80 JavaThread "Unconstrained build operations Thread 11" [_thread_blocked, id=9484, stack(0x000000294b800000,0x000000294b900000)]
  0x0000017351d575a0 JavaThread "Unconstrained build operations Thread 12" [_thread_blocked, id=12588, stack(0x000000294b900000,0x000000294ba00000)]
  0x0000017351d57ab0 JavaThread "Unconstrained build operations Thread 13" [_thread_blocked, id=17740, stack(0x000000294ba00000,0x000000294bb00000)]
  0x00000173515378f0 JavaThread "Unconstrained build operations Thread 14" [_thread_blocked, id=6852, stack(0x000000294bb00000,0x000000294bc00000)]
  0x0000017351536ed0 JavaThread "Unconstrained build operations Thread 15" [_thread_blocked, id=20012, stack(0x000000294bc00000,0x000000294bd00000)]
  0x0000017351535580 JavaThread "Unconstrained build operations Thread 16" [_thread_blocked, id=23828, stack(0x000000294bd00000,0x000000294be00000)]
  0x00000173515373e0 JavaThread "Unconstrained build operations Thread 17" [_thread_blocked, id=22848, stack(0x000000294be00000,0x000000294bf00000)]
  0x0000017351535fa0 JavaThread "Unconstrained build operations Thread 18" [_thread_blocked, id=1816, stack(0x000000294bf00000,0x000000294c000000)]
  0x0000017351535a90 JavaThread "Unconstrained build operations Thread 19" [_thread_blocked, id=25588, stack(0x000000294c000000,0x000000294c100000)]
  0x0000017351537e00 JavaThread "Unconstrained build operations Thread 20" [_thread_blocked, id=10992, stack(0x000000294c100000,0x000000294c200000)]
  0x0000017351538310 JavaThread "Unconstrained build operations Thread 21" [_thread_blocked, id=20684, stack(0x000000294c200000,0x000000294c300000)]
  0x0000017351538820 JavaThread "Unconstrained build operations Thread 22" [_thread_blocked, id=17900, stack(0x000000294c300000,0x000000294c400000)]
  0x0000017351535070 JavaThread "Unconstrained build operations Thread 23" [_thread_blocked, id=25092, stack(0x000000294c400000,0x000000294c500000)]
  0x00000173515369c0 JavaThread "Unconstrained build operations Thread 24" [_thread_blocked, id=9476, stack(0x000000294c500000,0x000000294c600000)]
  0x0000017351538d30 JavaThread "Unconstrained build operations Thread 25" [_thread_blocked, id=16236, stack(0x000000294c600000,0x000000294c700000)]
  0x0000017351539750 JavaThread "Unconstrained build operations Thread 26" [_thread_blocked, id=25300, stack(0x000000294c700000,0x000000294c800000)]
  0x0000017351539240 JavaThread "Unconstrained build operations Thread 27" [_thread_blocked, id=25456, stack(0x000000294c800000,0x000000294c900000)]
  0x0000017351539c60 JavaThread "Unconstrained build operations Thread 28" [_thread_blocked, id=24024, stack(0x000000294c900000,0x000000294ca00000)]
  0x00000173515364b0 JavaThread "Unconstrained build operations Thread 29" [_thread_blocked, id=18796, stack(0x000000294ca00000,0x000000294cb00000)]
  0x000001735153b5b0 JavaThread "Unconstrained build operations Thread 30" [_thread_blocked, id=15424, stack(0x000000294cb00000,0x000000294cc00000)]
  0x000001735153a680 JavaThread "Unconstrained build operations Thread 31" [_thread_blocked, id=1292, stack(0x000000294cc00000,0x000000294cd00000)]
  0x000001735153bfd0 JavaThread "Unconstrained build operations Thread 32" [_thread_blocked, id=1352, stack(0x000000294cd00000,0x000000294ce00000)]
  0x000001735153c4e0 JavaThread "Unconstrained build operations Thread 33" [_thread_blocked, id=25216, stack(0x000000294ce00000,0x000000294cf00000)]
  0x000001735153c9f0 JavaThread "Unconstrained build operations Thread 34" [_thread_blocked, id=14564, stack(0x000000294cf00000,0x000000294d000000)]
  0x000001735153a170 JavaThread "Unconstrained build operations Thread 35" [_thread_blocked, id=25116, stack(0x000000294d000000,0x000000294d100000)]
  0x000001735153ab90 JavaThread "Unconstrained build operations Thread 36" [_thread_blocked, id=25296, stack(0x000000294d100000,0x000000294d200000)]
  0x000001735153bac0 JavaThread "Unconstrained build operations Thread 37" [_thread_blocked, id=23864, stack(0x000000294d200000,0x000000294d300000)]
  0x000001735153b0a0 JavaThread "Unconstrained build operations Thread 38" [_thread_blocked, id=7428, stack(0x000000294d300000,0x000000294d400000)]
  0x00000173517509e0 JavaThread "Unconstrained build operations Thread 39" [_thread_blocked, id=5064, stack(0x000000294d400000,0x000000294d500000)]
  0x0000017351750ef0 JavaThread "build event listener" [_thread_blocked, id=10148, stack(0x000000294d500000,0x000000294d600000)]
  0x00000173517504d0 JavaThread "Memory manager" [_thread_blocked, id=3660, stack(0x000000294d600000,0x000000294d700000)]
  0x000001735174f090 JavaThread "ForkJoinPool.commonPool-worker-1" daemon [_thread_blocked, id=19884, stack(0x000000294d700000,0x000000294d800000)]
  0x000001735174f5a0 JavaThread "ForkJoinPool.commonPool-worker-2" daemon [_thread_blocked, id=23324, stack(0x000000294d800000,0x000000294d900000)]
  0x000001735174fab0 JavaThread "ForkJoinPool.commonPool-worker-3" daemon [_thread_blocked, id=25452, stack(0x000000294d900000,0x000000294da00000)]
  0x000001735174ffc0 JavaThread "ForkJoinPool.commonPool-worker-4" daemon [_thread_blocked, id=23272, stack(0x000000294da00000,0x000000294db00000)]
  0x0000017351751400 JavaThread "ForkJoinPool.commonPool-worker-5" daemon [_thread_blocked, id=15292, stack(0x000000294db00000,0x000000294dc00000)]
  0x0000017353708190 JavaThread "ForkJoinPool.commonPool-worker-7" daemon [_thread_blocked, id=4188, stack(0x000000294dc00000,0x000000294dd00000)]
  0x00000173537095d0 JavaThread "ForkJoinPool.commonPool-worker-6" daemon [_thread_blocked, id=25504, stack(0x000000294dd00000,0x000000294de00000)]
  0x0000017353707770 JavaThread "ForkJoinPool.commonPool-worker-8" daemon [_thread_blocked, id=24112, stack(0x000000294de00000,0x000000294df00000)]
  0x00000173537086a0 JavaThread "ForkJoinPool.commonPool-worker-9" daemon [_thread_blocked, id=18028, stack(0x000000294df00000,0x000000294e000000)]
  0x0000017353707c80 JavaThread "ForkJoinPool.commonPool-worker-10" daemon [_thread_blocked, id=24688, stack(0x000000294e000000,0x000000294e100000)]
  0x0000017353709ae0 JavaThread "ForkJoinPool.commonPool-worker-11" daemon [_thread_blocked, id=8600, stack(0x000000294e100000,0x000000294e200000)]
  0x0000017353709ff0 JavaThread "Exec process" [_thread_blocked, id=20108, stack(0x000000294e200000,0x000000294e300000)]
  0x0000017353707260 JavaThread "Exec process Thread 2" [_thread_blocked, id=7716, stack(0x000000294e300000,0x000000294e400000)]
  0x000001735370a500 JavaThread "Exec process Thread 3" [_thread_blocked, id=23000, stack(0x000000294e400000,0x000000294e500000)]
  0x0000017353708bb0 JavaThread "included builds" [_thread_blocked, id=2452, stack(0x000000294e500000,0x000000294e600000)]
  0x0000017353706d50 JavaThread "Execution worker" [_thread_blocked, id=18692, stack(0x000000294e600000,0x000000294e700000)]
  0x000001735370aa10 JavaThread "Execution worker Thread 2" [_thread_blocked, id=25348, stack(0x000000294e700000,0x000000294e800000)]
  0x000001735370af20 JavaThread "Execution worker Thread 3" [_thread_blocked, id=25312, stack(0x000000294e800000,0x000000294e900000)]
  0x000001735370b430 JavaThread "Execution worker Thread 4" [_thread_blocked, id=24084, stack(0x000000294e900000,0x000000294ea00000)]
  0x000001735370b940 JavaThread "Execution worker Thread 5" [_thread_blocked, id=25536, stack(0x000000294ea00000,0x000000294eb00000)]
  0x00000173537090c0 JavaThread "Execution worker Thread 6" [_thread_blocked, id=16004, stack(0x000000294eb00000,0x000000294ec00000)]
  0x000001735370d7a0 JavaThread "Execution worker Thread 7" [_thread_blocked, id=4764, stack(0x000000294ec00000,0x000000294ed00000)]
  0x000001735370be50 JavaThread "Execution worker Thread 8" [_thread_blocked, id=14168, stack(0x000000294ed00000,0x000000294ee00000)]
  0x000001735370dcb0 JavaThread "Execution worker Thread 9" [_thread_blocked, id=24236, stack(0x000000294ee00000,0x000000294ef00000)]
  0x000001735370e1c0 JavaThread "Execution worker Thread 10" [_thread_blocked, id=18816, stack(0x000000294ef00000,0x000000294f000000)]
  0x000001735370c870 JavaThread "Execution worker Thread 11" [_thread_blocked, id=19888, stack(0x000000294f000000,0x000000294f100000)]
  0x000001735370d290 JavaThread "Cache worker for execution history cache (D:\apps\caltims mobile app\frontend\node_modules\@react-native\gradle-plugin\.gradle\9.0.0\executionHistory)" [_thread_blocked, id=11752, stack(0x000000294f100000,0x000000294f200000)]
  0x000001735370cd80 JavaThread "Unconstrained build operations Thread 40" [_thread_blocked, id=10640, stack(0x000000294f200000,0x000000294f300000)]
  0x000001735370e6d0 JavaThread "Unconstrained build operations Thread 41" [_thread_blocked, id=17584, stack(0x000000294f300000,0x000000294f400000)]
  0x000001735370c360 JavaThread "Unconstrained build operations Thread 42" [_thread_blocked, id=17012, stack(0x000000294f400000,0x000000294f500000)]
  0x0000017354dd33d0 JavaThread "Unconstrained build operations Thread 43" [_thread_blocked, id=14552, stack(0x000000294f500000,0x000000294f600000)]
  0x0000017354dd38e0 JavaThread "Unconstrained build operations Thread 44" [_thread_blocked, id=7676, stack(0x000000294f600000,0x000000294f700000)]
  0x0000017354dd1f90 JavaThread "Unconstrained build operations Thread 45" [_thread_blocked, id=17096, stack(0x000000294f700000,0x000000294f800000)]
  0x0000017354dd1060 JavaThread "Unconstrained build operations Thread 46" [_thread_blocked, id=8008, stack(0x000000294f800000,0x000000294f900000)]
  0x0000017354dd2ec0 JavaThread "Unconstrained build operations Thread 47" [_thread_blocked, id=18660, stack(0x000000294f900000,0x000000294fa00000)]
  0x0000017354dd4d20 JavaThread "Unconstrained build operations Thread 48" [_thread_blocked, id=17108, stack(0x000000294fa00000,0x000000294fb00000)]
  0x0000017354dd29b0 JavaThread "Unconstrained build operations Thread 49" [_thread_blocked, id=9428, stack(0x000000294fb00000,0x000000294fc00000)]
  0x0000017354dd1a80 JavaThread "Unconstrained build operations Thread 50" [_thread_blocked, id=20744, stack(0x000000294fc00000,0x000000294fd00000)]
  0x0000017354dd3df0 JavaThread "Unconstrained build operations Thread 51" [_thread_blocked, id=10884, stack(0x000000294fd00000,0x000000294fe00000)]
  0x0000017354dd4300 JavaThread "Unconstrained build operations Thread 52" [_thread_blocked, id=4020, stack(0x000000294fe00000,0x000000294ff00000)]
  0x0000017354dd1570 JavaThread "Unconstrained build operations Thread 53" [_thread_blocked, id=2624, stack(0x000000294ff00000,0x0000002950000000)]
  0x0000017354dd24a0 JavaThread "Unconstrained build operations Thread 54" [_thread_blocked, id=24492, stack(0x0000002950000000,0x0000002950100000)]
  0x0000017354dd4810 JavaThread "Unconstrained build operations Thread 55" [_thread_blocked, id=10456, stack(0x0000002950100000,0x0000002950200000)]
  0x0000017354dd5740 JavaThread "Unconstrained build operations Thread 56" [_thread_blocked, id=20180, stack(0x0000002950200000,0x0000002950300000)]
  0x0000017354dd7090 JavaThread "Unconstrained build operations Thread 57" [_thread_blocked, id=25136, stack(0x0000002950300000,0x0000002950400000)]
  0x0000017354dd75a0 JavaThread "Unconstrained build operations Thread 58" [_thread_blocked, id=16024, stack(0x0000002950400000,0x0000002950500000)]
  0x0000017354dd5c50 JavaThread "Unconstrained build operations Thread 59" [_thread_blocked, id=25028, stack(0x0000002950500000,0x0000002950600000)]
  0x0000017354dd5230 JavaThread "Unconstrained build operations Thread 60" [_thread_blocked, id=7976, stack(0x0000002950600000,0x0000002950700000)]
  0x0000017354dd6160 JavaThread "Unconstrained build operations Thread 61" [_thread_blocked, id=24664, stack(0x0000002950700000,0x0000002950800000)]
  0x0000017354dd6670 JavaThread "Unconstrained build operations Thread 62" [_thread_blocked, id=8372, stack(0x0000002950800000,0x0000002950900000)]
  0x0000017354dd6b80 JavaThread "Unconstrained build operations Thread 63" [_thread_blocked, id=13944, stack(0x0000002950900000,0x0000002950a00000)]
  0x0000017354dd7ab0 JavaThread "Unconstrained build operations Thread 64" [_thread_blocked, id=4988, stack(0x0000002950a00000,0x0000002950b00000)]
  0x0000017354dd7fc0 JavaThread "Unconstrained build operations Thread 65" [_thread_blocked, id=24900, stack(0x0000002950b00000,0x0000002950c00000)]
  0x0000017354dd84d0 JavaThread "Unconstrained build operations Thread 66" [_thread_blocked, id=24504, stack(0x0000002950c00000,0x0000002950d00000)]
  0x000001735530d6a0 JavaThread "Unconstrained build operations Thread 67" [_thread_blocked, id=464, stack(0x0000002950d00000,0x0000002950e00000)]
  0x000001735530b840 JavaThread "Unconstrained build operations Thread 68" [_thread_blocked, id=21764, stack(0x0000002950e00000,0x0000002950f00000)]
  0x000001735530e0c0 JavaThread "Unconstrained build operations Thread 69" [_thread_blocked, id=24780, stack(0x0000002950f00000,0x0000002951000000)]
  0x000001735530bd50 JavaThread "Unconstrained build operations Thread 70" [_thread_blocked, id=24220, stack(0x0000002951000000,0x0000002951100000)]
  0x000001735530dbb0 JavaThread "Unconstrained build operations Thread 71" [_thread_blocked, id=12912, stack(0x0000002951100000,0x0000002951200000)]
  0x000001735530b330 JavaThread "Unconstrained build operations Thread 72" [_thread_blocked, id=7468, stack(0x0000002951200000,0x0000002951300000)]
  0x000001735530ae20 JavaThread "Unconstrained build operations Thread 73" [_thread_blocked, id=24592, stack(0x0000002951300000,0x0000002951400000)]
  0x000001735530a910 JavaThread "Unconstrained build operations Thread 74" [_thread_blocked, id=21768, stack(0x0000002951400000,0x0000002951500000)]
  0x000001735530fa10 JavaThread "Unconstrained build operations Thread 75" [_thread_blocked, id=5556, stack(0x0000002951500000,0x0000002951600000)]
  0x000001735530c770 JavaThread "Unconstrained build operations Thread 76" [_thread_blocked, id=21416, stack(0x0000002951600000,0x0000002951700000)]
  0x000001735530e5d0 JavaThread "Unconstrained build operations Thread 77" [_thread_blocked, id=9272, stack(0x0000002951700000,0x0000002951800000)]
  0x000001735530c260 JavaThread "Unconstrained build operations Thread 78" [_thread_blocked, id=25416, stack(0x0000002951800000,0x0000002951900000)]
  0x000001735530eff0 JavaThread "Unconstrained build operations Thread 79" [_thread_blocked, id=8352, stack(0x0000002951900000,0x0000002951a00000)]
  0x000001735530eae0 JavaThread "Unconstrained build operations Thread 80" [_thread_blocked, id=14984, stack(0x0000002951a00000,0x0000002951b00000)]
  0x000001735530f500 JavaThread "Unconstrained build operations Thread 81" [_thread_blocked, id=15296, stack(0x0000002951b00000,0x0000002951c00000)]
  0x000001735530ff20 JavaThread "Unconstrained build operations Thread 82" [_thread_blocked, id=14236, stack(0x0000002951c00000,0x0000002951d00000)]
  0x0000017355310430 JavaThread "Unconstrained build operations Thread 83" [_thread_blocked, id=4632, stack(0x0000002951d00000,0x0000002951e00000)]
  0x000001735530cc80 JavaThread "Unconstrained build operations Thread 84" [_thread_blocked, id=20476, stack(0x0000002951e00000,0x0000002951f00000)]
  0x0000017355310940 JavaThread "Unconstrained build operations Thread 85" [_thread_blocked, id=24600, stack(0x0000002951f00000,0x0000002952000000)]
  0x000001735530d190 JavaThread "Unconstrained build operations Thread 86" [_thread_blocked, id=22072, stack(0x0000002952000000,0x0000002952100000)]
  0x0000017355310e50 JavaThread "Unconstrained build operations Thread 87" [_thread_blocked, id=9564, stack(0x0000002952100000,0x0000002952200000)]
  0x0000017355311d80 JavaThread "Unconstrained build operations Thread 88" [_thread_blocked, id=24932, stack(0x0000002952200000,0x0000002952300000)]
  0x0000017355311870 JavaThread "Unconstrained build operations Thread 89" [_thread_blocked, id=9164, stack(0x0000002952300000,0x0000002952400000)]
  0x0000017355311360 JavaThread "Unconstrained build operations Thread 90" [_thread_blocked, id=16364, stack(0x0000002952400000,0x0000002952500000)]
  0x0000017355312290 JavaThread "Unconstrained build operations Thread 91" [_thread_blocked, id=7748, stack(0x0000002952500000,0x0000002952600000)]
  0x0000017354a68df0 JavaThread "Unconstrained build operations Thread 92" [_thread_blocked, id=23920, stack(0x0000002952600000,0x0000002952700000)]
  0x0000017354a69300 JavaThread "Unconstrained build operations Thread 93" [_thread_blocked, id=21160, stack(0x0000002952700000,0x0000002952800000)]
  0x0000017354a688e0 JavaThread "Unconstrained build operations Thread 94" [_thread_blocked, id=16768, stack(0x0000002952800000,0x0000002952900000)]
  0x0000017354a6ac50 JavaThread "Unconstrained build operations Thread 95" [_thread_blocked, id=10448, stack(0x0000002952900000,0x0000002952a00000)]
  0x0000017354a6b670 JavaThread "Unconstrained build operations Thread 96" [_thread_blocked, id=24052, stack(0x0000002952a00000,0x0000002952b00000)]
  0x0000017354a6b160 JavaThread "Unconstrained build operations Thread 97" [_thread_blocked, id=7356, stack(0x0000002952b00000,0x0000002952c00000)]
  0x0000017354a69810 JavaThread "Unconstrained build operations Thread 98" [_thread_blocked, id=15568, stack(0x0000002952c00000,0x0000002952d00000)]
  0x0000017354a67ec0 JavaThread "Unconstrained build operations Thread 99" [_thread_blocked, id=24008, stack(0x0000002952d00000,0x0000002952e00000)]
  0x0000017354a6bb80 JavaThread "Unconstrained build operations Thread 100" [_thread_blocked, id=19936, stack(0x0000002952e00000,0x0000002952f00000)]
  0x0000017354a683d0 JavaThread "Unconstrained build operations Thread 101" [_thread_blocked, id=10336, stack(0x0000002952f00000,0x0000002953000000)]
  0x0000017354a6c090 JavaThread "Unconstrained build operations Thread 102" [_thread_blocked, id=12328, stack(0x0000002953000000,0x0000002953100000)]
  0x0000017354a6d4d0 JavaThread "Unconstrained build operations Thread 103" [_thread_blocked, id=13908, stack(0x0000002953100000,0x0000002953200000)]
  0x0000017354a6c5a0 JavaThread "Unconstrained build operations Thread 104" [_thread_blocked, id=24580, stack(0x0000002953200000,0x0000002953300000)]
  0x0000017354a6a230 JavaThread "Unconstrained build operations Thread 105" [_thread_blocked, id=20004, stack(0x0000002953300000,0x0000002953400000)]
  0x0000017354a69d20 JavaThread "Unconstrained build operations Thread 106" [_thread_blocked, id=11328, stack(0x0000002953400000,0x0000002953500000)]
  0x0000017354a6cab0 JavaThread "Unconstrained build operations Thread 107" [_thread_blocked, id=11380, stack(0x0000002953500000,0x0000002953600000)]
  0x0000017354a6cfc0 JavaThread "Unconstrained build operations Thread 108" [_thread_blocked, id=6808, stack(0x0000002953600000,0x0000002953700000)]
  0x0000017354a6a740 JavaThread "Unconstrained build operations Thread 109" [_thread_blocked, id=11460, stack(0x0000002953700000,0x0000002953800000)]
  0x0000017354a6d9e0 JavaThread "Unconstrained build operations Thread 110" [_thread_blocked, id=3196, stack(0x0000002953800000,0x0000002953900000)]
  0x0000017354a6def0 JavaThread "Unconstrained build operations Thread 111" [_thread_blocked, id=25192, stack(0x0000002953900000,0x0000002953a00000)]
  0x0000017354a6f330 JavaThread "Unconstrained build operations Thread 112" [_thread_blocked, id=2164, stack(0x0000002953a00000,0x0000002953b00000)]
  0x0000017354a6e400 JavaThread "jar transforms Thread 2" [_thread_blocked, id=7800, stack(0x0000002953b00000,0x0000002953c00000)]
  0x0000017354a6e910 JavaThread "jar transforms Thread 3" [_thread_blocked, id=10564, stack(0x0000002953c00000,0x0000002953d00000)]
  0x0000017354a6f840 JavaThread "Unconstrained build operations Thread 113" [_thread_blocked, id=24796, stack(0x0000002953d00000,0x0000002953e00000)]
  0x0000017353781100 JavaThread "Unconstrained build operations Thread 114" [_thread_blocked, id=11020, stack(0x0000002953e00000,0x0000002953f00000)]
  0x0000017353782540 JavaThread "Unconstrained build operations Thread 115" [_thread_blocked, id=11688, stack(0x0000002953f00000,0x0000002954000000)]
  0x000001735377f7b0 JavaThread "Unconstrained build operations Thread 116" [_thread_blocked, id=11780, stack(0x0000002954000000,0x0000002954100000)]
  0x0000017353781b20 JavaThread "Unconstrained build operations Thread 117" [_thread_blocked, id=12432, stack(0x0000002954100000,0x0000002954200000)]
  0x0000017353781610 JavaThread "Unconstrained build operations Thread 118" [_thread_blocked, id=5588, stack(0x0000002954200000,0x0000002954300000)]
  0x000001735377fcc0 JavaThread "Unconstrained build operations Thread 119" [_thread_blocked, id=19412, stack(0x0000002954300000,0x0000002954400000)]
  0x0000017353780bf0 JavaThread "Unconstrained build operations Thread 120" [_thread_blocked, id=8992, stack(0x0000002954400000,0x0000002954500000)]
  0x000001735377f2a0 JavaThread "jar transforms Thread 4" [_thread_blocked, id=16536, stack(0x0000002954500000,0x0000002954600000)]
  0x0000017353782030 JavaThread "jar transforms Thread 5" [_thread_blocked, id=20940, stack(0x0000002954600000,0x0000002954700000)]
  0x00000173537801d0 JavaThread "jar transforms Thread 6" [_thread_blocked, id=15092, stack(0x0000002954700000,0x0000002954800000)]

Other Threads:
=>0x000001733c3a7d00 VMThread "VM Thread" [stack: 0x0000002947d00000,0x0000002947e00000] [id=22288]
  0x000001733c6db0c0 WatcherThread [stack: 0x0000002948a00000,0x0000002948b00000] [id=23784]
  0x000001732008fee0 GCTaskThread "GC Thread#0" [stack: 0x0000002947800000,0x0000002947900000] [id=25520]
  0x000001734f3963a0 GCTaskThread "GC Thread#1" [stack: 0x0000002948c00000,0x0000002948d00000] [id=7668]
  0x000001734f169c30 GCTaskThread "GC Thread#2" [stack: 0x0000002948d00000,0x0000002948e00000] [id=23356]
  0x000001734f05f200 GCTaskThread "GC Thread#3" [stack: 0x0000002948e00000,0x0000002948f00000] [id=3388]
  0x000001733c84e650 GCTaskThread "GC Thread#4" [stack: 0x0000002948f00000,0x0000002949000000] [id=1936]
  0x000001734f49dd60 GCTaskThread "GC Thread#5" [stack: 0x0000002949000000,0x0000002949100000] [id=23656]
  0x00000173529dae90 GCTaskThread "GC Thread#6" [stack: 0x0000002949e00000,0x0000002949f00000] [id=25132]
  0x000001735063b610 GCTaskThread "GC Thread#7" [stack: 0x0000002949f00000,0x000000294a000000] [id=17736]
  0x0000017352b5e4b0 GCTaskThread "GC Thread#8" [stack: 0x000000294a000000,0x000000294a100000] [id=24560]
  0x0000017352b5e770 GCTaskThread "GC Thread#9" [stack: 0x000000294a100000,0x000000294a200000] [id=14976]
  0x0000017320098d40 ConcurrentGCThread "G1 Main Marker" [stack: 0x0000002947900000,0x0000002947a00000] [id=2496]
  0x000001732009aa80 ConcurrentGCThread "G1 Conc#0" [stack: 0x0000002947a00000,0x0000002947b00000] [id=21060]
  0x000001735063b8d0 ConcurrentGCThread "G1 Conc#1" [stack: 0x000000294a200000,0x000000294a300000] [id=11744]
  0x00000173534a1790 ConcurrentGCThread "G1 Conc#2" [stack: 0x000000294a300000,0x000000294a400000] [id=18760]
  0x000001733c2595b0 ConcurrentGCThread "G1 Refine#0" [stack: 0x0000002947b00000,0x0000002947c00000] [id=25336]
  0x000001733c259c90 ConcurrentGCThread "G1 Service" [stack: 0x0000002947c00000,0x0000002947d00000] [id=6640]

Threads with active compile tasks:
C2 CompilerThread0  14097 11258   !   4       jdk.internal.loader.Resource::getBytes (244 bytes)
C2 CompilerThread1  14097 11263   !   4       java.util.jar.Attributes::read (494 bytes)

VM state: at safepoint (normal execution)

VM Mutex/Monitor currently owned by a thread:  ([mutex/lock_event])
[0x000001732004cef0] Threads_lock - owner thread: 0x000001733c3a7d00
[0x000001732004bab0] Heap_lock - owner thread: 0x0000017350cce6a0

Heap address: 0x00000000c0000000, size: 1024 MB, Compressed Oops mode: 32-bit

CDS archive(s) mapped at: [0x000001733d000000-0x000001733dbb0000-0x000001733dbb0000), size 12255232, SharedBaseAddress: 0x000001733d000000, ArchiveRelocationMode: 1.
Compressed class space mapped at: 0x000001733e000000-0x000001734b000000, reserved size: 218103808
Narrow klass base: 0x000001733d000000, Narrow klass shift: 0, Narrow klass range: 0x100000000

GC Precious Log:
 CPUs: 12 total, 12 available
 Memory: 16068M
 Large Page Support: Disabled
 NUMA Support: Disabled
 Compressed Oops: Enabled (32-bit)
 Heap Region Size: 1M
 Heap Min Capacity: 8M
 Heap Initial Capacity: 252M
 Heap Max Capacity: 1G
 Pre-touch: Disabled
 Parallel Workers: 10
 Concurrent Workers: 3
 Concurrent Refinement Workers: 10
 Periodic GC: Disabled

Heap:
 garbage-first heap   total 258048K, used 95731K [0x00000000c0000000, 0x0000000100000000)
  region size 1024K, 6 young (6144K), 6 survivors (6144K)
 Metaspace       used 73965K, committed 75072K, reserved 278528K
  class space    used 10561K, committed 11072K, reserved 212992K

Heap Regions: E=young(eden), S=young(survivor), O=old, HS=humongous(starts), HC=humongous(continues), CS=collection set, F=free, OA=open archive, CA=closed archive, TAMS=top-at-mark-start (previous, next)
|   0|0x00000000c0000000, 0x00000000c0100000, 0x00000000c0100000|100%|HS|  |TAMS 0x00000000c0100000, 0x00000000c0000000| Complete 
|   1|0x00000000c0100000, 0x00000000c0200000, 0x00000000c0200000|100%|HC|  |TAMS 0x00000000c0200000, 0x00000000c0100000| Complete 
|   2|0x00000000c0200000, 0x00000000c0300000, 0x00000000c0300000|100%|HC|  |TAMS 0x00000000c0300000, 0x00000000c0200000| Complete 
|   3|0x00000000c0300000, 0x00000000c0400000, 0x00000000c0400000|100%| O|  |TAMS 0x00000000c0400000, 0x00000000c0300000| Untracked 
|   4|0x00000000c0400000, 0x00000000c0500000, 0x00000000c0500000|100%| O|  |TAMS 0x00000000c0500000, 0x00000000c0400000| Untracked 
|   5|0x00000000c0500000, 0x00000000c0600000, 0x00000000c0600000|100%| O|  |TAMS 0x00000000c0600000, 0x00000000c0500000| Untracked 
|   6|0x00000000c0600000, 0x00000000c0700000, 0x00000000c0700000|100%|HS|  |TAMS 0x00000000c0700000, 0x00000000c0600000| Complete 
|   7|0x00000000c0700000, 0x00000000c0800000, 0x00000000c0800000|100%| O|  |TAMS 0x00000000c0800000, 0x00000000c0700000| Untracked 
|   8|0x00000000c0800000, 0x00000000c0900000, 0x00000000c0900000|100%| O|  |TAMS 0x00000000c0900000, 0x00000000c0800000| Untracked 
|   9|0x00000000c0900000, 0x00000000c0a00000, 0x00000000c0a00000|100%| O|  |TAMS 0x00000000c0a00000, 0x00000000c0900000| Untracked 
|  10|0x00000000c0a00000, 0x00000000c0b00000, 0x00000000c0b00000|100%| O|  |TAMS 0x00000000c0b00000, 0x00000000c0a00000| Untracked 
|  11|0x00000000c0b00000, 0x00000000c0c00000, 0x00000000c0c00000|100%| O|  |TAMS 0x00000000c0c00000, 0x00000000c0b00000| Untracked 
|  12|0x00000000c0c00000, 0x00000000c0d00000, 0x00000000c0d00000|100%| O|  |TAMS 0x00000000c0d00000, 0x00000000c0c00000| Untracked 
|  13|0x00000000c0d00000, 0x00000000c0e00000, 0x00000000c0e00000|100%| O|  |TAMS 0x00000000c0e00000, 0x00000000c0d00000| Untracked 
|  14|0x00000000c0e00000, 0x00000000c0f00000, 0x00000000c0f00000|100%| O|  |TAMS 0x00000000c0f00000, 0x00000000c0e00000| Untracked 
|  15|0x00000000c0f00000, 0x00000000c1000000, 0x00000000c1000000|100%| O|  |TAMS 0x00000000c1000000, 0x00000000c0f00000| Untracked 
|  16|0x00000000c1000000, 0x00000000c1100000, 0x00000000c1100000|100%| O|  |TAMS 0x00000000c1100000, 0x00000000c1000000| Untracked 
|  17|0x00000000c1100000, 0x00000000c1200000, 0x00000000c1200000|100%| O|  |TAMS 0x00000000c1200000, 0x00000000c1100000| Untracked 
|  18|0x00000000c1200000, 0x00000000c1300000, 0x00000000c1300000|100%| O|  |TAMS 0x00000000c1300000, 0x00000000c1200000| Untracked 
|  19|0x00000000c1300000, 0x00000000c1400000, 0x00000000c1400000|100%| O|  |TAMS 0x00000000c1400000, 0x00000000c1300000| Untracked 
|  20|0x00000000c1400000, 0x00000000c1500000, 0x00000000c1500000|100%| O|  |TAMS 0x00000000c1500000, 0x00000000c1400000| Untracked 
|  21|0x00000000c1500000, 0x00000000c1600000, 0x00000000c1600000|100%| O|  |TAMS 0x00000000c1600000, 0x00000000c1500000| Untracked 
|  22|0x00000000c1600000, 0x00000000c1700000, 0x00000000c1700000|100%| O|  |TAMS 0x00000000c1700000, 0x00000000c1600000| Untracked 
|  23|0x00000000c1700000, 0x00000000c1800000, 0x00000000c1800000|100%| O|  |TAMS 0x00000000c1800000, 0x00000000c1700000| Untracked 
|  24|0x00000000c1800000, 0x00000000c1900000, 0x00000000c1900000|100%| O|  |TAMS 0x00000000c1900000, 0x00000000c1800000| Untracked 
|  25|0x00000000c1900000, 0x00000000c1a00000, 0x00000000c1a00000|100%| O|  |TAMS 0x00000000c1a00000, 0x00000000c1900000| Untracked 
|  26|0x00000000c1a00000, 0x00000000c1b00000, 0x00000000c1b00000|100%| O|  |TAMS 0x00000000c1b00000, 0x00000000c1a00000| Untracked 
|  27|0x00000000c1b00000, 0x00000000c1c00000, 0x00000000c1c00000|100%| O|  |TAMS 0x00000000c1c00000, 0x00000000c1b00000| Untracked 
|  28|0x00000000c1c00000, 0x00000000c1d00000, 0x00000000c1d00000|100%| O|  |TAMS 0x00000000c1d00000, 0x00000000c1c00000| Untracked 
|  29|0x00000000c1d00000, 0x00000000c1e00000, 0x00000000c1e00000|100%| O|  |TAMS 0x00000000c1e00000, 0x00000000c1d00000| Untracked 
|  30|0x00000000c1e00000, 0x00000000c1f00000, 0x00000000c1f00000|100%| O|  |TAMS 0x00000000c1f00000, 0x00000000c1e00000| Untracked 
|  31|0x00000000c1f00000, 0x00000000c2000000, 0x00000000c2000000|100%|HS|  |TAMS 0x00000000c2000000, 0x00000000c1f00000| Complete 
|  32|0x00000000c2000000, 0x00000000c2100000, 0x00000000c2100000|100%|HC|  |TAMS 0x00000000c2100000, 0x00000000c2000000| Complete 
|  33|0x00000000c2100000, 0x00000000c2200000, 0x00000000c2200000|100%|HC|  |TAMS 0x00000000c2200000, 0x00000000c2100000| Complete 
|  34|0x00000000c2200000, 0x00000000c2300000, 0x00000000c2300000|100%|HS|  |TAMS 0x00000000c2300000, 0x00000000c2200000| Complete 
|  35|0x00000000c2300000, 0x00000000c2400000, 0x00000000c2400000|100%|HC|  |TAMS 0x00000000c2400000, 0x00000000c2300000| Complete 
|  36|0x00000000c2400000, 0x00000000c2500000, 0x00000000c2500000|100%|HC|  |TAMS 0x00000000c2500000, 0x00000000c2400000| Complete 
|  37|0x00000000c2500000, 0x00000000c2600000, 0x00000000c2600000|100%| O|  |TAMS 0x00000000c2600000, 0x00000000c2500000| Untracked 
|  38|0x00000000c2600000, 0x00000000c2700000, 0x00000000c2700000|100%| O|  |TAMS 0x00000000c2700000, 0x00000000c2600000| Untracked 
|  39|0x00000000c2700000, 0x00000000c2800000, 0x00000000c2800000|100%| O|  |TAMS 0x00000000c2800000, 0x00000000c2700000| Untracked 
|  40|0x00000000c2800000, 0x00000000c2900000, 0x00000000c2900000|100%| O|  |TAMS 0x00000000c2900000, 0x00000000c2800000| Untracked 
|  41|0x00000000c2900000, 0x00000000c2a00000, 0x00000000c2a00000|100%| O|  |TAMS 0x00000000c2a00000, 0x00000000c2900000| Untracked 
|  42|0x00000000c2a00000, 0x00000000c2b00000, 0x00000000c2b00000|100%| O|  |TAMS 0x00000000c2b00000, 0x00000000c2a00000| Untracked 
|  43|0x00000000c2b00000, 0x00000000c2c00000, 0x00000000c2c00000|100%| O|  |TAMS 0x00000000c2c00000, 0x00000000c2b00000| Untracked 
|  44|0x00000000c2c00000, 0x00000000c2d00000, 0x00000000c2d00000|100%| O|  |TAMS 0x00000000c2d00000, 0x00000000c2c00000| Untracked 
|  45|0x00000000c2d00000, 0x00000000c2e00000, 0x00000000c2e00000|100%| O|  |TAMS 0x00000000c2e00000, 0x00000000c2d00000| Untracked 
|  46|0x00000000c2e00000, 0x00000000c2f00000, 0x00000000c2f00000|100%| O|  |TAMS 0x00000000c2f00000, 0x00000000c2e00000| Untracked 
|  47|0x00000000c2f00000, 0x00000000c3000000, 0x00000000c3000000|100%| O|  |TAMS 0x00000000c2f00000, 0x00000000c2f00000| Untracked 
|  48|0x00000000c3000000, 0x00000000c3100000, 0x00000000c3100000|100%| O|  |TAMS 0x00000000c3000000, 0x00000000c3000000| Untracked 
|  49|0x00000000c3100000, 0x00000000c3200000, 0x00000000c3200000|100%| O|  |TAMS 0x00000000c3200000, 0x00000000c3100000| Untracked 
|  50|0x00000000c3200000, 0x00000000c3300000, 0x00000000c3300000|100%| O|  |TAMS 0x00000000c3300000, 0x00000000c3200000| Untracked 
|  51|0x00000000c3300000, 0x00000000c3400000, 0x00000000c3400000|100%| O|  |TAMS 0x00000000c3400000, 0x00000000c3300000| Untracked 
|  52|0x00000000c3400000, 0x00000000c3500000, 0x00000000c3500000|100%| O|  |TAMS 0x00000000c3500000, 0x00000000c3400000| Untracked 
|  53|0x00000000c3500000, 0x00000000c3600000, 0x00000000c3600000|100%| O|  |TAMS 0x00000000c3600000, 0x00000000c3500000| Untracked 
|  54|0x00000000c3600000, 0x00000000c3700000, 0x00000000c3700000|100%| O|  |TAMS 0x00000000c3700000, 0x00000000c3600000| Untracked 
|  55|0x00000000c3700000, 0x00000000c3800000, 0x00000000c3800000|100%| O|  |TAMS 0x00000000c3800000, 0x00000000c3700000| Untracked 
|  56|0x00000000c3800000, 0x00000000c3900000, 0x00000000c3900000|100%| O|  |TAMS 0x00000000c3900000, 0x00000000c3800000| Untracked 
|  57|0x00000000c3900000, 0x00000000c3a00000, 0x00000000c3a00000|100%| O|  |TAMS 0x00000000c3a00000, 0x00000000c3900000| Untracked 
|  58|0x00000000c3a00000, 0x00000000c3b00000, 0x00000000c3b00000|100%| O|  |TAMS 0x00000000c3b00000, 0x00000000c3a00000| Untracked 
|  59|0x00000000c3b00000, 0x00000000c3c00000, 0x00000000c3c00000|100%| O|  |TAMS 0x00000000c3c00000, 0x00000000c3b00000| Untracked 
|  60|0x00000000c3c00000, 0x00000000c3d00000, 0x00000000c3d00000|100%| O|  |TAMS 0x00000000c3d00000, 0x00000000c3c00000| Untracked 
|  61|0x00000000c3d00000, 0x00000000c3e00000, 0x00000000c3e00000|100%| O|  |TAMS 0x00000000c3e00000, 0x00000000c3d00000| Untracked 
|  62|0x00000000c3e00000, 0x00000000c3f00000, 0x00000000c3f00000|100%| O|  |TAMS 0x00000000c3f00000, 0x00000000c3e00000| Untracked 
|  63|0x00000000c3f00000, 0x00000000c4000000, 0x00000000c4000000|100%| O|  |TAMS 0x00000000c4000000, 0x00000000c3f00000| Untracked 
|  64|0x00000000c4000000, 0x00000000c4100000, 0x00000000c4100000|100%| O|  |TAMS 0x00000000c4100000, 0x00000000c4000000| Untracked 
|  65|0x00000000c4100000, 0x00000000c4200000, 0x00000000c4200000|100%| O|  |TAMS 0x00000000c4200000, 0x00000000c4100000| Untracked 
|  66|0x00000000c4200000, 0x00000000c4300000, 0x00000000c4300000|100%|HS|  |TAMS 0x00000000c4200000, 0x00000000c4200000| Complete 
|  67|0x00000000c4300000, 0x00000000c4400000, 0x00000000c4400000|100%| O|  |TAMS 0x00000000c4400000, 0x00000000c4300000| Untracked 
|  68|0x00000000c4400000, 0x00000000c4500000, 0x00000000c4500000|100%| O|  |TAMS 0x00000000c4500000, 0x00000000c4400000| Untracked 
|  69|0x00000000c4500000, 0x00000000c4600000, 0x00000000c4600000|100%| O|  |TAMS 0x00000000c4600000, 0x00000000c4500000| Untracked 
|  70|0x00000000c4600000, 0x00000000c4700000, 0x00000000c4700000|100%| O|  |TAMS 0x00000000c4700000, 0x00000000c4600000| Untracked 
|  71|0x00000000c4700000, 0x00000000c4800000, 0x00000000c4800000|100%| O|  |TAMS 0x00000000c4800000, 0x00000000c4700000| Untracked 
|  72|0x00000000c4800000, 0x00000000c4900000, 0x00000000c4900000|100%| O|  |TAMS 0x00000000c4900000, 0x00000000c4800000| Untracked 
|  73|0x00000000c4900000, 0x00000000c4a00000, 0x00000000c4a00000|100%| O|  |TAMS 0x00000000c4a00000, 0x00000000c4900000| Untracked 
|  74|0x00000000c4a00000, 0x00000000c4b00000, 0x00000000c4b00000|100%| O|  |TAMS 0x00000000c4b00000, 0x00000000c4a00000| Untracked 
|  75|0x00000000c4b00000, 0x00000000c4c00000, 0x00000000c4c00000|100%| O|  |TAMS 0x00000000c4c00000, 0x00000000c4b00000| Untracked 
|  76|0x00000000c4c00000, 0x00000000c4d00000, 0x00000000c4d00000|100%| O|  |TAMS 0x00000000c4d00000, 0x00000000c4c00000| Untracked 
|  77|0x00000000c4d00000, 0x00000000c4e00000, 0x00000000c4e00000|100%|HS|  |TAMS 0x00000000c4d00000, 0x00000000c4d00000| Complete 
|  78|0x00000000c4e00000, 0x00000000c4f00000, 0x00000000c4f00000|100%| O|  |TAMS 0x00000000c4e7bc00, 0x00000000c4e00000| Untracked 
|  79|0x00000000c4f00000, 0x00000000c5000000, 0x00000000c5000000|100%| O|  |TAMS 0x00000000c4f00000, 0x00000000c4f00000| Untracked 
|  80|0x00000000c5000000, 0x00000000c5100000, 0x00000000c5100000|100%| O|  |TAMS 0x00000000c5000000, 0x00000000c5000000| Untracked 
|  81|0x00000000c5100000, 0x00000000c5200000, 0x00000000c5200000|100%|HS|  |TAMS 0x00000000c5100000, 0x00000000c5100000| Complete 
|  82|0x00000000c5200000, 0x00000000c5300000, 0x00000000c5300000|100%|HS|  |TAMS 0x00000000c5200000, 0x00000000c5200000| Complete 
|  83|0x00000000c5300000, 0x00000000c5300000, 0x00000000c5400000|  0%| F|  |TAMS 0x00000000c5300000, 0x00000000c5300000| Untracked 
|  84|0x00000000c5400000, 0x00000000c5500000, 0x00000000c5500000|100%|HS|  |TAMS 0x00000000c5400000, 0x00000000c5400000| Complete 
|  85|0x00000000c5500000, 0x00000000c5600000, 0x00000000c5600000|100%|HS|  |TAMS 0x00000000c5500000, 0x00000000c5500000| Complete 
|  86|0x00000000c5600000, 0x00000000c5700000, 0x00000000c5700000|100%| O|  |TAMS 0x00000000c5600000, 0x00000000c5600000| Untracked 
|  87|0x00000000c5700000, 0x00000000c5800000, 0x00000000c5800000|100%| O|  |TAMS 0x00000000c5700000, 0x00000000c5700000| Untracked 
|  88|0x00000000c5800000, 0x00000000c587cc00, 0x00000000c5900000| 48%| O|  |TAMS 0x00000000c5800000, 0x00000000c5800000| Untracked 
|  89|0x00000000c5900000, 0x00000000c5900000, 0x00000000c5a00000|  0%| F|  |TAMS 0x00000000c5900000, 0x00000000c5900000| Untracked 
|  90|0x00000000c5a00000, 0x00000000c5a00000, 0x00000000c5b00000|  0%| F|  |TAMS 0x00000000c5a00000, 0x00000000c5a00000| Untracked 
|  91|0x00000000c5b00000, 0x00000000c5b00000, 0x00000000c5c00000|  0%| F|  |TAMS 0x00000000c5b00000, 0x00000000c5b00000| Untracked 
|  92|0x00000000c5c00000, 0x00000000c5c00000, 0x00000000c5d00000|  0%| F|  |TAMS 0x00000000c5c00000, 0x00000000c5c00000| Untracked 
|  93|0x00000000c5d00000, 0x00000000c5d00000, 0x00000000c5e00000|  0%| F|  |TAMS 0x00000000c5d00000, 0x00000000c5d00000| Untracked 
|  94|0x00000000c5e00000, 0x00000000c5e00000, 0x00000000c5f00000|  0%| F|  |TAMS 0x00000000c5e00000, 0x00000000c5e00000| Untracked 
|  95|0x00000000c5f00000, 0x00000000c5f00000, 0x00000000c6000000|  0%| F|  |TAMS 0x00000000c5f00000, 0x00000000c5f00000| Untracked 
|  96|0x00000000c6000000, 0x00000000c6000000, 0x00000000c6100000|  0%| F|  |TAMS 0x00000000c6000000, 0x00000000c6000000| Untracked 
|  97|0x00000000c6100000, 0x00000000c6100000, 0x00000000c6200000|  0%| F|  |TAMS 0x00000000c6100000, 0x00000000c6100000| Untracked 
|  98|0x00000000c6200000, 0x00000000c6200000, 0x00000000c6300000|  0%| F|  |TAMS 0x00000000c6200000, 0x00000000c6200000| Untracked 
|  99|0x00000000c6300000, 0x00000000c6300000, 0x00000000c6400000|  0%| F|  |TAMS 0x00000000c6300000, 0x00000000c6300000| Untracked 
| 100|0x00000000c6400000, 0x00000000c6400000, 0x00000000c6500000|  0%| F|  |TAMS 0x00000000c6400000, 0x00000000c6400000| Untracked 
| 101|0x00000000c6500000, 0x00000000c6600000, 0x00000000c6600000|100%| S|CS|TAMS 0x00000000c6500000, 0x00000000c6500000| Complete 
| 102|0x00000000c6600000, 0x00000000c6700000, 0x00000000c6700000|100%| S|CS|TAMS 0x00000000c6600000, 0x00000000c6600000| Complete 
| 103|0x00000000c6700000, 0x00000000c6800000, 0x00000000c6800000|100%| S|CS|TAMS 0x00000000c6700000, 0x00000000c6700000| Complete 
| 104|0x00000000c6800000, 0x00000000c6900000, 0x00000000c6900000|100%| S|CS|TAMS 0x00000000c6800000, 0x00000000c6800000| Complete 
| 105|0x00000000c6900000, 0x00000000c6a00000, 0x00000000c6a00000|100%| S|CS|TAMS 0x00000000c6900000, 0x00000000c6900000| Complete 
| 106|0x00000000c6a00000, 0x00000000c6b00000, 0x00000000c6b00000|100%| S|CS|TAMS 0x00000000c6a00000, 0x00000000c6a00000| Complete 
| 107|0x00000000c6b00000, 0x00000000c6b00000, 0x00000000c6c00000|  0%| F|  |TAMS 0x00000000c6b00000, 0x00000000c6b00000| Untracked 
| 108|0x00000000c6c00000, 0x00000000c6c00000, 0x00000000c6d00000|  0%| F|  |TAMS 0x00000000c6c00000, 0x00000000c6c00000| Untracked 
| 109|0x00000000c6d00000, 0x00000000c6d00000, 0x00000000c6e00000|  0%| F|  |TAMS 0x00000000c6d00000, 0x00000000c6d00000| Untracked 
| 110|0x00000000c6e00000, 0x00000000c6e00000, 0x00000000c6f00000|  0%| F|  |TAMS 0x00000000c6e00000, 0x00000000c6e00000| Untracked 
| 111|0x00000000c6f00000, 0x00000000c6f00000, 0x00000000c7000000|  0%| F|  |TAMS 0x00000000c6f00000, 0x00000000c6f00000| Untracked 
| 112|0x00000000c7000000, 0x00000000c7000000, 0x00000000c7100000|  0%| F|  |TAMS 0x00000000c7000000, 0x00000000c7000000| Untracked 
| 113|0x00000000c7100000, 0x00000000c7100000, 0x00000000c7200000|  0%| F|  |TAMS 0x00000000c7100000, 0x00000000c7100000| Untracked 
| 114|0x00000000c7200000, 0x00000000c7200000, 0x00000000c7300000|  0%| F|  |TAMS 0x00000000c7200000, 0x00000000c7200000| Untracked 
| 115|0x00000000c7300000, 0x00000000c7300000, 0x00000000c7400000|  0%| F|  |TAMS 0x00000000c7300000, 0x00000000c7300000| Untracked 
| 116|0x00000000c7400000, 0x00000000c7400000, 0x00000000c7500000|  0%| F|  |TAMS 0x00000000c7400000, 0x00000000c7400000| Untracked 
| 117|0x00000000c7500000, 0x00000000c7500000, 0x00000000c7600000|  0%| F|  |TAMS 0x00000000c7500000, 0x00000000c7500000| Untracked 
| 118|0x00000000c7600000, 0x00000000c7600000, 0x00000000c7700000|  0%| F|  |TAMS 0x00000000c7600000, 0x00000000c7600000| Untracked 
| 119|0x00000000c7700000, 0x00000000c7700000, 0x00000000c7800000|  0%| F|  |TAMS 0x00000000c7700000, 0x00000000c7700000| Untracked 
| 120|0x00000000c7800000, 0x00000000c7800000, 0x00000000c7900000|  0%| F|  |TAMS 0x00000000c7800000, 0x00000000c7800000| Untracked 
| 121|0x00000000c7900000, 0x00000000c7900000, 0x00000000c7a00000|  0%| F|  |TAMS 0x00000000c7900000, 0x00000000c7900000| Untracked 
| 122|0x00000000c7a00000, 0x00000000c7a00000, 0x00000000c7b00000|  0%| F|  |TAMS 0x00000000c7a00000, 0x00000000c7a00000| Untracked 
| 123|0x00000000c7b00000, 0x00000000c7b00000, 0x00000000c7c00000|  0%| F|  |TAMS 0x00000000c7b00000, 0x00000000c7b00000| Untracked 
| 124|0x00000000c7c00000, 0x00000000c7c00000, 0x00000000c7d00000|  0%| F|  |TAMS 0x00000000c7c00000, 0x00000000c7c00000| Untracked 
| 125|0x00000000c7d00000, 0x00000000c7d00000, 0x00000000c7e00000|  0%| F|  |TAMS 0x00000000c7d00000, 0x00000000c7d00000| Untracked 
| 126|0x00000000c7e00000, 0x00000000c7e00000, 0x00000000c7f00000|  0%| F|  |TAMS 0x00000000c7e00000, 0x00000000c7e00000| Untracked 
| 127|0x00000000c7f00000, 0x00000000c7f00000, 0x00000000c8000000|  0%| F|  |TAMS 0x00000000c7f00000, 0x00000000c7f00000| Untracked 
| 128|0x00000000c8000000, 0x00000000c8000000, 0x00000000c8100000|  0%| F|  |TAMS 0x00000000c8000000, 0x00000000c8000000| Untracked 
| 129|0x00000000c8100000, 0x00000000c8100000, 0x00000000c8200000|  0%| F|  |TAMS 0x00000000c8100000, 0x00000000c8100000| Untracked 
| 130|0x00000000c8200000, 0x00000000c8200000, 0x00000000c8300000|  0%| F|  |TAMS 0x00000000c8200000, 0x00000000c8200000| Untracked 
| 131|0x00000000c8300000, 0x00000000c8300000, 0x00000000c8400000|  0%| F|  |TAMS 0x00000000c8300000, 0x00000000c8300000| Untracked 
| 132|0x00000000c8400000, 0x00000000c8400000, 0x00000000c8500000|  0%| F|  |TAMS 0x00000000c8400000, 0x00000000c8400000| Untracked 
| 133|0x00000000c8500000, 0x00000000c8500000, 0x00000000c8600000|  0%| F|  |TAMS 0x00000000c8500000, 0x00000000c8500000| Untracked 
| 134|0x00000000c8600000, 0x00000000c8600000, 0x00000000c8700000|  0%| F|  |TAMS 0x00000000c8600000, 0x00000000c8600000| Untracked 
| 135|0x00000000c8700000, 0x00000000c8700000, 0x00000000c8800000|  0%| F|  |TAMS 0x00000000c8700000, 0x00000000c8700000| Untracked 
| 136|0x00000000c8800000, 0x00000000c8800000, 0x00000000c8900000|  0%| F|  |TAMS 0x00000000c8800000, 0x00000000c8800000| Untracked 
| 137|0x00000000c8900000, 0x00000000c8900000, 0x00000000c8a00000|  0%| F|  |TAMS 0x00000000c8900000, 0x00000000c8900000| Untracked 
| 138|0x00000000c8a00000, 0x00000000c8a00000, 0x00000000c8b00000|  0%| F|  |TAMS 0x00000000c8a00000, 0x00000000c8a00000| Untracked 
| 139|0x00000000c8b00000, 0x00000000c8b00000, 0x00000000c8c00000|  0%| F|  |TAMS 0x00000000c8b00000, 0x00000000c8b00000| Untracked 
| 140|0x00000000c8c00000, 0x00000000c8c00000, 0x00000000c8d00000|  0%| F|  |TAMS 0x00000000c8c00000, 0x00000000c8c00000| Untracked 
| 141|0x00000000c8d00000, 0x00000000c8d00000, 0x00000000c8e00000|  0%| F|  |TAMS 0x00000000c8d00000, 0x00000000c8d00000| Untracked 
| 142|0x00000000c8e00000, 0x00000000c8e00000, 0x00000000c8f00000|  0%| F|  |TAMS 0x00000000c8e00000, 0x00000000c8e00000| Untracked 
| 143|0x00000000c8f00000, 0x00000000c8f00000, 0x00000000c9000000|  0%| F|  |TAMS 0x00000000c8f00000, 0x00000000c8f00000| Untracked 
| 144|0x00000000c9000000, 0x00000000c9000000, 0x00000000c9100000|  0%| F|  |TAMS 0x00000000c9000000, 0x00000000c9000000| Untracked 
| 145|0x00000000c9100000, 0x00000000c9100000, 0x00000000c9200000|  0%| F|  |TAMS 0x00000000c9100000, 0x00000000c9100000| Untracked 
| 146|0x00000000c9200000, 0x00000000c9200000, 0x00000000c9300000|  0%| F|  |TAMS 0x00000000c9200000, 0x00000000c9200000| Untracked 
| 147|0x00000000c9300000, 0x00000000c9300000, 0x00000000c9400000|  0%| F|  |TAMS 0x00000000c9300000, 0x00000000c9300000| Untracked 
| 148|0x00000000c9400000, 0x00000000c9400000, 0x00000000c9500000|  0%| F|  |TAMS 0x00000000c9400000, 0x00000000c9400000| Untracked 
| 149|0x00000000c9500000, 0x00000000c9500000, 0x00000000c9600000|  0%| F|  |TAMS 0x00000000c9500000, 0x00000000c9500000| Untracked 
| 150|0x00000000c9600000, 0x00000000c9600000, 0x00000000c9700000|  0%| F|  |TAMS 0x00000000c9600000, 0x00000000c9600000| Untracked 
| 151|0x00000000c9700000, 0x00000000c9700000, 0x00000000c9800000|  0%| F|  |TAMS 0x00000000c9700000, 0x00000000c9700000| Untracked 
| 152|0x00000000c9800000, 0x00000000c9800000, 0x00000000c9900000|  0%| F|  |TAMS 0x00000000c9800000, 0x00000000c9800000| Untracked 
| 153|0x00000000c9900000, 0x00000000c9900000, 0x00000000c9a00000|  0%| F|  |TAMS 0x00000000c9900000, 0x00000000c9900000| Untracked 
| 154|0x00000000c9a00000, 0x00000000c9a00000, 0x00000000c9b00000|  0%| F|  |TAMS 0x00000000c9a00000, 0x00000000c9a00000| Untracked 
| 155|0x00000000c9b00000, 0x00000000c9b00000, 0x00000000c9c00000|  0%| F|  |TAMS 0x00000000c9b00000, 0x00000000c9b00000| Untracked 
| 156|0x00000000c9c00000, 0x00000000c9c00000, 0x00000000c9d00000|  0%| F|  |TAMS 0x00000000c9c00000, 0x00000000c9c00000| Untracked 
| 157|0x00000000c9d00000, 0x00000000c9d00000, 0x00000000c9e00000|  0%| F|  |TAMS 0x00000000c9d00000, 0x00000000c9d00000| Untracked 
| 158|0x00000000c9e00000, 0x00000000c9e00000, 0x00000000c9f00000|  0%| F|  |TAMS 0x00000000c9e00000, 0x00000000c9e00000| Untracked 
| 159|0x00000000c9f00000, 0x00000000c9f00000, 0x00000000ca000000|  0%| F|  |TAMS 0x00000000c9f00000, 0x00000000c9f00000| Untracked 
| 160|0x00000000ca000000, 0x00000000ca000000, 0x00000000ca100000|  0%| F|  |TAMS 0x00000000ca000000, 0x00000000ca000000| Untracked 
| 161|0x00000000ca100000, 0x00000000ca100000, 0x00000000ca200000|  0%| F|  |TAMS 0x00000000ca100000, 0x00000000ca100000| Untracked 
| 162|0x00000000ca200000, 0x00000000ca200000, 0x00000000ca300000|  0%| F|  |TAMS 0x00000000ca200000, 0x00000000ca200000| Untracked 
| 163|0x00000000ca300000, 0x00000000ca300000, 0x00000000ca400000|  0%| F|  |TAMS 0x00000000ca300000, 0x00000000ca300000| Untracked 
| 164|0x00000000ca400000, 0x00000000ca400000, 0x00000000ca500000|  0%| F|  |TAMS 0x00000000ca400000, 0x00000000ca400000| Untracked 
| 165|0x00000000ca500000, 0x00000000ca500000, 0x00000000ca600000|  0%| F|  |TAMS 0x00000000ca500000, 0x00000000ca500000| Untracked 
| 166|0x00000000ca600000, 0x00000000ca600000, 0x00000000ca700000|  0%| F|  |TAMS 0x00000000ca600000, 0x00000000ca600000| Untracked 
| 167|0x00000000ca700000, 0x00000000ca700000, 0x00000000ca800000|  0%| F|  |TAMS 0x00000000ca700000, 0x00000000ca700000| Untracked 
| 168|0x00000000ca800000, 0x00000000ca800000, 0x00000000ca900000|  0%| F|  |TAMS 0x00000000ca800000, 0x00000000ca800000| Untracked 
| 169|0x00000000ca900000, 0x00000000ca900000, 0x00000000caa00000|  0%| F|  |TAMS 0x00000000ca900000, 0x00000000ca900000| Untracked 
| 170|0x00000000caa00000, 0x00000000caa00000, 0x00000000cab00000|  0%| F|  |TAMS 0x00000000caa00000, 0x00000000caa00000| Untracked 
| 171|0x00000000cab00000, 0x00000000cab00000, 0x00000000cac00000|  0%| F|  |TAMS 0x00000000cab00000, 0x00000000cab00000| Untracked 
| 172|0x00000000cac00000, 0x00000000cac00000, 0x00000000cad00000|  0%| F|  |TAMS 0x00000000cac00000, 0x00000000cac00000| Untracked 
| 173|0x00000000cad00000, 0x00000000cad00000, 0x00000000cae00000|  0%| F|  |TAMS 0x00000000cad00000, 0x00000000cad00000| Untracked 
| 174|0x00000000cae00000, 0x00000000cae00000, 0x00000000caf00000|  0%| F|  |TAMS 0x00000000cae00000, 0x00000000cae00000| Untracked 
| 175|0x00000000caf00000, 0x00000000caf00000, 0x00000000cb000000|  0%| F|  |TAMS 0x00000000caf00000, 0x00000000caf00000| Untracked 
| 176|0x00000000cb000000, 0x00000000cb000000, 0x00000000cb100000|  0%| F|  |TAMS 0x00000000cb000000, 0x00000000cb000000| Untracked 
| 177|0x00000000cb100000, 0x00000000cb100000, 0x00000000cb200000|  0%| F|  |TAMS 0x00000000cb100000, 0x00000000cb100000| Untracked 
| 178|0x00000000cb200000, 0x00000000cb200000, 0x00000000cb300000|  0%| F|  |TAMS 0x00000000cb200000, 0x00000000cb200000| Untracked 
| 179|0x00000000cb300000, 0x00000000cb300000, 0x00000000cb400000|  0%| F|  |TAMS 0x00000000cb300000, 0x00000000cb300000| Untracked 
| 180|0x00000000cb400000, 0x00000000cb400000, 0x00000000cb500000|  0%| F|  |TAMS 0x00000000cb400000, 0x00000000cb400000| Untracked 
| 181|0x00000000cb500000, 0x00000000cb500000, 0x00000000cb600000|  0%| F|  |TAMS 0x00000000cb500000, 0x00000000cb500000| Untracked 
| 182|0x00000000cb600000, 0x00000000cb600000, 0x00000000cb700000|  0%| F|  |TAMS 0x00000000cb600000, 0x00000000cb600000| Untracked 
| 183|0x00000000cb700000, 0x00000000cb700000, 0x00000000cb800000|  0%| F|  |TAMS 0x00000000cb700000, 0x00000000cb700000| Untracked 
| 184|0x00000000cb800000, 0x00000000cb800000, 0x00000000cb900000|  0%| F|  |TAMS 0x00000000cb800000, 0x00000000cb800000| Untracked 
| 185|0x00000000cb900000, 0x00000000cb900000, 0x00000000cba00000|  0%| F|  |TAMS 0x00000000cb900000, 0x00000000cb900000| Untracked 
| 186|0x00000000cba00000, 0x00000000cba00000, 0x00000000cbb00000|  0%| F|  |TAMS 0x00000000cba00000, 0x00000000cba00000| Untracked 
| 187|0x00000000cbb00000, 0x00000000cbb00000, 0x00000000cbc00000|  0%| F|  |TAMS 0x00000000cbb00000, 0x00000000cbb00000| Untracked 
| 188|0x00000000cbc00000, 0x00000000cbc00000, 0x00000000cbd00000|  0%| F|  |TAMS 0x00000000cbc00000, 0x00000000cbc00000| Untracked 
| 189|0x00000000cbd00000, 0x00000000cbd00000, 0x00000000cbe00000|  0%| F|  |TAMS 0x00000000cbd00000, 0x00000000cbd00000| Untracked 
| 190|0x00000000cbe00000, 0x00000000cbe00000, 0x00000000cbf00000|  0%| F|  |TAMS 0x00000000cbe00000, 0x00000000cbe00000| Untracked 
| 191|0x00000000cbf00000, 0x00000000cbf00000, 0x00000000cc000000|  0%| F|  |TAMS 0x00000000cbf00000, 0x00000000cbf00000| Untracked 
| 192|0x00000000cc000000, 0x00000000cc000000, 0x00000000cc100000|  0%| F|  |TAMS 0x00000000cc000000, 0x00000000cc000000| Untracked 
| 193|0x00000000cc100000, 0x00000000cc100000, 0x00000000cc200000|  0%| F|  |TAMS 0x00000000cc100000, 0x00000000cc100000| Untracked 
| 194|0x00000000cc200000, 0x00000000cc200000, 0x00000000cc300000|  0%| F|  |TAMS 0x00000000cc200000, 0x00000000cc200000| Untracked 
| 195|0x00000000cc300000, 0x00000000cc300000, 0x00000000cc400000|  0%| F|  |TAMS 0x00000000cc300000, 0x00000000cc300000| Untracked 
| 196|0x00000000cc400000, 0x00000000cc400000, 0x00000000cc500000|  0%| F|  |TAMS 0x00000000cc400000, 0x00000000cc400000| Untracked 
| 197|0x00000000cc500000, 0x00000000cc500000, 0x00000000cc600000|  0%| F|  |TAMS 0x00000000cc500000, 0x00000000cc500000| Untracked 
| 198|0x00000000cc600000, 0x00000000cc600000, 0x00000000cc700000|  0%| F|  |TAMS 0x00000000cc600000, 0x00000000cc600000| Untracked 
| 199|0x00000000cc700000, 0x00000000cc700000, 0x00000000cc800000|  0%| F|  |TAMS 0x00000000cc700000, 0x00000000cc700000| Untracked 
| 200|0x00000000cc800000, 0x00000000cc800000, 0x00000000cc900000|  0%| F|  |TAMS 0x00000000cc800000, 0x00000000cc800000| Untracked 
| 201|0x00000000cc900000, 0x00000000cc900000, 0x00000000cca00000|  0%| F|  |TAMS 0x00000000cc900000, 0x00000000cc900000| Untracked 
| 202|0x00000000cca00000, 0x00000000cca00000, 0x00000000ccb00000|  0%| F|  |TAMS 0x00000000cca00000, 0x00000000cca00000| Untracked 
| 203|0x00000000ccb00000, 0x00000000ccb00000, 0x00000000ccc00000|  0%| F|  |TAMS 0x00000000ccb00000, 0x00000000ccb00000| Untracked 
| 204|0x00000000ccc00000, 0x00000000ccc00000, 0x00000000ccd00000|  0%| F|  |TAMS 0x00000000ccc00000, 0x00000000ccc00000| Untracked 
| 205|0x00000000ccd00000, 0x00000000ccd00000, 0x00000000cce00000|  0%| F|  |TAMS 0x00000000ccd00000, 0x00000000ccd00000| Untracked 
| 206|0x00000000cce00000, 0x00000000cce00000, 0x00000000ccf00000|  0%| F|  |TAMS 0x00000000cce00000, 0x00000000cce00000| Untracked 
| 207|0x00000000ccf00000, 0x00000000ccf00000, 0x00000000cd000000|  0%| F|  |TAMS 0x00000000ccf00000, 0x00000000ccf00000| Untracked 
| 208|0x00000000cd000000, 0x00000000cd000000, 0x00000000cd100000|  0%| F|  |TAMS 0x00000000cd000000, 0x00000000cd000000| Untracked 
| 209|0x00000000cd100000, 0x00000000cd100000, 0x00000000cd200000|  0%| F|  |TAMS 0x00000000cd100000, 0x00000000cd100000| Untracked 
| 210|0x00000000cd200000, 0x00000000cd200000, 0x00000000cd300000|  0%| F|  |TAMS 0x00000000cd200000, 0x00000000cd200000| Untracked 
| 211|0x00000000cd300000, 0x00000000cd300000, 0x00000000cd400000|  0%| F|  |TAMS 0x00000000cd300000, 0x00000000cd300000| Untracked 
| 212|0x00000000cd400000, 0x00000000cd400000, 0x00000000cd500000|  0%| F|  |TAMS 0x00000000cd400000, 0x00000000cd400000| Untracked 
| 213|0x00000000cd500000, 0x00000000cd500000, 0x00000000cd600000|  0%| F|  |TAMS 0x00000000cd500000, 0x00000000cd500000| Untracked 
| 214|0x00000000cd600000, 0x00000000cd600000, 0x00000000cd700000|  0%| F|  |TAMS 0x00000000cd600000, 0x00000000cd600000| Untracked 
| 215|0x00000000cd700000, 0x00000000cd700000, 0x00000000cd800000|  0%| F|  |TAMS 0x00000000cd700000, 0x00000000cd700000| Untracked 
| 216|0x00000000cd800000, 0x00000000cd800000, 0x00000000cd900000|  0%| F|  |TAMS 0x00000000cd800000, 0x00000000cd800000| Untracked 
| 217|0x00000000cd900000, 0x00000000cd900000, 0x00000000cda00000|  0%| F|  |TAMS 0x00000000cd900000, 0x00000000cd900000| Untracked 
| 218|0x00000000cda00000, 0x00000000cda00000, 0x00000000cdb00000|  0%| F|  |TAMS 0x00000000cda00000, 0x00000000cda00000| Untracked 
| 219|0x00000000cdb00000, 0x00000000cdb00000, 0x00000000cdc00000|  0%| F|  |TAMS 0x00000000cdb00000, 0x00000000cdb00000| Untracked 
| 220|0x00000000cdc00000, 0x00000000cdc00000, 0x00000000cdd00000|  0%| F|  |TAMS 0x00000000cdc00000, 0x00000000cdc00000| Untracked 
| 221|0x00000000cdd00000, 0x00000000cdd00000, 0x00000000cde00000|  0%| F|  |TAMS 0x00000000cdd00000, 0x00000000cdd00000| Untracked 
| 222|0x00000000cde00000, 0x00000000cde00000, 0x00000000cdf00000|  0%| F|  |TAMS 0x00000000cde00000, 0x00000000cde00000| Untracked 
| 223|0x00000000cdf00000, 0x00000000cdf00000, 0x00000000ce000000|  0%| F|  |TAMS 0x00000000cdf00000, 0x00000000cdf00000| Untracked 
| 224|0x00000000ce000000, 0x00000000ce000000, 0x00000000ce100000|  0%| F|  |TAMS 0x00000000ce000000, 0x00000000ce000000| Untracked 
| 225|0x00000000ce100000, 0x00000000ce100000, 0x00000000ce200000|  0%| F|  |TAMS 0x00000000ce100000, 0x00000000ce100000| Untracked 
| 226|0x00000000ce200000, 0x00000000ce200000, 0x00000000ce300000|  0%| F|  |TAMS 0x00000000ce200000, 0x00000000ce200000| Untracked 
| 227|0x00000000ce300000, 0x00000000ce300000, 0x00000000ce400000|  0%| F|  |TAMS 0x00000000ce300000, 0x00000000ce300000| Untracked 
| 228|0x00000000ce400000, 0x00000000ce400000, 0x00000000ce500000|  0%| F|  |TAMS 0x00000000ce400000, 0x00000000ce400000| Untracked 
| 229|0x00000000ce500000, 0x00000000ce500000, 0x00000000ce600000|  0%| F|  |TAMS 0x00000000ce500000, 0x00000000ce500000| Untracked 
| 230|0x00000000ce600000, 0x00000000ce600000, 0x00000000ce700000|  0%| F|  |TAMS 0x00000000ce600000, 0x00000000ce600000| Untracked 
| 231|0x00000000ce700000, 0x00000000ce700000, 0x00000000ce800000|  0%| F|  |TAMS 0x00000000ce700000, 0x00000000ce700000| Untracked 
| 232|0x00000000ce800000, 0x00000000ce800000, 0x00000000ce900000|  0%| F|  |TAMS 0x00000000ce800000, 0x00000000ce800000| Untracked 
| 233|0x00000000ce900000, 0x00000000ce900000, 0x00000000cea00000|  0%| F|  |TAMS 0x00000000ce900000, 0x00000000ce900000| Untracked 
| 234|0x00000000cea00000, 0x00000000cea00000, 0x00000000ceb00000|  0%| F|  |TAMS 0x00000000cea00000, 0x00000000cea00000| Untracked 
| 235|0x00000000ceb00000, 0x00000000ceb00000, 0x00000000cec00000|  0%| F|  |TAMS 0x00000000ceb00000, 0x00000000ceb00000| Untracked 
| 236|0x00000000cec00000, 0x00000000cec00000, 0x00000000ced00000|  0%| F|  |TAMS 0x00000000cec00000, 0x00000000cec00000| Untracked 
| 237|0x00000000ced00000, 0x00000000ced00000, 0x00000000cee00000|  0%| F|  |TAMS 0x00000000ced00000, 0x00000000ced00000| Untracked 
| 238|0x00000000cee00000, 0x00000000cee00000, 0x00000000cef00000|  0%| F|  |TAMS 0x00000000cee00000, 0x00000000cee00000| Untracked 
| 239|0x00000000cef00000, 0x00000000cef00000, 0x00000000cf000000|  0%| F|  |TAMS 0x00000000cef00000, 0x00000000cef00000| Untracked 
| 240|0x00000000cf000000, 0x00000000cf000000, 0x00000000cf100000|  0%| F|  |TAMS 0x00000000cf000000, 0x00000000cf000000| Untracked 
| 241|0x00000000cf100000, 0x00000000cf100000, 0x00000000cf200000|  0%| F|  |TAMS 0x00000000cf100000, 0x00000000cf100000| Untracked 
| 242|0x00000000cf200000, 0x00000000cf200000, 0x00000000cf300000|  0%| F|  |TAMS 0x00000000cf200000, 0x00000000cf200000| Untracked 
| 243|0x00000000cf300000, 0x00000000cf300000, 0x00000000cf400000|  0%| F|  |TAMS 0x00000000cf300000, 0x00000000cf300000| Untracked 
| 244|0x00000000cf400000, 0x00000000cf400000, 0x00000000cf500000|  0%| F|  |TAMS 0x00000000cf400000, 0x00000000cf400000| Untracked 
| 245|0x00000000cf500000, 0x00000000cf500000, 0x00000000cf600000|  0%| F|  |TAMS 0x00000000cf500000, 0x00000000cf500000| Untracked 
| 246|0x00000000cf600000, 0x00000000cf600000, 0x00000000cf700000|  0%| F|  |TAMS 0x00000000cf600000, 0x00000000cf600000| Untracked 
| 247|0x00000000cf700000, 0x00000000cf700000, 0x00000000cf800000|  0%| F|  |TAMS 0x00000000cf700000, 0x00000000cf700000| Untracked 
| 248|0x00000000cf800000, 0x00000000cf800000, 0x00000000cf900000|  0%| F|  |TAMS 0x00000000cf800000, 0x00000000cf800000| Untracked 
| 249|0x00000000cf900000, 0x00000000cf900000, 0x00000000cfa00000|  0%| F|  |TAMS 0x00000000cf900000, 0x00000000cf900000| Untracked 
| 250|0x00000000cfa00000, 0x00000000cfa00000, 0x00000000cfb00000|  0%| F|  |TAMS 0x00000000cfa00000, 0x00000000cfa00000| Untracked 
| 251|0x00000000cfb00000, 0x00000000cfb00000, 0x00000000cfc00000|  0%| F|  |TAMS 0x00000000cfb00000, 0x00000000cfb00000| Untracked 

Card table byte_map: [0x0000017337320000,0x0000017337520000] _byte_map_base: 0x0000017336d20000

Marking Bits (Prev, Next): (CMBitMap*) 0x0000017320090450, (CMBitMap*) 0x0000017320090410
 Prev Bits: [0x0000017338720000, 0x0000017339720000)
 Next Bits: [0x0000017337720000, 0x0000017338720000)

Polling page: 0x000001731dfb0000

Metaspace:

Usage:
  Non-class:     61.92 MB used.
      Class:     10.31 MB used.
       Both:     72.23 MB used.

Virtual space:
  Non-class space:       64.00 MB reserved,      62.50 MB ( 98%) committed,  1 nodes.
      Class space:      208.00 MB reserved,      10.81 MB (  5%) committed,  1 nodes.
             Both:      272.00 MB reserved,      73.31 MB ( 27%) committed. 

Chunk freelists:
   Non-Class:  1.42 MB
       Class:  5.23 MB
        Both:  6.66 MB

MaxMetaspaceSize: 256.00 MB
CompressedClassSpaceSize: 208.00 MB
Initial GC threshold: 21.00 MB
Current GC threshold: 120.25 MB
CDS: on
MetaspaceReclaimPolicy: balanced
 - commit_granule_bytes: 65536.
 - commit_granule_words: 8192.
 - virtual_space_node_default_size: 8388608.
 - enlarge_chunks_in_place: 1.
 - new_chunks_are_fully_committed: 0.
 - uncommit_free_chunks: 1.
 - use_allocation_guard: 0.
 - handle_deallocations: 1.


Internal statistics:

num_allocs_failed_limit: 9.
num_arena_births: 1480.
num_arena_deaths: 0.
num_vsnodes_births: 2.
num_vsnodes_deaths: 0.
num_space_committed: 1173.
num_space_uncommitted: 0.
num_chunks_returned_to_freelist: 9.
num_chunks_taken_from_freelist: 4863.
num_chunk_merges: 9.
num_chunk_splits: 3096.
num_chunks_enlarged: 1899.
num_inconsistent_stats: 0.

CodeHeap 'non-profiled nmethods': size=120000Kb used=5997Kb max_used=5997Kb free=114003Kb
 bounds [0x000001732f680000, 0x000001732fc60000, 0x0000017336bb0000]
CodeHeap 'profiled nmethods': size=120000Kb used=18366Kb max_used=18366Kb free=101633Kb
 bounds [0x0000017327bb0000, 0x0000017328db0000, 0x000001732f0e0000]
CodeHeap 'non-nmethods': size=5760Kb used=1707Kb max_used=1782Kb free=4052Kb
 bounds [0x000001732f0e0000, 0x000001732f350000, 0x000001732f680000]
 total_blobs=10577 nmethods=9781 adapters=708
 compilation: enabled
              stopped_count=0, restarted_count=0
 full_count=0

Compilation events (20 events):
Event: 13.956 Thread 0x000001734f36d0d0 11241       4       groovy.lang.MetaClassImpl::checkIfGroovyObjectMethod (64 bytes)
Event: 13.963 Thread 0x000001734f36d0d0 nmethod 11241 0x000001732fc4ec90 code [0x000001732fc4ee40, 0x000001732fc4f228]
Event: 13.963 Thread 0x000001734f36d0d0 11242       4       groovy.lang.MetaClassImpl::isGenericGetMethod (44 bytes)
Event: 13.965 Thread 0x000001733c613bc0 nmethod 11245 0x000001732fc4f390 code [0x000001732fc4f520, 0x000001732fc4fa58]
Event: 13.969 Thread 0x000001734f36d0d0 nmethod 11242 0x000001732fc4fd10 code [0x000001732fc4fec0, 0x000001732fc50108]
Event: 13.976 Thread 0x000001733c3c7040 nmethod 11203 0x000001732fc50290 code [0x000001732fc507c0, 0x000001732fc57128]
Event: 13.977 Thread 0x000001733c3c7040 11258   !   4       jdk.internal.loader.Resource::getBytes (244 bytes)
Event: 13.993 Thread 0x000001733c3c9960 11259       3       java.io.FilePermission::<init> (14 bytes)
Event: 13.993 Thread 0x000001733c3c9960 nmethod 11259 0x0000017328d9e510 code [0x0000017328d9e6e0, 0x0000017328d9e978]
Event: 13.993 Thread 0x000001733c3c9960 11260       3       java.io.FilePermission::getMask (953 bytes)
Event: 13.995 Thread 0x000001733c3c9960 nmethod 11260 0x0000017328d9ea90 code [0x0000017328d9eee0, 0x0000017328da1538]
Event: 14.022 Thread 0x000001734f36d0d0 11261       4       com.google.common.reflect.TypeResolver$TypeVariableKey::equalsType (18 bytes)
Event: 14.022 Thread 0x000001733c3c9960 11262   !   3       jdk.proxy2.$Proxy1::value (29 bytes)
Event: 14.023 Thread 0x000001733c3c9960 nmethod 11262 0x0000017328da1e10 code [0x0000017328da1fe0, 0x0000017328da23d8]
Event: 14.023 Thread 0x000001733c613bc0 11263   !   4       java.util.jar.Attributes::read (494 bytes)
Event: 14.026 Thread 0x000001733c3c9960 11265   !   3       java.lang.reflect.Executable::declaredAnnotations (85 bytes)
Event: 14.027 Thread 0x000001733c3c9960 nmethod 11265 0x0000017328da2590 code [0x0000017328da27c0, 0x0000017328da30a8]
Event: 14.028 Thread 0x000001734f36d0d0 nmethod 11261 0x000001732fc5a610 code [0x000001732fc5a800, 0x000001732fc5acf8]
Event: 14.028 Thread 0x000001734f36d0d0 11264       4       java.nio.file.attribute.FileTime::toMillis (98 bytes)
Event: 14.029 Thread 0x000001734f36d0d0 nmethod 11264 0x000001732fc5b090 code [0x000001732fc5b220, 0x000001732fc5b338]

GC Heap History (20 events):
Event: 10.608 GC heap after
{Heap after GC invocations=20 (full 0):
 garbage-first heap   total 144384K, used 61600K [0x00000000c0000000, 0x0000000100000000)
  region size 1024K, 9 young (9216K), 9 survivors (9216K)
 Metaspace       used 65144K, committed 65920K, reserved 278528K
  class space    used 9357K, committed 9728K, reserved 212992K
}
Event: 11.544 GC heap before
{Heap before GC invocations=20 (full 0):
 garbage-first heap   total 144384K, used 113824K [0x00000000c0000000, 0x0000000100000000)
  region size 1024K, 61 young (62464K), 9 survivors (9216K)
 Metaspace       used 68978K, committed 69888K, reserved 278528K
  class space    used 9999K, committed 10432K, reserved 212992K
}
Event: 11.554 GC heap after
{Heap after GC invocations=21 (full 0):
 garbage-first heap   total 144384K, used 65807K [0x00000000c0000000, 0x0000000100000000)
  region size 1024K, 6 young (6144K), 6 survivors (6144K)
 Metaspace       used 68978K, committed 69888K, reserved 278528K
  class space    used 9999K, committed 10432K, reserved 212992K
}
Event: 12.248 GC heap before
{Heap before GC invocations=21 (full 0):
 garbage-first heap   total 144384K, used 114959K [0x00000000c0000000, 0x0000000100000000)
  region size 1024K, 55 young (56320K), 6 survivors (6144K)
 Metaspace       used 71094K, committed 72128K, reserved 278528K
  class space    used 10314K, committed 10816K, reserved 212992K
}
Event: 12.256 GC heap after
{Heap after GC invocations=22 (full 0):
 garbage-first heap   total 144384K, used 70643K [0x00000000c0000000, 0x0000000100000000)
  region size 1024K, 7 young (7168K), 7 survivors (7168K)
 Metaspace       used 71094K, committed 72128K, reserved 278528K
  class space    used 10314K, committed 10816K, reserved 212992K
}
Event: 12.762 GC heap before
{Heap before GC invocations=22 (full 0):
 garbage-first heap   total 144384K, used 114675K [0x00000000c0000000, 0x0000000100000000)
  region size 1024K, 50 young (51200K), 7 survivors (7168K)
 Metaspace       used 72519K, committed 73536K, reserved 278528K
  class space    used 10441K, committed 10944K, reserved 212992K
}
Event: 12.768 GC heap after
{Heap after GC invocations=23 (full 0):
 garbage-first heap   total 144384K, used 76572K [0x00000000c0000000, 0x0000000100000000)
  region size 1024K, 6 young (6144K), 6 survivors (6144K)
 Metaspace       used 72519K, committed 73536K, reserved 278528K
  class space    used 10441K, committed 10944K, reserved 212992K
}
Event: 13.120 GC heap before
{Heap before GC invocations=23 (full 0):
 garbage-first heap   total 144384K, used 114460K [0x00000000c0000000, 0x0000000100000000)
  region size 1024K, 44 young (45056K), 6 survivors (6144K)
 Metaspace       used 72797K, committed 73856K, reserved 278528K
  class space    used 10443K, committed 10944K, reserved 212992K
}
Event: 13.126 GC heap after
{Heap after GC invocations=24 (full 0):
 garbage-first heap   total 144384K, used 80189K [0x00000000c0000000, 0x0000000100000000)
  region size 1024K, 4 young (4096K), 4 survivors (4096K)
 Metaspace       used 72797K, committed 73856K, reserved 278528K
  class space    used 10443K, committed 10944K, reserved 212992K
}
Event: 13.300 GC heap before
{Heap before GC invocations=25 (full 0):
 garbage-first heap   total 152576K, used 115005K [0x00000000c0000000, 0x0000000100000000)
  region size 1024K, 39 young (39936K), 4 survivors (4096K)
 Metaspace       used 72898K, committed 73920K, reserved 278528K
  class space    used 10444K, committed 10944K, reserved 212992K
}
Event: 13.304 GC heap after
{Heap after GC invocations=26 (full 0):
 garbage-first heap   total 152576K, used 81369K [0x00000000c0000000, 0x0000000100000000)
  region size 1024K, 4 young (4096K), 4 survivors (4096K)
 Metaspace       used 72898K, committed 73920K, reserved 278528K
  class space    used 10444K, committed 10944K, reserved 212992K
}
Event: 13.313 GC heap before
{Heap before GC invocations=26 (full 0):
 garbage-first heap   total 152576K, used 83417K [0x00000000c0000000, 0x0000000100000000)
  region size 1024K, 7 young (7168K), 4 survivors (4096K)
 Metaspace       used 72901K, committed 73920K, reserved 278528K
  class space    used 10444K, committed 10944K, reserved 212992K
}
Event: 13.316 GC heap after
{Heap after GC invocations=27 (full 0):
 garbage-first heap   total 152576K, used 79343K [0x00000000c0000000, 0x0000000100000000)
  region size 1024K, 1 young (1024K), 1 survivors (1024K)
 Metaspace       used 72901K, committed 73920K, reserved 278528K
  class space    used 10444K, committed 10944K, reserved 212992K
}
Event: 13.450 GC heap before
{Heap before GC invocations=27 (full 0):
 garbage-first heap   total 152576K, used 122351K [0x00000000c0000000, 0x0000000100000000)
  region size 1024K, 44 young (45056K), 1 survivors (1024K)
 Metaspace       used 72919K, committed 73920K, reserved 278528K
  class space    used 10444K, committed 10944K, reserved 212992K
}
Event: 13.453 GC heap after
{Heap after GC invocations=28 (full 0):
 garbage-first heap   total 152576K, used 81828K [0x00000000c0000000, 0x0000000100000000)
  region size 1024K, 4 young (4096K), 4 survivors (4096K)
 Metaspace       used 72919K, committed 73920K, reserved 278528K
  class space    used 10444K, committed 10944K, reserved 212992K
}
Event: 13.606 GC heap before
{Heap before GC invocations=29 (full 0):
 garbage-first heap   total 158720K, used 122788K [0x00000000c0000000, 0x0000000100000000)
  region size 1024K, 45 young (46080K), 4 survivors (4096K)
 Metaspace       used 72928K, committed 73920K, reserved 278528K
  class space    used 10444K, committed 10944K, reserved 212992K
}
Event: 13.610 GC heap after
{Heap after GC invocations=30 (full 0):
 garbage-first heap   total 158720K, used 82851K [0x00000000c0000000, 0x0000000100000000)
  region size 1024K, 4 young (4096K), 4 survivors (4096K)
 Metaspace       used 72928K, committed 73920K, reserved 278528K
  class space    used 10444K, committed 10944K, reserved 212992K
}
Event: 13.617 GC heap before
{Heap before GC invocations=30 (full 0):
 garbage-first heap   total 158720K, used 85923K [0x00000000c0000000, 0x0000000100000000)
  region size 1024K, 7 young (7168K), 4 survivors (4096K)
 Metaspace       used 72928K, committed 73920K, reserved 278528K
  class space    used 10444K, committed 10944K, reserved 212992K
}
Event: 13.620 GC heap after
{Heap after GC invocations=31 (full 0):
 garbage-first heap   total 158720K, used 81142K [0x00000000c0000000, 0x0000000100000000)
  region size 1024K, 1 young (1024K), 1 survivors (1024K)
 Metaspace       used 72928K, committed 73920K, reserved 278528K
  class space    used 10444K, committed 10944K, reserved 212992K
}
Event: 14.035 GC heap before
{Heap before GC invocations=31 (full 0):
 garbage-first heap   total 158720K, used 135414K [0x00000000c0000000, 0x0000000100000000)
  region size 1024K, 48 young (49152K), 1 survivors (1024K)
 Metaspace       used 73965K, committed 75072K, reserved 278528K
  class space    used 10561K, committed 11072K, reserved 212992K
}

Dll operation events (15 events):
Event: 0.007 Loaded shared library C:\Program Files\Eclipse Adoptium\jdk-17.0.18.8-hotspot\bin\java.dll
Event: 0.023 Loaded shared library C:\Program Files\Eclipse Adoptium\jdk-17.0.18.8-hotspot\bin\jsvml.dll
Event: 0.059 Loaded shared library C:\Program Files\Eclipse Adoptium\jdk-17.0.18.8-hotspot\bin\zip.dll
Event: 0.062 Loaded shared library C:\Program Files\Eclipse Adoptium\jdk-17.0.18.8-hotspot\bin\instrument.dll
Event: 0.065 Loaded shared library C:\Program Files\Eclipse Adoptium\jdk-17.0.18.8-hotspot\bin\net.dll
Event: 0.067 Loaded shared library C:\Program Files\Eclipse Adoptium\jdk-17.0.18.8-hotspot\bin\nio.dll
Event: 0.069 Loaded shared library C:\Program Files\Eclipse Adoptium\jdk-17.0.18.8-hotspot\bin\zip.dll
Event: 0.327 Loaded shared library C:\Program Files\Eclipse Adoptium\jdk-17.0.18.8-hotspot\bin\jimage.dll
Event: 0.552 Loaded shared library C:\Program Files\Eclipse Adoptium\jdk-17.0.18.8-hotspot\bin\verify.dll
Event: 0.589 Loaded shared library C:\Users\Nandhitha_R\.gradle\native\1def1411415f61bf3af743bc5b6707747c0891f09f0c88961ee8f79bc544acac\windows-amd64\native-platform.dll
Event: 0.600 Loaded shared library C:\Users\Nandhitha_R\.gradle\native\0.2.8\x86_64-windows-gnu\gradle-fileevents.dll
Event: 1.495 Loaded shared library C:\Program Files\Eclipse Adoptium\jdk-17.0.18.8-hotspot\bin\management.dll
Event: 1.498 Loaded shared library C:\Program Files\Eclipse Adoptium\jdk-17.0.18.8-hotspot\bin\management_ext.dll
Event: 1.655 Loaded shared library C:\Program Files\Eclipse Adoptium\jdk-17.0.18.8-hotspot\bin\extnet.dll
Event: 1.850 Loaded shared library C:\Program Files\Eclipse Adoptium\jdk-17.0.18.8-hotspot\bin\sunmscapi.dll

Deoptimization events (20 events):
Event: 13.915 Thread 0x0000017350cce6a0 DEOPT PACKING pc=0x000001732f7cbdb0 sp=0x00000029496f2ce0
Event: 13.915 Thread 0x0000017350cce6a0 DEOPT UNPACKING pc=0x000001732f1369a3 sp=0x00000029496f2ae8 mode 2
Event: 13.982 Thread 0x0000017350cce6a0 Uncommon trap: trap_request=0xffffffde fr.pc=0x000001732f7cbdb0 relative=0x0000000000005310
Event: 13.982 Thread 0x0000017350cce6a0 Uncommon trap: reason=class_check action=maybe_recompile pc=0x000001732f7cbdb0 method=java.util.jar.JarFile.getManifestFromReference()Ljava/util/jar/Manifest; @ 152 c2
Event: 13.982 Thread 0x0000017350cce6a0 DEOPT PACKING pc=0x000001732f7cbdb0 sp=0x00000029496f2060
Event: 13.982 Thread 0x0000017350cce6a0 DEOPT UNPACKING pc=0x000001732f1369a3 sp=0x00000029496f1e68 mode 2
Event: 14.021 Thread 0x0000017350cce6a0 Uncommon trap: trap_request=0xffffff45 fr.pc=0x000001732fac37f4 relative=0x0000000000000374
Event: 14.021 Thread 0x0000017350cce6a0 Uncommon trap: reason=unstable_if action=reinterpret pc=0x000001732fac37f4 method=com.google.common.reflect.TypeResolver$TypeVariableKey.equalsTypeVariable(Ljava/lang/reflect/TypeVariable;)Z @ 41 c2
Event: 14.021 Thread 0x0000017350cce6a0 DEOPT PACKING pc=0x000001732fac37f4 sp=0x00000029496f2c10
Event: 14.021 Thread 0x0000017350cce6a0 DEOPT UNPACKING pc=0x000001732f1369a3 sp=0x00000029496f2b50 mode 2
Event: 14.021 Thread 0x0000017350cce6a0 Uncommon trap: trap_request=0xffffff45 fr.pc=0x000001732fa0165c relative=0x000000000000035c
Event: 14.021 Thread 0x0000017350cce6a0 Uncommon trap: reason=unstable_if action=reinterpret pc=0x000001732fa0165c method=com.google.common.reflect.TypeResolver$TypeVariableKey.equalsTypeVariable(Ljava/lang/reflect/TypeVariable;)Z @ 41 c2
Event: 14.021 Thread 0x0000017350cce6a0 DEOPT PACKING pc=0x000001732fa0165c sp=0x00000029496f2b80
Event: 14.021 Thread 0x0000017350cce6a0 DEOPT UNPACKING pc=0x000001732f1369a3 sp=0x00000029496f2b40 mode 2
Event: 14.023 Thread 0x0000017350cce6a0 DEOPT PACKING pc=0x0000017327faec47 sp=0x00000029496f1cd0
Event: 14.023 Thread 0x0000017350cce6a0 DEOPT UNPACKING pc=0x000001732f137143 sp=0x00000029496f1260 mode 0
Event: 14.026 Thread 0x0000017350cce6a0 Uncommon trap: trap_request=0xffffff45 fr.pc=0x000001732f92f850 relative=0x0000000000007690
Event: 14.026 Thread 0x0000017350cce6a0 Uncommon trap: reason=unstable_if action=reinterpret pc=0x000001732f92f850 method=sun.reflect.annotation.AnnotationParser.parseAnnotations2([BLjdk/internal/reflect/ConstantPool;Ljava/lang/Class;[Ljava/lang/Class;)Ljava/util/Map; @ 71 c2
Event: 14.026 Thread 0x0000017350cce6a0 DEOPT PACKING pc=0x000001732f92f850 sp=0x00000029496f2fa0
Event: 14.026 Thread 0x0000017350cce6a0 DEOPT UNPACKING pc=0x000001732f1369a3 sp=0x00000029496f2e80 mode 2

Classes loaded (20 events):
Event: 12.416 Loading class jdk/internal/jrtfs/JrtFileAttributes
Event: 12.416 Loading class jdk/internal/jrtfs/JrtFileAttributes done
Event: 12.416 Loading class jdk/internal/jrtfs/JrtDirectoryStream
Event: 12.416 Loading class jdk/internal/jrtfs/JrtDirectoryStream done
Event: 12.417 Loading class jdk/internal/jrtfs/JrtDirectoryStream$1
Event: 12.417 Loading class jdk/internal/jrtfs/JrtDirectoryStream$1 done
Event: 12.418 Loading class jdk/internal/jimage/ImageReader$Resource
Event: 12.418 Loading class jdk/internal/jimage/ImageReader$Resource done
Event: 12.475 Loading class java/util/WeakHashMap$KeyIterator
Event: 12.475 Loading class java/util/WeakHashMap$HashIterator
Event: 12.475 Loading class java/util/WeakHashMap$HashIterator done
Event: 12.475 Loading class java/util/WeakHashMap$KeyIterator done
Event: 12.493 Loading class java/util/AbstractCollectionBeanInfo
Event: 12.493 Loading class java/util/AbstractCollectionBeanInfo done
Event: 12.493 Loading class java/util/AbstractCollectionBeanInfo
Event: 12.493 Loading class java/util/AbstractCollectionBeanInfo done
Event: 12.493 Loading class java/util/AbstractCollectionCustomizer
Event: 12.493 Loading class java/util/AbstractCollectionCustomizer done
Event: 12.493 Loading class java/util/AbstractCollectionCustomizer
Event: 12.493 Loading class java/util/AbstractCollectionCustomizer done

Classes unloaded (0 events):
No events

Classes redefined (0 events):
No events

Internal exceptions (20 events):
Event: 12.519 Thread 0x0000017350cce6a0 Exception <a 'java/lang/ClassNotFoundException'{0x00000000c6f4d620}: org/gradle/api/internal/artifacts/dsl/dependencies/DefaultDependencyHandlerBeanInfo> (0x00000000c6f4d620) 
thrown [s\src\hotspot\share\classfile\systemDictionary.cpp, line 256]
Event: 12.520 Thread 0x0000017350cce6a0 Exception <a 'java/lang/ClassNotFoundException'{0x00000000c6f653d0}: org/gradle/api/internal/artifacts/dsl/dependencies/DefaultDependencyHandlerCustomizer> (0x00000000c6f653d0) 
thrown [s\src\hotspot\share\classfile\systemDictionary.cpp, line 256]
Event: 12.522 Thread 0x0000017350cce6a0 Exception <a 'java/lang/ClassNotFoundException'{0x00000000c6fbf158}: org/gradle/api/internal/artifacts/dsl/dependencies/DefaultDependencyHandler_DecoratedCustomizer> (0x00000000c6fbf158) 
thrown [s\src\hotspot\share\classfile\systemDictionary.cpp, line 256]
Event: 12.944 Thread 0x00000173537090c0 Exception <a 'sun/nio/fs/WindowsException'{0x00000000c8dabc70}> (0x00000000c8dabc70) 
thrown [s\src\hotspot\share\prims\jni.cpp, line 516]
Event: 12.945 Thread 0x00000173537090c0 Exception <a 'sun/nio/fs/WindowsException'{0x00000000c8dae4d0}> (0x00000000c8dae4d0) 
thrown [s\src\hotspot\share\prims\jni.cpp, line 516]
Event: 12.945 Thread 0x00000173537090c0 Exception <a 'sun/nio/fs/WindowsException'{0x00000000c8db0af0}> (0x00000000c8db0af0) 
thrown [s\src\hotspot\share\prims\jni.cpp, line 516]
Event: 12.946 Thread 0x00000173537090c0 Exception <a 'sun/nio/fs/WindowsException'{0x00000000c8db2fb0}> (0x00000000c8db2fb0) 
thrown [s\src\hotspot\share\prims\jni.cpp, line 516]
Event: 13.352 Thread 0x000001735370e6d0 Implicit null exception at 0x000001732fb50566 to 0x000001732fb50c4c
Event: 13.722 Thread 0x0000017350cce6a0 Exception <a 'java/lang/ClassNotFoundException'{0x00000000c85d9ca8}: build_27ljqwr2xybhqeljgk6471i6aBeanInfo> (0x00000000c85d9ca8) 
thrown [s\src\hotspot\share\classfile\systemDictionary.cpp, line 256]
Event: 13.723 Thread 0x0000017350cce6a0 Exception <a 'java/lang/ClassNotFoundException'{0x00000000c85e1340}: build_27ljqwr2xybhqeljgk6471i6aCustomizer> (0x00000000c85e1340) 
thrown [s\src\hotspot\share\classfile\systemDictionary.cpp, line 256]
Event: 13.831 Thread 0x0000017350cce6a0 Exception <a 'java/lang/ClassNotFoundException'{0x00000000c7d658d8}: org/gradle/api/internal/plugins/DefaultObjectConfigurationActionBeanInfo> (0x00000000c7d658d8) 
thrown [s\src\hotspot\share\classfile\systemDictionary.cpp, line 256]
Event: 13.832 Thread 0x0000017350cce6a0 Exception <a 'java/lang/ClassNotFoundException'{0x00000000c7d88020}: org/gradle/api/internal/plugins/DefaultObjectConfigurationActionCustomizer> (0x00000000c7d88020) 
thrown [s\src\hotspot\share\classfile\systemDictionary.cpp, line 256]
Event: 13.844 Thread 0x0000017350cce6a0 Exception <a 'java/lang/ClassNotFoundException'{0x00000000c7de3748}: org/gradle/plugin/software/internal/SoftwareFeaturesDynamicObject_DecoratedBeanInfo> (0x00000000c7de3748) 
thrown [s\src\hotspot\share\classfile\systemDictionary.cpp, line 256]
Event: 13.845 Thread 0x0000017350cce6a0 Exception <a 'java/lang/ClassNotFoundException'{0x00000000c7dfa998}: org/gradle/plugin/software/internal/SoftwareFeaturesDynamicObjectBeanInfo> (0x00000000c7dfa998) 
thrown [s\src\hotspot\share\classfile\systemDictionary.cpp, line 256]
Event: 13.847 Thread 0x0000017350cce6a0 Exception <a 'java/lang/ClassNotFoundException'{0x00000000c7c115f8}: org/gradle/internal/metaobject/AbstractDynamicObjectBeanInfo> (0x00000000c7c115f8) 
thrown [s\src\hotspot\share\classfile\systemDictionary.cpp, line 256]
Event: 13.848 Thread 0x0000017350cce6a0 Exception <a 'java/lang/ClassNotFoundException'{0x00000000c7c29d40}: org/gradle/internal/metaobject/AbstractDynamicObjectCustomizer> (0x00000000c7c29d40) 
thrown [s\src\hotspot\share\classfile\systemDictionary.cpp, line 256]
Event: 13.851 Thread 0x0000017350cce6a0 Exception <a 'java/lang/ClassNotFoundException'{0x00000000c7c4e490}: org/gradle/plugin/software/internal/SoftwareFeaturesDynamicObjectCustomizer> (0x00000000c7c4e490) 
thrown [s\src\hotspot\share\classfile\systemDictionary.cpp, line 256]
Event: 13.853 Thread 0x0000017350cce6a0 Exception <a 'java/lang/ClassNotFoundException'{0x00000000c7c6c870}: org/gradle/plugin/software/internal/SoftwareFeaturesDynamicObject_DecoratedCustomizer> (0x00000000c7c6c870) 
thrown [s\src\hotspot\share\classfile\systemDictionary.cpp, line 256]
Event: 13.891 Thread 0x0000017350cce6a0 Exception <a 'java/lang/ClassNotFoundException'{0x00000000c7a3c4c8}: build_cyt4sxq6og4cl1enqv4ivv4ahBeanInfo> (0x00000000c7a3c4c8) 
thrown [s\src\hotspot\share\classfile\systemDictionary.cpp, line 256]
Event: 13.892 Thread 0x0000017350cce6a0 Exception <a 'java/lang/ClassNotFoundException'{0x00000000c7a49968}: build_cyt4sxq6og4cl1enqv4ivv4ahCustomizer> (0x00000000c7a49968) 
thrown [s\src\hotspot\share\classfile\systemDictionary.cpp, line 256]

VM Operations (20 events):
Event: 13.126 Executing VM operation: G1CollectForAllocation done
Event: 13.179 Executing VM operation: G1PauseRemark
Event: 13.186 Executing VM operation: G1PauseRemark done
Event: 13.212 Executing VM operation: G1PauseCleanup
Event: 13.212 Executing VM operation: G1PauseCleanup done
Event: 13.300 Executing VM operation: G1CollectForAllocation
Event: 13.304 Executing VM operation: G1CollectForAllocation done
Event: 13.313 Executing VM operation: G1CollectForAllocation
Event: 13.316 Executing VM operation: G1CollectForAllocation done
Event: 13.450 Executing VM operation: G1CollectForAllocation
Event: 13.453 Executing VM operation: G1CollectForAllocation done
Event: 13.508 Executing VM operation: G1PauseRemark
Event: 13.514 Executing VM operation: G1PauseRemark done
Event: 13.539 Executing VM operation: G1PauseCleanup
Event: 13.540 Executing VM operation: G1PauseCleanup done
Event: 13.606 Executing VM operation: G1CollectForAllocation
Event: 13.610 Executing VM operation: G1CollectForAllocation done
Event: 13.617 Executing VM operation: G1CollectForAllocation
Event: 13.620 Executing VM operation: G1CollectForAllocation done
Event: 14.034 Executing VM operation: G1CollectForAllocation

Memory protections (0 events):
No events

Nmethod flushes (20 events):
Event: 12.386 Thread 0x000001733c3ca270 flushing  nmethod 0x0000017328792a90
Event: 12.386 Thread 0x000001733c3ca270 flushing  nmethod 0x00000173287a1090
Event: 12.386 Thread 0x000001733c3ca270 flushing  nmethod 0x00000173287b3e90
Event: 12.386 Thread 0x000001733c3ca270 flushing  nmethod 0x00000173287cf590
Event: 12.386 Thread 0x000001733c3ca270 flushing  nmethod 0x00000173287da290
Event: 12.386 Thread 0x000001733c3ca270 flushing  nmethod 0x0000017328817a90
Event: 12.386 Thread 0x000001733c3ca270 flushing  nmethod 0x0000017328827690
Event: 12.386 Thread 0x000001733c3ca270 flushing  nmethod 0x000001732884ac90
Event: 12.386 Thread 0x000001733c3ca270 flushing  nmethod 0x000001732885ca90
Event: 12.387 Thread 0x000001733c3ca270 flushing  nmethod 0x00000173288b2810
Event: 12.387 Thread 0x000001733c3ca270 flushing  nmethod 0x00000173288d0b90
Event: 12.387 Thread 0x000001733c3ca270 flushing  nmethod 0x00000173288d1a90
Event: 12.387 Thread 0x000001733c3ca270 flushing  nmethod 0x000001732893d410
Event: 12.387 Thread 0x000001733c3ca270 flushing  nmethod 0x000001732895e490
Event: 12.387 Thread 0x000001733c3ca270 flushing  nmethod 0x0000017328978c10
Event: 12.387 Thread 0x000001733c3ca270 flushing  nmethod 0x00000173289bfb10
Event: 12.387 Thread 0x000001733c3ca270 flushing  nmethod 0x0000017328a2b690
Event: 12.387 Thread 0x000001733c3ca270 flushing  nmethod 0x0000017328a32610
Event: 12.388 Thread 0x000001733c3ca270 flushing  nmethod 0x0000017328aa6810
Event: 12.389 Thread 0x000001733c3ca270 flushing  nmethod 0x0000017328c11890

Events (20 events):
Event: 11.881 Thread 0x0000017350cce6a0 Thread added: 0x0000017354a69d20
Event: 11.881 Thread 0x0000017350cce6a0 Thread added: 0x0000017354a6cab0
Event: 11.882 Thread 0x0000017350cce6a0 Thread added: 0x0000017354a6cfc0
Event: 11.882 Thread 0x0000017350cce6a0 Thread added: 0x0000017354a6a740
Event: 11.883 Thread 0x0000017350cce6a0 Thread added: 0x0000017354a6d9e0
Event: 11.883 Thread 0x0000017350cce6a0 Thread added: 0x0000017354a6def0
Event: 11.883 Thread 0x0000017350cce6a0 Thread added: 0x0000017354a6f330
Event: 11.970 Thread 0x0000017350cce6a0 Thread added: 0x0000017354a6e400
Event: 12.217 Thread 0x0000017350cce6a0 Thread added: 0x0000017354a6e910
Event: 12.881 Thread 0x00000173537090c0 Thread added: 0x0000017354a6f840
Event: 12.882 Thread 0x00000173537090c0 Thread added: 0x0000017353781100
Event: 12.882 Thread 0x00000173537090c0 Thread added: 0x0000017353782540
Event: 12.882 Thread 0x00000173537090c0 Thread added: 0x000001735377f7b0
Event: 12.883 Thread 0x00000173537090c0 Thread added: 0x0000017353781b20
Event: 12.883 Thread 0x00000173537090c0 Thread added: 0x0000017353781610
Event: 12.883 Thread 0x00000173537090c0 Thread added: 0x000001735377fcc0
Event: 12.883 Thread 0x00000173537090c0 Thread added: 0x0000017353780bf0
Event: 13.713 Thread 0x0000017350cce6a0 Thread added: 0x000001735377f2a0
Event: 13.869 Thread 0x0000017350cce6a0 Thread added: 0x0000017353782030
Event: 13.883 Thread 0x0000017350cce6a0 Thread added: 0x00000173537801d0


Dynamic libraries:
0x00007ff797070000 - 0x00007ff79707e000 	C:\Program Files\Eclipse Adoptium\jdk-17.0.18.8-hotspot\bin\java.exe
0x00007ffabe240000 - 0x00007ffabe4a7000 	C:\Windows\SYSTEM32\ntdll.dll
0x00007ffabce00000 - 0x00007ffabcec9000 	C:\Windows\System32\KERNEL32.DLL
0x00007ffabac70000 - 0x00007ffabb067000 	C:\Windows\System32\KERNELBASE.dll
0x00007ffabbbd0000 - 0x00007ffabbd1b000 	C:\Windows\System32\ucrtbase.dll
0x00007ffa7dd60000 - 0x00007ffa7dd78000 	C:\Program Files\Eclipse Adoptium\jdk-17.0.18.8-hotspot\bin\jli.dll
0x00007ffa82cb0000 - 0x00007ffa82cce000 	C:\Program Files\Eclipse Adoptium\jdk-17.0.18.8-hotspot\bin\VCRUNTIME140.dll
0x00007ffabc800000 - 0x00007ffabc9c6000 	C:\Windows\System32\USER32.dll
0x00007ffabb070000 - 0x00007ffabb097000 	C:\Windows\System32\win32u.dll
0x00007ffaa0130000 - 0x00007ffaa03c2000 	C:\Windows\WinSxS\amd64_microsoft.windows.common-controls_6595b64144ccf1df_6.0.26100.8328_none_3e08182ce334b678\COMCTL32.dll
0x00007ffabd810000 - 0x00007ffabd83b000 	C:\Windows\System32\GDI32.dll
0x00007ffabdcc0000 - 0x00007ffabdd69000 	C:\Windows\System32\msvcrt.dll
0x00007ffabbd20000 - 0x00007ffabbe4c000 	C:\Windows\System32\gdi32full.dll
0x00007ffabb910000 - 0x00007ffabb9b3000 	C:\Windows\System32\msvcp_win.dll
0x00007ffabc080000 - 0x00007ffabc0b2000 	C:\Windows\System32\IMM32.DLL
0x00007ffa86110000 - 0x00007ffa8611c000 	C:\Program Files\Eclipse Adoptium\jdk-17.0.18.8-hotspot\bin\vcruntime140_1.dll
0x00007ffa62030000 - 0x00007ffa620bd000 	C:\Program Files\Eclipse Adoptium\jdk-17.0.18.8-hotspot\bin\msvcp140.dll
0x00007ff9e9af0000 - 0x00007ff9ea75b000 	C:\Program Files\Eclipse Adoptium\jdk-17.0.18.8-hotspot\bin\server\jvm.dll
0x00007ffabc2a0000 - 0x00007ffabc356000 	C:\Windows\System32\ADVAPI32.dll
0x00007ffabc9e0000 - 0x00007ffabca87000 	C:\Windows\System32\sechost.dll
0x00007ffabdba0000 - 0x00007ffabdcb8000 	C:\Windows\System32\RPCRT4.dll
0x00007ffabcf70000 - 0x00007ffabcff0000 	C:\Windows\System32\WS2_32.dll
0x00007ffab8080000 - 0x00007ffab80b6000 	C:\Windows\SYSTEM32\WINMM.dll
0x00007ffabaaf0000 - 0x00007ffabab4e000 	C:\Windows\SYSTEM32\POWRPROF.dll
0x00007ffaa03d0000 - 0x00007ffaa03db000 	C:\Windows\SYSTEM32\VERSION.dll
0x00007ffabaad0000 - 0x00007ffabaae4000 	C:\Windows\SYSTEM32\UMPDC.dll
0x00007ffab99d0000 - 0x00007ffab99eb000 	C:\Windows\SYSTEM32\kernel.appcore.dll
0x00007ffa82ca0000 - 0x00007ffa82caa000 	C:\Program Files\Eclipse Adoptium\jdk-17.0.18.8-hotspot\bin\jimage.dll
0x00007ffab8ad0000 - 0x00007ffab8d12000 	C:\Windows\SYSTEM32\DBGHELP.DLL
0x00007ffabc460000 - 0x00007ffabc7e3000 	C:\Windows\System32\combase.dll
0x00007ffabca90000 - 0x00007ffabcb69000 	C:\Windows\System32\OLEAUT32.dll
0x00007ffa9bdf0000 - 0x00007ffa9be2b000 	C:\Windows\SYSTEM32\dbgcore.DLL
0x00007ffabbf10000 - 0x00007ffabbfb8000 	C:\Windows\System32\bcryptPrimitives.dll
0x00007ffa71dc0000 - 0x00007ffa71dce000 	C:\Program Files\Eclipse Adoptium\jdk-17.0.18.8-hotspot\bin\instrument.dll
0x00007ffa77420000 - 0x00007ffa77445000 	C:\Program Files\Eclipse Adoptium\jdk-17.0.18.8-hotspot\bin\java.dll
0x00007ffa353c0000 - 0x00007ffa35497000 	C:\Program Files\Eclipse Adoptium\jdk-17.0.18.8-hotspot\bin\jsvml.dll
0x00007ffabd030000 - 0x00007ffabd79e000 	C:\Windows\System32\SHELL32.dll
0x00007ffabb0a0000 - 0x00007ffabb90c000 	C:\Windows\System32\windows.storage.dll
0x00007ffabcb70000 - 0x00007ffabcc66000 	C:\Windows\System32\SHCORE.dll
0x00007ffabcd90000 - 0x00007ffabcdf6000 	C:\Windows\System32\shlwapi.dll
0x00007ffabab90000 - 0x00007ffababb9000 	C:\Windows\SYSTEM32\profapi.dll
0x00007ffa71de0000 - 0x00007ffa71df8000 	C:\Program Files\Eclipse Adoptium\jdk-17.0.18.8-hotspot\bin\zip.dll
0x00007ffa773d0000 - 0x00007ffa773ea000 	C:\Program Files\Eclipse Adoptium\jdk-17.0.18.8-hotspot\bin\net.dll
0x00007ffab1e30000 - 0x00007ffab1f59000 	C:\Windows\SYSTEM32\WINHTTP.dll
0x00007ffab9f70000 - 0x00007ffab9fdc000 	C:\Windows\system32\mswsock.dll
0x00007ffa71e00000 - 0x00007ffa71e16000 	C:\Program Files\Eclipse Adoptium\jdk-17.0.18.8-hotspot\bin\nio.dll
0x00007ffa7ac00000 - 0x00007ffa7ac10000 	C:\Program Files\Eclipse Adoptium\jdk-17.0.18.8-hotspot\bin\verify.dll
0x00007ffa79ef0000 - 0x00007ffa79f17000 	C:\Users\Nandhitha_R\.gradle\native\1def1411415f61bf3af743bc5b6707747c0891f09f0c88961ee8f79bc544acac\windows-amd64\native-platform.dll
0x00007ffa31ee0000 - 0x00007ffa31f57000 	C:\Users\Nandhitha_R\.gradle\native\0.2.8\x86_64-windows-gnu\gradle-fileevents.dll
0x00007ffa7dd50000 - 0x00007ffa7dd5a000 	C:\Program Files\Eclipse Adoptium\jdk-17.0.18.8-hotspot\bin\management.dll
0x00007ffa7dc70000 - 0x00007ffa7dc7c000 	C:\Program Files\Eclipse Adoptium\jdk-17.0.18.8-hotspot\bin\management_ext.dll
0x00007ffabc7f0000 - 0x00007ffabc7f8000 	C:\Windows\System32\PSAPI.DLL
0x00007ffab93b0000 - 0x00007ffab93e2000 	C:\Windows\SYSTEM32\IPHLPAPI.DLL
0x00007ffabc9d0000 - 0x00007ffabc9da000 	C:\Windows\System32\NSI.dll
0x00007ffab27d0000 - 0x00007ffab27ed000 	C:\Windows\SYSTEM32\dhcpcsvc6.DLL
0x00007ffab27a0000 - 0x00007ffab27c5000 	C:\Windows\SYSTEM32\dhcpcsvc.DLL
0x00007ffab93f0000 - 0x00007ffab9522000 	C:\Windows\SYSTEM32\DNSAPI.dll
0x00007ffa71dd0000 - 0x00007ffa71dd9000 	C:\Program Files\Eclipse Adoptium\jdk-17.0.18.8-hotspot\bin\extnet.dll
0x00007ffaba250000 - 0x00007ffaba26b000 	C:\Windows\SYSTEM32\CRYPTSP.dll
0x00007ffab9930000 - 0x00007ffab9969000 	C:\Windows\system32\rsaenh.dll
0x00007ffaba020000 - 0x00007ffaba053000 	C:\Windows\SYSTEM32\USERENV.dll
0x00007ffabab60000 - 0x00007ffabab8a000 	C:\Windows\SYSTEM32\bcrypt.dll
0x00007ffaba270000 - 0x00007ffaba27c000 	C:\Windows\SYSTEM32\CRYPTBASE.dll
0x00007ffa70980000 - 0x00007ffa7098e000 	C:\Program Files\Eclipse Adoptium\jdk-17.0.18.8-hotspot\bin\sunmscapi.dll
0x00007ffabba50000 - 0x00007ffabbbc8000 	C:\Windows\System32\CRYPT32.dll
0x00007ffaba470000 - 0x00007ffaba4a0000 	C:\Windows\SYSTEM32\ncrypt.dll
0x00007ffaba420000 - 0x00007ffaba45f000 	C:\Windows\SYSTEM32\NTASN1.dll
0x00007ffa873b0000 - 0x00007ffa873b8000 	C:\Windows\system32\wshunix.dll

dbghelp: loaded successfully - version: 4.0.5 - missing functions: none
symbol engine: initialized successfully - sym options: 0x614 - pdb path: .;C:\Program Files\Eclipse Adoptium\jdk-17.0.18.8-hotspot\bin;C:\Windows\SYSTEM32;C:\Windows\WinSxS\amd64_microsoft.windows.common-controls_6595b64144ccf1df_6.0.26100.8328_none_3e08182ce334b678;C:\Program Files\Eclipse Adoptium\jdk-17.0.18.8-hotspot\bin\server;C:\Users\Nandhitha_R\.gradle\native\1def1411415f61bf3af743bc5b6707747c0891f09f0c88961ee8f79bc544acac\windows-amd64;C:\Users\Nandhitha_R\.gradle\native\0.2.8\x86_64-windows-gnu

VM Arguments:
jvm_args: --add-opens=java.base/java.lang=ALL-UNNAMED --add-opens=java.base/java.lang.invoke=ALL-UNNAMED --add-opens=java.base/java.util=ALL-UNNAMED --add-opens=java.prefs/java.util.prefs=ALL-UNNAMED --add-exports=jdk.compiler/com.sun.tools.javac.api=ALL-UNNAMED --add-exports=jdk.compiler/com.sun.tools.javac.util=ALL-UNNAMED --add-opens=java.base/java.util=ALL-UNNAMED --add-opens=java.prefs/java.util.prefs=ALL-UNNAMED --add-opens=java.base/java.nio.charset=ALL-UNNAMED --add-opens=java.base/java.net=ALL-UNNAMED --add-opens=java.base/java.util.concurrent=ALL-UNNAMED --add-opens=java.base/java.util.concurrent.atomic=ALL-UNNAMED --add-opens=java.xml/javax.xml.namespace=ALL-UNNAMED -XX:MaxMetaspaceSize=256m -XX:+HeapDumpOnOutOfMemoryError -Xmx1024m -Dfile.encoding=UTF-8 -Duser.country=IN -Duser.language=en -Duser.variant -javaagent:C:\Users\Nandhitha_R\.gradle\wrapper\dists\gradle-9.0.0-bin\d6wjpkvcgsg3oed0qlfss3wgl\gradle-9.0.0\lib\agents\gradle-instrumentation-agent-9.0.0.jar 
java_command: org.gradle.launcher.daemon.bootstrap.GradleDaemon 9.0.0
java_class_path (initial): C:\Users\Nandhitha_R\.gradle\wrapper\dists\gradle-9.0.0-bin\d6wjpkvcgsg3oed0qlfss3wgl\gradle-9.0.0\lib\gradle-daemon-main-9.0.0.jar
Launcher Type: SUN_STANDARD

[Global flags]
     intx CICompilerCount                          = 4                                         {product} {ergonomic}
   size_t CompressedClassSpaceSize                 = 218103808                                 {product} {ergonomic}
     uint ConcGCThreads                            = 3                                         {product} {ergonomic}
     uint G1ConcRefinementThreads                  = 10                                        {product} {ergonomic}
   size_t G1HeapRegionSize                         = 1048576                                   {product} {ergonomic}
    uintx GCDrainStackTargetSize                   = 64                                        {product} {ergonomic}
     bool HeapDumpOnOutOfMemoryError               = true                                   {manageable} {command line}
   size_t InitialHeapSize                          = 264241152                                 {product} {ergonomic}
   size_t MarkStackSize                            = 4194304                                   {product} {ergonomic}
   size_t MaxHeapSize                              = 1073741824                                {product} {command line}
   size_t MaxMetaspaceSize                         = 268435456                                 {product} {command line}
   size_t MaxNewSize                               = 643825664                                 {product} {ergonomic}
   size_t MinHeapDeltaBytes                        = 1048576                                   {product} {ergonomic}
   size_t MinHeapSize                              = 8388608                                   {product} {ergonomic}
    uintx NonNMethodCodeHeapSize                   = 5839372                                {pd product} {ergonomic}
    uintx NonProfiledCodeHeapSize                  = 122909434                              {pd product} {ergonomic}
    uintx ProfiledCodeHeapSize                     = 122909434                              {pd product} {ergonomic}
    uintx ReservedCodeCacheSize                    = 251658240                              {pd product} {ergonomic}
     bool SegmentedCodeCache                       = true                                      {product} {ergonomic}
   size_t SoftMaxHeapSize                          = 1073741824                             {manageable} {ergonomic}
     bool UseCompressedClassPointers               = true                           {product lp64_product} {ergonomic}
     bool UseCompressedOops                        = true                           {product lp64_product} {ergonomic}
     bool UseG1GC                                  = true                                      {product} {ergonomic}
     bool UseLargePagesIndividualAllocation        = false                                  {pd product} {ergonomic}

Logging:
Log output configuration:
 #0: stdout all=warning uptime,level,tags
 #1: stderr all=off uptime,level,tags

Environment Variables:
JAVA_HOME=C:\Program Files\Eclipse Adoptium\jdk-17.0.18.8-hotspot
PATH=D:\apps\caltims mobile app\frontend\node_modules\.bin;D:\apps\caltims mobile app\frontend\node_modules\.bin;D:\apps\caltims mobile app\node_modules\.bin;D:\apps\node_modules\.bin;D:\node_modules\.bin;C:\Users\Nandhitha_R\AppData\Roaming\npm\node_modules\npm\node_modules\@npmcli\run-script\lib\node-gyp-bin;C:\Program Files\Python312\Scripts\;C:\Program Files\Python312\;C:\Windows\System32;C:\Program Files\Git\cmd;C:\Program Files\Eclipse Adoptium\jdk-17.0.18.8-hotspot\bin;C:\Program Files\nodejs\;C:\Users\Nandhitha_R\AppData\Local\Android\Sdk\platform-tools;C:\Users\Nandhitha_R\AppData\Local\Android\Sdk\emulator;C:\Program Files\Eclipse Adoptium\jdk-17.0.18.8-hotspot\bin;C:\Users\Nandhitha_R\AppData\Local\Programs\Python\Python312;C:\Program Files\MongoDB\Server\7.0\bin;C:\Users\Nandhitha_R\AppData\Local\Programs\Python\Launcher\;C:\Users\Nandhitha_R\AppData\Roaming\npm;C:\Users\Nandhitha_R\AppData\Local\Programs\Microsoft VS Code\bin;D:\Program Files\Antigravity\bin
USERNAME=Nandhitha_R
OS=Windows_NT
PROCESSOR_IDENTIFIER=Intel64 Family 6 Model 154 Stepping 4, GenuineIntel
TMP=C:\Users\NANDHI~1\AppData\Local\Temp
TEMP=C:\Users\NANDHI~1\AppData\Local\Temp



Periodic native trim disabled


---------------  S Y S T E M  ---------------

OS:
 Windows 11 , 64 bit Build 26100 (10.0.26100.8328)
OS uptime: 0 days 3:39 hours
Hyper-V role detected

CPU: total 12 (initial active 12) (6 cores per cpu, 2 threads per core) family 6 model 154 stepping 4 microcode 0x43b, cx8, cmov, fxsr, ht, mmx, 3dnowpref, sse, sse2, sse3, ssse3, sse4.1, sse4.2, popcnt, lzcnt, tsc, tscinvbit, avx, avx2, aes, erms, clmul, bmi1, bmi2, adx, sha, fma, vzeroupper, clflush, clflushopt, clwb, hv
Processor Information for all 12 processors :
  Max Mhz: 1300, Current Mhz: 1300, Mhz Limit: 1300

Memory: 4k page, system-wide physical 16068M (1767M free)
TotalPageFile size 23372M (AvailPageFile size 16M)
current process WorkingSet (physical memory assigned to process): 412M, peak: 413M
current process commit charge ("private bytes"): 556M, peak: 614M

vm_info: OpenJDK 64-Bit Server VM (17.0.18+8) for windows-amd64 JRE (17.0.18+8), built on Jan 20 2026 22:28:22 by "admin" with MS VC++ 17.12 (VS2022)

END.
